id,university_id,university,campus_name,campus_address,department,country,city,degree,language,status,status_color,years,fees,discount_fees,cash_fees,deposit_fee,currency,fees_note,prep_school_fee
2387,32,جامعة يني يوزيل,Topkapı Dr. Azmi Ofluoğlu Campus,"Maltepe Mahallesi, Yılanlı Ayazma Caddesi, No: 26 P.K. 34010 Cevizlibağ / Zeytinburnu / İstanbul",البيولوجيا الجزيئية وعلم الوراثة,تركيا,إسطنبول,ماجستير مع أطروحة,التركية,متاح,#28D094,2026-2027,4000,4000,4000,2000,USD,-,1250
2386,32,جامعة يني يوزيل,Topkapı Dr. Azmi Ofluoğlu Campus,"Maltepe Mahallesi, Yılanlı Ayazma Caddesi, No: 26 P.K. 34010 Cevizlibağ / Zeytinburnu / İstanbul",الهندسة الطبية الحيوية,تركيا,إسطنبول,ماجستير بدون أطروحة,التركية,متاح,#28D094,2026-2027,3500,3500,3500,1750,USD,-,1250
2385,32,جامعة يني يوزيل,Topkapı Dr. Azmi Ofluoğlu Campus,"Maltepe Mahallesi, Yılanlı Ayazma Caddesi, No: 26 P.K. 34010 Cevizlibağ / Zeytinburnu / İstanbul",الهندسة الطبية الحيوية,تركيا,إسطنبول,ماجستير مع أطروحة,التركية,متاح,#28D094,2026-2027,4000,4000,4000,2000,USD,-,1250
2384,32,جامعة يني يوزيل,Topkapı Dr. Azmi Ofluoğlu Campus,"Maltepe Mahallesi, Yılanlı Ayazma Caddesi, No: 26 P.K. 34010 Cevizlibağ / Zeytinburnu / İstanbul",العلوم السياسية والعلاقات الدولية,تركيا,إسطنبول,دكتوراه,التركية,متاح,#28D094,2026-2027,9000,9000,9000,4500,USD,-,1250
2383,32,جامعة يني يوزيل,Topkapı Dr. Azmi Ofluoğlu Campus,"Maltepe Mahallesi, Yılanlı Ayazma Caddesi, No: 26 P.K. 34010 Cevizlibağ / Zeytinburnu / İstanbul",اللغة الإنجليزية وآدابها,تركيا,إسطنبول,دكتوراه,الإنجليزية,متاح,#28D094,2026-2027,9000,9000,9000,4500,USD,-,9000
2382,32,جامعة يني يوزيل,Topkapı Dr. Azmi Ofluoğlu Campus,"Maltepe Mahallesi, Yılanlı Ayazma Caddesi, No: 26 P.K. 34010 Cevizlibağ / Zeytinburnu / İstanbul",دراسات الترجمة,تركيا,إسطنبول,ماجستير مع أطروحة,التركية,متاح,#28D094,2026-2027,4000,4000,4000,2000,USD,-,1250
2381,32,جامعة يني يوزيل,Topkapı Dr. Azmi Ofluoğlu Campus,"Maltepe Mahallesi, Yılanlı Ayazma Caddesi, No: 26 P.K. 34010 Cevizlibağ / Zeytinburnu / İstanbul",الأدب الأنجلو أمريكي والكتابة الإبداعية,تركيا,إسطنبول,ماجستير بدون أطروحة,التركية,متاح,#28D094,2026-2027,3500,3500,3500,1750,USD,-,1250
2380,32,جامعة يني يوزيل,Topkapı Dr. Azmi Ofluoğlu Campus,"Maltepe Mahallesi, Yılanlı Ayazma Caddesi, No: 26 P.K. 34010 Cevizlibağ / Zeytinburnu / İstanbul",الأدب الأنجلو أمريكي والكتابة الإبداعية,تركيا,إسطنبول,ماجستير مع أطروحة,التركية,متاح,#28D094,2026-2027,4000,4000,4000,2000,USD,-,1250
2379,32,جامعة يني يوزيل,Topkapı Dr. Azmi Ofluoğlu Campus,"Maltepe Mahallesi, Yılanlı Ayazma Caddesi, No: 26 P.K. 34010 Cevizlibağ / Zeytinburnu / İstanbul",إدارة الأعمال,تركيا,إسطنبول,ماجستير بدون أطروحة,التركية,متاح,#28D094,2026-2027,3500,3500,3500,1750,USD,-,1250
2378,32,جامعة يني يوزيل,Topkapı Dr. Azmi Ofluoğlu Campus,"Maltepe Mahallesi, Yılanlı Ayazma Caddesi, No: 26 P.K. 34010 Cevizlibağ / Zeytinburnu / İstanbul",إدارة الأعمال,تركيا,إسطنبول,ماجستير مع أطروحة,التركية,متاح,#28D094,2026-2027,4000,4000,4000,2000,USD,-,1250
2377,32,جامعة يني يوزيل,Topkapı Dr. Azmi Ofluoğlu Campus,"Maltepe Mahallesi, Yılanlı Ayazma Caddesi, No: 26 P.K. 34010 Cevizlibağ / Zeytinburnu / İstanbul",الاقتصاد والمالية,تركيا,إسطنبول,ماجستير بدون أطروحة,التركية,متاح,#28D094,2026-2027,3500,3500,3500,1750,USD,-,1250
2376,32,جامعة يني يوزيل,Topkapı Dr. Azmi Ofluoğlu Campus,"Maltepe Mahallesi, Yılanlı Ayazma Caddesi, No: 26 P.K. 34010 Cevizlibağ / Zeytinburnu / İstanbul",الاقتصاد والمالية,تركيا,إسطنبول,ماجستير مع أطروحة,التركية,متاح,#28D094,2026-2027,4000,4000,4000,2000,USD,-,1250
2375,32,جامعة يني يوزيل,Topkapı Dr. Azmi Ofluoğlu Campus,"Maltepe Mahallesi, Yılanlı Ayazma Caddesi, No: 26 P.K. 34010 Cevizlibağ / Zeytinburnu / İstanbul",اللغة الإنجليزية وآدابها,تركيا,إسطنبول,ماجستير مع أطروحة,التركية,متاح,#28D094,2026-2027,4000,4000,4000,2000,USD,-,1250
2374,32,جامعة يني يوزيل,Topkapı Dr. Azmi Ofluoğlu Campus,"Maltepe Mahallesi, Yılanlı Ayazma Caddesi, No: 26 P.K. 34010 Cevizlibağ / Zeytinburnu / İstanbul",القانون الخاص,تركيا,إسطنبول,ماجستير بدون أطروحة,التركية,متاح,#28D094,2026-2027,3500,3500,3500,1750,USD,-,1250
2373,32,جامعة يني يوزيل,Topkapı Dr. Azmi Ofluoğlu Campus,"Maltepe Mahallesi, Yılanlı Ayazma Caddesi, No: 26 P.K. 34010 Cevizlibağ / Zeytinburnu / İstanbul",القانون العام,تركيا,إسطنبول,ماجستير بدون أطروحة,التركية,متاح,#28D094,2026-2027,3500,3500,3500,1750,USD,-,1250
2372,32,جامعة يني يوزيل,Topkapı Dr. Azmi Ofluoğlu Campus,"Maltepe Mahallesi, Yılanlı Ayazma Caddesi, No: 26 P.K. 34010 Cevizlibağ / Zeytinburnu / İstanbul",وسائل الإعلام الجديدة والاتصالات,تركيا,إسطنبول,ماجستير بدون أطروحة,التركية,متاح,#28D094,2026-2027,3500,3500,3500,1750,USD,-,1250
2371,32,جامعة يني يوزيل,Topkapı Dr. Azmi Ofluoğlu Campus,"Maltepe Mahallesi, Yılanlı Ayazma Caddesi, No: 26 P.K. 34010 Cevizlibağ / Zeytinburnu / İstanbul",وسائل الإعلام الجديدة والاتصالات,تركيا,إسطنبول,ماجستير مع أطروحة,التركية,متاح,#28D094,2026-2027,4000,4000,4000,2000,USD,-,1250
2370,32,جامعة يني يوزيل,Topkapı Dr. Azmi Ofluoğlu Campus,"Maltepe Mahallesi, Yılanlı Ayazma Caddesi, No: 26 P.K. 34010 Cevizlibağ / Zeytinburnu / İstanbul",العلوم السياسية والعلاقات الدولية,تركيا,إسطنبول,ماجستير بدون أطروحة,التركية,متاح,#28D094,2026-2027,3500,3500,3500,1750,USD,-,1250
2369,32,جامعة يني يوزيل,Topkapı Dr. Azmi Ofluoğlu Campus,"Maltepe Mahallesi, Yılanlı Ayazma Caddesi, No: 26 P.K. 34010 Cevizlibağ / Zeytinburnu / İstanbul",العلوم السياسية والعلاقات الدولية,تركيا,إسطنبول,ماجستير مع أطروحة,التركية,متاح,#28D094,2026-2027,4000,4000,4000,2000,USD,-,1250
2368,32,جامعة يني يوزيل,Topkapı Dr. Azmi Ofluoğlu Campus,"Maltepe Mahallesi, Yılanlı Ayazma Caddesi, No: 26 P.K. 34010 Cevizlibağ / Zeytinburnu / İstanbul",التربية البدنية والرياضة,تركيا,إسطنبول,ماجستير مع أطروحة,التركية,متاح,#28D094,2026-2027,4000,4000,4000,2000,USD,-,1250
2367,32,جامعة يني يوزيل,Topkapı Dr. Azmi Ofluoğlu Campus,"Maltepe Mahallesi, Yılanlı Ayazma Caddesi, No: 26 P.K. 34010 Cevizlibağ / Zeytinburnu / İstanbul",علم الأحياء الدقيقة الطبية,تركيا,إسطنبول,ماجستير مع أطروحة,التركية,متاح,#28D094,2026-2027,4000,4000,4000,2000,USD,-,1250
2366,32,جامعة يني يوزيل,Topkapı Dr. Azmi Ofluoğlu Campus,"Maltepe Mahallesi, Yılanlı Ayazma Caddesi, No: 26 P.K. 34010 Cevizlibağ / Zeytinburnu / İstanbul",إدارة الصحة,تركيا,إسطنبول,ماجستير بدون أطروحة,التركية,متاح,#28D094,2026-2027,3500,3500,3500,1750,USD,-,1250
2365,32,جامعة يني يوزيل,Topkapı Dr. Azmi Ofluoğlu Campus,"Maltepe Mahallesi, Yılanlı Ayazma Caddesi, No: 26 P.K. 34010 Cevizlibağ / Zeytinburnu / İstanbul",إدارة الصحة,تركيا,إسطنبول,ماجستير مع أطروحة,التركية,متاح,#28D094,2026-2027,4000,4000,4000,2000,USD,-,1250
2364,32,جامعة يني يوزيل,Topkapı Dr. Azmi Ofluoğlu Campus,"Maltepe Mahallesi, Yılanlı Ayazma Caddesi, No: 26 P.K. 34010 Cevizlibağ / Zeytinburnu / İstanbul",علم الأجنة السريري,تركيا,إسطنبول,ماجستير مع أطروحة,التركية,متاح,#28D094,2026-2027,4000,4000,4000,2000,USD,-,1250
2363,32,جامعة يني يوزيل,Topkapı Dr. Azmi Ofluoğlu Campus,"Maltepe Mahallesi, Yılanlı Ayazma Caddesi, No: 26 P.K. 34010 Cevizlibağ / Zeytinburnu / İstanbul",الصحة والسلامة المهنية,تركيا,إسطنبول,ماجستير بدون أطروحة,التركية,متاح,#28D094,2026-2027,3500,3500,3500,1750,USD,-,1250
2362,32,جامعة يني يوزيل,Topkapı Dr. Azmi Ofluoğlu Campus,"Maltepe Mahallesi, Yılanlı Ayazma Caddesi, No: 26 P.K. 34010 Cevizlibağ / Zeytinburnu / İstanbul",الصحة والسلامة المهنية,تركيا,إسطنبول,ماجستير مع أطروحة,التركية,متاح,#28D094,2026-2027,4000,4000,4000,2000,USD,-,1250
2361,32,جامعة يني يوزيل,Topkapı Dr. Azmi Ofluoğlu Campus,"Maltepe Mahallesi, Yılanlı Ayazma Caddesi, No: 26 P.K. 34010 Cevizlibağ / Zeytinburnu / İstanbul",برمجة الكمبيوتر,تركيا,إسطنبول,دبلوم,التركية,متاح,#28D094,2026-2027,3400,1700,1700,1700,USD,-,1250
2360,32,جامعة يني يوزيل,Topkapı Dr. Azmi Ofluoğlu Campus,"Maltepe Mahallesi, Yılanlı Ayazma Caddesi, No: 26 P.K. 34010 Cevizlibağ / Zeytinburnu / İstanbul",إدارة السياحة والفنادق,تركيا,إسطنبول,دبلوم,التركية,متاح,#28D094,2026-2027,3000,1500,1500,1500,USD,-,1250
2359,32,جامعة يني يوزيل,Topkapı Dr. Azmi Ofluoğlu Campus,"Maltepe Mahallesi, Yılanlı Ayazma Caddesi, No: 26 P.K. 34010 Cevizlibağ / Zeytinburnu / İstanbul",البرمجة الإذاعية والتليفزيونية,تركيا,إسطنبول,دبلوم,التركية,متاح,#28D094,2026-2027,3000,1500,1500,1500,USD,-,1250
2358,32,جامعة يني يوزيل,Topkapı Dr. Azmi Ofluoğlu Campus,"Maltepe Mahallesi, Yılanlı Ayazma Caddesi, No: 26 P.K. 34010 Cevizlibağ / Zeytinburnu / İstanbul",خدمات مكتب المحكمة,تركيا,إسطنبول,دبلوم,التركية,متاح,#28D094,2026-2027,3000,1500,1500,1500,USD,-,1250
2357,32,جامعة يني يوزيل,Topkapı Dr. Azmi Ofluoğlu Campus,"Maltepe Mahallesi, Yılanlı Ayazma Caddesi, No: 26 P.K. 34010 Cevizlibağ / Zeytinburnu / İstanbul",اللوجستية,تركيا,إسطنبول,دبلوم,التركية,متاح,#28D094,2026-2027,3000,1500,1500,1500,USD,-,1250
2356,32,جامعة يني يوزيل,Topkapı Dr. Azmi Ofluoğlu Campus,"Maltepe Mahallesi, Yılanlı Ayazma Caddesi, No: 26 P.K. 34010 Cevizlibağ / Zeytinburnu / İstanbul",العلاقات العامة والدعاية,تركيا,إسطنبول,دبلوم,التركية,متاح,#28D094,2026-2027,3000,1500,1500,1500,USD,-,1250
2355,32,جامعة يني يوزيل,Topkapı Dr. Azmi Ofluoğlu Campus,"Maltepe Mahallesi, Yılanlı Ayazma Caddesi, No: 26 P.K. 34010 Cevizlibağ / Zeytinburnu / İstanbul",التجارة الخارجية,تركيا,إسطنبول,دبلوم,التركية,متاح,#28D094,2026-2027,3000,1500,1500,1500,USD,-,1250
2354,32,جامعة يني يوزيل,Topkapı Dr. Azmi Ofluoğlu Campus,"Maltepe Mahallesi, Yılanlı Ayazma Caddesi, No: 26 P.K. 34010 Cevizlibağ / Zeytinburnu / İstanbul",البنوك والتأمين,تركيا,إسطنبول,دبلوم,التركية,متاح,#28D094,2026-2027,3000,1500,1500,1500,USD,-,1250
2353,32,جامعة يني يوزيل,Topkapı Dr. Azmi Ofluoğlu Campus,"Maltepe Mahallesi, Yılanlı Ayazma Caddesi, No: 26 P.K. 34010 Cevizlibağ / Zeytinburnu / İstanbul",خدمات رعاية المسنين,تركيا,إسطنبول,دبلوم,التركية,متاح,#28D094,2026-2027,3000,1500,1500,1500,USD,-,1250
2352,32,جامعة يني يوزيل,Topkapı Dr. Azmi Ofluoğlu Campus,"Maltepe Mahallesi, Yılanlı Ayazma Caddesi, No: 26 P.K. 34010 Cevizlibağ / Zeytinburnu / İstanbul",تقنيات المختبرات الطبية,تركيا,إسطنبول,دبلوم,التركية,متاح,#28D094,2026-2027,3000,1500,1500,1500,USD,-,1250
2351,32,جامعة يني يوزيل,Topkapı Dr. Azmi Ofluoğlu Campus,"Maltepe Mahallesi, Yılanlı Ayazma Caddesi, No: 26 P.K. 34010 Cevizlibağ / Zeytinburnu / İstanbul",تكنولوجيا معالجة البيانات الطبية,تركيا,إسطنبول,دبلوم,التركية,متاح,#28D094,2026-2027,3000,1500,1500,1500,USD,-,1250
2350,32,جامعة يني يوزيل,Topkapı Dr. Azmi Ofluoğlu Campus,"Maltepe Mahallesi, Yılanlı Ayazma Caddesi, No: 26 P.K. 34010 Cevizlibağ / Zeytinburnu / İstanbul",تقنيات التصوير الطبي,تركيا,إسطنبول,دبلوم,التركية,متاح,#28D094,2026-2027,3000,1500,1500,1500,USD,-,1250
2349,32,جامعة يني يوزيل,Topkapı Dr. Azmi Ofluoğlu Campus,"Maltepe Mahallesi, Yılanlı Ayazma Caddesi, No: 26 P.K. 34010 Cevizlibağ / Zeytinburnu / İstanbul",البصريات,تركيا,إسطنبول,دبلوم,التركية,متاح,#28D094,2026-2027,3000,1500,1500,1500,USD,-,1250
2348,32,جامعة يني يوزيل,Topkapı Dr. Azmi Ofluoğlu Campus,"Maltepe Mahallesi, Yılanlı Ayazma Caddesi, No: 26 P.K. 34010 Cevizlibağ / Zeytinburnu / İstanbul",قياس السمع,تركيا,إسطنبول,دبلوم,التركية,متاح,#28D094,2026-2027,3000,1500,1500,1500,USD,-,1250
2347,32,جامعة يني يوزيل,Topkapı Dr. Azmi Ofluoğlu Campus,"Maltepe Mahallesi, Yılanlı Ayazma Caddesi, No: 26 P.K. 34010 Cevizlibağ / Zeytinburnu / İstanbul",الإسعافات الأولية والطوارئ,تركيا,إسطنبول,دبلوم,التركية,متاح,#28D094,2026-2027,3000,1500,1500,1500,USD,-,1250
2346,32,جامعة يني يوزيل,Topkapı Dr. Azmi Ofluoğlu Campus,"Maltepe Mahallesi, Yılanlı Ayazma Caddesi, No: 26 P.K. 34010 Cevizlibağ / Zeytinburnu / İstanbul",خدمات الصيدلية,تركيا,إسطنبول,دبلوم,التركية,متاح,#28D094,2026-2027,3000,1500,1500,1500,USD,-,1250
2345,32,جامعة يني يوزيل,Topkapı Dr. Azmi Ofluoğlu Campus,"Maltepe Mahallesi, Yılanlı Ayazma Caddesi, No: 26 P.K. 34010 Cevizlibağ / Zeytinburnu / İstanbul",تنمية الطفل,تركيا,إسطنبول,دبلوم,التركية,متاح,#28D094,2026-2027,3000,1500,1500,1500,USD,-,1250
2344,32,جامعة يني يوزيل,Topkapı Dr. Azmi Ofluoğlu Campus,"Maltepe Mahallesi, Yılanlı Ayazma Caddesi, No: 26 P.K. 34010 Cevizlibağ / Zeytinburnu / İstanbul",التخدير,تركيا,إسطنبول,دبلوم,التركية,متاح,#28D094,2026-2027,3000,1500,1500,1500,USD,-,1250
2343,32,جامعة يني يوزيل,Topkapı Dr. Azmi Ofluoğlu Campus,"Maltepe Mahallesi, Yılanlı Ayazma Caddesi, No: 26 P.K. 34010 Cevizlibağ / Zeytinburnu / İstanbul",خدمات غرفة العمليات,تركيا,إسطنبول,دبلوم,التركية,متاح,#28D094,2026-2027,3000,1500,1500,1500,USD,-,1250
2342,32,جامعة يني يوزيل,Topkapı Dr. Azmi Ofluoğlu Campus,"Maltepe Mahallesi, Yılanlı Ayazma Caddesi, No: 26 P.K. 34010 Cevizlibağ / Zeytinburnu / İstanbul",صحة الفم والأسنان,تركيا,إسطنبول,دبلوم,التركية,متاح,#28D094,2026-2027,3000,1500,1500,1500,USD,-,1250
2341,32,جامعة يني يوزيل,Topkapı Dr. Azmi Ofluoğlu Campus,"Maltepe Mahallesi, Yılanlı Ayazma Caddesi, No: 26 P.K. 34010 Cevizlibağ / Zeytinburnu / İstanbul",التدريب على التدريب,تركيا,إسطنبول,بكالوريوس,التركية,متاح,#28D094,2026-2027,5000,2500,2500,2500,USD,-,1250
2340,32,جامعة يني يوزيل,Topkapı Dr. Azmi Ofluoğlu Campus,"Maltepe Mahallesi, Yılanlı Ayazma Caddesi, No: 26 P.K. 34010 Cevizlibağ / Zeytinburnu / İstanbul",الترفيه,تركيا,إسطنبول,بكالوريوس,التركية,متاح,#28D094,2026-2027,5000,2500,2500,2500,USD,-,1250
2339,32,جامعة يني يوزيل,Topkapı Dr. Azmi Ofluoğlu Campus,"Maltepe Mahallesi, Yılanlı Ayazma Caddesi, No: 26 P.K. 34010 Cevizlibağ / Zeytinburnu / İstanbul",الإعلام الجديد والصحافة,تركيا,إسطنبول,بكالوريوس,التركية,متاح,#28D094,2026-2027,5000,2500,2500,2500,USD,-,1250
2338,32,جامعة يني يوزيل,Topkapı Dr. Azmi Ofluoğlu Campus,"Maltepe Mahallesi, Yılanlı Ayazma Caddesi, No: 26 P.K. 34010 Cevizlibağ / Zeytinburnu / İstanbul",الإذاعة والتلفزيون والسينما,تركيا,إسطنبول,بكالوريوس,التركية,متاح,#28D094,2026-2027,5000,2500,2500,2500,USD,-,1250
2337,32,جامعة يني يوزيل,Topkapı Dr. Azmi Ofluoğlu Campus,"Maltepe Mahallesi, Yılanlı Ayazma Caddesi, No: 26 P.K. 34010 Cevizlibağ / Zeytinburnu / İstanbul",العلاقات العامة والإعلان,تركيا,إسطنبول,بكالوريوس,التركية,متاح,#28D094,2026-2027,5000,2500,2500,2500,USD,-,1250
2336,32,جامعة يني يوزيل,Topkapı Dr. Azmi Ofluoğlu Campus,"Maltepe Mahallesi, Yılanlı Ayazma Caddesi, No: 26 P.K. 34010 Cevizlibağ / Zeytinburnu / İstanbul",تصميم الاتصالات المرئية,تركيا,إسطنبول,بكالوريوس,التركية,متاح,#28D094,2026-2027,5000,2500,2500,2500,USD,-,1250
2335,32,جامعة يني يوزيل,Topkapı Dr. Azmi Ofluoğlu Campus,"Maltepe Mahallesi, Yılanlı Ayazma Caddesi, No: 26 P.K. 34010 Cevizlibağ / Zeytinburnu / İstanbul",الفنون المسرحية,تركيا,إسطنبول,بكالوريوس,التركية,متاح,#28D094,2026-2027,5000,2500,2500,2500,USD,-,1250
2334,32,جامعة يني يوزيل,Topkapı Dr. Azmi Ofluoğlu Campus,"Maltepe Mahallesi, Yılanlı Ayazma Caddesi, No: 26 P.K. 34010 Cevizlibağ / Zeytinburnu / İstanbul",التصميم الجرافيكي,تركيا,إسطنبول,بكالوريوس,التركية,متاح,#28D094,2026-2027,5000,2500,2500,2500,USD,-,1250
2333,32,جامعة يني يوزيل,Topkapı Dr. Azmi Ofluoğlu Campus,"Maltepe Mahallesi, Yılanlı Ayazma Caddesi, No: 26 P.K. 34010 Cevizlibağ / Zeytinburnu / İstanbul",اللغة التركية وآدابها,تركيا,إسطنبول,بكالوريوس,التركية,متاح,#28D094,2026-2027,5000,2500,2500,2500,USD,-,1250
2332,32,جامعة يني يوزيل,Topkapı Dr. Azmi Ofluoğlu Campus,"Maltepe Mahallesi, Yılanlı Ayazma Caddesi, No: 26 P.K. 34010 Cevizlibağ / Zeytinburnu / İstanbul",علم النفس,تركيا,إسطنبول,بكالوريوس,التركية,متاح,#28D094,2026-2027,5000,2500,2500,2500,USD,-,1250
2331,32,جامعة يني يوزيل,Topkapı Dr. Azmi Ofluoğlu Campus,"Maltepe Mahallesi, Yılanlı Ayazma Caddesi, No: 26 P.K. 34010 Cevizlibağ / Zeytinburnu / İstanbul",البيولوجيا الجزيئية وعلم الوراثة,تركيا,إسطنبول,بكالوريوس,التركية,متاح,#28D094,2026-2027,5000,2500,2500,2500,USD,-,1250
2330,32,جامعة يني يوزيل,Topkapı Dr. Azmi Ofluoğlu Campus,"Maltepe Mahallesi, Yılanlı Ayazma Caddesi, No: 26 P.K. 34010 Cevizlibağ / Zeytinburnu / İstanbul",الترجمة والترجمة الفورية,تركيا,إسطنبول,بكالوريوس,الإنجليزية / التركية,متاح,#28D094,2026-2027,5000,2500,2500,2500,USD,-,5000
2329,32,جامعة يني يوزيل,Topkapı Dr. Azmi Ofluoğlu Campus,"Maltepe Mahallesi, Yılanlı Ayazma Caddesi, No: 26 P.K. 34010 Cevizlibağ / Zeytinburnu / İstanbul",اللغة الإنجليزية وآدابها,تركيا,إسطنبول,بكالوريوس,الإنجليزية,متاح,#28D094,2026-2027,5000,2500,2500,2500,USD,-,5000
2328,32,جامعة يني يوزيل,Topkapı Dr. Azmi Ofluoğlu Campus,"Maltepe Mahallesi, Yılanlı Ayazma Caddesi, No: 26 P.K. 34010 Cevizlibağ / Zeytinburnu / İstanbul",إدارة الصحة,تركيا,إسطنبول,بكالوريوس,التركية,متاح,#28D094,2026-2027,5000,2500,2500,2500,USD,-,1250
2327,32,جامعة يني يوزيل,Topkapı Dr. Azmi Ofluoğlu Campus,"Maltepe Mahallesi, Yılanlı Ayazma Caddesi, No: 26 P.K. 34010 Cevizlibağ / Zeytinburnu / İstanbul",الصحة والسلامة المهنية,تركيا,إسطنبول,بكالوريوس,التركية,متاح,#28D094,2026-2027,5000,2500,2500,2500,USD,-,1250
2326,32,جامعة يني يوزيل,Topkapı Dr. Azmi Ofluoğlu Campus,"Maltepe Mahallesi, Yılanlı Ayazma Caddesi, No: 26 P.K. 34010 Cevizlibağ / Zeytinburnu / İstanbul",تمريض,تركيا,إسطنبول,بكالوريوس,التركية,متاح,#28D094,2026-2027,5000,2500,2500,2500,USD,-,1250
2325,32,جامعة يني يوزيل,Topkapı Dr. Azmi Ofluoğlu Campus,"Maltepe Mahallesi, Yılanlı Ayazma Caddesi, No: 26 P.K. 34010 Cevizlibağ / Zeytinburnu / İstanbul",العلاج الطبيعي والتأهيل,تركيا,إسطنبول,بكالوريوس,التركية,متاح,#28D094,2026-2027,5000,2500,2500,2500,USD,-,1250
2324,32,جامعة يني يوزيل,Topkapı Dr. Azmi Ofluoğlu Campus,"Maltepe Mahallesi, Yılanlı Ayazma Caddesi, No: 26 P.K. 34010 Cevizlibağ / Zeytinburnu / İstanbul",التغذية وعلم الحمية,تركيا,إسطنبول,بكالوريوس,الإنجليزية,متاح,#28D094,2026-2027,5000,2500,2500,2500,USD,-,5000
2323,32,جامعة يني يوزيل,Topkapı Dr. Azmi Ofluoğlu Campus,"Maltepe Mahallesi, Yılanlı Ayazma Caddesi, No: 26 P.K. 34010 Cevizlibağ / Zeytinburnu / İstanbul",العمارة,تركيا,إسطنبول,بكالوريوس,التركية,متاح,#28D094,2026-2027,5000,2500,2500,2500,USD,-,1250
2322,32,جامعة يني يوزيل,Topkapı Dr. Azmi Ofluoğlu Campus,"Maltepe Mahallesi, Yılanlı Ayazma Caddesi, No: 26 P.K. 34010 Cevizlibağ / Zeytinburnu / İstanbul",الهندسة المعمارية الداخلية والتصميم البيئي,تركيا,إسطنبول,بكالوريوس,التركية,متاح,#28D094,2026-2027,5000,2500,2500,2500,USD,-,1250
2321,32,جامعة يني يوزيل,Topkapı Dr. Azmi Ofluoğlu Campus,"Maltepe Mahallesi, Yılanlı Ayazma Caddesi, No: 26 P.K. 34010 Cevizlibağ / Zeytinburnu / İstanbul",الهندسة الكهربائية والإلكترونية,تركيا,إسطنبول,بكالوريوس,التركية,متاح,#28D094,2026-2027,5000,2500,2500,2500,USD,-,1250
2320,32,جامعة يني يوزيل,Topkapı Dr. Azmi Ofluoğlu Campus,"Maltepe Mahallesi, Yılanlı Ayazma Caddesi, No: 26 P.K. 34010 Cevizlibağ / Zeytinburnu / İstanbul",الهندسة الطبية الحيوية,تركيا,إسطنبول,بكالوريوس,التركية,متاح,#28D094,2026-2027,5000,2500,2500,2500,USD,-,1250
2319,32,جامعة يني يوزيل,Topkapı Dr. Azmi Ofluoğlu Campus,"Maltepe Mahallesi, Yılanlı Ayazma Caddesi, No: 26 P.K. 34010 Cevizlibağ / Zeytinburnu / İstanbul",التجارة الدولية واللوجستيات,تركيا,إسطنبول,بكالوريوس,التركية,متاح,#28D094,2026-2027,5000,2500,2500,2500,USD,-,1250
2318,32,جامعة يني يوزيل,Topkapı Dr. Azmi Ofluoğlu Campus,"Maltepe Mahallesi, Yılanlı Ayazma Caddesi, No: 26 P.K. 34010 Cevizlibağ / Zeytinburnu / İstanbul",العلوم السياسية والعلاقات الدولية,تركيا,إسطنبول,بكالوريوس,التركية,متاح,#28D094,2026-2027,5000,2500,2500,2500,USD,-,1250
2317,32,جامعة يني يوزيل,Topkapı Dr. Azmi Ofluoğlu Campus,"Maltepe Mahallesi, Yılanlı Ayazma Caddesi, No: 26 P.K. 34010 Cevizlibağ / Zeytinburnu / İstanbul",إدارة الأعمال,تركيا,إسطنبول,بكالوريوس,التركية,متاح,#28D094,2026-2027,5000,2500,2500,2500,USD,-,1250
2316,32,جامعة يني يوزيل,Topkapı Dr. Azmi Ofluoğlu Campus,"Maltepe Mahallesi, Yılanlı Ayazma Caddesi, No: 26 P.K. 34010 Cevizlibağ / Zeytinburnu / İstanbul",قانون,تركيا,إسطنبول,بكالوريوس,التركية,متاح,#28D094,2026-2027,5000,2500,2500,2500,USD,-,1250
2315,32,جامعة يني يوزيل,Topkapı Dr. Azmi Ofluoğlu Campus,"Maltepe Mahallesi, Yılanlı Ayazma Caddesi, No: 26 P.K. 34010 Cevizlibağ / Zeytinburnu / İstanbul",الصيدلة,تركيا,إسطنبول,بكالوريوس,التركية,متاح,#28D094,2026-2027,10000,7500,7125,5000,USD,-,1250
2314,32,جامعة يني يوزيل,Topkapı Dr. Azmi Ofluoğlu Campus,"Maltepe Mahallesi, Yılanlı Ayazma Caddesi, No: 26 P.K. 34010 Cevizlibağ / Zeytinburnu / İstanbul",طب الأسنان,تركيا,إسطنبول,بكالوريوس,التركية,متاح,#28D094,2026-2027,17000,13000,12350,8500,USD,-,1250
2313,32,جامعة يني يوزيل,Topkapı Dr. Azmi Ofluoğlu Campus,"Maltepe Mahallesi, Yılanlı Ayazma Caddesi, No: 26 P.K. 34010 Cevizlibağ / Zeytinburnu / İstanbul",الطب البشري,تركيا,إسطنبول,بكالوريوس,التركية,متاح,#28D094,2026-2027,17000,13000,12350,8500,USD,-,1250
2312,31,جامعة إسطنبول بيلغي,Istanbul Bilgi University Campuses,santralistanbul: Eski Silahtarağa Elektrik Santralı Kazım Karabekir Cad. No: 2/13 34060 Eyüpsultan İstanbul | Kuştepe: İnönü Cad. No: 72 Kuştepe 34387 Şişli / İstanbul | Dolapdere: Hacıahmet Mahallesi Pir Hüsamettin Sokak No:20 34440 Beyoğlu İstanbul,العلاقات العامة,تركيا,إسطنبول,دبلوم,الإنجليزية,متاح,#28D094,2026-2027,3500,3500,3500,1750,USD,-,0
2311,31,جامعة إسطنبول بيلغي,Istanbul Bilgi University Campuses,santralistanbul: Eski Silahtarağa Elektrik Santralı Kazım Karabekir Cad. No: 2/13 34060 Eyüpsultan İstanbul | Kuştepe: İnönü Cad. No: 72 Kuştepe 34387 Şişli / İstanbul | Dolapdere: Hacıahmet Mahallesi Pir Hüsamettin Sokak No:20 34440 Beyoğlu İstanbul,التجارة الدولية,تركيا,إسطنبول,دبلوم,الإنجليزية,متاح,#28D094,2026-2027,3500,3500,3500,1750,USD,-,0
2310,31,جامعة إسطنبول بيلغي,Istanbul Bilgi University Campuses,santralistanbul: Eski Silahtarağa Elektrik Santralı Kazım Karabekir Cad. No: 2/13 34060 Eyüpsultan İstanbul | Kuştepe: İnönü Cad. No: 72 Kuştepe 34387 Şişli / İstanbul | Dolapdere: Hacıahmet Mahallesi Pir Hüsamettin Sokak No:20 34440 Beyoğlu İstanbul,تطوير البرمجيات,تركيا,إسطنبول,بكالوريوس,التركية,متاح,#28D094,2026-2027,12000,6600,6600,6000,USD,-,0
2309,31,جامعة إسطنبول بيلغي,Istanbul Bilgi University Campuses,santralistanbul: Eski Silahtarağa Elektrik Santralı Kazım Karabekir Cad. No: 2/13 34060 Eyüpsultan İstanbul | Kuştepe: İnönü Cad. No: 72 Kuştepe 34387 Şişli / İstanbul | Dolapdere: Hacıahmet Mahallesi Pir Hüsamettin Sokak No:20 34440 Beyoğlu İstanbul,تصميم الأزياء والمنسوجات,تركيا,إسطنبول,بكالوريوس,الإنجليزية,متاح,#28D094,2026-2027,12000,6000,6000,6000,USD,-,0
2308,31,جامعة إسطنبول بيلغي,Istanbul Bilgi University Campuses,santralistanbul: Eski Silahtarağa Elektrik Santralı Kazım Karabekir Cad. No: 2/13 34060 Eyüpsultan İstanbul | Kuştepe: İnönü Cad. No: 72 Kuştepe 34387 Şişli / İstanbul | Dolapdere: Hacıahmet Mahallesi Pir Hüsamettin Sokak No:20 34440 Beyoğlu İstanbul,إدارة اللوجستيات,تركيا,إسطنبول,بكالوريوس,الإنجليزية,متاح,#28D094,2026-2027,12000,6000,6000,6000,USD,-,0
2307,31,جامعة إسطنبول بيلغي,Istanbul Bilgi University Campuses,santralistanbul: Eski Silahtarağa Elektrik Santralı Kazım Karabekir Cad. No: 2/13 34060 Eyüpsultan İstanbul | Kuştepe: İnönü Cad. No: 72 Kuştepe 34387 Şişli / İstanbul | Dolapdere: Hacıahmet Mahallesi Pir Hüsamettin Sokak No:20 34440 Beyoğlu İstanbul,إدارة الطيران,تركيا,إسطنبول,بكالوريوس,الإنجليزية,متاح,#28D094,2026-2027,12000,6000,6000,6000,USD,-,0
2306,31,جامعة إسطنبول بيلغي,Istanbul Bilgi University Campuses,santralistanbul: Eski Silahtarağa Elektrik Santralı Kazım Karabekir Cad. No: 2/13 34060 Eyüpsultan İstanbul | Kuştepe: İnönü Cad. No: 72 Kuştepe 34387 Şişli / İstanbul | Dolapdere: Hacıahmet Mahallesi Pir Hüsamettin Sokak No:20 34440 Beyoğlu İstanbul,إدارة السياحة,تركيا,إسطنبول,بكالوريوس,الإنجليزية,متاح,#28D094,2026-2027,12000,6000,6000,6000,USD,-,0
2305,31,جامعة إسطنبول بيلغي,Istanbul Bilgi University Campuses,santralistanbul: Eski Silahtarağa Elektrik Santralı Kazım Karabekir Cad. No: 2/13 34060 Eyüpsultan İstanbul | Kuştepe: İnönü Cad. No: 72 Kuştepe 34387 Şişli / İstanbul | Dolapdere: Hacıahmet Mahallesi Pir Hüsamettin Sokak No:20 34440 Beyoğlu İstanbul,فنون الطهي وفنون المطبخ,تركيا,إسطنبول,بكالوريوس,الإنجليزية,متاح,#28D094,2026-2027,12000,6000,6000,6000,USD,-,0
2304,31,جامعة إسطنبول بيلغي,Istanbul Bilgi University Campuses,santralistanbul: Eski Silahtarağa Elektrik Santralı Kazım Karabekir Cad. No: 2/13 34060 Eyüpsultan İstanbul | Kuştepe: İnönü Cad. No: 72 Kuştepe 34387 Şişli / İstanbul | Dolapdere: Hacıahmet Mahallesi Pir Hüsamettin Sokak No:20 34440 Beyoğlu İstanbul,تنمية الطفل,تركيا,إسطنبول,بكالوريوس,التركية,متاح,#28D094,2026-2027,12000,6000,6000,6000,USD,-,0
2303,31,جامعة إسطنبول بيلغي,Istanbul Bilgi University Campuses,santralistanbul: Eski Silahtarağa Elektrik Santralı Kazım Karabekir Cad. No: 2/13 34060 Eyüpsultan İstanbul | Kuştepe: İnönü Cad. No: 72 Kuştepe 34387 Şişli / İstanbul | Dolapdere: Hacıahmet Mahallesi Pir Hüsamettin Sokak No:20 34440 Beyoğlu İstanbul,العلاج الطبيعي والتأهيل,تركيا,إسطنبول,بكالوريوس,التركية,متاح,#28D094,2026-2027,12000,6000,6000,6000,USD,-,0
2302,31,جامعة إسطنبول بيلغي,Istanbul Bilgi University Campuses,santralistanbul: Eski Silahtarağa Elektrik Santralı Kazım Karabekir Cad. No: 2/13 34060 Eyüpsultan İstanbul | Kuştepe: İnönü Cad. No: 72 Kuştepe 34387 Şişli / İstanbul | Dolapdere: Hacıahmet Mahallesi Pir Hüsamettin Sokak No:20 34440 Beyoğlu İstanbul,تمريض,تركيا,إسطنبول,بكالوريوس,التركية,متاح,#28D094,2026-2027,12000,6000,6000,6000,USD,-,0
2301,31,جامعة إسطنبول بيلغي,Istanbul Bilgi University Campuses,santralistanbul: Eski Silahtarağa Elektrik Santralı Kazım Karabekir Cad. No: 2/13 34060 Eyüpsultan İstanbul | Kuştepe: İnönü Cad. No: 72 Kuştepe 34387 Şişli / İstanbul | Dolapdere: Hacıahmet Mahallesi Pir Hüsamettin Sokak No:20 34440 Beyoğlu İstanbul,التغذية وعلم الحمية,تركيا,إسطنبول,بكالوريوس,التركية,متاح,#28D094,2026-2027,12000,6000,6000,6000,USD,-,0
2300,31,جامعة إسطنبول بيلغي,Istanbul Bilgi University Campuses,santralistanbul: Eski Silahtarağa Elektrik Santralı Kazım Karabekir Cad. No: 2/13 34060 Eyüpsultan İstanbul | Kuştepe: İnönü Cad. No: 72 Kuştepe 34387 Şişli / İstanbul | Dolapdere: Hacıahmet Mahallesi Pir Hüsamettin Sokak No:20 34440 Beyoğlu İstanbul,هندسة الميكاترونكس,تركيا,إسطنبول,بكالوريوس,الإنجليزية,متاح,#28D094,2026-2027,12000,6000,6000,6000,USD,-,0
2299,31,جامعة إسطنبول بيلغي,Istanbul Bilgi University Campuses,santralistanbul: Eski Silahtarağa Elektrik Santralı Kazım Karabekir Cad. No: 2/13 34060 Eyüpsultan İstanbul | Kuştepe: İnönü Cad. No: 72 Kuştepe 34387 Şişli / İstanbul | Dolapdere: Hacıahmet Mahallesi Pir Hüsamettin Sokak No:20 34440 Beyoğlu İstanbul,الهندسة المدنية,تركيا,إسطنبول,بكالوريوس,الإنجليزية,متاح,#28D094,2026-2027,12000,4800,4800,6000,USD,-,0
2298,31,جامعة إسطنبول بيلغي,Istanbul Bilgi University Campuses,santralistanbul: Eski Silahtarağa Elektrik Santralı Kazım Karabekir Cad. No: 2/13 34060 Eyüpsultan İstanbul | Kuştepe: İnönü Cad. No: 72 Kuştepe 34387 Şişli / İstanbul | Dolapdere: Hacıahmet Mahallesi Pir Hüsamettin Sokak No:20 34440 Beyoğlu İstanbul,الهندسة الميكانيكية,تركيا,إسطنبول,بكالوريوس,الإنجليزية,متاح,#28D094,2026-2027,12000,4800,4800,6000,USD,-,0
2297,31,جامعة إسطنبول بيلغي,Istanbul Bilgi University Campuses,santralistanbul: Eski Silahtarağa Elektrik Santralı Kazım Karabekir Cad. No: 2/13 34060 Eyüpsultan İstanbul | Kuştepe: İnönü Cad. No: 72 Kuştepe 34387 Şişli / İstanbul | Dolapdere: Hacıahmet Mahallesi Pir Hüsamettin Sokak No:20 34440 Beyoğlu İstanbul,الهندسة الصناعية,تركيا,إسطنبول,بكالوريوس,الإنجليزية,متاح,#28D094,2026-2027,12000,7800,7800,6000,USD,-,0
2296,31,جامعة إسطنبول بيلغي,Istanbul Bilgi University Campuses,santralistanbul: Eski Silahtarağa Elektrik Santralı Kazım Karabekir Cad. No: 2/13 34060 Eyüpsultan İstanbul | Kuştepe: İnönü Cad. No: 72 Kuştepe 34387 Şişli / İstanbul | Dolapdere: Hacıahmet Mahallesi Pir Hüsamettin Sokak No:20 34440 Beyoğlu İstanbul,الهندسة الكهربائية والإلكترونية,تركيا,إسطنبول,بكالوريوس,الإنجليزية,متاح,#28D094,2026-2027,12000,4800,4800,6000,USD,-,0
2295,31,جامعة إسطنبول بيلغي,Istanbul Bilgi University Campuses,santralistanbul: Eski Silahtarağa Elektrik Santralı Kazım Karabekir Cad. No: 2/13 34060 Eyüpsultan İstanbul | Kuştepe: İnönü Cad. No: 72 Kuştepe 34387 Şişli / İstanbul | Dolapdere: Hacıahmet Mahallesi Pir Hüsamettin Sokak No:20 34440 Beyoğlu İstanbul,علم الوراثة والهندسة الحيوية,تركيا,إسطنبول,بكالوريوس,الإنجليزية,متاح,#28D094,2026-2027,12000,4800,4800,6000,USD,-,0
2294,31,جامعة إسطنبول بيلغي,Istanbul Bilgi University Campuses,santralistanbul: Eski Silahtarağa Elektrik Santralı Kazım Karabekir Cad. No: 2/13 34060 Eyüpsultan İstanbul | Kuştepe: İnönü Cad. No: 72 Kuştepe 34387 Şişli / İstanbul | Dolapdere: Hacıahmet Mahallesi Pir Hüsamettin Sokak No:20 34440 Beyoğlu İstanbul,هندسة الكمبيوتر,تركيا,إسطنبول,بكالوريوس,الإنجليزية,متاح,#28D094,2026-2027,12000,7800,7800,6000,USD,-,0
2293,31,جامعة إسطنبول بيلغي,Istanbul Bilgi University Campuses,santralistanbul: Eski Silahtarağa Elektrik Santralı Kazım Karabekir Cad. No: 2/13 34060 Eyüpsultan İstanbul | Kuştepe: İnönü Cad. No: 72 Kuştepe 34387 Şişli / İstanbul | Dolapdere: Hacıahmet Mahallesi Pir Hüsamettin Sokak No:20 34440 Beyoğlu İstanbul,الرياضيات,تركيا,إسطنبول,بكالوريوس,الإنجليزية,متاح,#28D094,2026-2027,12000,4800,4800,6000,USD,-,0
2292,31,جامعة إسطنبول بيلغي,Istanbul Bilgi University Campuses,santralistanbul: Eski Silahtarağa Elektrik Santralı Kazım Karabekir Cad. No: 2/13 34060 Eyüpsultan İstanbul | Kuştepe: İnönü Cad. No: 72 Kuştepe 34387 Şişli / İstanbul | Dolapdere: Hacıahmet Mahallesi Pir Hüsamettin Sokak No:20 34440 Beyoğlu İstanbul,التصميم الصناعي,تركيا,إسطنبول,بكالوريوس,الإنجليزية,متاح,#28D094,2026-2027,12000,7200,7200,6000,USD,-,0
2291,31,جامعة إسطنبول بيلغي,Istanbul Bilgi University Campuses,santralistanbul: Eski Silahtarağa Elektrik Santralı Kazım Karabekir Cad. No: 2/13 34060 Eyüpsultan İstanbul | Kuştepe: İnönü Cad. No: 72 Kuştepe 34387 Şişli / İstanbul | Dolapdere: Hacıahmet Mahallesi Pir Hüsamettin Sokak No:20 34440 Beyoğlu İstanbul,التصميم الداخلي,تركيا,إسطنبول,بكالوريوس,الإنجليزية,متاح,#28D094,2026-2027,12000,7200,7200,6000,USD,-,0
2290,31,جامعة إسطنبول بيلغي,Istanbul Bilgi University Campuses,santralistanbul: Eski Silahtarağa Elektrik Santralı Kazım Karabekir Cad. No: 2/13 34060 Eyüpsultan İstanbul | Kuştepe: İnönü Cad. No: 72 Kuştepe 34387 Şişli / İstanbul | Dolapdere: Hacıahmet Mahallesi Pir Hüsamettin Sokak No:20 34440 Beyoğlu İstanbul,العمارة,تركيا,إسطنبول,بكالوريوس,الإنجليزية,متاح,#28D094,2026-2027,12000,4800,4800,6000,USD,-,0
2289,31,جامعة إسطنبول بيلغي,Istanbul Bilgi University Campuses,santralistanbul: Eski Silahtarağa Elektrik Santralı Kazım Karabekir Cad. No: 2/13 34060 Eyüpsultan İstanbul | Kuştepe: İnönü Cad. No: 72 Kuştepe 34387 Şişli / İstanbul | Dolapdere: Hacıahmet Mahallesi Pir Hüsamettin Sokak No:20 34440 Beyoğlu İstanbul,تصميم وإدارة الاتصال,تركيا,إسطنبول,بكالوريوس,الإنجليزية,متاح,#28D094,2026-2027,12000,6000,6000,6000,USD,-,0
2288,31,جامعة إسطنبول بيلغي,Istanbul Bilgi University Campuses,santralistanbul: Eski Silahtarağa Elektrik Santralı Kazım Karabekir Cad. No: 2/13 34060 Eyüpsultan İstanbul | Kuştepe: İnönü Cad. No: 72 Kuştepe 34387 Şişli / İstanbul | Dolapdere: Hacıahmet Mahallesi Pir Hüsamettin Sokak No:20 34440 Beyoğlu İstanbul,تصميم الألعاب الرقمية,تركيا,إسطنبول,بكالوريوس,الإنجليزية,متاح,#28D094,2026-2027,12000,7200,7200,6000,USD,-,0
2287,31,جامعة إسطنبول بيلغي,Istanbul Bilgi University Campuses,santralistanbul: Eski Silahtarağa Elektrik Santralı Kazım Karabekir Cad. No: 2/13 34060 Eyüpsultan İstanbul | Kuştepe: İnönü Cad. No: 72 Kuştepe 34387 Şişli / İstanbul | Dolapdere: Hacıahmet Mahallesi Pir Hüsamettin Sokak No:20 34440 Beyoğlu İstanbul,إدارة الفنون الأدائية,تركيا,إسطنبول,بكالوريوس,الإنجليزية,متاح,#28D094,2026-2027,12000,6000,6000,6000,USD,-,0
2286,31,جامعة إسطنبول بيلغي,Istanbul Bilgi University Campuses,santralistanbul: Eski Silahtarağa Elektrik Santralı Kazım Karabekir Cad. No: 2/13 34060 Eyüpsultan İstanbul | Kuştepe: İnönü Cad. No: 72 Kuştepe 34387 Şişli / İstanbul | Dolapdere: Hacıahmet Mahallesi Pir Hüsamettin Sokak No:20 34440 Beyoğlu İstanbul,إعداد التقارير والبرامج التلفزيونية,تركيا,إسطنبول,بكالوريوس,الإنجليزية,متاح,#28D094,2026-2027,12000,6000,6000,6000,USD,-,0
2285,31,جامعة إسطنبول بيلغي,Istanbul Bilgi University Campuses,santralistanbul: Eski Silahtarağa Elektrik Santralı Kazım Karabekir Cad. No: 2/13 34060 Eyüpsultan İstanbul | Kuştepe: İnönü Cad. No: 72 Kuştepe 34387 Şişli / İstanbul | Dolapdere: Hacıahmet Mahallesi Pir Hüsamettin Sokak No:20 34440 Beyoğlu İstanbul,تصميم الاتصالات المرئية,تركيا,إسطنبول,بكالوريوس,الإنجليزية,متاح,#28D094,2026-2027,12000,6000,6000,6000,USD,-,0
2284,31,جامعة إسطنبول بيلغي,Istanbul Bilgi University Campuses,santralistanbul: Eski Silahtarağa Elektrik Santralı Kazım Karabekir Cad. No: 2/13 34060 Eyüpsultan İstanbul | Kuştepe: İnönü Cad. No: 72 Kuştepe 34387 Şişli / İstanbul | Dolapdere: Hacıahmet Mahallesi Pir Hüsamettin Sokak No:20 34440 Beyoğlu İstanbul,الراديو والتلفزيون والسينما,تركيا,إسطنبول,بكالوريوس,الإنجليزية,متاح,#28D094,2026-2027,12000,6000,6000,6000,USD,-,0
2283,31,جامعة إسطنبول بيلغي,Istanbul Bilgi University Campuses,santralistanbul: Eski Silahtarağa Elektrik Santralı Kazım Karabekir Cad. No: 2/13 34060 Eyüpsultan İstanbul | Kuştepe: İnönü Cad. No: 72 Kuştepe 34387 Şişli / İstanbul | Dolapdere: Hacıahmet Mahallesi Pir Hüsamettin Sokak No:20 34440 Beyoğlu İstanbul,العلاقات العامة والدعاية,تركيا,إسطنبول,بكالوريوس,الإنجليزية,متاح,#28D094,2026-2027,12000,6000,6000,6000,USD,-,0
2282,31,جامعة إسطنبول بيلغي,Istanbul Bilgi University Campuses,santralistanbul: Eski Silahtarağa Elektrik Santralı Kazım Karabekir Cad. No: 2/13 34060 Eyüpsultan İstanbul | Kuştepe: İnönü Cad. No: 72 Kuştepe 34387 Şişli / İstanbul | Dolapdere: Hacıahmet Mahallesi Pir Hüsamettin Sokak No:20 34440 Beyoğlu İstanbul,الإعلان,تركيا,إسطنبول,بكالوريوس,الإنجليزية,متاح,#28D094,2026-2027,12000,6000,6000,6000,USD,-,0
2281,31,جامعة إسطنبول بيلغي,Istanbul Bilgi University Campuses,santralistanbul: Eski Silahtarağa Elektrik Santralı Kazım Karabekir Cad. No: 2/13 34060 Eyüpsultan İstanbul | Kuştepe: İnönü Cad. No: 72 Kuştepe 34387 Şişli / İstanbul | Dolapdere: Hacıahmet Mahallesi Pir Hüsamettin Sokak No:20 34440 Beyoğlu İstanbul,وسائل الإعلام الجديدة والاتصالات,تركيا,إسطنبول,بكالوريوس,الإنجليزية,متاح,#28D094,2026-2027,12000,6000,6000,6000,USD,-,0
2280,31,جامعة إسطنبول بيلغي,Istanbul Bilgi University Campuses,santralistanbul: Eski Silahtarağa Elektrik Santralı Kazım Karabekir Cad. No: 2/13 34060 Eyüpsultan İstanbul | Kuştepe: İnönü Cad. No: 72 Kuştepe 34387 Şişli / İstanbul | Dolapdere: Hacıahmet Mahallesi Pir Hüsamettin Sokak No:20 34440 Beyoğlu İstanbul,التسويق,تركيا,إسطنبول,بكالوريوس,الإنجليزية,متاح,#28D094,2026-2027,12000,7200,7200,6000,USD,-,0
2279,31,جامعة إسطنبول بيلغي,Istanbul Bilgi University Campuses,santralistanbul: Eski Silahtarağa Elektrik Santralı Kazım Karabekir Cad. No: 2/13 34060 Eyüpsultan İstanbul | Kuştepe: İnönü Cad. No: 72 Kuştepe 34387 Şişli / İstanbul | Dolapdere: Hacıahmet Mahallesi Pir Hüsamettin Sokak No:20 34440 Beyoğlu İstanbul,التجارة الدولية والأعمال,تركيا,إسطنبول,بكالوريوس,الإنجليزية,متاح,#28D094,2026-2027,12000,7200,7200,6000,USD,-,0
2278,31,جامعة إسطنبول بيلغي,Istanbul Bilgi University Campuses,santralistanbul: Eski Silahtarağa Elektrik Santralı Kazım Karabekir Cad. No: 2/13 34060 Eyüpsultan İstanbul | Kuştepe: İnönü Cad. No: 72 Kuştepe 34387 Şişli / İstanbul | Dolapdere: Hacıahmet Mahallesi Pir Hüsamettin Sokak No:20 34440 Beyoğlu İstanbul,نظم المعلومات الإدارية,تركيا,إسطنبول,بكالوريوس,الإنجليزية,متاح,#28D094,2026-2027,12000,7200,7200,6000,USD,-,0
2277,31,جامعة إسطنبول بيلغي,Istanbul Bilgi University Campuses,santralistanbul: Eski Silahtarağa Elektrik Santralı Kazım Karabekir Cad. No: 2/13 34060 Eyüpsultan İstanbul | Kuştepe: İnönü Cad. No: 72 Kuştepe 34387 Şişli / İstanbul | Dolapdere: Hacıahmet Mahallesi Pir Hüsamettin Sokak No:20 34440 Beyoğlu İstanbul,التمويل الدولي,تركيا,إسطنبول,بكالوريوس,الإنجليزية,متاح,#28D094,2026-2027,12000,7200,7200,6000,USD,-,0
2276,31,جامعة إسطنبول بيلغي,Istanbul Bilgi University Campuses,santralistanbul: Eski Silahtarağa Elektrik Santralı Kazım Karabekir Cad. No: 2/13 34060 Eyüpsultan İstanbul | Kuştepe: İnönü Cad. No: 72 Kuştepe 34387 Şişli / İstanbul | Dolapdere: Hacıahmet Mahallesi Pir Hüsamettin Sokak No:20 34440 Beyoğlu İstanbul,الاقتصاد والمالية,تركيا,إسطنبول,بكالوريوس,الإنجليزية,متاح,#28D094,2026-2027,12000,7200,7200,6000,USD,-,0
2275,31,جامعة إسطنبول بيلغي,Istanbul Bilgi University Campuses,santralistanbul: Eski Silahtarağa Elektrik Santralı Kazım Karabekir Cad. No: 2/13 34060 Eyüpsultan İstanbul | Kuştepe: İnönü Cad. No: 72 Kuştepe 34387 Şişli / İstanbul | Dolapdere: Hacıahmet Mahallesi Pir Hüsamettin Sokak No:20 34440 Beyoğlu İstanbul,إدارة الأعمال,تركيا,إسطنبول,بكالوريوس,الإنجليزية,متاح,#28D094,2026-2027,12000,7200,7200,6000,USD,-,0
2274,31,جامعة إسطنبول بيلغي,Istanbul Bilgi University Campuses,santralistanbul: Eski Silahtarağa Elektrik Santralı Kazım Karabekir Cad. No: 2/13 34060 Eyüpsultan İstanbul | Kuştepe: İnönü Cad. No: 72 Kuştepe 34387 Şişli / İstanbul | Dolapdere: Hacıahmet Mahallesi Pir Hüsamettin Sokak No:20 34440 Beyoğlu İstanbul,الاقتصاد,تركيا,إسطنبول,بكالوريوس,الإنجليزية,متاح,#28D094,2026-2027,12000,7200,7200,6000,USD,-,0
2273,31,جامعة إسطنبول بيلغي,Istanbul Bilgi University Campuses,santralistanbul: Eski Silahtarağa Elektrik Santralı Kazım Karabekir Cad. No: 2/13 34060 Eyüpsultan İstanbul | Kuştepe: İnönü Cad. No: 72 Kuştepe 34387 Şişli / İstanbul | Dolapdere: Hacıahmet Mahallesi Pir Hüsamettin Sokak No:20 34440 Beyoğlu İstanbul,قانون,تركيا,إسطنبول,بكالوريوس,التركية / الإنجليزية,متاح,#28D094,2026-2027,12000,9600,9600,6000,USD,-,0
2272,31,جامعة إسطنبول بيلغي,Istanbul Bilgi University Campuses,santralistanbul: Eski Silahtarağa Elektrik Santralı Kazım Karabekir Cad. No: 2/13 34060 Eyüpsultan İstanbul | Kuştepe: İnönü Cad. No: 72 Kuştepe 34387 Şişli / İstanbul | Dolapdere: Hacıahmet Mahallesi Pir Hüsamettin Sokak No:20 34440 Beyoğlu İstanbul,اللغة الإنجليزية وآدابها,تركيا,إسطنبول,بكالوريوس,الإنجليزية,متاح,#28D094,2026-2027,12000,4800,4800,6000,USD,-,0
2271,31,جامعة إسطنبول بيلغي,Istanbul Bilgi University Campuses,santralistanbul: Eski Silahtarağa Elektrik Santralı Kazım Karabekir Cad. No: 2/13 34060 Eyüpsultan İstanbul | Kuştepe: İnönü Cad. No: 72 Kuştepe 34387 Şişli / İstanbul | Dolapdere: Hacıahmet Mahallesi Pir Hüsamettin Sokak No:20 34440 Beyoğlu İstanbul,الموسيقى,تركيا,إسطنبول,بكالوريوس,الإنجليزية,متاح,#28D094,2026-2027,12000,6600,6600,6000,USD,-,0
2270,31,جامعة إسطنبول بيلغي,Istanbul Bilgi University Campuses,santralistanbul: Eski Silahtarağa Elektrik Santralı Kazım Karabekir Cad. No: 2/13 34060 Eyüpsultan İstanbul | Kuştepe: İnönü Cad. No: 72 Kuştepe 34387 Şişli / İstanbul | Dolapdere: Hacıahmet Mahallesi Pir Hüsamettin Sokak No:20 34440 Beyoğlu İstanbul,التاريخ,تركيا,إسطنبول,بكالوريوس,الإنجليزية,متاح,#28D094,2026-2027,12000,4800,4800,6000,USD,-,0
2269,31,جامعة إسطنبول بيلغي,Istanbul Bilgi University Campuses,santralistanbul: Eski Silahtarağa Elektrik Santralı Kazım Karabekir Cad. No: 2/13 34060 Eyüpsultan İstanbul | Kuştepe: İnönü Cad. No: 72 Kuştepe 34387 Şişli / İstanbul | Dolapdere: Hacıahmet Mahallesi Pir Hüsamettin Sokak No:20 34440 Beyoğlu İstanbul,علم النفس,تركيا,إسطنبول,بكالوريوس,الإنجليزية,متاح,#28D094,2026-2027,12000,7800,7800,6000,USD,-,0
2268,31,جامعة إسطنبول بيلغي,Istanbul Bilgi University Campuses,santralistanbul: Eski Silahtarağa Elektrik Santralı Kazım Karabekir Cad. No: 2/13 34060 Eyüpsultan İstanbul | Kuştepe: İnönü Cad. No: 72 Kuştepe 34387 Şişli / İstanbul | Dolapdere: Hacıahmet Mahallesi Pir Hüsamettin Sokak No:20 34440 Beyoğlu İstanbul,علم الاجتماع,تركيا,إسطنبول,بكالوريوس,الإنجليزية,متاح,#28D094,2026-2027,12000,4800,4800,6000,USD,-,0
2267,31,جامعة إسطنبول بيلغي,Istanbul Bilgi University Campuses,santralistanbul: Eski Silahtarağa Elektrik Santralı Kazım Karabekir Cad. No: 2/13 34060 Eyüpsultan İstanbul | Kuştepe: İnönü Cad. No: 72 Kuştepe 34387 Şişli / İstanbul | Dolapdere: Hacıahmet Mahallesi Pir Hüsamettin Sokak No:20 34440 Beyoğlu İstanbul,الأدب المقارن,تركيا,إسطنبول,بكالوريوس,الإنجليزية,متاح,#28D094,2026-2027,12000,4800,4800,6000,USD,-,0
2266,31,جامعة إسطنبول بيلغي,Istanbul Bilgi University Campuses,santralistanbul: Eski Silahtarağa Elektrik Santralı Kazım Karabekir Cad. No: 2/13 34060 Eyüpsultan İstanbul | Kuştepe: İnönü Cad. No: 72 Kuştepe 34387 Şişli / İstanbul | Dolapdere: Hacıahmet Mahallesi Pir Hüsamettin Sokak No:20 34440 Beyoğlu İstanbul,العلوم السياسية والإدارة العامة,تركيا,إسطنبول,بكالوريوس,الإنجليزية,متاح,#28D094,2026-2027,12000,6600,6600,6000,USD,-,0
2265,31,جامعة إسطنبول بيلغي,Istanbul Bilgi University Campuses,santralistanbul: Eski Silahtarağa Elektrik Santralı Kazım Karabekir Cad. No: 2/13 34060 Eyüpsultan İstanbul | Kuştepe: İnönü Cad. No: 72 Kuştepe 34387 Şişli / İstanbul | Dolapdere: Hacıahmet Mahallesi Pir Hüsamettin Sokak No:20 34440 Beyoğlu İstanbul,العلاقات الدولية,تركيا,إسطنبول,بكالوريوس,الإنجليزية,متاح,#28D094,2026-2027,12000,6600,6600,6000,USD,-,0
2264,30,جامعة تيد,TED University Main Campus,"Ziya Gökalp Caddesi No:48 06420, Kolej Çankaya ANKARA",هندسة البرمجيات,تركيا,أنقرة,بكالوريوس,التركية,متاح,#28D094,2026-2027,11800,5900,5900,5900,USD,-,0
2263,30,جامعة تيد,TED University Main Campus,"Ziya Gökalp Caddesi No:48 06420, Kolej Çankaya ANKARA",الهندسة الميكانيكية,تركيا,أنقرة,بكالوريوس,التركية,متاح,#28D094,2026-2027,11800,5900,5900,5900,USD,-,0
2262,30,جامعة تيد,TED University Main Campus,"Ziya Gökalp Caddesi No:48 06420, Kolej Çankaya ANKARA",الهندسة الصناعية,تركيا,أنقرة,بكالوريوس,التركية,متاح,#28D094,2026-2027,11800,5900,5900,5900,USD,-,0
2261,30,جامعة تيد,TED University Main Campus,"Ziya Gökalp Caddesi No:48 06420, Kolej Çankaya ANKARA",الهندسة الكهربائية والإلكترونية,تركيا,أنقرة,بكالوريوس,التركية,متاح,#28D094,2026-2027,11800,5900,5900,5900,USD,-,0
2260,30,جامعة تيد,TED University Main Campus,"Ziya Gökalp Caddesi No:48 06420, Kolej Çankaya ANKARA",هندسة الكمبيوتر,تركيا,أنقرة,بكالوريوس,التركية,متاح,#28D094,2026-2027,11800,5900,5900,5900,USD,-,0
2259,30,جامعة تيد,TED University Main Campus,"Ziya Gökalp Caddesi No:48 06420, Kolej Çankaya ANKARA",الهندسة المدنية,تركيا,أنقرة,بكالوريوس,التركية,متاح,#28D094,2026-2027,11800,5900,5900,5900,USD,-,0
2258,30,جامعة تيد,TED University Main Campus,"Ziya Gökalp Caddesi No:48 06420, Kolej Çankaya ANKARA",تعليم المرحلة الابتدائية,تركيا,أنقرة,بكالوريوس,التركية,متاح,#28D094,2026-2027,7500,3750,3750,3750,USD,-,0
2257,30,جامعة تيد,TED University Main Campus,"Ziya Gökalp Caddesi No:48 06420, Kolej Çankaya ANKARA",تعليم الرياضيات,تركيا,أنقرة,بكالوريوس,التركية,متاح,#28D094,2026-2027,7500,3750,3750,3750,USD,-,0
2256,30,جامعة تيد,TED University Main Campus,"Ziya Gökalp Caddesi No:48 06420, Kolej Çankaya ANKARA",الإرشاد والتوجيه النفسي,تركيا,أنقرة,بكالوريوس,التركية,متاح,#28D094,2026-2027,7500,3750,3750,3750,USD,-,0
2255,30,جامعة تيد,TED University Main Campus,"Ziya Gökalp Caddesi No:48 06420, Kolej Çankaya ANKARA",تدريس اللغة الإنجليزية,تركيا,أنقرة,بكالوريوس,التركية,متاح,#28D094,2026-2027,7500,3750,3750,3750,USD,-,0
2254,30,جامعة تيد,TED University Main Campus,"Ziya Gökalp Caddesi No:48 06420, Kolej Çankaya ANKARA",تعليم ما قبل المدرسة,تركيا,أنقرة,بكالوريوس,التركية,متاح,#28D094,2026-2027,7500,3750,3750,3750,USD,-,0
2253,30,جامعة تيد,TED University Main Campus,"Ziya Gökalp Caddesi No:48 06420, Kolej Çankaya ANKARA",العلوم السياسية والعلاقات الدولية,تركيا,أنقرة,بكالوريوس,التركية,متاح,#28D094,2026-2027,11800,5900,5900,5900,USD,-,0
2252,30,جامعة تيد,TED University Main Campus,"Ziya Gökalp Caddesi No:48 06420, Kolej Çankaya ANKARA",الاقتصاد,تركيا,أنقرة,بكالوريوس,التركية,متاح,#28D094,2026-2027,11800,5900,5900,5900,USD,-,0
2251,30,جامعة تيد,TED University Main Campus,"Ziya Gökalp Caddesi No:48 06420, Kolej Çankaya ANKARA",إدارة الأعمال,تركيا,أنقرة,بكالوريوس,التركية,متاح,#28D094,2026-2027,11800,5900,5900,5900,USD,-,0
2250,30,جامعة تيد,TED University Main Campus,"Ziya Gökalp Caddesi No:48 06420, Kolej Çankaya ANKARA",علم الاجتماع,تركيا,أنقرة,بكالوريوس,التركية,متاح,#28D094,2026-2027,11800,5900,5900,5900,USD,-,0
2249,30,جامعة تيد,TED University Main Campus,"Ziya Gökalp Caddesi No:48 06420, Kolej Çankaya ANKARA",علم النفس,تركيا,أنقرة,بكالوريوس,التركية,متاح,#28D094,2026-2027,11800,5900,5900,5900,USD,-,0
2248,30,جامعة تيد,TED University Main Campus,"Ziya Gökalp Caddesi No:48 06420, Kolej Çankaya ANKARA",الرياضيات,تركيا,أنقرة,بكالوريوس,التركية,متاح,#28D094,2026-2027,11800,5900,5900,5900,USD,-,0
2247,30,جامعة تيد,TED University Main Campus,"Ziya Gökalp Caddesi No:48 06420, Kolej Çankaya ANKARA",اللغة الإنجليزية وآدابها,تركيا,أنقرة,بكالوريوس,التركية,متاح,#28D094,2026-2027,11800,5900,5900,5900,USD,-,0
2246,30,جامعة تيد,TED University Main Campus,"Ziya Gökalp Caddesi No:48 06420, Kolej Çankaya ANKARA",تصميم الاتصالات المرئية,تركيا,أنقرة,بكالوريوس,التركية,متاح,#28D094,2026-2027,11800,5900,5900,5900,USD,-,0
2245,30,جامعة تيد,TED University Main Campus,"Ziya Gökalp Caddesi No:48 06420, Kolej Çankaya ANKARA",الهندسة المعمارية الداخلية والتصميم البيئي,تركيا,أنقرة,بكالوريوس,التركية,متاح,#28D094,2026-2027,11800,5900,5900,5900,USD,-,0
2244,30,جامعة تيد,TED University Main Campus,"Ziya Gökalp Caddesi No:48 06420, Kolej Çankaya ANKARA",التصميم الصناعي,تركيا,أنقرة,بكالوريوس,التركية,متاح,#28D094,2026-2027,11800,5900,5900,5900,USD,-,0
2243,30,جامعة تيد,TED University Main Campus,"Ziya Gökalp Caddesi No:48 06420, Kolej Çankaya ANKARA",تخطيط المدن والأقاليم,تركيا,أنقرة,بكالوريوس,التركية,متاح,#28D094,2026-2027,11800,5900,5900,5900,USD,-,0
2242,30,جامعة تيد,TED University Main Campus,"Ziya Gökalp Caddesi No:48 06420, Kolej Çankaya ANKARA",العمارة,تركيا,أنقرة,بكالوريوس,التركية,متاح,#28D094,2026-2027,11800,5900,5900,5900,USD,-,0
2241,29,جامعة إسطنبول غلطة,Istanbul Galata University Galata Campus,"Evliya Çelebi Mahallesi, Meşrutiyet Caddesi, No:62 Beyoğlu / İstanbul",نظم المعلومات الإدارية,تركيا,إسطنبول,ماجستير بدون أطروحة,التركية,متاح,#28D094,2026-2027,4000,3000,2250,2000,USD,-,1250
2240,29,جامعة إسطنبول غلطة,Istanbul Galata University Galata Campus,"Evliya Çelebi Mahallesi, Meşrutiyet Caddesi, No:62 Beyoğlu / İstanbul",نظم المعلومات الإدارية,تركيا,إسطنبول,ماجستير مع أطروحة,التركية,متاح,#28D094,2026-2027,5000,4000,3250,2500,USD,-,1250
2239,29,جامعة إسطنبول غلطة,Istanbul Galata University Galata Campus,"Evliya Çelebi Mahallesi, Meşrutiyet Caddesi, No:62 Beyoğlu / İstanbul",التسويق وإدارة العلامة التجارية,تركيا,إسطنبول,ماجستير بدون أطروحة,التركية,متاح,#28D094,2026-2027,4000,3000,2250,2000,USD,-,1250
2238,29,جامعة إسطنبول غلطة,Istanbul Galata University Galata Campus,"Evliya Çelebi Mahallesi, Meşrutiyet Caddesi, No:62 Beyoğlu / İstanbul",التسويق وإدارة العلامة التجارية,تركيا,إسطنبول,ماجستير مع أطروحة,التركية,متاح,#28D094,2026-2027,5000,4000,3250,2500,USD,-,1250
2237,29,جامعة إسطنبول غلطة,Istanbul Galata University Galata Campus,"Evliya Çelebi Mahallesi, Meşrutiyet Caddesi, No:62 Beyoğlu / İstanbul",دراسات الإعلام والاتصال,تركيا,إسطنبول,ماجستير بدون أطروحة,التركية,متاح,#28D094,2026-2027,4000,3000,2250,2000,USD,-,1250
2236,29,جامعة إسطنبول غلطة,Istanbul Galata University Galata Campus,"Evliya Çelebi Mahallesi, Meşrutiyet Caddesi, No:62 Beyoğlu / İstanbul",دراسات الإعلام والاتصال,تركيا,إسطنبول,ماجستير مع أطروحة,التركية,متاح,#28D094,2026-2027,5000,4000,3250,2500,USD,-,1250
2235,29,جامعة إسطنبول غلطة,Istanbul Galata University Galata Campus,"Evliya Çelebi Mahallesi, Meşrutiyet Caddesi, No:62 Beyoğlu / İstanbul",إدارة الأعمال,تركيا,إسطنبول,ماجستير بدون أطروحة,الإنجليزية,متاح,#28D094,2026-2027,5000,4000,3250,2500,USD,-,3000
2234,29,جامعة إسطنبول غلطة,Istanbul Galata University Galata Campus,"Evliya Çelebi Mahallesi, Meşrutiyet Caddesi, No:62 Beyoğlu / İstanbul",إدارة الأعمال,تركيا,إسطنبول,ماجستير بدون أطروحة,التركية,متاح,#28D094,2026-2027,4000,3000,2250,2000,USD,-,1250
2233,29,جامعة إسطنبول غلطة,Istanbul Galata University Galata Campus,"Evliya Çelebi Mahallesi, Meşrutiyet Caddesi, No:62 Beyoğlu / İstanbul",إدارة الأعمال,تركيا,إسطنبول,ماجستير مع أطروحة,التركية,متاح,#28D094,2026-2027,5000,4000,3250,2500,USD,-,1250
2232,29,جامعة إسطنبول غلطة,Istanbul Galata University Galata Campus,"Evliya Çelebi Mahallesi, Meşrutiyet Caddesi, No:62 Beyoğlu / İstanbul",الهندسة المعمارية الداخلية والتصميم البيئي,تركيا,إسطنبول,ماجستير بدون أطروحة,التركية,متاح,#28D094,2026-2027,4000,3000,2250,2000,USD,-,1250
2231,29,جامعة إسطنبول غلطة,Istanbul Galata University Galata Campus,"Evliya Çelebi Mahallesi, Meşrutiyet Caddesi, No:62 Beyoğlu / İstanbul",الهندسة المعمارية الداخلية والتصميم البيئي,تركيا,إسطنبول,ماجستير مع أطروحة,التركية,متاح,#28D094,2026-2027,5000,4000,3250,2500,USD,-,1250
2230,29,جامعة إسطنبول غلطة,Istanbul Galata University Galata Campus,"Evliya Çelebi Mahallesi, Meşrutiyet Caddesi, No:62 Beyoğlu / İstanbul",تطوير وبرمجة الألعاب,تركيا,إسطنبول,دبلوم,التركية,متاح,#28D094,2026-2027,3000,3000,1700,1500,USD,-,1250
2229,29,جامعة إسطنبول غلطة,Istanbul Galata University Galata Campus,"Evliya Çelebi Mahallesi, Meşrutiyet Caddesi, No:62 Beyoğlu / İstanbul",تطوير واجهات البرمجيات,تركيا,إسطنبول,دبلوم,التركية,متاح,#28D094,2026-2027,3000,3000,1700,1500,USD,-,1250
2228,29,جامعة إسطنبول غلطة,Istanbul Galata University Galata Campus,"Evliya Çelebi Mahallesi, Meşrutiyet Caddesi, No:62 Beyoğlu / İstanbul",التجارة الإلكترونية والتسويق,تركيا,إسطنبول,دبلوم,التركية,متاح,#28D094,2026-2027,3000,3000,1700,1500,USD,-,1250
2227,29,جامعة إسطنبول غلطة,Istanbul Galata University Galata Campus,"Evliya Çelebi Mahallesi, Meşrutiyet Caddesi, No:62 Beyoğlu / İstanbul",إلكترونيات التحول الرقمي,تركيا,إسطنبول,دبلوم,التركية,متاح,#28D094,2026-2027,3000,3000,1700,1500,USD,-,1250
2226,29,جامعة إسطنبول غلطة,Istanbul Galata University Galata Campus,"Evliya Çelebi Mahallesi, Meşrutiyet Caddesi, No:62 Beyoğlu / İstanbul",التجارة الخارجية,تركيا,إسطنبول,دبلوم,التركية,متاح,#28D094,2026-2027,3000,3000,1700,1500,USD,-,1250
2225,29,جامعة إسطنبول غلطة,Istanbul Galata University Galata Campus,"Evliya Çelebi Mahallesi, Meşrutiyet Caddesi, No:62 Beyoğlu / İstanbul",تكنولوجيا معالجة البيانات الطبية,تركيا,إسطنبول,دبلوم,التركية,متاح,#28D094,2026-2027,3000,3000,1700,1500,USD,-,1250
2224,29,جامعة إسطنبول غلطة,Istanbul Galata University Galata Campus,"Evliya Çelebi Mahallesi, Meşrutiyet Caddesi, No:62 Beyoğlu / İstanbul",تقنيات التصوير الطبي,تركيا,إسطنبول,دبلوم,التركية,متاح,#28D094,2026-2027,3000,3000,1700,1500,USD,-,1250
2223,29,جامعة إسطنبول غلطة,Istanbul Galata University Galata Campus,"Evliya Çelebi Mahallesi, Meşrutiyet Caddesi, No:62 Beyoğlu / İstanbul",الإسعافات الأولية والطوارئ,تركيا,إسطنبول,دبلوم,التركية,متاح,#28D094,2026-2027,3000,3000,1700,1500,USD,-,1250
2222,29,جامعة إسطنبول غلطة,Istanbul Galata University Galata Campus,"Evliya Çelebi Mahallesi, Meşrutiyet Caddesi, No:62 Beyoğlu / İstanbul",العلاج الطبيعي,تركيا,إسطنبول,دبلوم,التركية,متاح,#28D094,2026-2027,3000,3000,1700,1500,USD,-,1250
2221,29,جامعة إسطنبول غلطة,Istanbul Galata University Galata Campus,"Evliya Çelebi Mahallesi, Meşrutiyet Caddesi, No:62 Beyoğlu / İstanbul",خدمات الصيدلية,تركيا,إسطنبول,دبلوم,التركية,متاح,#28D094,2026-2027,3000,3000,1700,1500,USD,-,1250
2220,29,جامعة إسطنبول غلطة,Istanbul Galata University Galata Campus,"Evliya Çelebi Mahallesi, Meşrutiyet Caddesi, No:62 Beyoğlu / İstanbul",التخدير,تركيا,إسطنبول,دبلوم,التركية,متاح,#28D094,2026-2027,3000,3000,1700,1500,USD,-,1250
2219,29,جامعة إسطنبول غلطة,Istanbul Galata University Galata Campus,"Evliya Çelebi Mahallesi, Meşrutiyet Caddesi, No:62 Beyoğlu / İstanbul",صحة الفم والأسنان,تركيا,إسطنبول,دبلوم,التركية,متاح,#28D094,2026-2027,3000,3000,1700,1500,USD,-,1250
2218,29,جامعة إسطنبول غلطة,Istanbul Galata University Galata Campus,"Evliya Çelebi Mahallesi, Meşrutiyet Caddesi, No:62 Beyoğlu / İstanbul",طبخ,تركيا,إسطنبول,دبلوم,التركية,متاح,#28D094,2026-2027,3000,3000,1700,1500,USD,-,1250
2217,29,جامعة إسطنبول غلطة,Istanbul Galata University Galata Campus,"Evliya Çelebi Mahallesi, Meşrutiyet Caddesi, No:62 Beyoğlu / İstanbul",التدريب على التدريب,تركيا,إسطنبول,بكالوريوس,التركية,متاح,#28D094,2026-2027,4000,3200,2600,2000,USD,-,1250
2216,29,جامعة إسطنبول غلطة,Istanbul Galata University Galata Campus,"Evliya Çelebi Mahallesi, Meşrutiyet Caddesi, No:62 Beyoğlu / İstanbul",تمريض,تركيا,إسطنبول,بكالوريوس,التركية,متاح,#28D094,2026-2027,4000,3200,2800,2000,USD,-,1250
2215,29,جامعة إسطنبول غلطة,Istanbul Galata University Galata Campus,"Evliya Çelebi Mahallesi, Meşrutiyet Caddesi, No:62 Beyoğlu / İstanbul",العلاج الطبيعي والتأهيل,تركيا,إسطنبول,بكالوريوس,التركية,متاح,#28D094,2026-2027,4000,3200,2800,2000,USD,-,1250
2214,29,جامعة إسطنبول غلطة,Istanbul Galata University Galata Campus,"Evliya Çelebi Mahallesi, Meşrutiyet Caddesi, No:62 Beyoğlu / İstanbul",التغذية وعلم الحمية,تركيا,إسطنبول,بكالوريوس,التركية,متاح,#28D094,2026-2027,4000,3200,2600,2000,USD,-,1250
2213,29,جامعة إسطنبول غلطة,Istanbul Galata University Galata Campus,"Evliya Çelebi Mahallesi, Meşrutiyet Caddesi, No:62 Beyoğlu / İstanbul",علم البيانات والتحليلات,تركيا,إسطنبول,بكالوريوس,التركية,متاح,#28D094,2026-2027,4000,3200,2600,2000,USD,-,1250
2212,29,جامعة إسطنبول غلطة,Istanbul Galata University Galata Campus,"Evliya Çelebi Mahallesi, Meşrutiyet Caddesi, No:62 Beyoğlu / İstanbul",هندسة الكمبيوتر,تركيا,إسطنبول,بكالوريوس,التركية,متاح,#28D094,2026-2027,4000,3200,2600,2000,USD,-,1250
2211,29,جامعة إسطنبول غلطة,Istanbul Galata University Galata Campus,"Evliya Çelebi Mahallesi, Meşrutiyet Caddesi, No:62 Beyoğlu / İstanbul",علم النفس,تركيا,إسطنبول,بكالوريوس,الإنجليزية,متاح,#28D094,2026-2027,5000,4000,3500,2500,USD,-,3000
2210,29,جامعة إسطنبول غلطة,Istanbul Galata University Galata Campus,"Evliya Çelebi Mahallesi, Meşrutiyet Caddesi, No:62 Beyoğlu / İstanbul",علم النفس,تركيا,إسطنبول,بكالوريوس,التركية,متاح,#28D094,2026-2027,4000,3500,3000,2000,USD,-,1250
2209,29,جامعة إسطنبول غلطة,Istanbul Galata University Galata Campus,"Evliya Çelebi Mahallesi, Meşrutiyet Caddesi, No:62 Beyoğlu / İstanbul",نظم المعلومات الإدارية,تركيا,إسطنبول,بكالوريوس,التركية,متاح,#28D094,2026-2027,4000,3200,2600,2000,USD,-,1250
2208,29,جامعة إسطنبول غلطة,Istanbul Galata University Galata Campus,"Evliya Çelebi Mahallesi, Meşrutiyet Caddesi, No:62 Beyoğlu / İstanbul",إدارة اللوجستيات,تركيا,إسطنبول,بكالوريوس,التركية,متاح,#28D094,2026-2027,4000,3200,2600,2000,USD,-,1250
2207,29,جامعة إسطنبول غلطة,Istanbul Galata University Galata Campus,"Evliya Çelebi Mahallesi, Meşrutiyet Caddesi, No:62 Beyoğlu / İstanbul",إدارة الأعمال,تركيا,إسطنبول,بكالوريوس,الإنجليزية,متاح,#28D094,2026-2027,5000,3500,3000,2500,USD,-,3000
2206,29,جامعة إسطنبول غلطة,Istanbul Galata University Galata Campus,"Evliya Çelebi Mahallesi, Meşrutiyet Caddesi, No:62 Beyoğlu / İstanbul",إدارة الأعمال,تركيا,إسطنبول,بكالوريوس,التركية,متاح,#28D094,2026-2027,4000,3200,2600,2000,USD,-,1250
2205,29,جامعة إسطنبول غلطة,Istanbul Galata University Galata Campus,"Evliya Çelebi Mahallesi, Meşrutiyet Caddesi, No:62 Beyoğlu / İstanbul",تصميم الاتصال,تركيا,إسطنبول,بكالوريوس,التركية,متاح,#28D094,2026-2027,4000,3200,2600,2000,USD,-,1250
2204,29,جامعة إسطنبول غلطة,Istanbul Galata University Galata Campus,"Evliya Çelebi Mahallesi, Meşrutiyet Caddesi, No:62 Beyoğlu / İstanbul",العلاقات العامة والإعلان,تركيا,إسطنبول,بكالوريوس,التركية,متاح,#28D094,2026-2027,4000,3200,2600,2000,USD,-,1250
2203,29,جامعة إسطنبول غلطة,Istanbul Galata University Galata Campus,"Evliya Çelebi Mahallesi, Meşrutiyet Caddesi, No:62 Beyoğlu / İstanbul",اللغة الإنجليزية وآدابها,تركيا,إسطنبول,بكالوريوس,الإنجليزية,متاح,#28D094,2026-2027,5000,3500,3000,2500,USD,-,3000
2202,29,جامعة إسطنبول غلطة,Istanbul Galata University Galata Campus,"Evliya Çelebi Mahallesi, Meşrutiyet Caddesi, No:62 Beyoğlu / İstanbul",الهندسة المعمارية الداخلية والتصميم البيئي,تركيا,إسطنبول,بكالوريوس,الإنجليزية,متاح,#28D094,2026-2027,5000,3500,3000,2500,USD,-,3000
2201,29,جامعة إسطنبول غلطة,Istanbul Galata University Galata Campus,"Evliya Çelebi Mahallesi, Meşrutiyet Caddesi, No:62 Beyoğlu / İstanbul",الهندسة المعمارية الداخلية والتصميم البيئي,تركيا,إسطنبول,بكالوريوس,التركية,متاح,#28D094,2026-2027,4000,3200,2600,2000,USD,-,1250
2200,29,جامعة إسطنبول غلطة,Istanbul Galata University Galata Campus,"Evliya Çelebi Mahallesi, Meşrutiyet Caddesi, No:62 Beyoğlu / İstanbul",فنون الطهي وفنون المطبخ,تركيا,إسطنبول,بكالوريوس,التركية,متاح,#28D094,2026-2027,4000,3500,3000,2000,USD,-,1250
2199,29,جامعة إسطنبول غلطة,Istanbul Galata University Galata Campus,"Evliya Çelebi Mahallesi, Meşrutiyet Caddesi, No:62 Beyoğlu / İstanbul",طب الأسنان,تركيا,إسطنبول,بكالوريوس,الإنجليزية,متاح,#28D094,2026-2027,16000,14500,13500,8000,USD,-,3000
2198,29,جامعة إسطنبول غلطة,Istanbul Galata University Galata Campus,"Evliya Çelebi Mahallesi, Meşrutiyet Caddesi, No:62 Beyoğlu / İstanbul",طب الأسنان,تركيا,إسطنبول,بكالوريوس,التركية,متاح,#28D094,2026-2027,16000,14000,13000,8000,USD,-,1250
2197,28,جامعة إسطنبول توبكابي,Altunizade Campus,"Kuşbakışı Caddesi No:2, 34662 Üsküdar / İstanbul",العمارة,تركيا,إسطنبول,دكتوراه,التركية,متاح,#28D094,2026-2027,5000,5000,5000,1000,USD,-,0
2196,28,جامعة إسطنبول توبكابي,Altunizade Campus,"Kuşbakışı Caddesi No:2, 34662 Üsküdar / İstanbul",نظم المعلومات الإدارية,تركيا,إسطنبول,دكتوراه,التركية,متاح,#28D094,2026-2027,5000,5000,5000,1000,USD,-,0
2195,28,جامعة إسطنبول توبكابي,Altunizade Campus,"Kuşbakışı Caddesi No:2, 34662 Üsküdar / İstanbul",نظم المعلومات الإدارية,تركيا,إسطنبول,ماجستير بدون أطروحة,الإنجليزية,متاح,#28D094,2026-2027,3250,3250,3250,1000,USD,-,0
2194,28,جامعة إسطنبول توبكابي,Altunizade Campus,"Kuşbakışı Caddesi No:2, 34662 Üsküdar / İstanbul",نظم المعلومات الإدارية,تركيا,إسطنبول,ماجستير بدون أطروحة,التركية,متاح,#28D094,2026-2027,2750,2750,2750,1000,USD,-,0
2193,28,جامعة إسطنبول توبكابي,Altunizade Campus,"Kuşbakışı Caddesi No:2, 34662 Üsküdar / İstanbul",نظم المعلومات الإدارية,تركيا,إسطنبول,ماجستير مع أطروحة,الإنجليزية,متاح,#28D094,2026-2027,3750,3750,3750,1000,USD,-,0
2192,28,جامعة إسطنبول توبكابي,Altunizade Campus,"Kuşbakışı Caddesi No:2, 34662 Üsküdar / İstanbul",نظم المعلومات الإدارية,تركيا,إسطنبول,ماجستير مع أطروحة,التركية,متاح,#28D094,2026-2027,3250,3250,3250,1000,USD,-,0
2191,28,جامعة إسطنبول توبكابي,Altunizade Campus,"Kuşbakışı Caddesi No:2, 34662 Üsküdar / İstanbul",الذكاء الاصطناعي,تركيا,إسطنبول,ماجستير بدون أطروحة,التركية,متاح,#28D094,2026-2027,2750,2750,2750,1000,USD,-,0
2190,28,جامعة إسطنبول توبكابي,Altunizade Campus,"Kuşbakışı Caddesi No:2, 34662 Üsküdar / İstanbul",الذكاء الاصطناعي,تركيا,إسطنبول,ماجستير مع أطروحة,التركية,متاح,#28D094,2026-2027,3250,3250,3250,1000,USD,-,0
2189,28,جامعة إسطنبول توبكابي,Altunizade Campus,"Kuşbakışı Caddesi No:2, 34662 Üsküdar / İstanbul",التاريخ,تركيا,إسطنبول,ماجستير بدون أطروحة,التركية,متاح,#28D094,2026-2027,2750,2750,2750,1000,USD,-,0
2188,28,جامعة إسطنبول توبكابي,Altunizade Campus,"Kuşbakışı Caddesi No:2, 34662 Üsküdar / İstanbul",التاريخ,تركيا,إسطنبول,ماجستير مع أطروحة,التركية,متاح,#28D094,2026-2027,3250,3250,3250,1000,USD,-,0
2187,28,جامعة إسطنبول توبكابي,Altunizade Campus,"Kuşbakışı Caddesi No:2, 34662 Üsküdar / İstanbul",الإدارة الرياضية,تركيا,إسطنبول,ماجستير بدون أطروحة,التركية,متاح,#28D094,2026-2027,2750,2750,2750,1000,USD,-,0
2186,28,جامعة إسطنبول توبكابي,Altunizade Campus,"Kuşbakışı Caddesi No:2, 34662 Üsküdar / İstanbul",الإدارة الرياضية,تركيا,إسطنبول,ماجستير مع أطروحة,التركية,متاح,#28D094,2026-2027,3250,3250,3250,1000,USD,-,0
2185,28,جامعة إسطنبول توبكابي,Altunizade Campus,"Kuşbakışı Caddesi No:2, 34662 Üsküdar / İstanbul",العلوم السياسية والعلاقات الدولية,تركيا,إسطنبول,ماجستير بدون أطروحة,التركية,متاح,#28D094,2026-2027,2750,2750,2750,1000,USD,-,0
2184,28,جامعة إسطنبول توبكابي,Altunizade Campus,"Kuşbakışı Caddesi No:2, 34662 Üsküdar / İstanbul",العلوم السياسية والعلاقات الدولية,تركيا,إسطنبول,ماجستير مع أطروحة,التركية,متاح,#28D094,2026-2027,3250,3250,3250,1000,USD,-,0
2183,28,جامعة إسطنبول توبكابي,Altunizade Campus,"Kuşbakışı Caddesi No:2, 34662 Üsküdar / İstanbul",الأمن السيبراني,تركيا,إسطنبول,ماجستير بدون أطروحة,التركية,متاح,#28D094,2026-2027,2250,2250,2250,1000,USD,-,0
2182,28,جامعة إسطنبول توبكابي,Altunizade Campus,"Kuşbakışı Caddesi No:2, 34662 Üsküdar / İstanbul",الأمن السيبراني,تركيا,إسطنبول,ماجستير مع أطروحة,التركية,متاح,#28D094,2026-2027,2500,2500,2500,1000,USD,-,0
2181,28,جامعة إسطنبول توبكابي,Altunizade Campus,"Kuşbakışı Caddesi No:2, 34662 Üsküdar / İstanbul",الفنون المسرحية,تركيا,إسطنبول,ماجستير بدون أطروحة,التركية,متاح,#28D094,2026-2027,2750,2750,2750,1000,USD,-,0
2180,28,جامعة إسطنبول توبكابي,Altunizade Campus,"Kuşbakışı Caddesi No:2, 34662 Üsküdar / İstanbul",الفنون المسرحية,تركيا,إسطنبول,ماجستير مع أطروحة,التركية,متاح,#28D094,2026-2027,3250,3250,3250,1000,USD,-,0
2179,28,جامعة إسطنبول توبكابي,Altunizade Campus,"Kuşbakışı Caddesi No:2, 34662 Üsküdar / İstanbul",تلوين,تركيا,إسطنبول,ماجستير بدون أطروحة,التركية,متاح,#28D094,2026-2027,2250,2250,2250,1000,USD,-,0
2178,28,جامعة إسطنبول توبكابي,Altunizade Campus,"Kuşbakışı Caddesi No:2, 34662 Üsküdar / İstanbul",تلوين,تركيا,إسطنبول,ماجستير مع أطروحة,التركية,متاح,#28D094,2026-2027,2500,2500,2500,1000,USD,-,0
2177,28,جامعة إسطنبول توبكابي,Altunizade Campus,"Kuşbakışı Caddesi No:2, 34662 Üsküdar / İstanbul",علم النفس,تركيا,إسطنبول,ماجستير بدون أطروحة,التركية,متاح,#28D094,2026-2027,7000,7000,7000,1000,USD,-,0
2176,28,جامعة إسطنبول توبكابي,Altunizade Campus,"Kuşbakışı Caddesi No:2, 34662 Üsküdar / İstanbul",علم النفس,تركيا,إسطنبول,ماجستير مع أطروحة,التركية,متاح,#28D094,2026-2027,8500,8500,8500,1000,USD,-,0
2175,28,جامعة إسطنبول توبكابي,Altunizade Campus,"Kuşbakışı Caddesi No:2, 34662 Üsküdar / İstanbul",اتصالات التسويق,تركيا,إسطنبول,ماجستير بدون أطروحة,التركية,متاح,#28D094,2026-2027,2750,2750,2750,1000,USD,-,0
2174,28,جامعة إسطنبول توبكابي,Altunizade Campus,"Kuşbakışı Caddesi No:2, 34662 Üsküdar / İstanbul",اتصالات التسويق,تركيا,إسطنبول,ماجستير مع أطروحة,التركية,متاح,#28D094,2026-2027,3250,3250,3250,1000,USD,-,0
2173,28,جامعة إسطنبول توبكابي,Altunizade Campus,"Kuşbakışı Caddesi No:2, 34662 Üsküdar / İstanbul",التمثيل,تركيا,إسطنبول,ماجستير بدون أطروحة,التركية,متاح,#28D094,2026-2027,2750,2750,2750,1000,USD,-,0
2172,28,جامعة إسطنبول توبكابي,Altunizade Campus,"Kuşbakışı Caddesi No:2, 34662 Üsküdar / İstanbul",التمثيل,تركيا,إسطنبول,ماجستير مع أطروحة,التركية,متاح,#28D094,2026-2027,3250,3250,3250,1000,USD,-,0
2171,28,جامعة إسطنبول توبكابي,Altunizade Campus,"Kuşbakışı Caddesi No:2, 34662 Üsküdar / İstanbul",العمارة,تركيا,إسطنبول,ماجستير بدون أطروحة,التركية,متاح,#28D094,2026-2027,2750,2750,2750,1000,USD,-,0
2170,28,جامعة إسطنبول توبكابي,Altunizade Campus,"Kuşbakışı Caddesi No:2, 34662 Üsküdar / İstanbul",العمارة,تركيا,إسطنبول,ماجستير مع أطروحة,التركية,متاح,#28D094,2026-2027,3250,3250,3250,1000,USD,-,0
2169,28,جامعة إسطنبول توبكابي,Altunizade Campus,"Kuşbakışı Caddesi No:2, 34662 Üsküdar / İstanbul",دراسات الإعلام والاتصال,تركيا,إسطنبول,ماجستير بدون أطروحة,التركية,متاح,#28D094,2026-2027,2250,2250,2250,1000,USD,-,0
2168,28,جامعة إسطنبول توبكابي,Altunizade Campus,"Kuşbakışı Caddesi No:2, 34662 Üsküdar / İstanbul",دراسات الإعلام والاتصال,تركيا,إسطنبول,ماجستير مع أطروحة,التركية,متاح,#28D094,2026-2027,2500,2500,2500,1000,USD,-,0
2167,28,جامعة إسطنبول توبكابي,Altunizade Campus,"Kuşbakışı Caddesi No:2, 34662 Üsküdar / İstanbul",إدارة الأعمال,تركيا,إسطنبول,ماجستير بدون أطروحة,الإنجليزية,متاح,#28D094,2026-2027,3250,3250,3250,1000,USD,-,0
2166,28,جامعة إسطنبول توبكابي,Altunizade Campus,"Kuşbakışı Caddesi No:2, 34662 Üsküdar / İstanbul",إدارة الأعمال,تركيا,إسطنبول,ماجستير بدون أطروحة,التركية,متاح,#28D094,2026-2027,2750,2750,2750,1000,USD,-,0
2165,28,جامعة إسطنبول توبكابي,Altunizade Campus,"Kuşbakışı Caddesi No:2, 34662 Üsküdar / İstanbul",إدارة الأعمال,تركيا,إسطنبول,ماجستير مع أطروحة,الإنجليزية,متاح,#28D094,2026-2027,3750,3750,3750,1000,USD,-,0
2164,28,جامعة إسطنبول توبكابي,Altunizade Campus,"Kuşbakışı Caddesi No:2, 34662 Üsküdar / İstanbul",إدارة الأعمال,تركيا,إسطنبول,ماجستير مع أطروحة,التركية,متاح,#28D094,2026-2027,3250,3250,3250,1000,USD,-,0
2163,28,جامعة إسطنبول توبكابي,Altunizade Campus,"Kuşbakışı Caddesi No:2, 34662 Üsküdar / İstanbul",علوم الحركة والتدريب في الرياضة,تركيا,إسطنبول,ماجستير مع أطروحة,التركية,متاح,#28D094,2026-2027,2500,2500,2500,1000,USD,-,0
2162,28,جامعة إسطنبول توبكابي,Altunizade Campus,"Kuşbakışı Caddesi No:2, 34662 Üsküdar / İstanbul",علوم الحركة والتدريب في الرياضة,تركيا,إسطنبول,ماجستير بدون أطروحة,التركية,متاح,#28D094,2026-2027,2250,2250,2250,1000,USD,-,0
2161,28,جامعة إسطنبول توبكابي,Altunizade Campus,"Kuşbakışı Caddesi No:2, 34662 Üsküdar / İstanbul",علوم الأمن وتطبيقاته,تركيا,إسطنبول,ماجستير بدون أطروحة,التركية,متاح,#28D094,2026-2027,2750,2750,2750,1000,USD,-,0
2160,28,جامعة إسطنبول توبكابي,Altunizade Campus,"Kuşbakışı Caddesi No:2, 34662 Üsküdar / İstanbul",علوم الأمن وتطبيقاته,تركيا,إسطنبول,ماجستير مع أطروحة,التركية,متاح,#28D094,2026-2027,3250,3250,3250,1000,USD,-,0
2159,28,جامعة إسطنبول توبكابي,Altunizade Campus,"Kuşbakışı Caddesi No:2, 34662 Üsküdar / İstanbul",التصميم الجرافيكي,تركيا,إسطنبول,ماجستير بدون أطروحة,التركية,متاح,#28D094,2026-2027,2750,2750,2750,1000,USD,-,0
2158,28,جامعة إسطنبول توبكابي,Altunizade Campus,"Kuşbakışı Caddesi No:2, 34662 Üsküdar / İstanbul",التصميم الجرافيكي,تركيا,إسطنبول,ماجستير مع أطروحة,التركية,متاح,#28D094,2026-2027,3250,3250,3250,1000,USD,-,0
2157,28,جامعة إسطنبول توبكابي,Altunizade Campus,"Kuşbakışı Caddesi No:2, 34662 Üsküdar / İstanbul",تصميم الاتصالات المرئية,تركيا,إسطنبول,ماجستير بدون أطروحة,التركية,متاح,#28D094,2026-2027,2750,2750,2750,1000,USD,-,0
2156,28,جامعة إسطنبول توبكابي,Altunizade Campus,"Kuşbakışı Caddesi No:2, 34662 Üsküdar / İstanbul",تصميم الاتصالات المرئية,تركيا,إسطنبول,ماجستير مع أطروحة,التركية,متاح,#28D094,2026-2027,3250,3250,3250,1000,USD,-,0
2155,28,جامعة إسطنبول توبكابي,Altunizade Campus,"Kuşbakışı Caddesi No:2, 34662 Üsküdar / İstanbul",فنون الطهي وفنون المطبخ,تركيا,إسطنبول,ماجستير بدون أطروحة,التركية,متاح,#28D094,2026-2027,2750,2750,2750,1000,USD,-,0
2154,28,جامعة إسطنبول توبكابي,Altunizade Campus,"Kuşbakışı Caddesi No:2, 34662 Üsküdar / İstanbul",فنون الطهي وفنون المطبخ,تركيا,إسطنبول,ماجستير مع أطروحة,التركية,متاح,#28D094,2026-2027,3250,3250,3250,1000,USD,-,0
2153,28,جامعة إسطنبول توبكابي,Altunizade Campus,"Kuşbakışı Caddesi No:2, 34662 Üsküdar / İstanbul",الهندسة الكهربائية والإلكترونية,تركيا,إسطنبول,ماجستير بدون أطروحة,التركية,متاح,#28D094,2026-2027,2750,2750,2750,1000,USD,-,0
2152,28,جامعة إسطنبول توبكابي,Altunizade Campus,"Kuşbakışı Caddesi No:2, 34662 Üsküdar / İstanbul",الهندسة الكهربائية والإلكترونية,تركيا,إسطنبول,ماجستير مع أطروحة,التركية,متاح,#28D094,2026-2027,3250,3250,3250,1000,USD,-,0
2151,28,جامعة إسطنبول توبكابي,Altunizade Campus,"Kuşbakışı Caddesi No:2, 34662 Üsküdar / İstanbul",الهندسة الكهربائية والإلكترونية,تركيا,إسطنبول,ماجستير بدون أطروحة,الإنجليزية,متاح,#28D094,2026-2027,3250,3250,3250,1000,USD,-,0
2150,28,جامعة إسطنبول توبكابي,Altunizade Campus,"Kuşbakışı Caddesi No:2, 34662 Üsküdar / İstanbul",الهندسة الكهربائية والإلكترونية,تركيا,إسطنبول,ماجستير مع أطروحة,الإنجليزية,متاح,#28D094,2026-2027,3750,3750,3750,1000,USD,-,0
2149,28,جامعة إسطنبول توبكابي,Altunizade Campus,"Kuşbakışı Caddesi No:2, 34662 Üsküdar / İstanbul",الاقتصاد,تركيا,إسطنبول,ماجستير بدون أطروحة,التركية,متاح,#28D094,2026-2027,2750,2750,2750,1000,USD,-,0
2148,28,جامعة إسطنبول توبكابي,Altunizade Campus,"Kuşbakışı Caddesi No:2, 34662 Üsküdar / İstanbul",الاقتصاد,تركيا,إسطنبول,ماجستير مع أطروحة,التركية,متاح,#28D094,2026-2027,3250,3250,3250,1000,USD,-,0
2147,28,جامعة إسطنبول توبكابي,Altunizade Campus,"Kuşbakışı Caddesi No:2, 34662 Üsküdar / İstanbul",السياسات والاستراتيجيات البحرية,تركيا,إسطنبول,ماجستير مع أطروحة,التركية,متاح,#28D094,2026-2027,3250,3250,3250,1000,USD,-,0
2146,28,جامعة إسطنبول توبكابي,Altunizade Campus,"Kuşbakışı Caddesi No:2, 34662 Üsküdar / İstanbul",هندسة الكمبيوتر,تركيا,إسطنبول,ماجستير بدون أطروحة,التركية,متاح,#28D094,2026-2027,2750,2750,2750,1000,USD,-,0
2145,28,جامعة إسطنبول توبكابي,Altunizade Campus,"Kuşbakışı Caddesi No:2, 34662 Üsküdar / İstanbul",هندسة الكمبيوتر,تركيا,إسطنبول,ماجستير مع أطروحة,التركية,متاح,#28D094,2026-2027,3250,3250,3250,1000,USD,-,0
2144,28,جامعة إسطنبول توبكابي,Bahçeşehir Campus,"Orhan Gazi, Hoşdere-Esenyurt Yolu No:37, 34538 Esenyurt/İstanbul",فني المباني الخضراء والبيئية,تركيا,إسطنبول,دبلوم,التركية,متاح,#28D094,2026-2027,1500,1500,1500,1000,USD,-,0
2143,28,جامعة إسطنبول توبكابي,Bahçeşehir Campus,"Orhan Gazi, Hoşdere-Esenyurt Yolu No:37, 34538 Esenyurt/İstanbul",خدمات رعاية المسنين,تركيا,إسطنبول,دبلوم,التركية,متاح,#28D094,2026-2027,1500,1500,1500,1000,USD,-,0
2142,28,جامعة إسطنبول توبكابي,Bahçeşehir Campus,"Orhan Gazi, Hoşdere-Esenyurt Yolu No:37, 34538 Esenyurt/İstanbul",تصميم وتطوير الويب,تركيا,إسطنبول,دبلوم,التركية,متاح,#28D094,2026-2027,1500,1500,1500,1000,USD,-,0
2141,28,جامعة إسطنبول توبكابي,Bahçeşehir Campus,"Orhan Gazi, Hoşdere-Esenyurt Yolu No:37, 34538 Esenyurt/İstanbul",تكنولوجيا الطائرات,تركيا,إسطنبول,دبلوم,التركية,متاح,#28D094,2026-2027,1500,1500,1500,1000,USD,-,0
2140,28,جامعة إسطنبول توبكابي,Bahçeşehir Campus,"Orhan Gazi, Hoşdere-Esenyurt Yolu No:37, 34538 Esenyurt/İstanbul",الإرشاد السياحي (تعليم عن بعد),تركيا,إسطنبول,دبلوم,التركية,متاح,#28D094,2026-2027,2000,2000,2000,1000,USD,-,0
2139,28,جامعة إسطنبول توبكابي,Bahçeşehir Campus,"Orhan Gazi, Hoşdere-Esenyurt Yolu No:37, 34538 Esenyurt/İstanbul",الإرشاد السياحي,تركيا,إسطنبول,دبلوم,التركية,متاح,#28D094,2026-2027,2000,2000,2000,1000,USD,-,0
2138,28,جامعة إسطنبول توبكابي,Bahçeşehir Campus,"Orhan Gazi, Hoşdere-Esenyurt Yolu No:37, 34538 Esenyurt/İstanbul",تكنولوجيا معالجة البيانات الطبية,تركيا,إسطنبول,دبلوم,التركية,متاح,#28D094,2026-2027,1500,1500,1500,1000,USD,-,0
2137,28,جامعة إسطنبول توبكابي,Bahçeşehir Campus,"Orhan Gazi, Hoşdere-Esenyurt Yolu No:37, 34538 Esenyurt/İstanbul",تقنيات المختبرات الطبية,تركيا,إسطنبول,دبلوم,التركية,متاح,#28D094,2026-2027,1500,1500,1500,1000,USD,-,0
2136,28,جامعة إسطنبول توبكابي,Bahçeşehir Campus,"Orhan Gazi, Hoşdere-Esenyurt Yolu No:37, 34538 Esenyurt/İstanbul",تقنيات التصوير الطبي,تركيا,إسطنبول,دبلوم,التركية,متاح,#28D094,2026-2027,1500,1500,1500,1000,USD,-,0
2135,28,جامعة إسطنبول توبكابي,Bahçeşehir Campus,"Orhan Gazi, Hoşdere-Esenyurt Yolu No:37, 34538 Esenyurt/İstanbul",التوثيق الطبي والسكرتارية,تركيا,إسطنبول,دبلوم,التركية,متاح,#28D094,2026-2027,1500,1500,1500,1000,USD,-,0
2134,28,جامعة إسطنبول توبكابي,Bahçeşehir Campus,"Orhan Gazi, Hoşdere-Esenyurt Yolu No:37, 34538 Esenyurt/İstanbul",تكنولوجيا الصحة عن بعد,تركيا,إسطنبول,دبلوم,التركية,متاح,#28D094,2026-2027,1500,1500,1500,1000,USD,-,0
2133,28,جامعة إسطنبول توبكابي,Bahçeşehir Campus,"Orhan Gazi, Hoşdere-Esenyurt Yolu No:37, 34538 Esenyurt/İstanbul",الطيران المدني وخدمات المقصورة,تركيا,إسطنبول,دبلوم,التركية,متاح,#28D094,2026-2027,1500,1500,1500,1000,USD,-,0
2132,28,جامعة إسطنبول توبكابي,Bahçeşehir Campus,"Orhan Gazi, Hoşdere-Esenyurt Yolu No:37, 34538 Esenyurt/İstanbul",إدارة النقل بالطيران المدني,تركيا,إسطنبول,دبلوم,التركية,متاح,#28D094,2026-2027,1500,1500,1500,1000,USD,-,0
2131,28,جامعة إسطنبول توبكابي,Bahçeşehir Campus,"Orhan Gazi, Hoşdere-Esenyurt Yolu No:37, 34538 Esenyurt/İstanbul",الأمن السيبراني,تركيا,إسطنبول,دبلوم,التركية,متاح,#28D094,2026-2027,1750,1750,1750,1000,USD,-,0
2130,28,جامعة إسطنبول توبكابي,Bahçeşehir Campus,"Orhan Gazi, Hoşdere-Esenyurt Yolu No:37, 34538 Esenyurt/İstanbul",تقنيات مختبر علم الأمراض,تركيا,إسطنبول,دبلوم,التركية,متاح,#28D094,2026-2027,1500,1500,1500,1000,USD,-,0
2129,28,جامعة إسطنبول توبكابي,Bahçeşehir Campus,"Orhan Gazi, Hoşdere-Esenyurt Yolu No:37, 34538 Esenyurt/İstanbul",تكنولوجيا السيارات,تركيا,إسطنبول,دبلوم,التركية,متاح,#28D094,2026-2027,1500,1500,1500,1000,USD,-,0
2128,28,جامعة إسطنبول توبكابي,Bahçeşehir Campus,"Orhan Gazi, Hoşdere-Esenyurt Yolu No:37, 34538 Esenyurt/İstanbul",البصريات,تركيا,إسطنبول,دبلوم,التركية,متاح,#28D094,2026-2027,1500,1500,1500,1000,USD,-,0
2127,28,جامعة إسطنبول توبكابي,Bahçeşehir Campus,"Orhan Gazi, Hoşdere-Esenyurt Yolu No:37, 34538 Esenyurt/İstanbul",قياس السمع,تركيا,إسطنبول,دبلوم,التركية,متاح,#28D094,2026-2027,1500,1500,1500,1000,USD,-,0
2126,28,جامعة إسطنبول توبكابي,Bahçeşehir Campus,"Orhan Gazi, Hoşdere-Esenyurt Yolu No:37, 34538 Esenyurt/İstanbul",تصميم الأزياء (تعليم عن بعد),تركيا,إسطنبول,دبلوم,التركية,متاح,#28D094,2026-2027,1500,1500,1500,1000,USD,-,0
2125,28,جامعة إسطنبول توبكابي,Bahçeşehir Campus,"Orhan Gazi, Hoşdere-Esenyurt Yolu No:37, 34538 Esenyurt/İstanbul",تصميم الأزياء,تركيا,إسطنبول,دبلوم,التركية,متاح,#28D094,2026-2027,1500,1500,1500,1000,USD,-,0
2124,28,جامعة إسطنبول توبكابي,Bahçeşehir Campus,"Orhan Gazi, Hoşdere-Esenyurt Yolu No:37, 34538 Esenyurt/İstanbul",تقنيات الهاتف المحمول,تركيا,إسطنبول,دبلوم,التركية,متاح,#28D094,2026-2027,1500,1500,1500,1000,USD,-,0
2123,28,جامعة إسطنبول توبكابي,Bahçeşehir Campus,"Orhan Gazi, Hoşdere-Esenyurt Yolu No:37, 34538 Esenyurt/İstanbul",الترميم المعماري,تركيا,إسطنبول,دبلوم,التركية,متاح,#28D094,2026-2027,1500,1500,1500,1000,USD,-,0
2122,28,جامعة إسطنبول توبكابي,Bahçeşehir Campus,"Orhan Gazi, Hoşdere-Esenyurt Yolu No:37, 34538 Esenyurt/İstanbul",تقنية الإنترنت والشبكات (تعليم عن بعد),تركيا,إسطنبول,دبلوم,التركية,متاح,#28D094,2026-2027,1500,1500,1500,1000,USD,-,0
2121,28,جامعة إسطنبول توبكابي,Bahçeşehir Campus,"Orhan Gazi, Hoşdere-Esenyurt Yolu No:37, 34538 Esenyurt/İstanbul",تقنية الإنترنت والشبكات,تركيا,إسطنبول,دبلوم,التركية,متاح,#28D094,2026-2027,1750,1750,1750,1000,USD,-,0
2120,28,جامعة إسطنبول توبكابي,Bahçeşehir Campus,"Orhan Gazi, Hoşdere-Esenyurt Yolu No:37, 34538 Esenyurt/İstanbul",الإسعافات الأولية والطوارئ,تركيا,إسطنبول,دبلوم,التركية,متاح,#28D094,2026-2027,1750,1750,1750,1000,USD,-,0
2119,28,جامعة إسطنبول توبكابي,Bahçeşehir Campus,"Orhan Gazi, Hoşdere-Esenyurt Yolu No:37, 34538 Esenyurt/İstanbul",التصميم الداخلي,تركيا,إسطنبول,دبلوم,التركية,متاح,#28D094,2026-2027,1500,1500,1500,1000,USD,-,0
2118,28,جامعة إسطنبول توبكابي,Bahçeşehir Campus,"Orhan Gazi, Hoşdere-Esenyurt Yolu No:37, 34538 Esenyurt/İstanbul",الخرائط والسجل العقاري,تركيا,إسطنبول,دبلوم,التركية,متاح,#28D094,2026-2027,1500,1500,1500,1000,USD,-,0
2117,28,جامعة إسطنبول توبكابي,Bahçeşehir Campus,"Orhan Gazi, Hoşdere-Esenyurt Yolu No:37, 34538 Esenyurt/İstanbul",التصميم الجرافيكي,تركيا,إسطنبول,دبلوم,الإنجليزية,متاح,#28D094,2026-2027,1750,1750,1750,1000,USD,-,0
2116,28,جامعة إسطنبول توبكابي,Bahçeşehir Campus,"Orhan Gazi, Hoşdere-Esenyurt Yolu No:37, 34538 Esenyurt/İstanbul",التصميم الجرافيكي (تعليم عن بعد),تركيا,إسطنبول,دبلوم,التركية,متاح,#28D094,2026-2027,1500,1500,1500,1000,USD,-,0
2115,28,جامعة إسطنبول توبكابي,Bahçeşehir Campus,"Orhan Gazi, Hoşdere-Esenyurt Yolu No:37, 34538 Esenyurt/İstanbul",التصميم الجرافيكي,تركيا,إسطنبول,دبلوم,التركية,متاح,#28D094,2026-2027,1500,1500,1500,1000,USD,-,0
2114,28,جامعة إسطنبول توبكابي,Bahçeşehir Campus,"Orhan Gazi, Hoşdere-Esenyurt Yolu No:37, 34538 Esenyurt/İstanbul",العلاج الطبيعي,تركيا,إسطنبول,دبلوم,التركية,متاح,#28D094,2026-2027,1500,1500,1500,1000,USD,-,0
2113,28,جامعة إسطنبول توبكابي,Bahçeşehir Campus,"Orhan Gazi, Hoşdere-Esenyurt Yolu No:37, 34538 Esenyurt/İstanbul",التجارة الإلكترونية والتسويق,تركيا,إسطنبول,دبلوم,التركية,متاح,#28D094,2026-2027,1750,1750,1750,1000,USD,-,0
2112,28,جامعة إسطنبول توبكابي,Bahçeşehir Campus,"Orhan Gazi, Hoşdere-Esenyurt Yolu No:37, 34538 Esenyurt/İstanbul",الكهرباء,تركيا,إسطنبول,دبلوم,التركية,متاح,#28D094,2026-2027,1500,1500,1500,1000,USD,-,0
2111,28,جامعة إسطنبول توبكابي,Bahçeşehir Campus,"Orhan Gazi, Hoşdere-Esenyurt Yolu No:37, 34538 Esenyurt/İstanbul",خدمات الصيدلية,تركيا,إسطنبول,دبلوم,التركية,متاح,#28D094,2026-2027,1500,1500,1500,1000,USD,-,0
2110,28,جامعة إسطنبول توبكابي,Bahçeşehir Campus,"Orhan Gazi, Hoşdere-Esenyurt Yolu No:37, 34538 Esenyurt/İstanbul",تقنية التعويضات السنية,تركيا,إسطنبول,دبلوم,التركية,متاح,#28D094,2026-2027,1500,1500,1500,1000,USD,-,0
2109,28,جامعة إسطنبول توبكابي,Bahçeşehir Campus,"Orhan Gazi, Hoşdere-Esenyurt Yolu No:37, 34538 Esenyurt/İstanbul",تنمية الطفل,تركيا,إسطنبول,دبلوم,التركية,متاح,#28D094,2026-2027,1500,1500,1500,1000,USD,-,0
2108,28,جامعة إسطنبول توبكابي,Bahçeşehir Campus,"Orhan Gazi, Hoşdere-Esenyurt Yolu No:37, 34538 Esenyurt/İstanbul",تكنولوجيا الحاسوب,تركيا,إسطنبول,دبلوم,التركية,متاح,#28D094,2026-2027,1750,1750,1750,1000,USD,-,0
2107,28,جامعة إسطنبول توبكابي,Bahçeşehir Campus,"Orhan Gazi, Hoşdere-Esenyurt Yolu No:37, 34538 Esenyurt/İstanbul",برمجة الكمبيوتر (تعليم عن بعد),تركيا,إسطنبول,دبلوم,التركية,متاح,#28D094,2026-2027,1500,1500,1500,1000,USD,-,0
2106,28,جامعة إسطنبول توبكابي,Bahçeşehir Campus,"Orhan Gazi, Hoşdere-Esenyurt Yolu No:37, 34538 Esenyurt/İstanbul",برمجة الكمبيوتر,تركيا,إسطنبول,دبلوم,التركية,متاح,#28D094,2026-2027,1750,1750,1750,1000,USD,-,0
2105,28,جامعة إسطنبول توبكابي,Bahçeşehir Campus,"Orhan Gazi, Hoşdere-Esenyurt Yolu No:37, 34538 Esenyurt/İstanbul",التصميم والرسوم المتحركة بمساعدة الحاسوب (تعليم عن بعد),تركيا,إسطنبول,دبلوم,التركية,متاح,#28D094,2026-2027,1500,1500,1500,1000,USD,-,0
2104,28,جامعة إسطنبول توبكابي,Bahçeşehir Campus,"Orhan Gazi, Hoşdere-Esenyurt Yolu No:37, 34538 Esenyurt/İstanbul",التصميم والرسوم المتحركة بمساعدة الحاسوب,تركيا,إسطنبول,دبلوم,التركية,متاح,#28D094,2026-2027,1750,1750,1750,1000,USD,-,0
2103,28,جامعة إسطنبول توبكابي,Bahçeşehir Campus,"Orhan Gazi, Hoşdere-Esenyurt Yolu No:37, 34538 Esenyurt/İstanbul",طبخ (تعليم عن بعد),تركيا,إسطنبول,دبلوم,التركية,متاح,#28D094,2026-2027,1500,1500,1500,1000,USD,-,0
2102,28,جامعة إسطنبول توبكابي,Bahçeşehir Campus,"Orhan Gazi, Hoşdere-Esenyurt Yolu No:37, 34538 Esenyurt/İstanbul",طبخ,تركيا,إسطنبول,دبلوم,التركية,متاح,#28D094,2026-2027,1500,1500,1500,1000,USD,-,0
2101,28,جامعة إسطنبول توبكابي,Bahçeşehir Campus,"Orhan Gazi, Hoşdere-Esenyurt Yolu No:37, 34538 Esenyurt/İstanbul",التخدير,تركيا,إسطنبول,دبلوم,التركية,متاح,#28D094,2026-2027,1500,1500,1500,1000,USD,-,0
2100,28,جامعة إسطنبول توبكابي,Bahçeşehir Campus,"Orhan Gazi, Hoşdere-Esenyurt Yolu No:37, 34538 Esenyurt/İstanbul",خدمات غرفة العمليات,تركيا,إسطنبول,دبلوم,التركية,متاح,#28D094,2026-2027,1500,1500,1500,1000,USD,-,0
2099,28,جامعة إسطنبول توبكابي,Bahçeşehir Campus,"Orhan Gazi, Hoşdere-Esenyurt Yolu No:37, 34538 Esenyurt/İstanbul",صحة الفم والأسنان,تركيا,إسطنبول,دبلوم,التركية,متاح,#28D094,2026-2027,1500,1500,1500,1000,USD,-,0
2098,28,جامعة إسطنبول توبكابي,Levent TSYD Campus,"Levent, Levent Cd. No:51, 34330 Beşiktaş/İstanbul",الإدارة الرياضية,تركيا,إسطنبول,بكالوريوس,التركية,متاح,#28D094,2026-2027,2000,2000,2000,1000,USD,-,0
2097,28,جامعة إسطنبول توبكابي,Levent TSYD Campus,"Levent, Levent Cd. No:51, 34330 Beşiktaş/İstanbul",الترفيه,تركيا,إسطنبول,بكالوريوس,التركية,متاح,#28D094,2026-2027,2000,2000,2000,1000,USD,-,0
2096,28,جامعة إسطنبول توبكابي,Levent TSYD Campus,"Levent, Levent Cd. No:51, 34330 Beşiktaş/İstanbul",التدريب على التدريب,تركيا,إسطنبول,بكالوريوس,التركية,متاح,#28D094,2026-2027,2000,2000,2000,1000,USD,-,0
2095,28,جامعة إسطنبول توبكابي,Kazlıçeşme Campus,Profesör Muammer Aksoy Caddesi No:10 Kazlıçeşme/Zeytinburnu/İstanbul,العلاج الوظيفي,تركيا,إسطنبول,بكالوريوس,التركية,متاح,#28D094,2026-2027,2500,2500,2500,1000,USD,-,0
2094,28,جامعة إسطنبول توبكابي,Kazlıçeşme Campus,Profesör Muammer Aksoy Caddesi No:10 Kazlıçeşme/Zeytinburnu/İstanbul,القبالة,تركيا,إسطنبول,بكالوريوس,التركية,متاح,#28D094,2026-2027,2500,2500,2500,1000,USD,-,0
2093,28,جامعة إسطنبول توبكابي,Kazlıçeşme Campus,Profesör Muammer Aksoy Caddesi No:10 Kazlıçeşme/Zeytinburnu/İstanbul,تمريض,تركيا,إسطنبول,بكالوريوس,التركية,متاح,#28D094,2026-2027,2500,2500,2500,1000,USD,-,0
2092,28,جامعة إسطنبول توبكابي,Kazlıçeşme Campus,Profesör Muammer Aksoy Caddesi No:10 Kazlıçeşme/Zeytinburnu/İstanbul,هندسة البرمجيات,تركيا,إسطنبول,بكالوريوس,التركية,متاح,#28D094,2026-2027,2250,2250,2250,1000,USD,-,0
2091,28,جامعة إسطنبول توبكابي,Kazlıçeşme Campus,Profesör Muammer Aksoy Caddesi No:10 Kazlıçeşme/Zeytinburnu/İstanbul,الهندسة الصناعية,تركيا,إسطنبول,بكالوريوس,التركية,متاح,#28D094,2026-2027,2250,2250,2250,1000,USD,-,0
2090,28,جامعة إسطنبول توبكابي,Kazlıçeşme Campus,Profesör Muammer Aksoy Caddesi No:10 Kazlıçeşme/Zeytinburnu/İstanbul,الهندسة الكهربائية والإلكترونية,تركيا,إسطنبول,بكالوريوس,التركية,متاح,#28D094,2026-2027,2250,2250,2250,1000,USD,-,0
2089,28,جامعة إسطنبول توبكابي,Kazlıçeşme Campus,Profesör Muammer Aksoy Caddesi No:10 Kazlıçeşme/Zeytinburnu/İstanbul,الهندسة الكهربائية والإلكترونية,تركيا,إسطنبول,بكالوريوس,الإنجليزية,متاح,#28D094,2026-2027,2500,2500,2500,1000,USD,-,0
2088,28,جامعة إسطنبول توبكابي,Kazlıçeşme Campus,Profesör Muammer Aksoy Caddesi No:10 Kazlıçeşme/Zeytinburnu/İstanbul,هندسة نظم المعلومات,تركيا,إسطنبول,بكالوريوس,التركية,متاح,#28D094,2026-2027,2250,2250,2250,1000,USD,-,0
2087,28,جامعة إسطنبول توبكابي,Kazlıçeşme Campus,Profesör Muammer Aksoy Caddesi No:10 Kazlıçeşme/Zeytinburnu/İstanbul,هندسة الكمبيوتر,تركيا,إسطنبول,بكالوريوس,التركية,متاح,#28D094,2026-2027,2250,2250,2250,1000,USD,-,0
2086,28,جامعة إسطنبول توبكابي,Kazlıçeşme Campus,Profesör Muammer Aksoy Caddesi No:10 Kazlıçeşme/Zeytinburnu/İstanbul,هندسة الكمبيوتر,تركيا,إسطنبول,بكالوريوس,الإنجليزية,متاح,#28D094,2026-2027,2500,2500,2500,1000,USD,-,0
2085,28,جامعة إسطنبول توبكابي,Kazlıçeşme Campus,Profesör Muammer Aksoy Caddesi No:10 Kazlıçeşme/Zeytinburnu/İstanbul,التاريخ,تركيا,إسطنبول,بكالوريوس,التركية,متاح,#28D094,2026-2027,2000,2000,2000,1000,USD,-,0
2084,28,جامعة إسطنبول توبكابي,Kazlıçeşme Campus,Profesör Muammer Aksoy Caddesi No:10 Kazlıçeşme/Zeytinburnu/İstanbul,علم الاجتماع,تركيا,إسطنبول,بكالوريوس,الإنجليزية,متاح,#28D094,2026-2027,1950,1950,1950,1000,USD,-,0
2083,28,جامعة إسطنبول توبكابي,Kazlıçeşme Campus,Profesör Muammer Aksoy Caddesi No:10 Kazlıçeşme/Zeytinburnu/İstanbul,علم النفس,تركيا,إسطنبول,بكالوريوس,التركية,متاح,#28D094,2026-2027,2250,2250,2250,1000,USD,-,0
2082,28,جامعة إسطنبول توبكابي,Kazlıçeşme Campus,Profesör Muammer Aksoy Caddesi No:10 Kazlıçeşme/Zeytinburnu/İstanbul,علم النفس,تركيا,إسطنبول,بكالوريوس,الإنجليزية,متاح,#28D094,2026-2027,2500,2500,2500,1000,USD,-,0
2081,28,جامعة إسطنبول توبكابي,Kazlıçeşme Campus,Profesör Muammer Aksoy Caddesi No:10 Kazlıçeşme/Zeytinburnu/İstanbul,الترجمة التحريرية والفورية الإنجليزية,تركيا,إسطنبول,بكالوريوس,التركية,متاح,#28D094,2026-2027,2500,2500,2500,1000,USD,-,0
2080,28,جامعة إسطنبول توبكابي,Kazlıçeşme Campus,Profesör Muammer Aksoy Caddesi No:10 Kazlıçeşme/Zeytinburnu/İstanbul,اللغة الإنجليزية وآدابها,تركيا,إسطنبول,بكالوريوس,الإنجليزية,متاح,#28D094,2026-2027,2500,2500,2500,1000,USD,-,0
2079,28,جامعة إسطنبول توبكابي,Kazlıçeşme Campus,Profesör Muammer Aksoy Caddesi No:10 Kazlıçeşme/Zeytinburnu/İstanbul,فلسفة,تركيا,إسطنبول,بكالوريوس,الإنجليزية,متاح,#28D094,2026-2027,1950,1950,1950,1000,USD,-,0
2078,28,جامعة إسطنبول توبكابي,Kazlıçeşme Campus,Profesör Muammer Aksoy Caddesi No:10 Kazlıçeşme/Zeytinburnu/İstanbul,البنوك والتأمين,تركيا,إسطنبول,بكالوريوس,التركية,متاح,#28D094,2026-2027,2250,2250,2250,1000,USD,-,0
2077,28,جامعة إسطنبول توبكابي,Kazlıçeşme Campus,Profesör Muammer Aksoy Caddesi No:10 Kazlıçeşme/Zeytinburnu/İstanbul,وسائل الإعلام الجديدة والاتصالات,تركيا,إسطنبول,بكالوريوس,التركية,متاح,#28D094,2026-2027,2000,2000,2000,1000,USD,-,0
2076,28,جامعة إسطنبول توبكابي,Kazlıçeşme Campus,Profesör Muammer Aksoy Caddesi No:10 Kazlıçeşme/Zeytinburnu/İstanbul,الإذاعة والتلفزيون والسينما,تركيا,إسطنبول,بكالوريوس,التركية,متاح,#28D094,2026-2027,2000,2000,2000,1000,USD,-,0
2075,28,جامعة إسطنبول توبكابي,Kazlıçeşme Campus,Profesör Muammer Aksoy Caddesi No:10 Kazlıçeşme/Zeytinburnu/İstanbul,العلاقات العامة والإعلان,تركيا,إسطنبول,بكالوريوس,التركية,متاح,#28D094,2026-2027,2000,2000,2000,1000,USD,-,0
2074,28,جامعة إسطنبول توبكابي,Kazlıçeşme Campus,Profesör Muammer Aksoy Caddesi No:10 Kazlıçeşme/Zeytinburnu/İstanbul,تصميم الاتصالات المرئية,تركيا,إسطنبول,بكالوريوس,التركية,متاح,#28D094,2026-2027,1950,1950,1950,1000,USD,-,0
2073,28,جامعة إسطنبول توبكابي,Kazlıçeşme Campus,Profesör Muammer Aksoy Caddesi No:10 Kazlıçeşme/Zeytinburnu/İstanbul,تصميم وإدارة الأفلام,تركيا,إسطنبول,بكالوريوس,التركية,متاح,#28D094,2026-2027,1950,1950,1950,1000,USD,-,0
2072,28,جامعة إسطنبول توبكابي,Kazlıçeşme Campus,Profesör Muammer Aksoy Caddesi No:10 Kazlıçeşme/Zeytinburnu/İstanbul,نظم المعلومات الإدارية,تركيا,إسطنبول,بكالوريوس,التركية,متاح,#28D094,2026-2027,2250,2250,2250,1000,USD,-,0
2071,28,جامعة إسطنبول توبكابي,Kazlıçeşme Campus,Profesör Muammer Aksoy Caddesi No:10 Kazlıçeşme/Zeytinburnu/İstanbul,نظم المعلومات الإدارية,تركيا,إسطنبول,بكالوريوس,الإنجليزية,متاح,#28D094,2026-2027,2500,2500,2500,1000,USD,-,0
2070,28,جامعة إسطنبول توبكابي,Kazlıçeşme Campus,Profesör Muammer Aksoy Caddesi No:10 Kazlıçeşme/Zeytinburnu/İstanbul,علم البيانات والتحليلات,تركيا,إسطنبول,بكالوريوس,التركية,متاح,#28D094,2026-2027,2250,2250,2250,1000,USD,-,0
2069,28,جامعة إسطنبول توبكابي,Kazlıçeşme Campus,Profesör Muammer Aksoy Caddesi No:10 Kazlıçeşme/Zeytinburnu/İstanbul,التجارة الدولية والأعمال,تركيا,إسطنبول,بكالوريوس,التركية,متاح,#28D094,2026-2027,2250,2250,2250,1000,USD,-,0
2068,28,جامعة إسطنبول توبكابي,Kazlıçeşme Campus,Profesör Muammer Aksoy Caddesi No:10 Kazlıçeşme/Zeytinburnu/İstanbul,التجارة الدولية والأعمال,تركيا,إسطنبول,بكالوريوس,الإنجليزية,متاح,#28D094,2026-2027,2500,2500,2500,1000,USD,-,0
2067,28,جامعة إسطنبول توبكابي,Kazlıçeşme Campus,Profesör Muammer Aksoy Caddesi No:10 Kazlıçeşme/Zeytinburnu/İstanbul,العلوم السياسية والعلاقات الدولية,تركيا,إسطنبول,بكالوريوس,الإنجليزية,متاح,#28D094,2026-2027,2500,2500,2500,1000,USD,-,0
2066,28,جامعة إسطنبول توبكابي,Kazlıçeşme Campus,Profesör Muammer Aksoy Caddesi No:10 Kazlıçeşme/Zeytinburnu/İstanbul,إدارة الأعمال,تركيا,إسطنبول,بكالوريوس,التركية,متاح,#28D094,2026-2027,2250,2250,2250,1000,USD,-,0
2065,28,جامعة إسطنبول توبكابي,Kazlıçeşme Campus,Profesör Muammer Aksoy Caddesi No:10 Kazlıçeşme/Zeytinburnu/İstanbul,إدارة الأعمال,تركيا,إسطنبول,بكالوريوس,الإنجليزية,متاح,#28D094,2026-2027,2500,2500,2500,1000,USD,-,0
2064,28,جامعة إسطنبول توبكابي,Kazlıçeşme Campus,Profesör Muammer Aksoy Caddesi No:10 Kazlıçeşme/Zeytinburnu/İstanbul,إدارة الطيران,تركيا,إسطنبول,بكالوريوس,التركية,متاح,#28D094,2026-2027,2000,2000,2000,1000,USD,-,0
2063,28,جامعة إسطنبول توبكابي,Kazlıçeşme Campus,Profesör Muammer Aksoy Caddesi No:10 Kazlıçeşme/Zeytinburnu/İstanbul,الاقتصاد,تركيا,إسطنبول,بكالوريوس,التركية,متاح,#28D094,2026-2027,2250,2250,2250,1000,USD,-,0
2062,28,جامعة إسطنبول توبكابي,Kazlıçeşme Campus,Profesör Muammer Aksoy Caddesi No:10 Kazlıçeşme/Zeytinburnu/İstanbul,الاقتصاد,تركيا,إسطنبول,بكالوريوس,الإنجليزية,متاح,#28D094,2026-2027,2500,2500,2500,1000,USD,-,0
2061,28,جامعة إسطنبول توبكابي,Kazlıçeşme Campus,Profesör Muammer Aksoy Caddesi No:10 Kazlıçeşme/Zeytinburnu/İstanbul,المسرح,تركيا,إسطنبول,بكالوريوس,التركية,متاح,#28D094,2026-2027,2000,2000,2000,1000,USD,-,0
2060,28,جامعة إسطنبول توبكابي,Kazlıçeşme Campus,Profesör Muammer Aksoy Caddesi No:10 Kazlıçeşme/Zeytinburnu/İstanbul,تصميم الأزياء والمنسوجات,تركيا,إسطنبول,بكالوريوس,التركية,متاح,#28D094,2026-2027,2000,2000,2000,1000,USD,-,0
2059,28,جامعة إسطنبول توبكابي,Kazlıçeşme Campus,Profesör Muammer Aksoy Caddesi No:10 Kazlıçeşme/Zeytinburnu/İstanbul,تلوين,تركيا,إسطنبول,بكالوريوس,التركية,متاح,#28D094,2026-2027,1950,1950,1950,1000,USD,-,0
2058,28,جامعة إسطنبول توبكابي,Kazlıçeşme Campus,Profesör Muammer Aksoy Caddesi No:10 Kazlıçeşme/Zeytinburnu/İstanbul,الموسيقى,تركيا,إسطنبول,بكالوريوس,التركية,متاح,#28D094,2026-2027,2000,2000,2000,1000,USD,-,0
2057,28,جامعة إسطنبول توبكابي,Kazlıçeşme Campus,Profesör Muammer Aksoy Caddesi No:10 Kazlıçeşme/Zeytinburnu/İstanbul,التصميم الجرافيكي,تركيا,إسطنبول,بكالوريوس,التركية,متاح,#28D094,2026-2027,2250,2250,2250,1000,USD,-,0
2056,28,جامعة إسطنبول توبكابي,Kazlıçeşme Campus,Profesör Muammer Aksoy Caddesi No:10 Kazlıçeşme/Zeytinburnu/İstanbul,العمارة,تركيا,إسطنبول,بكالوريوس,التركية,متاح,#28D094,2026-2027,2500,2500,2500,1000,USD,-,0
2055,28,جامعة إسطنبول توبكابي,Kazlıçeşme Campus,Profesör Muammer Aksoy Caddesi No:10 Kazlıçeşme/Zeytinburnu/İstanbul,الرسوم المتحركة والرسوم المتحركة,تركيا,إسطنبول,بكالوريوس,التركية,متاح,#28D094,2026-2027,2000,2000,2000,1000,USD,-,0
2054,28,جامعة إسطنبول توبكابي,Kazlıçeşme Campus,Profesör Muammer Aksoy Caddesi No:10 Kazlıçeşme/Zeytinburnu/İstanbul,الهندسة المعمارية الداخلية والتصميم البيئي,تركيا,إسطنبول,بكالوريوس,التركية,متاح,#28D094,2026-2027,2500,2500,2500,1000,USD,-,0
2053,28,جامعة إسطنبول توبكابي,Kazlıçeşme Campus,Profesör Muammer Aksoy Caddesi No:10 Kazlıçeşme/Zeytinburnu/İstanbul,فنون الطهي وفنون المطبخ,تركيا,إسطنبول,بكالوريوس,التركية,متاح,#28D094,2026-2027,2500,2500,2500,1000,USD,-,0
2052,28,جامعة إسطنبول توبكابي,Kazlıçeşme Campus,Profesör Muammer Aksoy Caddesi No:10 Kazlıçeşme/Zeytinburnu/İstanbul,تصميم الألعاب الرقمية,تركيا,إسطنبول,بكالوريوس,التركية,متاح,#28D094,2026-2027,2000,2000,2000,1000,USD,-,0
2051,27,جامعة إسطنبول بهتشه شهير,Beşiktaş North Campus,"Ihlamur Yıldız Caddesi No:8 Gayrettepe 34353 Beşiktaş, Istanbul, Turkey",تنمية الطفل,تركيا,إسطنبول,دبلوم,التركية,متاح,#28D094,2026-2027,3500,3500,3500,1750,USD,-,0
2050,27,جامعة إسطنبول بهتشه شهير,Beşiktaş North Campus,"Ihlamur Yıldız Caddesi No:8 Gayrettepe 34353 Beşiktaş, Istanbul, Turkey",الإسعافات الأولية والطوارئ,تركيا,إسطنبول,دبلوم,الإنجليزية,متاح,#28D094,2026-2027,3500,3500,3500,1750,USD,-,0
2049,27,جامعة إسطنبول بهتشه شهير,Beşiktaş North Campus,"Ihlamur Yıldız Caddesi No:8 Gayrettepe 34353 Beşiktaş, Istanbul, Turkey",تقنية التعويضات السنية,تركيا,إسطنبول,دبلوم,التركية,متاح,#28D094,2026-2027,3500,3500,3500,1750,USD,-,0
2048,27,جامعة إسطنبول بهتشه شهير,Beşiktaş North Campus,"Ihlamur Yıldız Caddesi No:8 Gayrettepe 34353 Beşiktaş, Istanbul, Turkey",صحة الفم والأسنان,تركيا,إسطنبول,دبلوم,التركية,متاح,#28D094,2026-2027,3500,3500,3500,1750,USD,-,0
2047,27,جامعة إسطنبول بهتشه شهير,Beşiktaş North Campus,"Ihlamur Yıldız Caddesi No:8 Gayrettepe 34353 Beşiktaş, Istanbul, Turkey",البصريات,تركيا,إسطنبول,دبلوم,التركية,متاح,#28D094,2026-2027,3500,3500,3500,1750,USD,-,0
2046,27,جامعة إسطنبول بهتشه شهير,Beşiktaş North Campus,"Ihlamur Yıldız Caddesi No:8 Gayrettepe 34353 Beşiktaş, Istanbul, Turkey",العلاج الإشعاعي,تركيا,إسطنبول,دبلوم,التركية,متاح,#28D094,2026-2027,3500,3500,3500,1750,USD,-,0
2045,27,جامعة إسطنبول بهتشه شهير,Beşiktaş North Campus,"Ihlamur Yıldız Caddesi No:8 Gayrettepe 34353 Beşiktaş, Istanbul, Turkey",خدمات غرفة العمليات,تركيا,إسطنبول,دبلوم,التركية,متاح,#28D094,2026-2027,3500,3500,3500,1750,USD,-,0
2044,27,جامعة إسطنبول بهتشه شهير,Beşiktaş North Campus,"Ihlamur Yıldız Caddesi No:8 Gayrettepe 34353 Beşiktaş, Istanbul, Turkey",العلاج الطبيعي,تركيا,إسطنبول,دبلوم,التركية,متاح,#28D094,2026-2027,3500,3500,3500,1750,USD,-,0
2043,27,جامعة إسطنبول بهتشه شهير,Beşiktaş North Campus,"Ihlamur Yıldız Caddesi No:8 Gayrettepe 34353 Beşiktaş, Istanbul, Turkey",قياس السمع,تركيا,إسطنبول,دبلوم,التركية,متاح,#28D094,2026-2027,3500,3500,3500,1750,USD,-,0
2042,27,جامعة إسطنبول بهتشه شهير,Beşiktaş North Campus,"Ihlamur Yıldız Caddesi No:8 Gayrettepe 34353 Beşiktaş, Istanbul, Turkey",الإسعافات الأولية والطوارئ,تركيا,إسطنبول,دبلوم,التركية,متاح,#28D094,2026-2027,3500,3500,3500,1750,USD,-,0
2041,27,جامعة إسطنبول بهتشه شهير,Beşiktaş North Campus,"Ihlamur Yıldız Caddesi No:8 Gayrettepe 34353 Beşiktaş, Istanbul, Turkey",التخدير,تركيا,إسطنبول,دبلوم,التركية,متاح,#28D094,2026-2027,3500,3500,3500,1750,USD,-,0
2040,27,جامعة إسطنبول بهتشه شهير,Beşiktaş North Campus,"Ihlamur Yıldız Caddesi No:8 Gayrettepe 34353 Beşiktaş, Istanbul, Turkey",غسيل الكلى,تركيا,إسطنبول,دبلوم,التركية,متاح,#28D094,2026-2027,3500,3500,3500,1750,USD,-,0
2039,27,جامعة إسطنبول بهتشه شهير,Beşiktaş North Campus,"Ihlamur Yıldız Caddesi No:8 Gayrettepe 34353 Beşiktaş, Istanbul, Turkey",تقنيات المختبرات الطبية,تركيا,إسطنبول,دبلوم,التركية,متاح,#28D094,2026-2027,3500,3500,3500,1750,USD,-,0
2038,27,جامعة إسطنبول بهتشه شهير,Beşiktaş North Campus,"Ihlamur Yıldız Caddesi No:8 Gayrettepe 34353 Beşiktaş, Istanbul, Turkey",التوثيق الطبي والسكرتارية,تركيا,إسطنبول,دبلوم,التركية,متاح,#28D094,2026-2027,3500,3500,3500,1750,USD,-,0
2037,27,جامعة إسطنبول بهتشه شهير,Beşiktaş North Campus,"Ihlamur Yıldız Caddesi No:8 Gayrettepe 34353 Beşiktaş, Istanbul, Turkey",تقنيات التصوير الطبي,تركيا,إسطنبول,دبلوم,التركية,متاح,#28D094,2026-2027,3500,3500,3500,1750,USD,-,0
2036,27,جامعة إسطنبول بهتشه شهير,Beşiktaş South Campus,"Çırağan Caddesi Osmanpaşa Mektebi Sokak No: 4 - 6 34353 Beşiktaş, Istanbul, Turkey",الصيدلة,تركيا,إسطنبول,بكالوريوس,الإنجليزية,متاح,#28D094,2026-2027,15000,15000,15000,7500,USD,-,0
2035,27,جامعة إسطنبول بهتشه شهير,Göztepe Campus,"Sahrayı Cedid Mahallesi Batman Sokak No: 66 - 68 Yenisahra/Kadıköy Istanbul, Turkey",الطب البشري,تركيا,إسطنبول,بكالوريوس,الإنجليزية,متاح,#28D094,2026-2027,28000,28000,28000,14000,USD,-,0
2034,27,جامعة إسطنبول بهتشه شهير,Beşiktaş South Campus,"Çırağan Caddesi Osmanpaşa Mektebi Sokak No: 4 - 6 34353 Beşiktaş, Istanbul, Turkey",قانون,تركيا,إسطنبول,بكالوريوس,التركية,متاح,#28D094,2026-2027,10000,10000,10000,5000,USD,-,0
2033,27,جامعة إسطنبول بهتشه شهير,Beşiktaş North Campus,"Ihlamur Yıldız Caddesi No:8 Gayrettepe 34353 Beşiktaş, Istanbul, Turkey",علم السمع,تركيا,إسطنبول,بكالوريوس,التركية,متاح,#28D094,2026-2027,6375,6375,6375,3188,USD,-,0
2032,27,جامعة إسطنبول بهتشه شهير,Beşiktaş North Campus,"Ihlamur Yıldız Caddesi No:8 Gayrettepe 34353 Beşiktaş, Istanbul, Turkey",علاج النطق واللغة,تركيا,إسطنبول,بكالوريوس,التركية,متاح,#28D094,2026-2027,6375,6375,6375,3188,USD,-,0
2031,27,جامعة إسطنبول بهتشه شهير,Beşiktaş North Campus,"Ihlamur Yıldız Caddesi No:8 Gayrettepe 34353 Beşiktaş, Istanbul, Turkey",تمريض,تركيا,إسطنبول,بكالوريوس,الإنجليزية,متاح,#28D094,2026-2027,6375,6375,6375,3188,USD,-,0
2030,27,جامعة إسطنبول بهتشه شهير,Beşiktaş North Campus,"Ihlamur Yıldız Caddesi No:8 Gayrettepe 34353 Beşiktaş, Istanbul, Turkey",التغذية وعلم الحمية,تركيا,إسطنبول,بكالوريوس,الإنجليزية,متاح,#28D094,2026-2027,6375,6375,6375,3188,USD,-,0
2029,27,جامعة إسطنبول بهتشه شهير,Beşiktaş North Campus,"Ihlamur Yıldız Caddesi No:8 Gayrettepe 34353 Beşiktaş, Istanbul, Turkey",التغذية وعلم الحمية,تركيا,إسطنبول,بكالوريوس,التركية,متاح,#28D094,2026-2027,6375,6375,6375,3188,USD,-,0
2028,27,جامعة إسطنبول بهتشه شهير,Beşiktaş North Campus,"Ihlamur Yıldız Caddesi No:8 Gayrettepe 34353 Beşiktaş, Istanbul, Turkey",العلاج الطبيعي والتأهيل,تركيا,إسطنبول,بكالوريوس,التركية,متاح,#28D094,2026-2027,6375,6375,6375,3188,USD,-,0
2027,27,جامعة إسطنبول بهتشه شهير,Beşiktaş North Campus,"Ihlamur Yıldız Caddesi No:8 Gayrettepe 34353 Beşiktaş, Istanbul, Turkey",العلاج الطبيعي والتأهيل,تركيا,إسطنبول,بكالوريوس,الإنجليزية,متاح,#28D094,2026-2027,6375,6375,6375,3188,USD,-,0
2026,27,جامعة إسطنبول بهتشه شهير,Beşiktaş North Campus,"Ihlamur Yıldız Caddesi No:8 Gayrettepe 34353 Beşiktaş, Istanbul, Turkey",تمريض,تركيا,إسطنبول,بكالوريوس,التركية,متاح,#28D094,2026-2027,6375,6375,6375,3188,USD,-,0
2025,27,جامعة إسطنبول بهتشه شهير,Beşiktaş South Campus,"Çırağan Caddesi Osmanpaşa Mektebi Sokak No: 4 - 6 34353 Beşiktaş, Istanbul, Turkey",تقنية أمن المعلومات,تركيا,إسطنبول,بكالوريوس,الإنجليزية,متاح,#28D094,2026-2027,9000,9000,9000,4500,USD,-,0
2024,27,جامعة إسطنبول بهتشه شهير,Beşiktaş South Campus,"Çırağan Caddesi Osmanpaşa Mektebi Sokak No: 4 - 6 34353 Beşiktaş, Istanbul, Turkey",هندسة الذكاء الاصطناعي,تركيا,إسطنبول,بكالوريوس,الإنجليزية,متاح,#28D094,2026-2027,12000,12000,12000,6000,USD,-,0
2023,27,جامعة إسطنبول بهتشه شهير,Beşiktaş South Campus,"Çırağan Caddesi Osmanpaşa Mektebi Sokak No: 4 - 6 34353 Beşiktaş, Istanbul, Turkey",البيولوجيا الجزيئية وعلم الوراثة,تركيا,إسطنبول,بكالوريوس,الإنجليزية,متاح,#28D094,2026-2027,9000,9000,9000,4500,USD,-,0
2022,27,جامعة إسطنبول بهتشه شهير,Beşiktaş South Campus,"Çırağan Caddesi Osmanpaşa Mektebi Sokak No: 4 - 6 34353 Beşiktaş, Istanbul, Turkey",الهندسة المدنية,تركيا,إسطنبول,بكالوريوس,الإنجليزية,متاح,#28D094,2026-2027,9000,9000,9000,4500,USD,-,0
2021,27,جامعة إسطنبول بهتشه شهير,Beşiktaş South Campus,"Çırağan Caddesi Osmanpaşa Mektebi Sokak No: 4 - 6 34353 Beşiktaş, Istanbul, Turkey",هندسة الإدارة,تركيا,إسطنبول,بكالوريوس,الإنجليزية,متاح,#28D094,2026-2027,9000,9000,9000,4500,USD,-,0
2020,27,جامعة إسطنبول بهتشه شهير,Beşiktaş South Campus,"Çırağan Caddesi Osmanpaşa Mektebi Sokak No: 4 - 6 34353 Beşiktaş, Istanbul, Turkey",الهندسة الطبية الحيوية,تركيا,إسطنبول,بكالوريوس,الإنجليزية,متاح,#28D094,2026-2027,9000,9000,9000,4500,USD,-,0
2019,27,جامعة إسطنبول بهتشه شهير,Beşiktaş South Campus,"Çırağan Caddesi Osmanpaşa Mektebi Sokak No: 4 - 6 34353 Beşiktaş, Istanbul, Turkey",هندسة نظم الطاقة,تركيا,إسطنبول,بكالوريوس,الإنجليزية,متاح,#28D094,2026-2027,9000,9000,9000,4500,USD,-,0
2018,27,جامعة إسطنبول بهتشه شهير,Beşiktaş South Campus,"Çırağan Caddesi Osmanpaşa Mektebi Sokak No: 4 - 6 34353 Beşiktaş, Istanbul, Turkey",هندسة البرمجيات,تركيا,إسطنبول,بكالوريوس,الإنجليزية,متاح,#28D094,2026-2027,9000,9000,9000,4500,USD,-,0
2017,27,جامعة إسطنبول بهتشه شهير,Beşiktaş South Campus,"Çırağan Caddesi Osmanpaşa Mektebi Sokak No: 4 - 6 34353 Beşiktaş, Istanbul, Turkey",هندسة الميكاترونكس,تركيا,إسطنبول,بكالوريوس,الإنجليزية,متاح,#28D094,2026-2027,9000,9000,9000,4500,USD,-,0
2016,27,جامعة إسطنبول بهتشه شهير,Beşiktaş South Campus,"Çırağan Caddesi Osmanpaşa Mektebi Sokak No: 4 - 6 34353 Beşiktaş, Istanbul, Turkey",الهندسة الصناعية,تركيا,إسطنبول,بكالوريوس,الإنجليزية,متاح,#28D094,2026-2027,9000,9000,9000,4500,USD,-,0
2015,27,جامعة إسطنبول بهتشه شهير,Beşiktaş South Campus,"Çırağan Caddesi Osmanpaşa Mektebi Sokak No: 4 - 6 34353 Beşiktaş, Istanbul, Turkey",الهندسة الكهربائية والإلكترونية,تركيا,إسطنبول,بكالوريوس,الإنجليزية,متاح,#28D094,2026-2027,9000,9000,9000,4500,USD,-,0
2014,27,جامعة إسطنبول بهتشه شهير,Beşiktaş South Campus,"Çırağan Caddesi Osmanpaşa Mektebi Sokak No: 4 - 6 34353 Beşiktaş, Istanbul, Turkey",هندسة الكمبيوتر,تركيا,إسطنبول,بكالوريوس,الإنجليزية,متاح,#28D094,2026-2027,9000,9000,9000,4500,USD,-,0
2013,27,جامعة إسطنبول بهتشه شهير,Beşiktaş South Campus,"Çırağan Caddesi Osmanpaşa Mektebi Sokak No: 4 - 6 34353 Beşiktaş, Istanbul, Turkey",تعليم ما قبل المدرسة,تركيا,إسطنبول,بكالوريوس,الإنجليزية,متاح,#28D094,2026-2027,5950,5950,5950,2975,USD,-,0
2012,27,جامعة إسطنبول بهتشه شهير,Beşiktaş South Campus,"Çırağan Caddesi Osmanpaşa Mektebi Sokak No: 4 - 6 34353 Beşiktaş, Istanbul, Turkey",الإرشاد والتوجيه النفسي,تركيا,إسطنبول,بكالوريوس,الإنجليزية,متاح,#28D094,2026-2027,5950,5950,5950,2975,USD,-,0
2011,27,جامعة إسطنبول بهتشه شهير,Beşiktaş South Campus,"Çırağan Caddesi Osmanpaşa Mektebi Sokak No: 4 - 6 34353 Beşiktaş, Istanbul, Turkey",تدريس اللغة الإنجليزية,تركيا,إسطنبول,بكالوريوس,الإنجليزية,متاح,#28D094,2026-2027,5950,5950,5950,2975,USD,-,0
2010,27,جامعة إسطنبول بهتشه شهير,Beşiktaş South Campus,"Çırağan Caddesi Osmanpaşa Mektebi Sokak No: 4 - 6 34353 Beşiktaş, Istanbul, Turkey",الترجمة التحريرية والفورية الإنجليزية,تركيا,إسطنبول,بكالوريوس,الإنجليزية,متاح,#28D094,2026-2027,8500,8500,8500,4250,USD,-,0
2009,27,جامعة إسطنبول بهتشه شهير,Beşiktaş South Campus,"Çırağan Caddesi Osmanpaşa Mektebi Sokak No: 4 - 6 34353 Beşiktaş, Istanbul, Turkey",التمويل الدولي,تركيا,إسطنبول,بكالوريوس,الإنجليزية,متاح,#28D094,2026-2027,8500,8500,8500,4250,USD,-,0
2008,27,جامعة إسطنبول بهتشه شهير,Beşiktaş South Campus,"Çırağan Caddesi Osmanpaşa Mektebi Sokak No: 4 - 6 34353 Beşiktaş, Istanbul, Turkey",علم النفس,تركيا,إسطنبول,بكالوريوس,الإنجليزية,متاح,#28D094,2026-2027,8500,8500,8500,4250,USD,-,0
2007,27,جامعة إسطنبول بهتشه شهير,Beşiktaş South Campus,"Çırağan Caddesi Osmanpaşa Mektebi Sokak No: 4 - 6 34353 Beşiktaş, Istanbul, Turkey",علم الاجتماع,تركيا,إسطنبول,بكالوريوس,الإنجليزية,متاح,#28D094,2026-2027,8500,8500,8500,4250,USD,-,0
2006,27,جامعة إسطنبول بهتشه شهير,Beşiktaş South Campus,"Çırağan Caddesi Osmanpaşa Mektebi Sokak No: 4 - 6 34353 Beşiktaş, Istanbul, Turkey",إدارة اللوجستيات,تركيا,إسطنبول,بكالوريوس,الإنجليزية,متاح,#28D094,2026-2027,8500,8500,8500,4250,USD,-,0
2005,27,جامعة إسطنبول بهتشه شهير,Beşiktaş South Campus,"Çırağan Caddesi Osmanpaşa Mektebi Sokak No: 4 - 6 34353 Beşiktaş, Istanbul, Turkey",الاقتصاد والمالية,تركيا,إسطنبول,بكالوريوس,الإنجليزية,متاح,#28D094,2026-2027,8500,8500,8500,4250,USD,-,0
2004,27,جامعة إسطنبول بهتشه شهير,Beşiktaş South Campus,"Çırağan Caddesi Osmanpaşa Mektebi Sokak No: 4 - 6 34353 Beşiktaş, Istanbul, Turkey",التجارة الدولية والأعمال,تركيا,إسطنبول,بكالوريوس,الإنجليزية,متاح,#28D094,2026-2027,8500,8500,8500,4250,USD,-,0
2003,27,جامعة إسطنبول بهتشه شهير,Beşiktaş South Campus,"Çırağan Caddesi Osmanpaşa Mektebi Sokak No: 4 - 6 34353 Beşiktaş, Istanbul, Turkey",الاقتصاد,تركيا,إسطنبول,بكالوريوس,الإنجليزية,متاح,#28D094,2026-2027,8500,8500,8500,4250,USD,-,0
2002,27,جامعة إسطنبول بهتشه شهير,Beşiktaş South Campus,"Çırağan Caddesi Osmanpaşa Mektebi Sokak No: 4 - 6 34353 Beşiktaş, Istanbul, Turkey",العلوم السياسية والعلاقات الدولية,تركيا,إسطنبول,بكالوريوس,الإنجليزية,متاح,#28D094,2026-2027,8500,8500,8500,4250,USD,-,0
2001,27,جامعة إسطنبول بهتشه شهير,Beşiktaş South Campus,"Çırağan Caddesi Osmanpaşa Mektebi Sokak No: 4 - 6 34353 Beşiktaş, Istanbul, Turkey",إدارة الأعمال,تركيا,إسطنبول,بكالوريوس,الإنجليزية,متاح,#28D094,2026-2027,8500,8500,8500,4250,USD,-,0
2000,27,جامعة إسطنبول بهتشه شهير,Beşiktaş Balmumcu Campus,"Barbaros Blv. No:153 Gayrettepe 34357 Beşiktaş, Istanbul, Turkey",طب الأسنان,تركيا,إسطنبول,بكالوريوس,الإنجليزية,متاح,#28D094,2026-2027,24000,24000,24000,12000,USD,-,0
1999,27,جامعة إسطنبول بهتشه شهير,Galata Campus,"Müeyyetzade Mahallesi Kemeraltı Caddesi Karaoğlan Sokağı No: 24/a Galata/Karaköy Istanbul, Turkey",تصميم الاتصالات المرئية,تركيا,إسطنبول,بكالوريوس,الإنجليزية,متاح,#28D094,2026-2027,6800,6800,6800,3400,USD,-,0
1998,27,جامعة إسطنبول بهتشه شهير,Galata Campus,"Müeyyetzade Mahallesi Kemeraltı Caddesi Karaoğlan Sokağı No: 24/a Galata/Karaköy Istanbul, Turkey",العلاقات العامة والدعاية,تركيا,إسطنبول,بكالوريوس,الإنجليزية,متاح,#28D094,2026-2027,6800,6800,6800,3400,USD,-,0
1997,27,جامعة إسطنبول بهتشه شهير,Galata Campus,"Müeyyetzade Mahallesi Kemeraltı Caddesi Karaoğlan Sokağı No: 24/a Galata/Karaköy Istanbul, Turkey",الرسوم المتحركة والرسوم المتحركة,تركيا,إسطنبول,بكالوريوس,الإنجليزية,متاح,#28D094,2026-2027,6800,6800,6800,3400,USD,-,0
1996,27,جامعة إسطنبول بهتشه شهير,Galata Campus,"Müeyyetzade Mahallesi Kemeraltı Caddesi Karaoğlan Sokağı No: 24/a Galata/Karaköy Istanbul, Turkey",تصميم الألعاب الرقمية,تركيا,إسطنبول,بكالوريوس,الإنجليزية,متاح,#28D094,2026-2027,6800,6800,6800,3400,USD,-,0
1995,27,جامعة إسطنبول بهتشه شهير,Galata Campus,"Müeyyetzade Mahallesi Kemeraltı Caddesi Karaoğlan Sokağı No: 24/a Galata/Karaköy Istanbul, Turkey",وسائل الإعلام الجديدة,تركيا,إسطنبول,بكالوريوس,الإنجليزية,متاح,#28D094,2026-2027,6800,6800,6800,3400,USD,-,0
1994,27,جامعة إسطنبول بهتشه شهير,Galata Campus,"Müeyyetzade Mahallesi Kemeraltı Caddesi Karaoğlan Sokağı No: 24/a Galata/Karaköy Istanbul, Turkey",الإعلان,تركيا,إسطنبول,بكالوريوس,الإنجليزية,متاح,#28D094,2026-2027,6800,6800,6800,3400,USD,-,0
1993,27,جامعة إسطنبول بهتشه شهير,Galata Campus,"Müeyyetzade Mahallesi Kemeraltı Caddesi Karaoğlan Sokağı No: 24/a Galata/Karaköy Istanbul, Turkey",السينما والتلفزيون,تركيا,إسطنبول,بكالوريوس,الإنجليزية,متاح,#28D094,2026-2027,6800,6800,6800,3400,USD,-,0
1992,27,جامعة إسطنبول بهتشه شهير,Beşiktaş North Campus,"Ihlamur Yıldız Caddesi No:8 Gayrettepe 34353 Beşiktaş, Istanbul, Turkey",تصميم الأزياء والمنسوجات,تركيا,إسطنبول,بكالوريوس,الإنجليزية,متاح,#28D094,2026-2027,8500,8500,8500,4250,USD,-,0
1991,27,جامعة إسطنبول بهتشه شهير,Beşiktaş North Campus,"Ihlamur Yıldız Caddesi No:8 Gayrettepe 34353 Beşiktaş, Istanbul, Turkey",التصميم الصناعي,تركيا,إسطنبول,بكالوريوس,الإنجليزية,متاح,#28D094,2026-2027,8500,8500,8500,4250,USD,-,0
1990,27,جامعة إسطنبول بهتشه شهير,Beşiktaş North Campus,"Ihlamur Yıldız Caddesi No:8 Gayrettepe 34353 Beşiktaş, Istanbul, Turkey",العمارة,تركيا,إسطنبول,بكالوريوس,الإنجليزية,متاح,#28D094,2026-2027,8500,8500,8500,4250,USD,-,0
1989,27,جامعة إسطنبول بهتشه شهير,Beşiktaş North Campus,"Ihlamur Yıldız Caddesi No:8 Gayrettepe 34353 Beşiktaş, Istanbul, Turkey",الهندسة المعمارية الداخلية والتصميم البيئي,تركيا,إسطنبول,بكالوريوس,الإنجليزية,متاح,#28D094,2026-2027,8500,8500,8500,4250,USD,-,0
1988,27,جامعة إسطنبول بهتشه شهير,Beşiktaş North Campus,"Ihlamur Yıldız Caddesi No:8 Gayrettepe 34353 Beşiktaş, Istanbul, Turkey",فنون الطهي وفنون المطبخ,تركيا,إسطنبول,بكالوريوس,الإنجليزية,متاح,#28D094,2026-2027,5950,5950,5950,2975,USD,-,0
1987,27,جامعة إسطنبول بهتشه شهير,Beşiktaş South Campus,"Çırağan Caddesi Osmanpaşa Mektebi Sokak No: 4 - 6 34353 Beşiktaş, Istanbul, Turkey",الطيران المدني,تركيا,إسطنبول,بكالوريوس,الإنجليزية,متاح,#28D094,2026-2027,9000,9000,9000,4500,USD,-,0
1986,27,جامعة إسطنبول بهتشه شهير,Pera Campus,"Emekyemez Mah. Şişhane Sk. No:17 34420 Beyoğlu Istanbul, Turkey",التدريب الصوتي,تركيا,إسطنبول,بكالوريوس,التركية,متاح,#28D094,2026-2027,5950,5950,5950,2975,USD,-,0
1985,27,جامعة إسطنبول بهتشه شهير,Pera Campus,"Emekyemez Mah. Şişhane Sk. No:17 34420 Beyoğlu Istanbul, Turkey",تكنولوجيا الموسيقى,تركيا,إسطنبول,بكالوريوس,التركية,متاح,#28D094,2026-2027,5950,5950,5950,2975,USD,-,0
1984,27,جامعة إسطنبول بهتشه شهير,Pera Campus,"Emekyemez Mah. Şişhane Sk. No:17 34420 Beyoğlu Istanbul, Turkey",الموسيقى,تركيا,إسطنبول,بكالوريوس,التركية,متاح,#28D094,2026-2027,5950,5950,5950,2975,USD,-,0
1983,27,جامعة إسطنبول بهتشه شهير,Pera Campus,"Emekyemez Mah. Şişhane Sk. No:17 34420 Beyoğlu Istanbul, Turkey",الفنون المسرحية,تركيا,إسطنبول,بكالوريوس,التركية,متاح,#28D094,2026-2027,5950,5950,5950,2975,USD,-,0
1982,26,جامعة إسطنبول ميديبول,Kavacık South Campus,"Kavacık Mah. Ekinciler Cad. No:19 Kavacık Kavşağı, 34810 Beykoz / Istanbul / Turkey",اللغة الإنجليزية التطبيقية والترجمة,تركيا,إسطنبول,دبلوم,50% الإنجليزية و50% التركية,متاح,#28D094,2026-2027,3250,3250,2925,1625,USD,-,3250
1981,26,جامعة إسطنبول ميديبول,Kavacık South Campus,"Kavacık Mah. Ekinciler Cad. No:19 Kavacık Kavşağı, 34810 Beykoz / Istanbul / Turkey",الإدارة الرياضية,تركيا,إسطنبول,دبلوم,التركية,متاح,#28D094,2026-2027,3250,3250,2925,1625,USD,-,1390
1980,26,جامعة إسطنبول ميديبول,Kavacık South Campus,"Kavacık Mah. Ekinciler Cad. No:19 Kavacık Kavşağı, 34810 Beykoz / Istanbul / Turkey",الخدمات الاجتماعية,تركيا,إسطنبول,دبلوم,التركية,متاح,#28D094,2026-2027,3250,3250,2925,1625,USD,-,1390
1979,26,جامعة إسطنبول ميديبول,Kavacık South Campus,"Kavacık Mah. Ekinciler Cad. No:19 Kavacık Kavşağı, 34810 Beykoz / Istanbul / Turkey",الطيران المدني وخدمات المقصورة,تركيا,إسطنبول,دبلوم,التركية,متاح,#28D094,2026-2027,3250,3250,2925,1625,USD,-,1390
1978,26,جامعة إسطنبول ميديبول,Kavacık South Campus,"Kavacık Mah. Ekinciler Cad. No:19 Kavacık Kavşağı, 34810 Beykoz / Istanbul / Turkey",البرمجة الإذاعية والتليفزيونية,تركيا,إسطنبول,دبلوم,التركية,متاح,#28D094,2026-2027,3250,3250,2925,1625,USD,-,1390
1977,26,جامعة إسطنبول ميديبول,Kavacık South Campus,"Kavacık Mah. Ekinciler Cad. No:19 Kavacık Kavşağı, 34810 Beykoz / Istanbul / Turkey",المحاسبة والضرائب,تركيا,إسطنبول,دبلوم,التركية,متاح,#28D094,2026-2027,3250,3250,2925,1625,USD,-,1390
1976,26,جامعة إسطنبول ميديبول,Kavacık South Campus,"Kavacık Mah. Ekinciler Cad. No:19 Kavacık Kavşağı, 34810 Beykoz / Istanbul / Turkey",المالية,تركيا,إسطنبول,دبلوم,التركية,متاح,#28D094,2026-2027,3250,3250,2925,1625,USD,-,1390
1975,26,جامعة إسطنبول ميديبول,Kavacık South Campus,"Kavacık Mah. Ekinciler Cad. No:19 Kavacık Kavşağı, 34810 Beykoz / Istanbul / Turkey",اللوجستية,تركيا,إسطنبول,دبلوم,التركية,متاح,#28D094,2026-2027,3250,3250,2925,1625,USD,-,1390
1974,26,جامعة إسطنبول ميديبول,Kavacık South Campus,"Kavacık Mah. Ekinciler Cad. No:19 Kavacık Kavşağı, 34810 Beykoz / Istanbul / Turkey",إدارة الأعمال,تركيا,إسطنبول,دبلوم,التركية,متاح,#28D094,2026-2027,3250,3250,2925,1625,USD,-,1390
1973,26,جامعة إسطنبول ميديبول,Kavacık South Campus,"Kavacık Mah. Ekinciler Cad. No:19 Kavacık Kavşağı, 34810 Beykoz / Istanbul / Turkey",إدارة الموارد البشرية,تركيا,إسطنبول,دبلوم,التركية,متاح,#28D094,2026-2027,3250,3250,2925,1625,USD,-,1390
1972,26,جامعة إسطنبول ميديبول,Kavacık South Campus,"Kavacık Mah. Ekinciler Cad. No:19 Kavacık Kavşağı, 34810 Beykoz / Istanbul / Turkey",العلاقات العامة والدعاية,تركيا,إسطنبول,دبلوم,التركية,متاح,#28D094,2026-2027,3250,3250,2925,1625,USD,-,1390
1971,26,جامعة إسطنبول ميديبول,Kavacık South Campus,"Kavacık Mah. Ekinciler Cad. No:19 Kavacık Kavşağı, 34810 Beykoz / Istanbul / Turkey",التجارة الخارجية,تركيا,إسطنبول,دبلوم,التركية,متاح,#28D094,2026-2027,3250,3250,2925,1625,USD,-,1390
1970,26,جامعة إسطنبول ميديبول,Kavacık South Campus,"Kavacık Mah. Ekinciler Cad. No:19 Kavacık Kavşağı, 34810 Beykoz / Istanbul / Turkey",البنوك والتأمين,تركيا,إسطنبول,دبلوم,التركية,متاح,#28D094,2026-2027,3250,3250,2925,1625,USD,-,1390
1969,26,جامعة إسطنبول ميديبول,Haliç Campus,Unkapanı Mah. Atatürk Bulvarı No:27 34083 Fatih / Istanbul / Turkey,تقنيات المختبرات الطبية,تركيا,إسطنبول,دبلوم,التركية,متاح,#28D094,2026-2027,3250,3250,2925,1625,USD,-,1390
1968,26,جامعة إسطنبول ميديبول,Haliç Campus,Unkapanı Mah. Atatürk Bulvarı No:27 34083 Fatih / Istanbul / Turkey,تقنيات التصوير الطبي,تركيا,إسطنبول,دبلوم,التركية,متاح,#28D094,2026-2027,3250,3250,2925,1625,USD,-,1390
1967,26,جامعة إسطنبول ميديبول,Haliç Campus,Unkapanı Mah. Atatürk Bulvarı No:27 34083 Fatih / Istanbul / Turkey,التوثيق الطبي والسكرتارية,تركيا,إسطنبول,دبلوم,التركية,متاح,#28D094,2026-2027,3250,3250,2925,1625,USD,-,1390
1966,26,جامعة إسطنبول ميديبول,Haliç Campus,Unkapanı Mah. Atatürk Bulvarı No:27 34083 Fatih / Istanbul / Turkey,إدارة النقل بالطيران المدني,تركيا,إسطنبول,دبلوم,التركية,متاح,#28D094,2026-2027,3250,3250,2925,1625,USD,-,1390
1965,26,جامعة إسطنبول ميديبول,Haliç Campus,Unkapanı Mah. Atatürk Bulvarı No:27 34083 Fatih / Istanbul / Turkey,إدارة المؤسسات الصحية,تركيا,إسطنبول,دبلوم,التركية,متاح,#28D094,2026-2027,3250,3250,2925,1625,USD,-,1390
1964,26,جامعة إسطنبول ميديبول,Haliç Campus,Unkapanı Mah. Atatürk Bulvarı No:27 34083 Fatih / Istanbul / Turkey,العلاج الإشعاعي,تركيا,إسطنبول,دبلوم,التركية,متاح,#28D094,2026-2027,3250,3250,2925,1625,USD,-,1390
1963,26,جامعة إسطنبول ميديبول,Haliç Campus,Unkapanı Mah. Atatürk Bulvarı No:27 34083 Fatih / Istanbul / Turkey,البصريات,تركيا,إسطنبول,دبلوم,التركية,متاح,#28D094,2026-2027,3250,3250,2925,1625,USD,-,1390
1962,26,جامعة إسطنبول ميديبول,Haliç Campus,Unkapanı Mah. Atatürk Bulvarı No:27 34083 Fatih / Istanbul / Turkey,قياس السمع,تركيا,إسطنبول,دبلوم,التركية,متاح,#28D094,2026-2027,3250,3250,2925,1625,USD,-,1390
1961,26,جامعة إسطنبول ميديبول,Haliç Campus,Unkapanı Mah. Atatürk Bulvarı No:27 34083 Fatih / Istanbul / Turkey,الترميم المعماري,تركيا,إسطنبول,دبلوم,التركية,متاح,#28D094,2026-2027,3250,3250,2925,1625,USD,-,1390
1960,26,جامعة إسطنبول ميديبول,Haliç Campus,Unkapanı Mah. Atatürk Bulvarı No:27 34083 Fatih / Istanbul / Turkey,الصحة والسلامة المهنية,تركيا,إسطنبول,دبلوم,التركية,متاح,#28D094,2026-2027,3250,3250,2925,1625,USD,-,1390
1959,26,جامعة إسطنبول ميديبول,Haliç Campus,Unkapanı Mah. Atatürk Bulvarı No:27 34083 Fatih / Istanbul / Turkey,تقنيات البناء,تركيا,إسطنبول,دبلوم,التركية,متاح,#28D094,2026-2027,3250,3250,2925,1625,USD,-,1390
1958,26,جامعة إسطنبول ميديبول,Haliç Campus,Unkapanı Mah. Atatürk Bulvarı No:27 34083 Fatih / Istanbul / Turkey,الإسعافات الأولية والطوارئ,تركيا,إسطنبول,دبلوم,التركية,متاح,#28D094,2026-2027,3250,3250,2925,1625,USD,-,1390
1957,26,جامعة إسطنبول ميديبول,Haliç Campus,Unkapanı Mah. Atatürk Bulvarı No:27 34083 Fatih / Istanbul / Turkey,التصميم الداخلي,تركيا,إسطنبول,دبلوم,التركية,متاح,#28D094,2026-2027,3250,3250,2925,1625,USD,-,1390
1956,26,جامعة إسطنبول ميديبول,Haliç Campus,Unkapanı Mah. Atatürk Bulvarı No:27 34083 Fatih / Istanbul / Turkey,العلاج الطبيعي,تركيا,إسطنبول,دبلوم,التركية,متاح,#28D094,2026-2027,3250,3250,2925,1625,USD,-,1390
1955,26,جامعة إسطنبول ميديبول,Haliç Campus,Unkapanı Mah. Atatürk Bulvarı No:27 34083 Fatih / Istanbul / Turkey,تخطيط كهربائية الأعصاب,تركيا,إسطنبول,دبلوم,التركية,متاح,#28D094,2026-2027,3250,3250,2925,1625,USD,-,1390
1954,26,جامعة إسطنبول ميديبول,Haliç Campus,Unkapanı Mah. Atatürk Bulvarı No:27 34083 Fatih / Istanbul / Turkey,غسيل الكلى,تركيا,إسطنبول,دبلوم,التركية,متاح,#28D094,2026-2027,3250,3250,2925,1625,USD,-,1390
1953,26,جامعة إسطنبول ميديبول,Haliç Campus,Unkapanı Mah. Atatürk Bulvarı No:27 34083 Fatih / Istanbul / Turkey,تقنية التعويضات السنية,تركيا,إسطنبول,دبلوم,التركية,متاح,#28D094,2026-2027,3500,3500,3150,1750,USD,-,1390
1952,26,جامعة إسطنبول ميديبول,Haliç Campus,Unkapanı Mah. Atatürk Bulvarı No:27 34083 Fatih / Istanbul / Turkey,تنمية الطفل,تركيا,إسطنبول,دبلوم,التركية,متاح,#28D094,2026-2027,3250,3250,2925,1625,USD,-,1390
1951,26,جامعة إسطنبول ميديبول,Haliç Campus,Unkapanı Mah. Atatürk Bulvarı No:27 34083 Fatih / Istanbul / Turkey,تقنيات الأجهزة الطبية الحيوية,تركيا,إسطنبول,دبلوم,التركية,متاح,#28D094,2026-2027,3250,3250,2925,1625,USD,-,1390
1950,26,جامعة إسطنبول ميديبول,Haliç Campus,Unkapanı Mah. Atatürk Bulvarı No:27 34083 Fatih / Istanbul / Turkey,تطوير برمجيات الواجهة الخلفية,تركيا,إسطنبول,دبلوم,الإنجليزية,متاح,#28D094,2026-2027,3500,3500,3150,1750,USD,-,3500
1949,26,جامعة إسطنبول ميديبول,Haliç Campus,Unkapanı Mah. Atatürk Bulvarı No:27 34083 Fatih / Istanbul / Turkey,الأمن السيبراني,تركيا,إسطنبول,دبلوم,الإنجليزية,متاح,#28D094,2026-2027,3500,3500,3150,1750,USD,-,3500
1948,26,جامعة إسطنبول ميديبول,Haliç Campus,Unkapanı Mah. Atatürk Bulvarı No:27 34083 Fatih / Istanbul / Turkey,الروبوتات والذكاء الاصطناعي,تركيا,إسطنبول,دبلوم,الإنجليزية,متاح,#28D094,2026-2027,3500,3500,3150,1750,USD,-,3500
1947,26,جامعة إسطنبول ميديبول,Haliç Campus,Unkapanı Mah. Atatürk Bulvarı No:27 34083 Fatih / Istanbul / Turkey,برمجة الكمبيوتر,تركيا,إسطنبول,دبلوم,التركية,متاح,#28D094,2026-2027,3500,3500,3150,1750,USD,-,1390
1946,26,جامعة إسطنبول ميديبول,Haliç Campus,Unkapanı Mah. Atatürk Bulvarı No:27 34083 Fatih / Istanbul / Turkey,برمجة الكمبيوتر,تركيا,إسطنبول,دبلوم,الإنجليزية,متاح,#28D094,2026-2027,3500,3500,3150,1750,USD,-,3500
1945,26,جامعة إسطنبول ميديبول,Haliç Campus,Unkapanı Mah. Atatürk Bulvarı No:27 34083 Fatih / Istanbul / Turkey,التخدير,تركيا,إسطنبول,دبلوم,التركية,متاح,#28D094,2026-2027,3250,3250,2925,1625,USD,-,1390
1944,26,جامعة إسطنبول ميديبول,Haliç Campus,Unkapanı Mah. Atatürk Bulvarı No:27 34083 Fatih / Istanbul / Turkey,خدمات غرفة العمليات,تركيا,إسطنبول,دبلوم,التركية,متاح,#28D094,2026-2027,3250,3250,2925,1625,USD,-,1390
1943,26,جامعة إسطنبول ميديبول,Haliç Campus,Unkapanı Mah. Atatürk Bulvarı No:27 34083 Fatih / Istanbul / Turkey,تقنية التعويضات السنية,تركيا,إسطنبول,دبلوم,الإنجليزية,متاح,#28D094,2026-2027,4500,4500,4050,2250,USD,-,4500
1942,26,جامعة إسطنبول ميديبول,Haliç Campus,Unkapanı Mah. Atatürk Bulvarı No:27 34083 Fatih / Istanbul / Turkey,صحة الفم والأسنان,تركيا,إسطنبول,دبلوم,التركية,متاح,#28D094,2026-2027,3250,3250,2925,1625,USD,-,1390
1941,26,جامعة إسطنبول ميديبول,Kavacık South Campus,"Kavacık Mah. Ekinciler Cad. No:19 Kavacık Kavşağı, 34810 Beykoz / Istanbul / Turkey",تقنيات المختبرات الطبية,تركيا,إسطنبول,دبلوم,التركية,متاح,#28D094,2026-2027,3250,3250,2925,1625,USD,-,1390
1940,26,جامعة إسطنبول ميديبول,Kavacık South Campus,"Kavacık Mah. Ekinciler Cad. No:19 Kavacık Kavşağı, 34810 Beykoz / Istanbul / Turkey",تقنيات التصوير الطبي,تركيا,إسطنبول,دبلوم,التركية,متاح,#28D094,2026-2027,3250,3250,2925,1625,USD,-,1390
1939,26,جامعة إسطنبول ميديبول,Kavacık South Campus,"Kavacık Mah. Ekinciler Cad. No:19 Kavacık Kavşağı, 34810 Beykoz / Istanbul / Turkey",التوثيق الطبي والسكرتارية,تركيا,إسطنبول,دبلوم,التركية,متاح,#28D094,2026-2027,3250,3250,2925,1625,USD,-,1390
1938,26,جامعة إسطنبول ميديبول,Kavacık South Campus,"Kavacık Mah. Ekinciler Cad. No:19 Kavacık Kavşağı, 34810 Beykoz / Istanbul / Turkey",إدارة المؤسسات الصحية,تركيا,إسطنبول,دبلوم,التركية,متاح,#28D094,2026-2027,3250,3250,2925,1625,USD,-,1390
1937,26,جامعة إسطنبول ميديبول,Kavacık South Campus,"Kavacık Mah. Ekinciler Cad. No:19 Kavacık Kavşağı, 34810 Beykoz / Istanbul / Turkey",العلاج الإشعاعي,تركيا,إسطنبول,دبلوم,التركية,متاح,#28D094,2026-2027,3250,3250,2925,1625,USD,-,1390
1936,26,جامعة إسطنبول ميديبول,Kavacık South Campus,"Kavacık Mah. Ekinciler Cad. No:19 Kavacık Kavşağı, 34810 Beykoz / Istanbul / Turkey",تقنيات مختبر علم الأمراض,تركيا,إسطنبول,دبلوم,التركية,متاح,#28D094,2026-2027,3250,3250,2925,1625,USD,-,1390
1935,26,جامعة إسطنبول ميديبول,Kavacık South Campus,"Kavacık Mah. Ekinciler Cad. No:19 Kavacık Kavşağı, 34810 Beykoz / Istanbul / Turkey",البصريات,تركيا,إسطنبول,دبلوم,التركية,متاح,#28D094,2026-2027,3250,3250,2925,1625,USD,-,1390
1934,26,جامعة إسطنبول ميديبول,Kavacık South Campus,"Kavacık Mah. Ekinciler Cad. No:19 Kavacık Kavşağı, 34810 Beykoz / Istanbul / Turkey",قياس السمع,تركيا,إسطنبول,دبلوم,التركية,متاح,#28D094,2026-2027,3250,3250,2925,1625,USD,-,1390
1933,26,جامعة إسطنبول ميديبول,Kavacık South Campus,"Kavacık Mah. Ekinciler Cad. No:19 Kavacık Kavşağı, 34810 Beykoz / Istanbul / Turkey",الصحة والسلامة المهنية,تركيا,إسطنبول,دبلوم,التركية,متاح,#28D094,2026-2027,3250,3250,2925,1625,USD,-,1390
1932,26,جامعة إسطنبول ميديبول,Kavacık South Campus,"Kavacık Mah. Ekinciler Cad. No:19 Kavacık Kavşağı, 34810 Beykoz / Istanbul / Turkey",الإسعافات الأولية والطوارئ,تركيا,إسطنبول,دبلوم,التركية,متاح,#28D094,2026-2027,3250,3250,2925,1625,USD,-,1390
1931,26,جامعة إسطنبول ميديبول,Kavacık South Campus,"Kavacık Mah. Ekinciler Cad. No:19 Kavacık Kavşağı, 34810 Beykoz / Istanbul / Turkey",الإسعافات الأولية والطوارئ,تركيا,إسطنبول,دبلوم,الإنجليزية,متاح,#28D094,2026-2027,3500,3500,3150,1750,USD,-,3500
1930,26,جامعة إسطنبول ميديبول,Kavacık South Campus,"Kavacık Mah. Ekinciler Cad. No:19 Kavacık Kavşağı, 34810 Beykoz / Istanbul / Turkey",العلاج الطبيعي,تركيا,إسطنبول,دبلوم,التركية,متاح,#28D094,2026-2027,3500,3500,3150,1750,USD,-,1390
1929,26,جامعة إسطنبول ميديبول,Kavacık South Campus,"Kavacık Mah. Ekinciler Cad. No:19 Kavacık Kavşağı, 34810 Beykoz / Istanbul / Turkey",العلاج الطبيعي,تركيا,إسطنبول,دبلوم,الإنجليزية,متاح,#28D094,2026-2027,3500,3500,3150,1750,USD,-,3500
1928,26,جامعة إسطنبول ميديبول,Kavacık South Campus,"Kavacık Mah. Ekinciler Cad. No:19 Kavacık Kavşağı, 34810 Beykoz / Istanbul / Turkey",تخطيط كهربائية الأعصاب,تركيا,إسطنبول,دبلوم,التركية,متاح,#28D094,2026-2027,3250,3250,2925,1625,USD,-,1390
1927,26,جامعة إسطنبول ميديبول,Kavacık South Campus,"Kavacık Mah. Ekinciler Cad. No:19 Kavacık Kavşağı, 34810 Beykoz / Istanbul / Turkey",خدمات الصيدلية,تركيا,إسطنبول,دبلوم,التركية,متاح,#28D094,2026-2027,3250,3250,2925,1625,USD,-,1390
1926,26,جامعة إسطنبول ميديبول,Kavacık South Campus,"Kavacık Mah. Ekinciler Cad. No:19 Kavacık Kavşağı, 34810 Beykoz / Istanbul / Turkey",غسيل الكلى,تركيا,إسطنبول,دبلوم,التركية,متاح,#28D094,2026-2027,3250,3250,2925,1625,USD,-,1390
1925,26,جامعة إسطنبول ميديبول,Kavacık South Campus,"Kavacık Mah. Ekinciler Cad. No:19 Kavacık Kavşağı, 34810 Beykoz / Istanbul / Turkey",تقنية التعويضات السنية,تركيا,إسطنبول,دبلوم,التركية,متاح,#28D094,2026-2027,3500,3500,3150,1750,USD,-,1390
1924,26,جامعة إسطنبول ميديبول,Kavacık South Campus,"Kavacık Mah. Ekinciler Cad. No:19 Kavacık Kavşağı, 34810 Beykoz / Istanbul / Turkey",تنمية الطفل,تركيا,إسطنبول,دبلوم,التركية,متاح,#28D094,2026-2027,3250,3250,2925,1625,USD,-,1390
1923,26,جامعة إسطنبول ميديبول,Kavacık South Campus,"Kavacık Mah. Ekinciler Cad. No:19 Kavacık Kavşağı, 34810 Beykoz / Istanbul / Turkey",التخدير,تركيا,إسطنبول,دبلوم,التركية,متاح,#28D094,2026-2027,3250,3250,2925,1625,USD,-,1390
1922,26,جامعة إسطنبول ميديبول,Kavacık South Campus,"Kavacık Mah. Ekinciler Cad. No:19 Kavacık Kavşağı, 34810 Beykoz / Istanbul / Turkey",التخدير,تركيا,إسطنبول,دبلوم,الإنجليزية,متاح,#28D094,2026-2027,3500,3500,3150,1750,USD,-,3500
1921,26,جامعة إسطنبول ميديبول,Kavacık South Campus,"Kavacık Mah. Ekinciler Cad. No:19 Kavacık Kavşağı, 34810 Beykoz / Istanbul / Turkey",خدمات غرفة العمليات,تركيا,إسطنبول,دبلوم,التركية,متاح,#28D094,2026-2027,3250,3250,2925,1625,USD,-,1390
1920,26,جامعة إسطنبول ميديبول,Kavacık South Campus,"Kavacık Mah. Ekinciler Cad. No:19 Kavacık Kavşağı, 34810 Beykoz / Istanbul / Turkey",صحة الفم والأسنان,تركيا,إسطنبول,دبلوم,التركية,متاح,#28D094,2026-2027,3250,3250,2925,1625,USD,-,1390
1919,26,جامعة إسطنبول ميديبول,Kavacık South Campus,"Kavacık Mah. Ekinciler Cad. No:19 Kavacık Kavşağı, 34810 Beykoz / Istanbul / Turkey",العدالة,تركيا,إسطنبول,دبلوم,التركية,متاح,#28D094,2026-2027,3250,3250,2925,1625,USD,-,1390
1918,26,جامعة إسطنبول ميديبول,Haliç Campus,Unkapanı Mah. Atatürk Bulvarı No:27 34083 Fatih / Istanbul / Turkey,الخدمات الاجتماعية,تركيا,إسطنبول,بكالوريوس,التركية,متاح,#28D094,2026-2027,4000,4000,3600,2000,USD,-,1390
1917,26,جامعة إسطنبول ميديبول,Haliç Campus,Unkapanı Mah. Atatürk Bulvarı No:27 34083 Fatih / Istanbul / Turkey,علم السمع,تركيا,إسطنبول,بكالوريوس,التركية,متاح,#28D094,2026-2027,5000,5000,4500,2500,USD,-,1390
1916,26,جامعة إسطنبول ميديبول,Haliç Campus,Unkapanı Mah. Atatürk Bulvarı No:27 34083 Fatih / Istanbul / Turkey,العلاج الطبيعي والتأهيل,تركيا,إسطنبول,بكالوريوس,التركية,متاح,#28D094,2026-2027,7000,7000,6300,3500,USD,-,1390
1915,26,جامعة إسطنبول ميديبول,Haliç Campus,Unkapanı Mah. Atatürk Bulvarı No:27 34083 Fatih / Istanbul / Turkey,تمريض,تركيا,إسطنبول,بكالوريوس,التركية,متاح,#28D094,2026-2027,7000,7000,6300,3500,USD,-,1390
1914,26,جامعة إسطنبول ميديبول,Haliç Campus,Unkapanı Mah. Atatürk Bulvarı No:27 34083 Fatih / Istanbul / Turkey,القبالة,تركيا,إسطنبول,بكالوريوس,التركية,متاح,#28D094,2026-2027,8000,8000,7200,4000,USD,-,1390
1913,26,جامعة إسطنبول ميديبول,Haliç Campus,Unkapanı Mah. Atatürk Bulvarı No:27 34083 Fatih / Istanbul / Turkey,تنمية الطفل,تركيا,إسطنبول,بكالوريوس,التركية,متاح,#28D094,2026-2027,5500,5500,4950,2750,USD,-,1390
1912,26,جامعة إسطنبول ميديبول,Haliç Campus,Unkapanı Mah. Atatürk Bulvarı No:27 34083 Fatih / Istanbul / Turkey,التغذية وعلم الحمية,تركيا,إسطنبول,بكالوريوس,التركية,متاح,#28D094,2026-2027,4000,4000,3600,2000,USD,-,1390
1911,26,جامعة إسطنبول ميديبول,Kavacık South Campus,"Kavacık Mah. Ekinciler Cad. No:19 Kavacık Kavşağı, 34810 Beykoz / Istanbul / Turkey",الإذاعة والتلفزيون والسينما,تركيا,إسطنبول,بكالوريوس,التركية,متاح,#28D094,2026-2027,5500,5500,4950,2750,USD,-,1390
1910,26,جامعة إسطنبول ميديبول,Kavacık South Campus,"Kavacık Mah. Ekinciler Cad. No:19 Kavacık Kavşağı, 34810 Beykoz / Istanbul / Turkey",وسائل الإعلام الجديدة والاتصالات,تركيا,إسطنبول,بكالوريوس,التركية,متاح,#28D094,2026-2027,5500,5500,4950,2750,USD,-,1390
1909,26,جامعة إسطنبول ميديبول,Kavacık South Campus,"Kavacık Mah. Ekinciler Cad. No:19 Kavacık Kavşağı, 34810 Beykoz / Istanbul / Turkey",الإعلام والفنون البصرية,تركيا,إسطنبول,بكالوريوس,التركية,متاح,#28D094,2026-2027,4500,4500,4050,2250,USD,-,1390
1908,26,جامعة إسطنبول ميديبول,Kavacık South Campus,"Kavacık Mah. Ekinciler Cad. No:19 Kavacık Kavşağı, 34810 Beykoz / Istanbul / Turkey",العلاقات العامة والإعلان,تركيا,إسطنبول,بكالوريوس,التركية,متاح,#28D094,2026-2027,5500,5500,4950,2750,USD,-,1390
1907,26,جامعة إسطنبول ميديبول,Kavacık South Campus,"Kavacık Mah. Ekinciler Cad. No:19 Kavacık Kavşağı, 34810 Beykoz / Istanbul / Turkey",العلاقات العامة والإعلان,تركيا,إسطنبول,بكالوريوس,الإنجليزية,متاح,#28D094,2026-2027,4500,4500,4050,2250,USD,-,4500
1906,26,جامعة إسطنبول ميديبول,Kavacık South Campus,"Kavacık Mah. Ekinciler Cad. No:19 Kavacık Kavşağı, 34810 Beykoz / Istanbul / Turkey",الصحافة,تركيا,إسطنبول,بكالوريوس,التركية,متاح,#28D094,2026-2027,4500,4500,4050,2250,USD,-,1390
1905,26,جامعة إسطنبول ميديبول,Kavacık South Campus,"Kavacık Mah. Ekinciler Cad. No:19 Kavacık Kavşağı, 34810 Beykoz / Istanbul / Turkey",إدارة الأعمال,تركيا,إسطنبول,بكالوريوس,الإنجليزية,متاح,#28D094,2026-2027,5500,5500,4950,2750,USD,-,5500
1904,26,جامعة إسطنبول ميديبول,Kavacık South Campus,"Kavacık Mah. Ekinciler Cad. No:19 Kavacık Kavşağı, 34810 Beykoz / Istanbul / Turkey",تعليم ما قبل المدرسة,تركيا,إسطنبول,بكالوريوس,التركية,متاح,#28D094,2026-2027,5500,5500,4950,2750,USD,-,1390
1903,26,جامعة إسطنبول ميديبول,Kavacık South Campus,"Kavacık Mah. Ekinciler Cad. No:19 Kavacık Kavşağı, 34810 Beykoz / Istanbul / Turkey",تدريس التربية الخاصة,تركيا,إسطنبول,بكالوريوس,التركية,متاح,#28D094,2026-2027,5500,5500,4950,2750,USD,-,1390
1902,26,جامعة إسطنبول ميديبول,Kavacık South Campus,"Kavacık Mah. Ekinciler Cad. No:19 Kavacık Kavşağı, 34810 Beykoz / Istanbul / Turkey",تعليم رياضيات المرحلة الابتدائية,تركيا,إسطنبول,بكالوريوس,التركية,متاح,#28D094,2026-2027,5500,5500,4950,2750,USD,-,1390
1901,26,جامعة إسطنبول ميديبول,Kavacık South Campus,"Kavacık Mah. Ekinciler Cad. No:19 Kavacık Kavşağı, 34810 Beykoz / Istanbul / Turkey",تدريس اللغة الإنجليزية,تركيا,إسطنبول,بكالوريوس,الإنجليزية,متاح,#28D094,2026-2027,5500,5500,4950,2750,USD,-,5500
1900,26,جامعة إسطنبول ميديبول,Kavacık South Campus,"Kavacık Mah. Ekinciler Cad. No:19 Kavacık Kavşağı, 34810 Beykoz / Istanbul / Turkey",الإرشاد والتوجيه النفسي,تركيا,إسطنبول,بكالوريوس,التركية,متاح,#28D094,2026-2027,5500,5500,4950,2750,USD,-,1390
1899,26,جامعة إسطنبول ميديبول,Kavacık South Campus,"Kavacık Mah. Ekinciler Cad. No:19 Kavacık Kavşağı, 34810 Beykoz / Istanbul / Turkey",الإرشاد والتوجيه النفسي,تركيا,إسطنبول,بكالوريوس,الإنجليزية,متاح,#28D094,2026-2027,4500,4500,4050,2250,USD,-,4500
1898,26,جامعة إسطنبول ميديبول,Kavacık South Campus,"Kavacık Mah. Ekinciler Cad. No:19 Kavacık Kavşağı, 34810 Beykoz / Istanbul / Turkey",التصميم الحضري وعمارة المناظر الطبيعية,تركيا,إسطنبول,بكالوريوس,التركية,متاح,#28D094,2026-2027,4500,4500,4050,2250,USD,-,1390
1897,26,جامعة إسطنبول ميديبول,Kavacık South Campus,"Kavacık Mah. Ekinciler Cad. No:19 Kavacık Kavşağı, 34810 Beykoz / Istanbul / Turkey",فنون الطهي وفنون المطبخ,تركيا,إسطنبول,بكالوريوس,التركية,متاح,#28D094,2026-2027,6000,6000,5400,3000,USD,-,1390
1896,26,جامعة إسطنبول ميديبول,Kavacık South Campus,"Kavacık Mah. Ekinciler Cad. No:19 Kavacık Kavşağı, 34810 Beykoz / Istanbul / Turkey",فنون الطهي وفنون المطبخ,تركيا,إسطنبول,بكالوريوس,الإنجليزية,متاح,#28D094,2026-2027,4750,4750,4250,2375,USD,-,4750
1895,26,جامعة إسطنبول ميديبول,Kavacık South Campus,"Kavacık Mah. Ekinciler Cad. No:19 Kavacık Kavşağı, 34810 Beykoz / Istanbul / Turkey",الموسيقى التركية الكلاسيكية,تركيا,إسطنبول,بكالوريوس,التركية,متاح,#28D094,2026-2027,5000,5000,4500,2500,USD,-,1390
1894,26,جامعة إسطنبول ميديبول,Kavacık South Campus,"Kavacık Mah. Ekinciler Cad. No:19 Kavacık Kavşağı, 34810 Beykoz / Istanbul / Turkey",تصميم الاتصالات المرئية,تركيا,إسطنبول,بكالوريوس,التركية,متاح,#28D094,2026-2027,4500,4500,4050,2250,USD,-,1390
1893,26,جامعة إسطنبول ميديبول,Kavacık South Campus,"Kavacık Mah. Ekinciler Cad. No:19 Kavacık Kavşağı, 34810 Beykoz / Istanbul / Turkey",الهندسة المعمارية الداخلية والتصميم البيئي,تركيا,إسطنبول,بكالوريوس,التركية,متاح,#28D094,2026-2027,6500,6500,5850,3250,USD,-,1390
1892,26,جامعة إسطنبول ميديبول,Kavacık South Campus,"Kavacık Mah. Ekinciler Cad. No:19 Kavacık Kavşağı, 34810 Beykoz / Istanbul / Turkey",الهندسة المعمارية الداخلية والتصميم البيئي,تركيا,إسطنبول,بكالوريوس,الإنجليزية,متاح,#28D094,2026-2027,5000,5000,4500,2500,USD,-,5000
1891,26,جامعة إسطنبول ميديبول,Kavacık South Campus,"Kavacık Mah. Ekinciler Cad. No:19 Kavacık Kavşağı, 34810 Beykoz / Istanbul / Turkey",التصميم الصناعي,تركيا,إسطنبول,بكالوريوس,التركية,متاح,#28D094,2026-2027,5000,5000,4500,2500,USD,-,1390
1890,26,جامعة إسطنبول ميديبول,Kavacık South Campus,"Kavacık Mah. Ekinciler Cad. No:19 Kavacık Kavşağı, 34810 Beykoz / Istanbul / Turkey",العمارة,تركيا,إسطنبول,بكالوريوس,التركية,متاح,#28D094,2026-2027,6500,6500,5850,3250,USD,-,1390
1889,26,جامعة إسطنبول ميديبول,Kavacık South Campus,"Kavacık Mah. Ekinciler Cad. No:19 Kavacık Kavşağı, 34810 Beykoz / Istanbul / Turkey",العمارة,تركيا,إسطنبول,بكالوريوس,الإنجليزية,متاح,#28D094,2026-2027,5000,5000,4950,2500,USD,-,5000
1888,26,جامعة إسطنبول ميديبول,Kavacık South Campus,"Kavacık Mah. Ekinciler Cad. No:19 Kavacık Kavşağı, 34810 Beykoz / Istanbul / Turkey",التاريخ,تركيا,إسطنبول,بكالوريوس,الإنجليزية,متاح,#28D094,2026-2027,6500,6500,5850,3250,USD,-,6500
1887,26,جامعة إسطنبول ميديبول,Kavacık South Campus,"Kavacık Mah. Ekinciler Cad. No:19 Kavacık Kavşağı, 34810 Beykoz / Istanbul / Turkey",العلوم السياسية والإدارة العامة,تركيا,إسطنبول,بكالوريوس,التركية,متاح,#28D094,2026-2027,6000,6000,5400,3000,USD,-,1390
1886,26,جامعة إسطنبول ميديبول,Kavacık South Campus,"Kavacık Mah. Ekinciler Cad. No:19 Kavacık Kavşağı, 34810 Beykoz / Istanbul / Turkey",العلوم السياسية والإدارة العامة,تركيا,إسطنبول,بكالوريوس,الإنجليزية,متاح,#28D094,2026-2027,5500,5500,4950,2750,USD,-,5500
1885,26,جامعة إسطنبول ميديبول,Kavacık South Campus,"Kavacık Mah. Ekinciler Cad. No:19 Kavacık Kavşağı, 34810 Beykoz / Istanbul / Turkey",العلوم السياسية والعلاقات الدولية,تركيا,إسطنبول,بكالوريوس,الإنجليزية,متاح,#28D094,2026-2027,5500,5500,4950,2750,USD,-,5500
1884,26,جامعة إسطنبول ميديبول,Kavacık South Campus,"Kavacık Mah. Ekinciler Cad. No:19 Kavacık Kavşağı, 34810 Beykoz / Istanbul / Turkey",علم النفس,تركيا,إسطنبول,بكالوريوس,التركية,متاح,#28D094,2026-2027,6500,6500,5850,3250,USD,-,1390
1883,26,جامعة إسطنبول ميديبول,Kavacık South Campus,"Kavacık Mah. Ekinciler Cad. No:19 Kavacık Kavşağı, 34810 Beykoz / Istanbul / Turkey",علم النفس,تركيا,إسطنبول,بكالوريوس,الإنجليزية,متاح,#28D094,2026-2027,5500,5500,4950,2750,USD,-,5500
1882,26,جامعة إسطنبول ميديبول,Kavacık South Campus,"Kavacık Mah. Ekinciler Cad. No:19 Kavacık Kavşağı, 34810 Beykoz / Istanbul / Turkey",البنوك والتأمين,تركيا,إسطنبول,بكالوريوس,التركية,متاح,#28D094,2026-2027,6500,6500,5850,3250,USD,-,1390
1881,26,جامعة إسطنبول ميديبول,Kavacık South Campus,"Kavacık Mah. Ekinciler Cad. No:19 Kavacık Kavşağı, 34810 Beykoz / Istanbul / Turkey",إدارة الطيران,تركيا,إسطنبول,بكالوريوس,التركية,متاح,#28D094,2026-2027,6500,6500,5850,3250,USD,-,1390
1880,26,جامعة إسطنبول ميديبول,Kavacık South Campus,"Kavacık Mah. Ekinciler Cad. No:19 Kavacık Kavşağı, 34810 Beykoz / Istanbul / Turkey",إدارة الطيران,تركيا,إسطنبول,بكالوريوس,الإنجليزية,متاح,#28D094,2026-2027,4500,4500,4050,2250,USD,-,4500
1879,26,جامعة إسطنبول ميديبول,Kavacık South Campus,"Kavacık Mah. Ekinciler Cad. No:19 Kavacık Kavşağı, 34810 Beykoz / Istanbul / Turkey",إدارة الموارد البشرية,تركيا,إسطنبول,بكالوريوس,التركية,متاح,#28D094,2026-2027,5500,5500,4950,2750,USD,-,1390
1878,26,جامعة إسطنبول ميديبول,Kavacık South Campus,"Kavacık Mah. Ekinciler Cad. No:19 Kavacık Kavşağı, 34810 Beykoz / Istanbul / Turkey",إدارة اللوجستيات,تركيا,إسطنبول,بكالوريوس,التركية,متاح,#28D094,2026-2027,6500,6500,5850,3250,USD,-,1390
1877,26,جامعة إسطنبول ميديبول,Kavacık South Campus,"Kavacık Mah. Ekinciler Cad. No:19 Kavacık Kavşağı, 34810 Beykoz / Istanbul / Turkey",إدارة اللوجستيات,تركيا,إسطنبول,بكالوريوس,الإنجليزية,متاح,#28D094,2026-2027,4500,4500,4050,2250,USD,-,4500
1876,26,جامعة إسطنبول ميديبول,Kavacık South Campus,"Kavacık Mah. Ekinciler Cad. No:19 Kavacık Kavşağı, 34810 Beykoz / Istanbul / Turkey",نظم المعلومات الإدارية,تركيا,إسطنبول,بكالوريوس,التركية,متاح,#28D094,2026-2027,6500,6500,5850,3250,USD,-,1390
1875,26,جامعة إسطنبول ميديبول,Kavacık South Campus,"Kavacık Mah. Ekinciler Cad. No:19 Kavacık Kavşağı, 34810 Beykoz / Istanbul / Turkey",نظم المعلومات الإدارية,تركيا,إسطنبول,بكالوريوس,الإنجليزية,متاح,#28D094,2026-2027,4500,4500,4050,2250,USD,-,4500
1874,26,جامعة إسطنبول ميديبول,Kavacık South Campus,"Kavacık Mah. Ekinciler Cad. No:19 Kavacık Kavşağı, 34810 Beykoz / Istanbul / Turkey",التجارة الدولية والتمويل,تركيا,إسطنبول,بكالوريوس,التركية,متاح,#28D094,2026-2027,6500,6500,5850,3250,USD,-,1390
1873,26,جامعة إسطنبول ميديبول,Kavacık South Campus,"Kavacık Mah. Ekinciler Cad. No:19 Kavacık Kavşağı, 34810 Beykoz / Istanbul / Turkey",التجارة الدولية والتمويل,تركيا,إسطنبول,بكالوريوس,الإنجليزية,متاح,#28D094,2026-2027,4500,4500,4050,2250,USD,-,4500
1872,26,جامعة إسطنبول ميديبول,Kavacık South Campus,"Kavacık Mah. Ekinciler Cad. No:19 Kavacık Kavşağı, 34810 Beykoz / Istanbul / Turkey",الاقتصاد والمالية,تركيا,إسطنبول,بكالوريوس,الإنجليزية,متاح,#28D094,2026-2027,4500,4500,4050,2250,USD,-,4500
1871,26,جامعة إسطنبول ميديبول,Kavacık South Campus,"Kavacık Mah. Ekinciler Cad. No:19 Kavacık Kavşağı, 34810 Beykoz / Istanbul / Turkey",الهندسة المدنية,تركيا,إسطنبول,بكالوريوس,التركية,متاح,#28D094,2026-2027,7000,7000,6300,3500,USD,-,1390
1870,26,جامعة إسطنبول ميديبول,Kavacık South Campus,"Kavacık Mah. Ekinciler Cad. No:19 Kavacık Kavşağı, 34810 Beykoz / Istanbul / Turkey",الهندسة المدنية,تركيا,إسطنبول,بكالوريوس,الإنجليزية,متاح,#28D094,2026-2027,5000,5000,4500,2500,USD,-,5000
1869,26,جامعة إسطنبول ميديبول,Kavacık South Campus,"Kavacık Mah. Ekinciler Cad. No:19 Kavacık Kavşağı, 34810 Beykoz / Istanbul / Turkey",هندسة الكمبيوتر,تركيا,إسطنبول,بكالوريوس,الإنجليزية,متاح,#28D094,2026-2027,6500,6500,5850,3250,USD,-,6500
1868,26,جامعة إسطنبول ميديبول,Kavacık South Campus,"Kavacık Mah. Ekinciler Cad. No:19 Kavacık Kavşağı, 34810 Beykoz / Istanbul / Turkey",الهندسة الصناعية,تركيا,إسطنبول,بكالوريوس,الإنجليزية,متاح,#28D094,2026-2027,4750,4750,4250,2375,USD,-,4750
1867,26,جامعة إسطنبول ميديبول,Kavacık South Campus,"Kavacık Mah. Ekinciler Cad. No:19 Kavacık Kavşağı, 34810 Beykoz / Istanbul / Turkey",الهندسة الطبية الحيوية,تركيا,إسطنبول,بكالوريوس,الإنجليزية,متاح,#28D094,2026-2027,6500,6500,5850,3250,USD,-,6500
1866,26,جامعة إسطنبول ميديبول,Kavacık South Campus,"Kavacık Mah. Ekinciler Cad. No:19 Kavacık Kavşağı, 34810 Beykoz / Istanbul / Turkey",الهندسة الكهربائية والإلكترونية,تركيا,إسطنبول,بكالوريوس,الإنجليزية,متاح,#28D094,2026-2027,6000,6000,5400,3000,USD,-,6000
1865,26,جامعة إسطنبول ميديبول,Kavacık South Campus,"Kavacık Mah. Ekinciler Cad. No:19 Kavacık Kavşağı, 34810 Beykoz / Istanbul / Turkey",هندسة الذكاء الاصطناعي,تركيا,إسطنبول,بكالوريوس,الإنجليزية,متاح,#28D094,2026-2027,10000,10000,9000,5000,USD,-,10000
1864,26,جامعة إسطنبول ميديبول,Kavacık South Campus,"Kavacık Mah. Ekinciler Cad. No:19 Kavacık Kavşağı, 34810 Beykoz / Istanbul / Turkey",علاج النطق واللغة,تركيا,إسطنبول,بكالوريوس,التركية,متاح,#28D094,2026-2027,4500,4500,4050,2250,USD,-,1390
1863,26,جامعة إسطنبول ميديبول,Kavacık South Campus,"Kavacık Mah. Ekinciler Cad. No:19 Kavacık Kavşağı, 34810 Beykoz / Istanbul / Turkey",علاج النطق واللغة,تركيا,إسطنبول,بكالوريوس,الإنجليزية,متاح,#28D094,2026-2027,4750,4750,4275,2375,USD,-,4750
1862,26,جامعة إسطنبول ميديبول,Kavacık South Campus,"Kavacık Mah. Ekinciler Cad. No:19 Kavacık Kavşağı, 34810 Beykoz / Istanbul / Turkey",الخدمات الاجتماعية,تركيا,إسطنبول,بكالوريوس,التركية,متاح,#28D094,2026-2027,4500,4500,4050,2250,USD,-,1390
1861,26,جامعة إسطنبول ميديبول,Kavacık South Campus,"Kavacık Mah. Ekinciler Cad. No:19 Kavacık Kavşağı, 34810 Beykoz / Istanbul / Turkey",العلاج الوظيفي,تركيا,إسطنبول,بكالوريوس,التركية,متاح,#28D094,2026-2027,4500,4500,4050,2250,USD,-,1390
1860,26,جامعة إسطنبول ميديبول,Kavacık South Campus,"Kavacık Mah. Ekinciler Cad. No:19 Kavacık Kavşağı, 34810 Beykoz / Istanbul / Turkey",القبالة,تركيا,إسطنبول,بكالوريوس,التركية,متاح,#28D094,2026-2027,8000,8000,7200,4000,USD,-,1390
1859,26,جامعة إسطنبول ميديبول,Kavacık South Campus,"Kavacık Mah. Ekinciler Cad. No:19 Kavacık Kavşağı, 34810 Beykoz / Istanbul / Turkey",تنمية الطفل,تركيا,إسطنبول,بكالوريوس,التركية,متاح,#28D094,2026-2027,6000,6000,5400,3000,USD,-,1390
1858,26,جامعة إسطنبول ميديبول,Kavacık South Campus,"Kavacık Mah. Ekinciler Cad. No:19 Kavacık Kavşağı, 34810 Beykoz / Istanbul / Turkey",الأجهزة التقويمية والتعويضية,تركيا,إسطنبول,بكالوريوس,التركية,متاح,#28D094,2026-2027,5000,5000,4500,2500,USD,-,1390
1857,26,جامعة إسطنبول ميديبول,Kavacık South Campus,"Kavacık Mah. Ekinciler Cad. No:19 Kavacık Kavşağı, 34810 Beykoz / Istanbul / Turkey",علم السمع,تركيا,إسطنبول,بكالوريوس,التركية,متاح,#28D094,2026-2027,6500,6500,5850,3250,USD,-,1390
1856,26,جامعة إسطنبول ميديبول,Kavacık South Campus,"Kavacık Mah. Ekinciler Cad. No:19 Kavacık Kavşağı, 34810 Beykoz / Istanbul / Turkey",إدارة الصحة,تركيا,إسطنبول,بكالوريوس,التركية,متاح,#28D094,2026-2027,6500,6500,5850,3250,USD,-,1390
1855,26,جامعة إسطنبول ميديبول,Kavacık South Campus,"Kavacık Mah. Ekinciler Cad. No:19 Kavacık Kavşağı, 34810 Beykoz / Istanbul / Turkey",إدارة الصحة,تركيا,إسطنبول,بكالوريوس,الإنجليزية,متاح,#28D094,2026-2027,4500,4500,4050,2250,USD,-,4500
1854,26,جامعة إسطنبول ميديبول,Kavacık South Campus,"Kavacık Mah. Ekinciler Cad. No:19 Kavacık Kavşağı, 34810 Beykoz / Istanbul / Turkey",التغذية وعلم الحمية,تركيا,إسطنبول,بكالوريوس,التركية,متاح,#28D094,2026-2027,4500,4500,4050,2250,USD,-,1390
1853,26,جامعة إسطنبول ميديبول,Kavacık South Campus,"Kavacık Mah. Ekinciler Cad. No:19 Kavacık Kavşağı, 34810 Beykoz / Istanbul / Turkey",العلاج الطبيعي والتأهيل,تركيا,إسطنبول,بكالوريوس,التركية,متاح,#28D094,2026-2027,8500,8500,7650,4250,USD,-,1390
1852,26,جامعة إسطنبول ميديبول,Kavacık South Campus,"Kavacık Mah. Ekinciler Cad. No:19 Kavacık Kavşağı, 34810 Beykoz / Istanbul / Turkey",العلاج الطبيعي والتأهيل,تركيا,إسطنبول,بكالوريوس,الإنجليزية,متاح,#28D094,2026-2027,9000,9000,8100,4500,USD,-,9000
1851,26,جامعة إسطنبول ميديبول,Kavacık South Campus,"Kavacık Mah. Ekinciler Cad. No:19 Kavacık Kavşağı, 34810 Beykoz / Istanbul / Turkey",تمريض,تركيا,إسطنبول,بكالوريوس,التركية,متاح,#28D094,2026-2027,8750,8750,7875,4375,USD,-,1390
1850,26,جامعة إسطنبول ميديبول,Kavacık South Campus,"Kavacık Mah. Ekinciler Cad. No:19 Kavacık Kavşağı, 34810 Beykoz / Istanbul / Turkey",تمريض,تركيا,إسطنبول,بكالوريوس,الإنجليزية,متاح,#28D094,2026-2027,6000,6000,5400,3000,USD,-,6000
1849,26,جامعة إسطنبول ميديبول,Kavacık South Campus,"Kavacık Mah. Ekinciler Cad. No:19 Kavacık Kavşağı, 34810 Beykoz / Istanbul / Turkey",قانون,تركيا,إسطنبول,بكالوريوس,30% الإنجليزية و70% التركية,متاح,#28D094,2026-2027,8000,8000,7200,4000,USD,-,8000
1848,26,جامعة إسطنبول ميديبول,Kavacık South Campus,"Kavacık Mah. Ekinciler Cad. No:19 Kavacık Kavşağı, 34810 Beykoz / Istanbul / Turkey",الصيدلة,تركيا,إسطنبول,بكالوريوس,التركية,متاح,#28D094,2026-2027,15000,15000,13500,7500,USD,-,1390
1847,26,جامعة إسطنبول ميديبول,Kavacık South Campus,"Kavacık Mah. Ekinciler Cad. No:19 Kavacık Kavşağı, 34810 Beykoz / Istanbul / Turkey",الصيدلة,تركيا,إسطنبول,بكالوريوس,الإنجليزية,متاح,#28D094,2026-2027,18000,18000,16200,9000,USD,-,17000
1846,26,جامعة إسطنبول ميديبول,Kavacık South Campus,"Kavacık Mah. Ekinciler Cad. No:19 Kavacık Kavşağı, 34810 Beykoz / Istanbul / Turkey",طب الأسنان,تركيا,إسطنبول,بكالوريوس,30% الإنجليزية و70% التركية,متاح,#28D094,2026-2027,33000,33000,29700,16500,USD,-,33000
1845,26,جامعة إسطنبول ميديبول,Kavacık South Campus,"Kavacık Mah. Ekinciler Cad. No:19 Kavacık Kavşağı, 34810 Beykoz / Istanbul / Turkey",طب الأسنان,تركيا,إسطنبول,بكالوريوس,الإنجليزية,متاح,#28D094,2026-2027,36000,36000,32400,18000,USD,-,17000
1844,26,جامعة إسطنبول ميديبول,Kavacık South Campus,"Kavacık Mah. Ekinciler Cad. No:19 Kavacık Kavşağı, 34810 Beykoz / Istanbul / Turkey",الطب البشري,تركيا,إسطنبول,بكالوريوس,30% الإنجليزية و70% التركية,متاح,#28D094,2026-2027,34000,34000,30600,17000,USD,-,34000
1843,26,جامعة إسطنبول ميديبول,Kavacık South Campus,"Kavacık Mah. Ekinciler Cad. No:19 Kavacık Kavşağı, 34810 Beykoz / Istanbul / Turkey",الطب البشري,تركيا,إسطنبول,بكالوريوس,الإنجليزية,متاح,#28D094,2026-2027,40000,40000,36000,20000,USD,-,17000
1842,25,جامعة بيكوز,Kavacık Schools of Higher Education Campus,Vatan Caddesi No: 69 PK: 34805 Kavacık - Beykoz / İstanbul,برمجة الكمبيوتر,تركيا,إسطنبول,دبلوم,التركية,متاح,#28D094,2026-2027,3400,1700,1700,1000,USD,-,1700
1841,25,جامعة بيكوز,Kavacık Schools of Higher Education Campus,Vatan Caddesi No: 69 PK: 34805 Kavacık - Beykoz / İstanbul,تقنية أمن المعلومات,تركيا,إسطنبول,دبلوم,التركية,متاح,#28D094,2026-2027,3400,1700,1700,1000,USD,-,1700
1840,25,جامعة بيكوز,Kavacık Schools of Higher Education Campus,Vatan Caddesi No: 69 PK: 34805 Kavacık - Beykoz / İstanbul,إدارة أنظمة السكك الحديدية,تركيا,إسطنبول,دبلوم,التركية,متاح,#28D094,2026-2027,3400,1700,1700,1000,USD,-,1700
1839,25,جامعة بيكوز,Kavacık Schools of Higher Education Campus,Vatan Caddesi No: 69 PK: 34805 Kavacık - Beykoz / İstanbul,الطيران المدني وخدمات المقصورة,تركيا,إسطنبول,دبلوم,التركية,متاح,#28D094,2026-2027,3400,1700,1700,1000,USD,-,1700
1838,25,جامعة بيكوز,Kavacık Schools of Higher Education Campus,Vatan Caddesi No: 69 PK: 34805 Kavacık - Beykoz / İstanbul,الطيران المدني وخدمات المقصورة,تركيا,إسطنبول,دبلوم,الإنجليزية,متاح,#28D094,2026-2027,3800,1900,1900,1000,USD,-,1900
1837,25,جامعة بيكوز,Kavacık Schools of Higher Education Campus,Vatan Caddesi No: 69 PK: 34805 Kavacık - Beykoz / İstanbul,اللوجستية (تعليم عن بعد),تركيا,إسطنبول,دبلوم,التركية,متاح,#28D094,2026-2027,3400,1700,1700,1000,USD,-,1700
1836,25,جامعة بيكوز,Kavacık Schools of Higher Education Campus,Vatan Caddesi No: 69 PK: 34805 Kavacık - Beykoz / İstanbul,اللوجستية,تركيا,إسطنبول,دبلوم,التركية,متاح,#28D094,2026-2027,3400,1700,1700,1000,USD,-,1700
1835,25,جامعة بيكوز,Kavacık Schools of Higher Education Campus,Vatan Caddesi No: 69 PK: 34805 Kavacık - Beykoz / İstanbul,التجارة الإلكترونية والتسويق,تركيا,إسطنبول,دبلوم,التركية,متاح,#28D094,2026-2027,3400,1700,1700,1000,USD,-,1700
1834,25,جامعة بيكوز,Kavacık Schools of Higher Education Campus,Vatan Caddesi No: 69 PK: 34805 Kavacık - Beykoz / İstanbul,التجارة الخارجية (تعليم عن بعد),تركيا,إسطنبول,دبلوم,التركية,متاح,#28D094,2026-2027,3400,1700,1700,1000,USD,-,1700
1833,25,جامعة بيكوز,Kavacık Schools of Higher Education Campus,Vatan Caddesi No: 69 PK: 34805 Kavacık - Beykoz / İstanbul,التجارة الخارجية,تركيا,إسطنبول,دبلوم,التركية,متاح,#28D094,2026-2027,3400,1700,1700,1000,USD,-,1700
1832,25,جامعة بيكوز,Kavacık Schools of Higher Education Campus,Vatan Caddesi No: 69 PK: 34805 Kavacık - Beykoz / İstanbul,إدارة الملاحة البحرية والموانئ,تركيا,إسطنبول,دبلوم,التركية,متاح,#28D094,2026-2027,3400,1700,1700,1000,USD,-,1700
1831,25,جامعة بيكوز,Kavacık Schools of Higher Education Campus,Vatan Caddesi No: 69 PK: 34805 Kavacık - Beykoz / İstanbul,تحليل البيانات الضخمة,تركيا,إسطنبول,دبلوم,التركية,متاح,#28D094,2026-2027,3400,1700,1700,1000,USD,-,1700
1830,25,جامعة بيكوز,Kavacık Schools of Higher Education Campus,Vatan Caddesi No: 69 PK: 34805 Kavacık - Beykoz / İstanbul,إدارة الطيران,تركيا,إسطنبول,بكالوريوس,الإنجليزية,متاح,#28D094,2026-2027,6000,3000,3000,1000,USD,-,1900
1829,25,جامعة بيكوز,Faculty of Art and Design Campus / Faculty of Engineering and Architecture Campus,Muhtar Sokak No: 3 Kavacık - Beykoz / İstanbul,هندسة البرمجيات,تركيا,إسطنبول,بكالوريوس,التركية,متاح,#28D094,2026-2027,4600,2300,2300,1000,USD,-,1700
1828,25,جامعة بيكوز,Faculty of Art and Design Campus / Faculty of Engineering and Architecture Campus,Muhtar Sokak No: 3 Kavacık - Beykoz / İstanbul,العمارة,تركيا,إسطنبول,بكالوريوس,التركية,متاح,#28D094,2026-2027,4600,2300,2300,1000,USD,-,1700
1827,25,جامعة بيكوز,Faculty of Art and Design Campus / Faculty of Engineering and Architecture Campus,Muhtar Sokak No: 3 Kavacık - Beykoz / İstanbul,الهندسة الصناعية,تركيا,إسطنبول,بكالوريوس,الإنجليزية,متاح,#28D094,2026-2027,6000,3000,3000,1000,USD,-,1900
1826,25,جامعة بيكوز,Faculty of Art and Design Campus / Faculty of Engineering and Architecture Campus,Muhtar Sokak No: 3 Kavacık - Beykoz / İstanbul,هندسة الكمبيوتر,تركيا,إسطنبول,بكالوريوس,الإنجليزية,متاح,#28D094,2026-2027,6600,3300,3300,1000,USD,-,1900
1825,25,جامعة بيكوز,Faculty of Social Sciences Campus,Ertürk Sokak No: 6 Kavacık - Beykoz / İstanbul,العلوم السياسية والعلاقات الدولية,تركيا,إسطنبول,بكالوريوس,الإنجليزية,متاح,#28D094,2026-2027,6000,3000,3000,1000,USD,-,1900
1824,25,جامعة بيكوز,Faculty of Social Sciences Campus,Ertürk Sokak No: 6 Kavacık - Beykoz / İstanbul,علم النفس,تركيا,إسطنبول,بكالوريوس,الإنجليزية,متاح,#28D094,2026-2027,6000,3000,3000,1000,USD,-,1900
1823,25,جامعة بيكوز,Faculty of Social Sciences Campus,Ertürk Sokak No: 6 Kavacık - Beykoz / İstanbul,علم النفس,تركيا,إسطنبول,بكالوريوس,التركية,متاح,#28D094,2026-2027,4600,2300,2300,1000,USD,-,1700
1822,25,جامعة بيكوز,Faculty of Art and Design Campus / Faculty of Engineering and Architecture Campus,Muhtar Sokak No: 3 Kavacık - Beykoz / İstanbul,الإذاعة والتلفزيون والسينما,تركيا,إسطنبول,بكالوريوس,التركية,متاح,#28D094,2026-2027,4600,2300,2300,1000,USD,-,1700
1821,25,جامعة بيكوز,Faculty of Art and Design Campus / Faculty of Engineering and Architecture Campus,Muhtar Sokak No: 3 Kavacık - Beykoz / İstanbul,الرسوم المتحركة والرسوم المتحركة,تركيا,إسطنبول,بكالوريوس,التركية,متاح,#28D094,2026-2027,4600,2300,2300,1000,USD,-,1700
1820,25,جامعة بيكوز,School of Foreign Languages Campus,Fatih Sultan Mehmet Caddesi Şehit Er Cengiz Karcıoğlu Sokak No: 7 Kavacık - Beykoz/İstanbul,فنون الطهي وفنون المطبخ,تركيا,إسطنبول,بكالوريوس,التركية,متاح,#28D094,2026-2027,4600,2300,2300,1000,USD,-,1700
1819,25,جامعة بيكوز,Faculty of Art and Design Campus / Faculty of Engineering and Architecture Campus,Muhtar Sokak No: 3 Kavacık - Beykoz / İstanbul,العلاقات العامة والإعلان,تركيا,إسطنبول,بكالوريوس,التركية,متاح,#28D094,2026-2027,4600,2300,2300,1000,USD,-,1700
1818,25,جامعة بيكوز,Faculty of Art and Design Campus / Faculty of Engineering and Architecture Campus,Muhtar Sokak No: 3 Kavacık - Beykoz / İstanbul,الهندسة المعمارية الداخلية والتصميم البيئي,تركيا,إسطنبول,بكالوريوس,التركية,متاح,#28D094,2026-2027,4600,2300,2300,1000,USD,-,1700
1817,25,جامعة بيكوز,Faculty of Art and Design Campus / Faculty of Engineering and Architecture Campus,Muhtar Sokak No: 3 Kavacık - Beykoz / İstanbul,التصميم الجرافيكي,تركيا,إسطنبول,بكالوريوس,التركية,متاح,#28D094,2026-2027,4600,2300,2300,1000,USD,-,1700
1816,25,جامعة بيكوز,Faculty of Art and Design Campus / Faculty of Engineering and Architecture Campus,Muhtar Sokak No: 3 Kavacık - Beykoz / İstanbul,تصميم الألعاب الرقمية,تركيا,إسطنبول,بكالوريوس,التركية,متاح,#28D094,2026-2027,4600,2300,2300,1000,USD,-,1700
1815,25,جامعة بيكوز,Faculty of Art and Design Campus / Faculty of Engineering and Architecture Campus,Muhtar Sokak No: 3 Kavacık - Beykoz / İstanbul,تصميم الاتصال,تركيا,إسطنبول,بكالوريوس,التركية,متاح,#28D094,2026-2027,4600,2300,2300,1000,USD,-,1700
1814,25,جامعة بيكوز,Faculty of Business and Administrative Sciences Campus,Orhan Veli Kanık Caddesi Ruhi Esmer Sk. No: 2 Kavacık - Beykoz/İstanbul,التجارة الدولية والتمويل,تركيا,إسطنبول,بكالوريوس,الإنجليزية,متاح,#28D094,2026-2027,6000,3000,3000,1000,USD,-,1900
1813,25,جامعة بيكوز,Faculty of Business and Administrative Sciences Campus,Orhan Veli Kanık Caddesi Ruhi Esmer Sk. No: 2 Kavacık - Beykoz/İstanbul,إدارة اللوجستيات,تركيا,إسطنبول,بكالوريوس,الإنجليزية,متاح,#28D094,2026-2027,6000,3000,3000,1000,USD,-,1900
1812,25,جامعة بيكوز,Faculty of Business and Administrative Sciences Campus,Orhan Veli Kanık Caddesi Ruhi Esmer Sk. No: 2 Kavacık - Beykoz/İstanbul,إدارة الأعمال,تركيا,إسطنبول,بكالوريوس,الإنجليزية,متاح,#28D094,2026-2027,6000,3000,3000,1000,USD,-,1900
1811,25,جامعة بيكوز,Faculty of Business and Administrative Sciences Campus,Orhan Veli Kanık Caddesi Ruhi Esmer Sk. No: 2 Kavacık - Beykoz/İstanbul,إدارة الأعمال,تركيا,إسطنبول,بكالوريوس,التركية,متاح,#28D094,2026-2027,4600,2300,2300,1000,USD,-,1700
1810,25,جامعة بيكوز,Faculty of Business and Administrative Sciences Campus,Orhan Veli Kanık Caddesi Ruhi Esmer Sk. No: 2 Kavacık - Beykoz/İstanbul,إدارة الموارد البشرية,تركيا,إسطنبول,ماجستير مع أطروحة,التركية,متاح,#28D094,2026-2027,6000,3000,3000,1000,USD,-,1700
1809,25,جامعة بيكوز,Faculty of Business and Administrative Sciences Campus,Orhan Veli Kanık Caddesi Ruhi Esmer Sk. No: 2 Kavacık - Beykoz/İstanbul,إدارة التقنيات والابتكار,تركيا,إسطنبول,ماجستير بدون أطروحة,الإنجليزية,متاح,#28D094,2026-2027,6000,3000,3000,1000,USD,-,1900
1808,25,جامعة بيكوز,Faculty of Business and Administrative Sciences Campus,Orhan Veli Kanık Caddesi Ruhi Esmer Sk. No: 2 Kavacık - Beykoz/İstanbul,إدارة التقنيات والابتكار,تركيا,إسطنبول,ماجستير مع أطروحة,الإنجليزية,متاح,#28D094,2026-2027,7000,3500,3500,1000,USD,-,1900
1807,25,جامعة بيكوز,Faculty of Business and Administrative Sciences Campus,Orhan Veli Kanık Caddesi Ruhi Esmer Sk. No: 2 Kavacık - Beykoz/İstanbul,الذكاء الاصطناعي,تركيا,إسطنبول,ماجستير بدون أطروحة,الإنجليزية,متاح,#28D094,2026-2027,6000,3000,3000,1000,USD,-,1900
1806,25,جامعة بيكوز,Faculty of Business and Administrative Sciences Campus,Orhan Veli Kanık Caddesi Ruhi Esmer Sk. No: 2 Kavacık - Beykoz/İstanbul,الذكاء الاصطناعي,تركيا,إسطنبول,ماجستير مع أطروحة,الإنجليزية,متاح,#28D094,2026-2027,7000,3500,3500,1000,USD,-,1900
1805,25,جامعة بيكوز,Faculty of Business and Administrative Sciences Campus,Orhan Veli Kanık Caddesi Ruhi Esmer Sk. No: 2 Kavacık - Beykoz/İstanbul,التسويق وإدارة العلامة التجارية,تركيا,إسطنبول,ماجستير بدون أطروحة,الإنجليزية,متاح,#28D094,2026-2027,6000,3000,3000,1000,USD,-,1900
1804,25,جامعة بيكوز,Faculty of Business and Administrative Sciences Campus,Orhan Veli Kanık Caddesi Ruhi Esmer Sk. No: 2 Kavacık - Beykoz/İstanbul,التسويق وإدارة العلامة التجارية,تركيا,إسطنبول,ماجستير بدون أطروحة,التركية,متاح,#28D094,2026-2027,5200,2600,2600,1000,USD,-,1700
1803,25,جامعة بيكوز,Faculty of Business and Administrative Sciences Campus,Orhan Veli Kanık Caddesi Ruhi Esmer Sk. No: 2 Kavacık - Beykoz/İstanbul,إدارة ريادة الأعمال والابتكار,تركيا,إسطنبول,ماجستير بدون أطروحة,الإنجليزية,متاح,#28D094,2026-2027,6000,3000,3000,1000,USD,-,1900
1802,25,جامعة بيكوز,Faculty of Business and Administrative Sciences Campus,Orhan Veli Kanık Caddesi Ruhi Esmer Sk. No: 2 Kavacık - Beykoz/İstanbul,المحاسبة والتدقيق,تركيا,إسطنبول,ماجستير بدون أطروحة,التركية,متاح,#28D094,2026-2027,5200,2600,2600,1000,USD,-,1700
1801,25,جامعة بيكوز,Faculty of Business and Administrative Sciences Campus,Orhan Veli Kanık Caddesi Ruhi Esmer Sk. No: 2 Kavacık - Beykoz/İstanbul,الاقتصاد المالي,تركيا,إسطنبول,ماجستير بدون أطروحة,التركية,متاح,#28D094,2026-2027,5200,2600,2600,1000,USD,-,1700
1800,25,جامعة بيكوز,Faculty of Business and Administrative Sciences Campus,Orhan Veli Kanık Caddesi Ruhi Esmer Sk. No: 2 Kavacık - Beykoz/İstanbul,الاقتصاد المالي,تركيا,إسطنبول,ماجستير مع أطروحة,التركية,متاح,#28D094,2026-2027,6000,3000,3000,1000,USD,-,1700
1799,25,جامعة بيكوز,Faculty of Business and Administrative Sciences Campus,Orhan Veli Kanık Caddesi Ruhi Esmer Sk. No: 2 Kavacık - Beykoz/İstanbul,الفنون البصرية وتصميم الاتصال المرئي,تركيا,إسطنبول,ماجستير بدون أطروحة,التركية,متاح,#28D094,2026-2027,5200,2600,2600,1000,USD,-,1700
1798,25,جامعة بيكوز,Faculty of Business and Administrative Sciences Campus,Orhan Veli Kanık Caddesi Ruhi Esmer Sk. No: 2 Kavacık - Beykoz/İstanbul,الفنون البصرية وتصميم الاتصال المرئي,تركيا,إسطنبول,ماجستير مع أطروحة,التركية,متاح,#28D094,2026-2027,6000,3000,3000,1000,USD,-,1700
1797,25,جامعة بيكوز,Faculty of Business and Administrative Sciences Campus,Orhan Veli Kanık Caddesi Ruhi Esmer Sk. No: 2 Kavacık - Beykoz/İstanbul,علم النفس,تركيا,إسطنبول,ماجستير بدون أطروحة,التركية,متاح,#28D094,2026-2027,5200,2600,2600,1000,USD,-,1700
1796,25,جامعة بيكوز,Faculty of Business and Administrative Sciences Campus,Orhan Veli Kanık Caddesi Ruhi Esmer Sk. No: 2 Kavacık - Beykoz/İstanbul,علم النفس,تركيا,إسطنبول,ماجستير مع أطروحة,التركية,متاح,#28D094,2026-2027,6000,3000,3000,1000,USD,-,1700
1795,25,جامعة بيكوز,Faculty of Business and Administrative Sciences Campus,Orhan Veli Kanık Caddesi Ruhi Esmer Sk. No: 2 Kavacık - Beykoz/İstanbul,علم نفس العمل والتنظيم,تركيا,إسطنبول,ماجستير بدون أطروحة,التركية,متاح,#28D094,2026-2027,5200,2600,2600,1000,USD,-,1700
1794,25,جامعة بيكوز,Faculty of Business and Administrative Sciences Campus,Orhan Veli Kanık Caddesi Ruhi Esmer Sk. No: 2 Kavacık - Beykoz/İstanbul,السياسة العالمية والعلاقات الدولية,تركيا,إسطنبول,ماجستير بدون أطروحة,الإنجليزية,متاح,#28D094,2026-2027,6000,3000,3000,1000,USD,-,1900
1793,25,جامعة بيكوز,Faculty of Business and Administrative Sciences Campus,Orhan Veli Kanık Caddesi Ruhi Esmer Sk. No: 2 Kavacık - Beykoz/İstanbul,السياسة العالمية والعلاقات الدولية,تركيا,إسطنبول,ماجستير مع أطروحة,الإنجليزية,متاح,#28D094,2026-2027,7000,3500,3500,1000,USD,-,1900
1792,25,جامعة بيكوز,Faculty of Business and Administrative Sciences Campus,Orhan Veli Kanık Caddesi Ruhi Esmer Sk. No: 2 Kavacık - Beykoz/İstanbul,التجارة الدولية واللوجستيات (تعليم عن بعد),تركيا,إسطنبول,ماجستير بدون أطروحة,التركية,متاح,#28D094,2026-2027,4200,2100,2100,1000,USD,-,1700
1791,25,جامعة بيكوز,Faculty of Business and Administrative Sciences Campus,Orhan Veli Kanık Caddesi Ruhi Esmer Sk. No: 2 Kavacık - Beykoz/İstanbul,التجارة الدولية واللوجستيات,تركيا,إسطنبول,ماجستير بدون أطروحة,التركية,متاح,#28D094,2026-2027,5200,2600,2600,1000,USD,-,1700
1790,25,جامعة بيكوز,Faculty of Business and Administrative Sciences Campus,Orhan Veli Kanık Caddesi Ruhi Esmer Sk. No: 2 Kavacık - Beykoz/İstanbul,التجارة الدولية واللوجستيات,تركيا,إسطنبول,ماجستير مع أطروحة,التركية,متاح,#28D094,2026-2027,6000,3000,3000,1000,USD,-,1700
1789,25,جامعة بيكوز,Faculty of Business and Administrative Sciences Campus,Orhan Veli Kanık Caddesi Ruhi Esmer Sk. No: 2 Kavacık - Beykoz/İstanbul,هندسة الكمبيوتر,تركيا,إسطنبول,ماجستير بدون أطروحة,الإنجليزية,متاح,#28D094,2026-2027,6000,3000,3000,1000,USD,-,1900
1788,25,جامعة بيكوز,Faculty of Business and Administrative Sciences Campus,Orhan Veli Kanık Caddesi Ruhi Esmer Sk. No: 2 Kavacık - Beykoz/İstanbul,هندسة الكمبيوتر,تركيا,إسطنبول,ماجستير مع أطروحة,الإنجليزية,متاح,#28D094,2026-2027,7000,3500,3500,1000,USD,-,1900
1787,25,جامعة بيكوز,Faculty of Business and Administrative Sciences Campus,Orhan Veli Kanık Caddesi Ruhi Esmer Sk. No: 2 Kavacık - Beykoz/İstanbul,ماجستير إدارة الأعمال (MBA) (تعليم عن بعد),تركيا,إسطنبول,ماجستير بدون أطروحة,التركية,متاح,#28D094,2026-2027,4200,2100,2100,1000,USD,-,1700
1786,25,جامعة بيكوز,Faculty of Business and Administrative Sciences Campus,Orhan Veli Kanık Caddesi Ruhi Esmer Sk. No: 2 Kavacık - Beykoz/İstanbul,ماجستير إدارة الأعمال (MBA),تركيا,إسطنبول,ماجستير بدون أطروحة,التركية,متاح,#28D094,2026-2027,5200,2600,2600,1000,USD,-,1700
1785,25,جامعة بيكوز,Faculty of Business and Administrative Sciences Campus,Orhan Veli Kanık Caddesi Ruhi Esmer Sk. No: 2 Kavacık - Beykoz/İstanbul,ماجستير إدارة الأعمال (MBA),تركيا,إسطنبول,ماجستير مع أطروحة,التركية,متاح,#28D094,2026-2027,6000,3000,3000,1000,USD,-,1700
1784,25,جامعة بيكوز,Faculty of Business and Administrative Sciences Campus,Orhan Veli Kanık Caddesi Ruhi Esmer Sk. No: 2 Kavacık - Beykoz/İstanbul,ماجستير إدارة الأعمال (MBA) (تعليم عن بعد),تركيا,إسطنبول,ماجستير بدون أطروحة,الإنجليزية,متاح,#28D094,2026-2027,4200,2100,2100,1000,USD,-,1900
1783,25,جامعة بيكوز,Faculty of Business and Administrative Sciences Campus,Orhan Veli Kanık Caddesi Ruhi Esmer Sk. No: 2 Kavacık - Beykoz/İstanbul,ماجستير إدارة الأعمال (MBA),تركيا,إسطنبول,ماجستير بدون أطروحة,الإنجليزية,متاح,#28D094,2026-2027,6000,3000,3000,1000,USD,-,1900
1782,25,جامعة بيكوز,Faculty of Business and Administrative Sciences Campus,Orhan Veli Kanık Caddesi Ruhi Esmer Sk. No: 2 Kavacık - Beykoz/İstanbul,ماجستير إدارة الأعمال (MBA),تركيا,إسطنبول,ماجستير مع أطروحة,الإنجليزية,متاح,#28D094,2026-2027,7000,3500,3500,1000,USD,-,1900
1781,24,جامعة أسكودار,Çarşı Campus,Mimar Sinan Mah. Selman-ı Pak Cad. İsmail Dümbüllü Sok. No:4 34664 Üsküdar / Istanbul,التخدير,تركيا,إسطنبول,دبلوم,التركية,متاح,#28D094,2026-2027,2800,2800,2660,1000,USD,-,1500
1780,24,جامعة أسكودار,Çarşı Campus,Mimar Sinan Mah. Selman-ı Pak Cad. İsmail Dümbüllü Sok. No:4 34664 Üsküdar / Istanbul,قياس السمع,تركيا,إسطنبول,دبلوم,التركية,متاح,#28D094,2026-2027,2800,2800,2660,1000,USD,-,1500
1779,24,جامعة أسكودار,Çarşı Campus,Mimar Sinan Mah. Selman-ı Pak Cad. İsmail Dümbüllü Sok. No:4 34664 Üsküdar / Istanbul,مساعدة التشريح,تركيا,إسطنبول,دبلوم,التركية,متاح,#28D094,2026-2027,2800,2800,2660,1000,USD,-,1500
1778,24,جامعة أسكودار,Çarşı Campus,Mimar Sinan Mah. Selman-ı Pak Cad. İsmail Dümbüllü Sok. No:4 34664 Üsküdar / Istanbul,تقنيات الأجهزة الطبية الحيوية,تركيا,إسطنبول,دبلوم,التركية,متاح,#28D094,2026-2027,2800,2800,2660,1000,USD,-,1500
1777,24,جامعة أسكودار,Çarşı Campus,Mimar Sinan Mah. Selman-ı Pak Cad. İsmail Dümbüllü Sok. No:4 34664 Üsküdar / Istanbul,رعاية وتأهيل ذوي الإعاقة,تركيا,إسطنبول,دبلوم,التركية,متاح,#28D094,2026-2027,2800,2800,2660,1000,USD,-,1500
1776,24,جامعة أسكودار,Çarşı Campus,Mimar Sinan Mah. Selman-ı Pak Cad. İsmail Dümbüllü Sok. No:4 34664 Üsküdar / Istanbul,تنمية الطفل,تركيا,إسطنبول,دبلوم,التركية,متاح,#28D094,2026-2027,2800,2800,2660,1000,USD,-,1500
1775,24,جامعة أسكودار,Çarşı Campus,Mimar Sinan Mah. Selman-ı Pak Cad. İsmail Dümbüllü Sok. No:4 34664 Üsküdar / Istanbul,خدمات حماية ورعاية الطفل,تركيا,إسطنبول,دبلوم,التركية,متاح,#28D094,2026-2027,2800,2800,2660,1000,USD,-,1500
1774,24,جامعة أسكودار,Çarşı Campus,Mimar Sinan Mah. Selman-ı Pak Cad. İsmail Dümbüllü Sok. No:4 34664 Üsküdar / Istanbul,تقنية الأسنان,تركيا,إسطنبول,دبلوم,التركية,متاح,#28D094,2026-2027,2800,2800,2660,1000,USD,-,1500
1773,24,جامعة أسكودار,Çarşı Campus,Mimar Sinan Mah. Selman-ı Pak Cad. İsmail Dümbüllü Sok. No:4 34664 Üsküdar / Istanbul,غسيل الكلى,تركيا,إسطنبول,دبلوم,التركية,متاح,#28D094,2026-2027,2800,2800,2660,1000,USD,-,1500
1772,24,جامعة أسكودار,Çarşı Campus,Mimar Sinan Mah. Selman-ı Pak Cad. İsmail Dümbüllü Sok. No:4 34664 Üsküdar / Istanbul,خدمات رعاية المسنين,تركيا,إسطنبول,دبلوم,التركية,متاح,#28D094,2026-2027,2800,2800,2660,1000,USD,-,1500
1771,24,جامعة أسكودار,Çarşı Campus,Mimar Sinan Mah. Selman-ı Pak Cad. İsmail Dümbüllü Sok. No:4 34664 Üsküdar / Istanbul,تخطيط كهربائية الأعصاب,تركيا,إسطنبول,دبلوم,التركية,متاح,#28D094,2026-2027,2800,2800,2660,1000,USD,-,1500
1770,24,جامعة أسكودار,Çarşı Campus,Mimar Sinan Mah. Selman-ı Pak Cad. İsmail Dümbüllü Sok. No:4 34664 Üsküdar / Istanbul,إدارة الطوارئ والكوارث,تركيا,إسطنبول,دبلوم,التركية,متاح,#28D094,2026-2027,2800,2800,2660,1000,USD,-,1500
1769,24,جامعة أسكودار,Çarşı Campus,Mimar Sinan Mah. Selman-ı Pak Cad. İsmail Dümbüllü Sok. No:4 34664 Üsküdar / Istanbul,الإسعافات الأولية والطوارئ,تركيا,إسطنبول,دبلوم,التركية,متاح,#28D094,2026-2027,2800,2800,2660,1000,USD,-,1500
1768,24,جامعة أسكودار,Çarşı Campus,Mimar Sinan Mah. Selman-ı Pak Cad. İsmail Dümbüllü Sok. No:4 34664 Üsküdar / Istanbul,صحة البيئة,تركيا,إسطنبول,دبلوم,التركية,متاح,#28D094,2026-2027,2800,2800,2660,1000,USD,-,1500
1767,24,جامعة أسكودار,Çarşı Campus,Mimar Sinan Mah. Selman-ı Pak Cad. İsmail Dümbüllü Sok. No:4 34664 Üsküdar / Istanbul,تقنيات الأغذية,تركيا,إسطنبول,دبلوم,التركية,متاح,#28D094,2026-2027,2800,2800,2660,1000,USD,-,1500
1766,24,جامعة أسكودار,Çarşı Campus,Mimar Sinan Mah. Selman-ı Pak Cad. İsmail Dümbüllü Sok. No:4 34664 Üsküdar / Istanbul,تقنيات نظم المعلومات الصحية,تركيا,إسطنبول,دبلوم,التركية,متاح,#28D094,2026-2027,2800,2800,2660,1000,USD,-,1500
1765,24,جامعة أسكودار,Çarşı Campus,Mimar Sinan Mah. Selman-ı Pak Cad. İsmail Dümbüllü Sok. No:4 34664 Üsküdar / Istanbul,خدمة الرعاية المنزلية,تركيا,إسطنبول,دبلوم,التركية,متاح,#28D094,2026-2027,2800,2800,2660,1000,USD,-,1500
1764,24,جامعة أسكودار,Çarşı Campus,Mimar Sinan Mah. Selman-ı Pak Cad. İsmail Dümbüllü Sok. No:4 34664 Üsküdar / Istanbul,تكنولوجيا المختبرات,تركيا,إسطنبول,دبلوم,التركية,متاح,#28D094,2026-2027,2800,2800,2660,1000,USD,-,1500
1763,24,جامعة أسكودار,Çarşı Campus,Mimar Sinan Mah. Selman-ı Pak Cad. İsmail Dümbüllü Sok. No:4 34664 Üsküdar / Istanbul,إدارة المؤسسات الصحية,تركيا,إسطنبول,دبلوم,التركية,متاح,#28D094,2026-2027,2800,2800,2660,1000,USD,-,1500
1762,24,جامعة أسكودار,Çarşı Campus,Mimar Sinan Mah. Selman-ı Pak Cad. İsmail Dümbüllü Sok. No:4 34664 Üsküdar / Istanbul,التوثيق الطبي والسكرتارية,تركيا,إسطنبول,دبلوم,التركية,متاح,#28D094,2026-2027,2800,2800,2660,1000,USD,-,1500
1761,24,جامعة أسكودار,Çarşı Campus,Mimar Sinan Mah. Selman-ı Pak Cad. İsmail Dümbüllü Sok. No:4 34664 Üsküdar / Istanbul,تقنيات التصوير الطبي,تركيا,إسطنبول,دبلوم,التركية,متاح,#28D094,2026-2027,2800,2800,2660,1000,USD,-,1500
1760,24,جامعة أسكودار,Çarşı Campus,Mimar Sinan Mah. Selman-ı Pak Cad. İsmail Dümbüllü Sok. No:4 34664 Üsküdar / Istanbul,المختبر الطبي,تركيا,إسطنبول,دبلوم,التركية,متاح,#28D094,2026-2027,2800,2800,2660,1000,USD,-,1500
1759,24,جامعة أسكودار,Çarşı Campus,Mimar Sinan Mah. Selman-ı Pak Cad. İsmail Dümbüllü Sok. No:4 34664 Üsküdar / Istanbul,الترويج والتسويق الطبي,تركيا,إسطنبول,دبلوم,التركية,متاح,#28D094,2026-2027,2800,2800,2660,1000,USD,-,1500
1758,24,جامعة أسكودار,Çarşı Campus,Mimar Sinan Mah. Selman-ı Pak Cad. İsmail Dümbüllü Sok. No:4 34664 Üsküdar / Istanbul,النباتات الطبية والعطرية,تركيا,إسطنبول,دبلوم,التركية,متاح,#28D094,2026-2027,2800,2800,2660,1000,USD,-,1500
1757,24,جامعة أسكودار,Çarşı Campus,Mimar Sinan Mah. Selman-ı Pak Cad. İsmail Dümbüllü Sok. No:4 34664 Üsküdar / Istanbul,صحة الفم والأسنان,تركيا,إسطنبول,دبلوم,التركية,متاح,#28D094,2026-2027,2800,2800,2660,1000,USD,-,1500
1756,24,جامعة أسكودار,Çarşı Campus,Mimar Sinan Mah. Selman-ı Pak Cad. İsmail Dümbüllü Sok. No:4 34664 Üsküdar / Istanbul,التكنولوجيا النووية والسلامة الإشعاعية,تركيا,إسطنبول,دبلوم,التركية,متاح,#28D094,2026-2027,2800,2800,2660,1000,USD,-,1500
1755,24,جامعة أسكودار,Çarşı Campus,Mimar Sinan Mah. Selman-ı Pak Cad. İsmail Dümbüllü Sok. No:4 34664 Üsküdar / Istanbul,خدمات غرفة العمليات,تركيا,إسطنبول,دبلوم,التركية,متاح,#28D094,2026-2027,2800,2800,2660,1000,USD,-,1500
1754,24,جامعة أسكودار,Çarşı Campus,Mimar Sinan Mah. Selman-ı Pak Cad. İsmail Dümbüllü Sok. No:4 34664 Üsküdar / Istanbul,البصريات,تركيا,إسطنبول,دبلوم,التركية,متاح,#28D094,2026-2027,2800,2800,2660,1000,USD,-,1500
1753,24,جامعة أسكودار,Çarşı Campus,Mimar Sinan Mah. Selman-ı Pak Cad. İsmail Dümbüllü Sok. No:4 34664 Üsküdar / Istanbul,الأطراف الاصطناعية وتقويم العظام,تركيا,إسطنبول,دبلوم,التركية,متاح,#28D094,2026-2027,2800,2800,2660,1000,USD,-,1500
1752,24,جامعة أسكودار,Çarşı Campus,Mimar Sinan Mah. Selman-ı Pak Cad. İsmail Dümbüllü Sok. No:4 34664 Üsküdar / Istanbul,تقنيات مختبر علم الأمراض,تركيا,إسطنبول,دبلوم,التركية,متاح,#28D094,2026-2027,2800,2800,2660,1000,USD,-,1500
1751,24,جامعة أسكودار,Çarşı Campus,Mimar Sinan Mah. Selman-ı Pak Cad. İsmail Dümbüllü Sok. No:4 34664 Üsküdar / Istanbul,خدمات الصيدلية,تركيا,إسطنبول,دبلوم,التركية,متاح,#28D094,2026-2027,2800,2800,2660,1000,USD,-,1500
1750,24,جامعة أسكودار,Çarşı Campus,Mimar Sinan Mah. Selman-ı Pak Cad. İsmail Dümbüllü Sok. No:4 34664 Üsküdar / Istanbul,العلاج الطبيعي,تركيا,إسطنبول,دبلوم,التركية,متاح,#28D094,2026-2027,2800,2800,2660,1000,USD,-,1500
1749,24,جامعة أسكودار,Çarşı Campus,Mimar Sinan Mah. Selman-ı Pak Cad. İsmail Dümbüllü Sok. No:4 34664 Üsküdar / Istanbul,العلاج الإشعاعي,تركيا,إسطنبول,دبلوم,التركية,متاح,#28D094,2026-2027,2800,2800,2660,1000,USD,-,1500
1748,24,جامعة أسكودار,Çarşı Campus,Mimar Sinan Mah. Selman-ı Pak Cad. İsmail Dümbüllü Sok. No:4 34664 Üsküdar / Istanbul,الضمان الاجتماعي,تركيا,إسطنبول,دبلوم,التركية,متاح,#28D094,2026-2027,2800,2800,2660,1000,USD,-,1500
1747,24,جامعة أسكودار,Çarşı Campus,Mimar Sinan Mah. Selman-ı Pak Cad. İsmail Dümbüllü Sok. No:4 34664 Üsküdar / Istanbul,العمل الاجتماعي,تركيا,إسطنبول,دبلوم,التركية,متاح,#28D094,2026-2027,2800,2800,2660,1000,USD,-,1500
1746,24,جامعة أسكودار,Çarşı Campus,Mimar Sinan Mah. Selman-ı Pak Cad. İsmail Dümbüllü Sok. No:4 34664 Üsküdar / Istanbul,صحة وسلامة العمل,تركيا,إسطنبول,دبلوم,التركية,متاح,#28D094,2026-2027,2800,2800,2660,1000,USD,-,1500
1745,24,جامعة أسكودار,Çarşı Campus,Mimar Sinan Mah. Selman-ı Pak Cad. İsmail Dümbüllü Sok. No:4 34664 Üsküdar / Istanbul,علم الأقدام,تركيا,إسطنبول,دبلوم,التركية,متاح,#28D094,2026-2027,2800,2800,2660,1000,USD,-,1500
1744,24,جامعة أسكودار,Altunizade Main Campus,Altunizade Mh. University Street No:14 34662 Üsküdar / Istanbul / Turkey,علوم الطب الشرعي,تركيا,إسطنبول,دكتوراه,التركية,متاح,#28D094,2026-2027,7800,7800,7020,1000,USD,-,1500
1743,24,جامعة أسكودار,Altunizade Main Campus,Altunizade Mh. University Street No:14 34662 Üsküdar / Istanbul / Turkey,علوم الطب الشرعي,تركيا,إسطنبول,ماجستير بدون أطروحة,التركية,متاح,#28D094,2026-2027,4400,4400,3960,1000,USD,-,1500
1742,24,جامعة أسكودار,Altunizade Main Campus,Altunizade Mh. University Street No:14 34662 Üsküdar / Istanbul / Turkey,علوم الطب الشرعي,تركيا,إسطنبول,ماجستير مع أطروحة,التركية,متاح,#28D094,2026-2027,5100,5100,4590,1000,USD,-,1500
1741,24,جامعة أسكودار,Altunizade Main Campus,Altunizade Mh. University Street No:14 34662 Üsküdar / Istanbul / Turkey,الكيمياء الجنائية وعلم السموم,تركيا,إسطنبول,ماجستير بدون أطروحة,التركية,متاح,#28D094,2026-2027,4400,4400,3960,1000,USD,-,1500
1740,24,جامعة أسكودار,Altunizade Main Campus,Altunizade Mh. University Street No:14 34662 Üsküdar / Istanbul / Turkey,الكيمياء الجنائية وعلم السموم,تركيا,إسطنبول,ماجستير مع أطروحة,التركية,متاح,#28D094,2026-2027,4800,4800,4320,1000,USD,-,1500
1739,24,جامعة أسكودار,Altunizade Main Campus,Altunizade Mh. University Street No:14 34662 Üsküdar / Istanbul / Turkey,العدالة الجنائية,تركيا,إسطنبول,ماجستير بدون أطروحة,التركية,متاح,#28D094,2026-2027,4400,4400,3960,1000,USD,-,1500
1738,24,جامعة أسكودار,Altunizade Main Campus,Altunizade Mh. University Street No:14 34662 Üsküdar / Istanbul / Turkey,العدالة الجنائية,تركيا,إسطنبول,ماجستير مع أطروحة,التركية,متاح,#28D094,2026-2027,4800,4800,4320,1000,USD,-,1500
1737,24,جامعة أسكودار,Altunizade Main Campus,Altunizade Mh. University Street No:14 34662 Üsküdar / Istanbul / Turkey,الأمن الحيوي,تركيا,إسطنبول,ماجستير مع أطروحة,التركية,متاح,#28D094,2026-2027,4800,4800,4320,1000,USD,-,1500
1736,24,جامعة أسكودار,Altunizade Main Campus,Altunizade Mh. University Street No:14 34662 Üsküdar / Istanbul / Turkey,البيولوجيا الجزيئية,تركيا,إسطنبول,ماجستير بدون أطروحة,التركية,متاح,#28D094,2026-2027,4400,4400,3960,1000,USD,-,1500
1735,24,جامعة أسكودار,Altunizade Main Campus,Altunizade Mh. University Street No:14 34662 Üsküdar / Istanbul / Turkey,البيولوجيا الجزيئية,تركيا,إسطنبول,ماجستير بدون أطروحة,الإنجليزية,متاح,#28D094,2026-2027,4400,4400,3960,1000,USD,-,4400
1734,24,جامعة أسكودار,Altunizade Main Campus,Altunizade Mh. University Street No:14 34662 Üsküdar / Istanbul / Turkey,البيولوجيا الجزيئية,تركيا,إسطنبول,ماجستير مع أطروحة,التركية,متاح,#28D094,2026-2027,4800,4800,4320,1000,USD,-,1500
1733,24,جامعة أسكودار,Altunizade Main Campus,Altunizade Mh. University Street No:14 34662 Üsküdar / Istanbul / Turkey,البيولوجيا الجزيئية,تركيا,إسطنبول,ماجستير مع أطروحة,الإنجليزية,متاح,#28D094,2026-2027,4800,4800,4320,1000,USD,-,4400
1732,24,جامعة أسكودار,Altunizade Main Campus,Altunizade Mh. University Street No:14 34662 Üsküdar / Istanbul / Turkey,الإدارة الهندسية,تركيا,إسطنبول,ماجستير بدون أطروحة,الإنجليزية,متاح,#28D094,2026-2027,4400,4400,3960,1000,USD,-,4400
1731,24,جامعة أسكودار,Altunizade Main Campus,Altunizade Mh. University Street No:14 34662 Üsküdar / Istanbul / Turkey,الإدارة الهندسية,تركيا,إسطنبول,ماجستير مع أطروحة,الإنجليزية,متاح,#28D094,2026-2027,4800,4800,4320,1000,USD,-,4400
1730,24,جامعة أسكودار,Altunizade Main Campus,Altunizade Mh. University Street No:14 34662 Üsküdar / Istanbul / Turkey,الهندسة الكهربائية والإلكترونية,تركيا,إسطنبول,ماجستير بدون أطروحة,الإنجليزية,متاح,#28D094,2026-2027,5100,5100,4590,1000,USD,-,4400
1729,24,جامعة أسكودار,Altunizade Main Campus,Altunizade Mh. University Street No:14 34662 Üsküdar / Istanbul / Turkey,الهندسة الكهربائية والإلكترونية,تركيا,إسطنبول,ماجستير مع أطروحة,الإنجليزية,متاح,#28D094,2026-2027,5700,5700,5130,1000,USD,-,4400
1728,24,جامعة أسكودار,Altunizade Main Campus,Altunizade Mh. University Street No:14 34662 Üsküdar / Istanbul / Turkey,الأمن السيبراني,تركيا,إسطنبول,ماجستير بدون أطروحة,التركية,متاح,#28D094,2026-2027,4400,4400,3960,1000,USD,-,1500
1727,24,جامعة أسكودار,Altunizade Main Campus,Altunizade Mh. University Street No:14 34662 Üsküdar / Istanbul / Turkey,الأمن السيبراني,تركيا,إسطنبول,ماجستير مع أطروحة,التركية,متاح,#28D094,2026-2027,4800,4800,4320,1000,USD,-,1500
1726,24,جامعة أسكودار,Altunizade Main Campus,Altunizade Mh. University Street No:14 34662 Üsküdar / Istanbul / Turkey,الأمن السيبراني,تركيا,إسطنبول,ماجستير بدون أطروحة,الإنجليزية,متاح,#28D094,2026-2027,4400,4400,3960,1000,USD,-,4400
1725,24,جامعة أسكودار,Altunizade Main Campus,Altunizade Mh. University Street No:14 34662 Üsküdar / Istanbul / Turkey,الأمن السيبراني,تركيا,إسطنبول,ماجستير مع أطروحة,الإنجليزية,متاح,#28D094,2026-2027,5700,5700,5130,1000,USD,-,4400
1724,24,جامعة أسكودار,Altunizade Main Campus,Altunizade Mh. University Street No:14 34662 Üsküdar / Istanbul / Turkey,هندسة الكمبيوتر,تركيا,إسطنبول,ماجستير بدون أطروحة,التركية,متاح,#28D094,2026-2027,4400,4400,3960,1000,USD,-,1500
1723,24,جامعة أسكودار,Altunizade Main Campus,Altunizade Mh. University Street No:14 34662 Üsküdar / Istanbul / Turkey,هندسة الكمبيوتر,تركيا,إسطنبول,ماجستير مع أطروحة,التركية,متاح,#28D094,2026-2027,4800,4800,4320,1000,USD,-,1500
1722,24,جامعة أسكودار,Altunizade Main Campus,Altunizade Mh. University Street No:14 34662 Üsküdar / Istanbul / Turkey,هندسة الكمبيوتر,تركيا,إسطنبول,ماجستير بدون أطروحة,الإنجليزية,متاح,#28D094,2026-2027,5100,5100,4590,1000,USD,-,4400
1721,24,جامعة أسكودار,Altunizade Main Campus,Altunizade Mh. University Street No:14 34662 Üsküdar / Istanbul / Turkey,هندسة الكمبيوتر,تركيا,إسطنبول,ماجستير مع أطروحة,الإنجليزية,متاح,#28D094,2026-2027,5700,5700,5130,1000,USD,-,4400
1720,24,جامعة أسكودار,Altunizade Main Campus,Altunizade Mh. University Street No:14 34662 Üsküdar / Istanbul / Turkey,الهندسة الكيميائية,تركيا,إسطنبول,ماجستير بدون أطروحة,الإنجليزية,متاح,#28D094,2026-2027,4400,4400,3960,1000,USD,-,4400
1719,24,جامعة أسكودار,Altunizade Main Campus,Altunizade Mh. University Street No:14 34662 Üsküdar / Istanbul / Turkey,الهندسة الكيميائية,تركيا,إسطنبول,ماجستير مع أطروحة,الإنجليزية,متاح,#28D094,2026-2027,4800,4800,4320,1000,USD,-,4400
1718,24,جامعة أسكودار,Altunizade Main Campus,Altunizade Mh. University Street No:14 34662 Üsküdar / Istanbul / Turkey,المعلوماتية الحيوية,تركيا,إسطنبول,ماجستير مع أطروحة,التركية,متاح,#28D094,2026-2027,4800,4800,4320,1000,USD,-,1500
1717,24,جامعة أسكودار,Altunizade Main Campus,Altunizade Mh. University Street No:14 34662 Üsküdar / Istanbul / Turkey,التكنولوجيا الحيوية,تركيا,إسطنبول,ماجستير بدون أطروحة,التركية,متاح,#28D094,2026-2027,4400,4400,3960,1000,USD,-,1500
1716,24,جامعة أسكودار,Altunizade Main Campus,Altunizade Mh. University Street No:14 34662 Üsküdar / Istanbul / Turkey,التكنولوجيا الحيوية,تركيا,إسطنبول,ماجستير مع أطروحة,التركية,متاح,#28D094,2026-2027,4800,4800,4320,1000,USD,-,1500
1715,24,جامعة أسكودار,Altunizade Main Campus,Altunizade Mh. University Street No:14 34662 Üsküdar / Istanbul / Turkey,الهندسة الحيوية,تركيا,إسطنبول,ماجستير بدون أطروحة,التركية,متاح,#28D094,2026-2027,4400,4400,3960,1000,USD,-,1500
1714,24,جامعة أسكودار,Altunizade Main Campus,Altunizade Mh. University Street No:14 34662 Üsküdar / Istanbul / Turkey,الهندسة الحيوية,تركيا,إسطنبول,ماجستير بدون أطروحة,الإنجليزية,متاح,#28D094,2026-2027,4400,4400,3960,1000,USD,-,4400
1713,24,جامعة أسكودار,Altunizade Main Campus,Altunizade Mh. University Street No:14 34662 Üsküdar / Istanbul / Turkey,الهندسة الحيوية,تركيا,إسطنبول,ماجستير مع أطروحة,التركية,متاح,#28D094,2026-2027,4800,4800,4320,1000,USD,-,1500
1712,24,جامعة أسكودار,Altunizade Main Campus,Altunizade Mh. University Street No:14 34662 Üsküdar / Istanbul / Turkey,الهندسة الحيوية,تركيا,إسطنبول,ماجستير مع أطروحة,الإنجليزية,متاح,#28D094,2026-2027,4800,4800,4320,1000,USD,-,4400
1711,24,جامعة أسكودار,Altunizade Main Campus,Altunizade Mh. University Street No:14 34662 Üsküdar / Istanbul / Turkey,هندسة الذكاء الاصطناعي,تركيا,إسطنبول,ماجستير بدون أطروحة,التركية,متاح,#28D094,2026-2027,4400,4400,3960,1000,USD,-,1500
1710,24,جامعة أسكودار,Altunizade Main Campus,Altunizade Mh. University Street No:14 34662 Üsküdar / Istanbul / Turkey,هندسة الذكاء الاصطناعي,تركيا,إسطنبول,ماجستير مع أطروحة,التركية,متاح,#28D094,2026-2027,4800,4800,4320,1000,USD,-,1500
1709,24,جامعة أسكودار,Altunizade Main Campus,Altunizade Mh. University Street No:14 34662 Üsküdar / Istanbul / Turkey,علاج النطق واللغة,تركيا,إسطنبول,دكتوراه,التركية,متاح,#28D094,2026-2027,9000,9000,8100,1000,USD,-,1500
1708,24,جامعة أسكودار,Altunizade Main Campus,Altunizade Mh. University Street No:14 34662 Üsküdar / Istanbul / Turkey,علم الوراثة الطبية,تركيا,إسطنبول,دكتوراه,التركية,متاح,#28D094,2026-2027,9000,9000,8100,1000,USD,-,1500
1707,24,جامعة أسكودار,Altunizade Main Campus,Altunizade Mh. University Street No:14 34662 Üsküdar / Istanbul / Turkey,علم وظائف الأعضاء,تركيا,إسطنبول,دكتوراه,التركية,متاح,#28D094,2026-2027,9000,9000,8100,1000,USD,-,1500
1706,24,جامعة أسكودار,Altunizade Main Campus,Altunizade Mh. University Street No:14 34662 Üsküdar / Istanbul / Turkey,الصحة والسلامة المهنية,تركيا,إسطنبول,دكتوراه,التركية,متاح,#28D094,2026-2027,7800,7800,7020,1000,USD,-,1500
1705,24,جامعة أسكودار,Altunizade Main Campus,Altunizade Mh. University Street No:14 34662 Üsküdar / Istanbul / Turkey,تمريض,تركيا,إسطنبول,دكتوراه,التركية,متاح,#28D094,2026-2027,9000,9000,8100,1000,USD,-,1500
1704,24,جامعة أسكودار,Altunizade Main Campus,Altunizade Mh. University Street No:14 34662 Üsküdar / Istanbul / Turkey,علم الأعصاب,تركيا,إسطنبول,دكتوراه,التركية,متاح,#28D094,2026-2027,9000,9000,8100,1000,USD,-,1500
1703,24,جامعة أسكودار,Altunizade Main Campus,Altunizade Mh. University Street No:14 34662 Üsküdar / Istanbul / Turkey,إدارة الصحة,تركيا,إسطنبول,دكتوراه,التركية,متاح,#28D094,2026-2027,7800,7800,7020,1000,USD,-,1500
1702,24,جامعة أسكودار,Altunizade Main Campus,Altunizade Mh. University Street No:14 34662 Üsküdar / Istanbul / Turkey,التشريح السريري,تركيا,إسطنبول,دكتوراه,التركية,متاح,#28D094,2026-2027,9000,9000,8100,1000,USD,-,1500
1701,24,جامعة أسكودار,Altunizade Main Campus,Altunizade Mh. University Street No:14 34662 Üsküdar / Istanbul / Turkey,علاج النطق واللغة,تركيا,إسطنبول,ماجستير بدون أطروحة,التركية,متاح,#28D094,2026-2027,4400,4400,3960,1000,USD,-,1500
1700,24,جامعة أسكودار,Altunizade Main Campus,Altunizade Mh. University Street No:14 34662 Üsküdar / Istanbul / Turkey,علاج النطق واللغة,تركيا,إسطنبول,ماجستير مع أطروحة,التركية,متاح,#28D094,2026-2027,4800,4800,4320,1000,USD,-,1500
1699,24,جامعة أسكودار,Altunizade Main Campus,Altunizade Mh. University Street No:14 34662 Üsküdar / Istanbul / Turkey,العمل الاجتماعي,تركيا,إسطنبول,ماجستير بدون أطروحة,التركية,متاح,#28D094,2026-2027,4400,4400,3960,1000,USD,-,1500
1698,24,جامعة أسكودار,Altunizade Main Campus,Altunizade Mh. University Street No:14 34662 Üsküdar / Istanbul / Turkey,العمل الاجتماعي,تركيا,إسطنبول,ماجستير مع أطروحة,التركية,متاح,#28D094,2026-2027,4800,4800,4320,1000,USD,-,1500
1697,24,جامعة أسكودار,Altunizade Main Campus,Altunizade Mh. University Street No:14 34662 Üsküdar / Istanbul / Turkey,العلاج الطبيعي والتأهيل,تركيا,إسطنبول,ماجستير بدون أطروحة,التركية,متاح,#28D094,2026-2027,4400,4400,3960,1000,USD,-,1500
1696,24,جامعة أسكودار,Altunizade Main Campus,Altunizade Mh. University Street No:14 34662 Üsküdar / Istanbul / Turkey,العلاج الطبيعي والتأهيل,تركيا,إسطنبول,ماجستير مع أطروحة,التركية,متاح,#28D094,2026-2027,4800,4800,4320,1000,USD,-,1500
1695,24,جامعة أسكودار,Altunizade Main Campus,Altunizade Mh. University Street No:14 34662 Üsküdar / Istanbul / Turkey,نضح,تركيا,إسطنبول,ماجستير بدون أطروحة,التركية,متاح,#28D094,2026-2027,4400,4400,3960,1000,USD,-,1500
1694,24,جامعة أسكودار,Altunizade Main Campus,Altunizade Mh. University Street No:14 34662 Üsküdar / Istanbul / Turkey,نضح,تركيا,إسطنبول,ماجستير مع أطروحة,التركية,متاح,#28D094,2026-2027,4800,4800,4320,1000,USD,-,1500
1693,24,جامعة أسكودار,Altunizade Main Campus,Altunizade Mh. University Street No:14 34662 Üsküdar / Istanbul / Turkey,العلاج الوظيفي,تركيا,إسطنبول,ماجستير بدون أطروحة,التركية,متاح,#28D094,2026-2027,4400,4400,3960,1000,USD,-,1500
1692,24,جامعة أسكودار,Altunizade Main Campus,Altunizade Mh. University Street No:14 34662 Üsküdar / Istanbul / Turkey,العلاج الوظيفي,تركيا,إسطنبول,ماجستير مع أطروحة,التركية,متاح,#28D094,2026-2027,4800,4800,4320,1000,USD,-,1500
1691,24,جامعة أسكودار,Altunizade Main Campus,Altunizade Mh. University Street No:14 34662 Üsküdar / Istanbul / Turkey,الصحة والسلامة المهنية,تركيا,إسطنبول,ماجستير بدون أطروحة,التركية,متاح,#28D094,2026-2027,4400,4400,3960,1000,USD,-,1500
1690,24,جامعة أسكودار,Altunizade Main Campus,Altunizade Mh. University Street No:14 34662 Üsküdar / Istanbul / Turkey,الصحة والسلامة المهنية,تركيا,إسطنبول,ماجستير مع أطروحة,التركية,متاح,#28D094,2026-2027,4800,4800,4320,1000,USD,-,1500
1689,24,جامعة أسكودار,Altunizade Main Campus,Altunizade Mh. University Street No:14 34662 Üsküdar / Istanbul / Turkey,التغذية وعلم الحمية,تركيا,إسطنبول,ماجستير بدون أطروحة,التركية,متاح,#28D094,2026-2027,4400,4400,3960,1000,USD,-,1500
1688,24,جامعة أسكودار,Altunizade Main Campus,Altunizade Mh. University Street No:14 34662 Üsküdar / Istanbul / Turkey,التغذية وعلم الحمية,تركيا,إسطنبول,ماجستير مع أطروحة,التركية,متاح,#28D094,2026-2027,4800,4800,4320,1000,USD,-,1500
1687,24,جامعة أسكودار,Altunizade Main Campus,Altunizade Mh. University Street No:14 34662 Üsküdar / Istanbul / Turkey,علم الأعصاب,تركيا,إسطنبول,ماجستير مع أطروحة,التركية,متاح,#28D094,2026-2027,4800,4800,4320,1000,USD,-,1500
1686,24,جامعة أسكودار,Altunizade Main Campus,Altunizade Mh. University Street No:14 34662 Üsküdar / Istanbul / Turkey,علم الأعصاب,تركيا,إسطنبول,ماجستير بدون أطروحة,التركية,متاح,#28D094,2026-2027,4400,4400,3960,1000,USD,-,1500
1685,24,جامعة أسكودار,Altunizade Main Campus,Altunizade Mh. University Street No:14 34662 Üsküdar / Istanbul / Turkey,علم الأعصاب,تركيا,إسطنبول,ماجستير بدون أطروحة,الإنجليزية,متاح,#28D094,2026-2027,4400,4400,3960,1000,USD,-,4400
1684,24,جامعة أسكودار,Altunizade Main Campus,Altunizade Mh. University Street No:14 34662 Üsküdar / Istanbul / Turkey,علم الأعصاب,تركيا,إسطنبول,ماجستير مع أطروحة,الإنجليزية,متاح,#28D094,2026-2027,4800,4800,4320,1000,USD,-,4400
1683,24,جامعة أسكودار,Altunizade Main Campus,Altunizade Mh. University Street No:14 34662 Üsküdar / Istanbul / Turkey,القبالة,تركيا,إسطنبول,ماجستير بدون أطروحة,التركية,متاح,#28D094,2026-2027,4400,4400,3960,1000,USD,-,1500
1682,24,جامعة أسكودار,Altunizade Main Campus,Altunizade Mh. University Street No:14 34662 Üsküdar / Istanbul / Turkey,القبالة,تركيا,إسطنبول,ماجستير مع أطروحة,التركية,متاح,#28D094,2026-2027,4800,4800,4320,1000,USD,-,1500
1681,24,جامعة أسكودار,Altunizade Main Campus,Altunizade Mh. University Street No:14 34662 Üsküdar / Istanbul / Turkey,إدارة الصحة,تركيا,إسطنبول,ماجستير بدون أطروحة,التركية,متاح,#28D094,2026-2027,4400,4400,3960,1000,USD,-,1500
1680,24,جامعة أسكودار,Altunizade Main Campus,Altunizade Mh. University Street No:14 34662 Üsküdar / Istanbul / Turkey,إدارة الصحة,تركيا,إسطنبول,ماجستير مع أطروحة,التركية,متاح,#28D094,2026-2027,4800,4800,4320,1000,USD,-,1500
1679,24,جامعة أسكودار,Altunizade Main Campus,Altunizade Mh. University Street No:14 34662 Üsküdar / Istanbul / Turkey,المعلوماتية الصحية,تركيا,إسطنبول,ماجستير بدون أطروحة,التركية,متاح,#28D094,2026-2027,4400,4400,3960,1000,USD,-,1500
1678,24,جامعة أسكودار,Altunizade Main Campus,Altunizade Mh. University Street No:14 34662 Üsküdar / Istanbul / Turkey,المعلوماتية الصحية,تركيا,إسطنبول,ماجستير مع أطروحة,التركية,متاح,#28D094,2026-2027,4800,4800,4320,1000,USD,-,1500
1677,24,جامعة أسكودار,Altunizade Main Campus,Altunizade Mh. University Street No:14 34662 Üsküdar / Istanbul / Turkey,تمريض,تركيا,إسطنبول,ماجستير بدون أطروحة,التركية,متاح,#28D094,2026-2027,4400,4400,3960,1000,USD,-,1500
1676,24,جامعة أسكودار,Altunizade Main Campus,Altunizade Mh. University Street No:14 34662 Üsküdar / Istanbul / Turkey,تمريض,تركيا,إسطنبول,ماجستير مع أطروحة,التركية,متاح,#28D094,2026-2027,4800,4800,4320,1000,USD,-,1500
1675,24,جامعة أسكودار,Altunizade Main Campus,Altunizade Mh. University Street No:14 34662 Üsküdar / Istanbul / Turkey,تنمية الطفل,تركيا,إسطنبول,ماجستير بدون أطروحة,التركية,متاح,#28D094,2026-2027,4400,4400,3960,1000,USD,-,1500
1674,24,جامعة أسكودار,Altunizade Main Campus,Altunizade Mh. University Street No:14 34662 Üsküdar / Istanbul / Turkey,تنمية الطفل,تركيا,إسطنبول,ماجستير مع أطروحة,التركية,متاح,#28D094,2026-2027,4800,4800,4320,1000,USD,-,1500
1673,24,جامعة أسكودار,Altunizade Main Campus,Altunizade Mh. University Street No:14 34662 Üsküdar / Istanbul / Turkey,استشارات الإدمان وإعادة التأهيل,تركيا,إسطنبول,ماجستير بدون أطروحة,التركية,متاح,#28D094,2026-2027,4400,4400,3960,1000,USD,-,1500
1672,24,جامعة أسكودار,Altunizade Main Campus,Altunizade Mh. University Street No:14 34662 Üsküdar / Istanbul / Turkey,استشارات الإدمان وإعادة التأهيل,تركيا,إسطنبول,ماجستير مع أطروحة,التركية,متاح,#28D094,2026-2027,4800,4800,4320,1000,USD,-,1500
1671,24,جامعة أسكودار,Altunizade Main Campus,Altunizade Mh. University Street No:14 34662 Üsküdar / Istanbul / Turkey,فكر وتاريخ وأدب الحضارة الإسلامية,تركيا,إسطنبول,دكتوراه,التركية,متاح,#28D094,2026-2027,13300,13300,11970,1000,USD,-,1500
1670,24,جامعة أسكودار,Altunizade Main Campus,Altunizade Mh. University Street No:14 34662 Üsküdar / Istanbul / Turkey,الثقافة والأدب الصوفي,تركيا,إسطنبول,ماجستير بدون أطروحة,التركية,متاح,#28D094,2026-2027,7500,7500,6750,1000,USD,-,1500
1669,24,جامعة أسكودار,Altunizade Main Campus,Altunizade Mh. University Street No:14 34662 Üsküdar / Istanbul / Turkey,الثقافة والأدب الصوفي,تركيا,إسطنبول,ماجستير مع أطروحة,التركية,متاح,#28D094,2026-2027,9150,9150,8235,1000,USD,-,1500
1668,24,جامعة أسكودار,Altunizade Main Campus,Altunizade Mh. University Street No:14 34662 Üsküdar / Istanbul / Turkey,تصميم الاتصالات المرئية,تركيا,إسطنبول,دكتوراه,التركية,متاح,#28D094,2026-2027,7800,7800,7020,1000,USD,-,1500
1667,24,جامعة أسكودار,Altunizade Main Campus,Altunizade Mh. University Street No:14 34662 Üsküdar / Istanbul / Turkey,علم النفس,تركيا,إسطنبول,دكتوراه,التركية,متاح,#28D094,2026-2027,19100,19100,17190,1000,USD,-,1500
1666,24,جامعة أسكودار,Altunizade Main Campus,Altunizade Mh. University Street No:14 34662 Üsküdar / Istanbul / Turkey,وسائل الإعلام الجديدة والاتصالات,تركيا,إسطنبول,دكتوراه,التركية,متاح,#28D094,2026-2027,7800,7800,7020,1000,USD,-,1500
1665,24,جامعة أسكودار,Altunizade Main Campus,Altunizade Mh. University Street No:14 34662 Üsküdar / Istanbul / Turkey,العلاقات الدولية,تركيا,إسطنبول,دكتوراه,التركية,متاح,#28D094,2026-2027,7800,7800,7020,1000,USD,-,1500
1664,24,جامعة أسكودار,Altunizade Main Campus,Altunizade Mh. University Street No:14 34662 Üsküdar / Istanbul / Turkey,تصميم الاتصالات المرئية,تركيا,إسطنبول,ماجستير بدون أطروحة,التركية,متاح,#28D094,2026-2027,4400,4400,3960,1000,USD,-,1500
1663,24,جامعة أسكودار,Altunizade Main Campus,Altunizade Mh. University Street No:14 34662 Üsküdar / Istanbul / Turkey,تصميم الاتصالات المرئية,تركيا,إسطنبول,ماجستير مع أطروحة,التركية,متاح,#28D094,2026-2027,4800,4800,4320,1000,USD,-,1500
1662,24,جامعة أسكودار,Altunizade Main Campus,Altunizade Mh. University Street No:14 34662 Üsküdar / Istanbul / Turkey,علم الاجتماع,تركيا,إسطنبول,ماجستير بدون أطروحة,التركية,متاح,#28D094,2026-2027,4400,4400,3960,1000,USD,-,1500
1661,24,جامعة أسكودار,Altunizade Main Campus,Altunizade Mh. University Street No:14 34662 Üsküdar / Istanbul / Turkey,علم الاجتماع,تركيا,إسطنبول,ماجستير مع أطروحة,التركية,متاح,#28D094,2026-2027,4800,4800,4320,1000,USD,-,1500
1660,24,جامعة أسكودار,Altunizade Main Campus,Altunizade Mh. University Street No:14 34662 Üsküdar / Istanbul / Turkey,العلاقات العامة والإعلان,تركيا,إسطنبول,ماجستير بدون أطروحة,التركية,متاح,#28D094,2026-2027,4400,4400,3960,1000,USD,-,1500
1659,24,جامعة أسكودار,Altunizade Main Campus,Altunizade Mh. University Street No:14 34662 Üsküdar / Istanbul / Turkey,العلاقات العامة والإعلان,تركيا,إسطنبول,ماجستير مع أطروحة,التركية,متاح,#28D094,2026-2027,4800,4800,4320,1000,USD,-,1500
1658,24,جامعة أسكودار,Altunizade Main Campus,Altunizade Mh. University Street No:14 34662 Üsküdar / Istanbul / Turkey,فلسفة,تركيا,إسطنبول,ماجستير بدون أطروحة,التركية,متاح,#28D094,2026-2027,4400,4400,3960,1000,USD,-,1500
1657,24,جامعة أسكودار,Altunizade Main Campus,Altunizade Mh. University Street No:14 34662 Üsküdar / Istanbul / Turkey,فلسفة,تركيا,إسطنبول,ماجستير مع أطروحة,التركية,متاح,#28D094,2026-2027,4800,4800,4320,1000,USD,-,1500
1656,24,جامعة أسكودار,Altunizade Main Campus,Altunizade Mh. University Street No:14 34662 Üsküdar / Istanbul / Turkey,الإعلام الجديد والصحافة,تركيا,إسطنبول,ماجستير بدون أطروحة,التركية,متاح,#28D094,2026-2027,4400,4400,3960,1000,USD,-,1500
1655,24,جامعة أسكودار,Altunizade Main Campus,Altunizade Mh. University Street No:14 34662 Üsküdar / Istanbul / Turkey,الإعلام الجديد والصحافة,تركيا,إسطنبول,ماجستير مع أطروحة,التركية,متاح,#28D094,2026-2027,4800,4800,4320,1000,USD,-,1500
1654,24,جامعة أسكودار,Altunizade Main Campus,Altunizade Mh. University Street No:14 34662 Üsküdar / Istanbul / Turkey,التسويق العصبي,تركيا,إسطنبول,ماجستير بدون أطروحة,التركية,متاح,#28D094,2026-2027,4400,4400,3960,1000,USD,-,1500
1653,24,جامعة أسكودار,Altunizade Main Campus,Altunizade Mh. University Street No:14 34662 Üsküdar / Istanbul / Turkey,التسويق العصبي,تركيا,إسطنبول,ماجستير مع أطروحة,التركية,متاح,#28D094,2026-2027,4800,4800,4320,1000,USD,-,1500
1652,24,جامعة أسكودار,Altunizade Main Campus,Altunizade Mh. University Street No:14 34662 Üsküdar / Istanbul / Turkey,دراسات الإعلام والثقافة,تركيا,إسطنبول,ماجستير بدون أطروحة,التركية,متاح,#28D094,2026-2027,4400,4400,3960,1000,USD,-,1500
1651,24,جامعة أسكودار,Altunizade Main Campus,Altunizade Mh. University Street No:14 34662 Üsküdar / Istanbul / Turkey,دراسات الإعلام والثقافة,تركيا,إسطنبول,ماجستير مع أطروحة,التركية,متاح,#28D094,2026-2027,4800,4800,4320,1000,USD,-,1500
1650,24,جامعة أسكودار,Altunizade Main Campus,Altunizade Mh. University Street No:14 34662 Üsküdar / Istanbul / Turkey,العلاقات الدولية,تركيا,إسطنبول,ماجستير بدون أطروحة,التركية,متاح,#28D094,2026-2027,4400,4400,3960,1000,USD,-,1500
1649,24,جامعة أسكودار,Altunizade Main Campus,Altunizade Mh. University Street No:14 34662 Üsküdar / Istanbul / Turkey,العلاقات الدولية,تركيا,إسطنبول,ماجستير مع أطروحة,التركية,متاح,#28D094,2026-2027,4800,4800,4320,1000,USD,-,1500
1648,24,جامعة أسكودار,Altunizade Main Campus,Altunizade Mh. University Street No:14 34662 Üsküdar / Istanbul / Turkey,استشارات عائلية,تركيا,إسطنبول,ماجستير بدون أطروحة,التركية,متاح,#28D094,2026-2027,4400,4400,3960,1000,USD,-,1500
1647,24,جامعة أسكودار,Altunizade Main Campus,Altunizade Mh. University Street No:14 34662 Üsküdar / Istanbul / Turkey,استشارات عائلية,تركيا,إسطنبول,ماجستير مع أطروحة,التركية,متاح,#28D094,2026-2027,4800,4800,4320,1000,USD,-,1500
1646,24,جامعة أسكودار,Altunizade Main Campus,Altunizade Mh. University Street No:14 34662 Üsküdar / Istanbul / Turkey,علم النفس العيادي,تركيا,إسطنبول,ماجستير بدون أطروحة,التركية,متاح,#28D094,2026-2027,15200,15200,13680,1000,USD,-,1500
1645,24,جامعة أسكودار,Altunizade Main Campus,Altunizade Mh. University Street No:14 34662 Üsküdar / Istanbul / Turkey,علم النفس العيادي,تركيا,إسطنبول,ماجستير مع أطروحة,التركية,متاح,#28D094,2026-2027,17400,17400,15660,1000,USD,-,1500
1644,24,جامعة أسكودار,Altunizade Main Campus,Altunizade Mh. University Street No:14 34662 Üsküdar / Istanbul / Turkey,علم النفس التطبيقي,تركيا,إسطنبول,ماجستير بدون أطروحة,التركية,متاح,#28D094,2026-2027,6300,6300,5670,1000,USD,-,1500
1643,24,جامعة أسكودار,Altunizade Main Campus,Altunizade Mh. University Street No:14 34662 Üsküdar / Istanbul / Turkey,علم النفس التطبيقي,تركيا,إسطنبول,ماجستير مع أطروحة,التركية,متاح,#28D094,2026-2027,7300,7300,6570,1000,USD,-,1500
1642,24,جامعة أسكودار,NP Health Campus,Saray Mahallesi Ahmet Tevfik İleri Caddesi No:5 Ümraniye / Istanbul,علاج النطق واللغة,تركيا,إسطنبول,بكالوريوس,التركية,متاح,#28D094,2026-2027,4200,4200,3800,1000,USD,-,1500
1641,24,جامعة أسكودار,Çarşı Campus,Mimar Sinan Mah. Selman-ı Pak Cad. İsmail Dümbüllü Sok. No:4 34664 Üsküdar / Istanbul,العمل الاجتماعي,تركيا,إسطنبول,بكالوريوس,التركية,متاح,#28D094,2026-2027,4200,4200,3800,1000,USD,-,1500
1640,24,جامعة أسكودار,NP Health Campus,Saray Mahallesi Ahmet Tevfik İleri Caddesi No:5 Ümraniye / Istanbul,العلاج الطبيعي والتأهيل,تركيا,إسطنبول,بكالوريوس,التركية,متاح,#28D094,2026-2027,4200,4200,3800,1000,USD,-,1500
1639,24,جامعة أسكودار,NP Health Campus,Saray Mahallesi Ahmet Tevfik İleri Caddesi No:5 Ümraniye / Istanbul,نضح,تركيا,إسطنبول,بكالوريوس,التركية,متاح,#28D094,2026-2027,4200,4200,3800,1000,USD,-,1500
1638,24,جامعة أسكودار,NP Health Campus,Saray Mahallesi Ahmet Tevfik İleri Caddesi No:5 Ümraniye / Istanbul,العلاج الوظيفي,تركيا,إسطنبول,بكالوريوس,التركية,متاح,#28D094,2026-2027,4200,4200,3800,1000,USD,-,1500
1637,24,جامعة أسكودار,Çarşı Campus,Mimar Sinan Mah. Selman-ı Pak Cad. İsmail Dümbüllü Sok. No:4 34664 Üsküdar / Istanbul,الصحة والسلامة المهنية,تركيا,إسطنبول,بكالوريوس,التركية,متاح,#28D094,2026-2027,4200,4200,3800,1000,USD,-,1500
1636,24,جامعة أسكودار,NP Health Campus,Saray Mahallesi Ahmet Tevfik İleri Caddesi No:5 Ümraniye / Istanbul,التغذية وعلم الحمية,تركيا,إسطنبول,بكالوريوس,التركية,متاح,#28D094,2026-2027,4200,4200,3800,1000,USD,-,1500
1635,24,جامعة أسكودار,NP Health Campus,Saray Mahallesi Ahmet Tevfik İleri Caddesi No:5 Ümraniye / Istanbul,تمريض,تركيا,إسطنبول,بكالوريوس,التركية,متاح,#28D094,2026-2027,4200,4200,3800,1000,USD,-,1500
1634,24,جامعة أسكودار,NP Health Campus,Saray Mahallesi Ahmet Tevfik İleri Caddesi No:5 Ümraniye / Istanbul,القبالة,تركيا,إسطنبول,بكالوريوس,التركية,متاح,#28D094,2026-2027,4200,4200,3800,1000,USD,-,1500
1633,24,جامعة أسكودار,Çarşı Campus,Mimar Sinan Mah. Selman-ı Pak Cad. İsmail Dümbüllü Sok. No:4 34664 Üsküdar / Istanbul,إدارة الصحة,تركيا,إسطنبول,بكالوريوس,التركية,متاح,#28D094,2026-2027,4200,4200,3800,1000,USD,-,1500
1632,24,جامعة أسكودار,Çarşı Campus,Mimar Sinan Mah. Selman-ı Pak Cad. İsmail Dümbüllü Sok. No:4 34664 Üsküdar / Istanbul,تنمية الطفل,تركيا,إسطنبول,بكالوريوس,التركية,متاح,#28D094,2026-2027,4200,4200,3800,1000,USD,-,1500
1631,24,جامعة أسكودار,NP Health Campus,Saray Mahallesi Ahmet Tevfik İleri Caddesi No:5 Ümraniye / Istanbul,علم السمع,تركيا,إسطنبول,بكالوريوس,التركية,متاح,#28D094,2026-2027,4200,4200,3800,1000,USD,-,1500
1630,24,جامعة أسكودار,Altunizade Main Campus,Altunizade Mh. University Street No:14 34662 Üsküdar / Istanbul / Turkey,هندسة البرمجيات,تركيا,إسطنبول,بكالوريوس,الإنجليزية,متاح,#28D094,2026-2027,5600,5600,5000,1000,USD,-,4400
1629,24,جامعة أسكودار,Altunizade Main Campus,Altunizade Mh. University Street No:14 34662 Üsküdar / Istanbul / Turkey,البيولوجيا الجزيئية وعلم الوراثة,تركيا,إسطنبول,بكالوريوس,التركية,متاح,#28D094,2026-2027,4200,4200,3800,1000,USD,-,1500
1628,24,جامعة أسكودار,Altunizade Main Campus,Altunizade Mh. University Street No:14 34662 Üsküdar / Istanbul / Turkey,البيولوجيا الجزيئية وعلم الوراثة,تركيا,إسطنبول,بكالوريوس,الإنجليزية,متاح,#28D094,2026-2027,5000,5000,4500,1000,USD,-,4400
1627,24,جامعة أسكودار,Altunizade Main Campus,Altunizade Mh. University Street No:14 34662 Üsküdar / Istanbul / Turkey,الهندسة الصناعية,تركيا,إسطنبول,بكالوريوس,الإنجليزية,متاح,#28D094,2026-2027,4400,4400,3960,1000,USD,-,4400
1626,24,جامعة أسكودار,Altunizade Main Campus,Altunizade Mh. University Street No:14 34662 Üsküdar / Istanbul / Turkey,علم الطب الشرعي,تركيا,إسطنبول,بكالوريوس,التركية,متاح,#28D094,2026-2027,4200,4200,3800,1000,USD,-,1500
1625,24,جامعة أسكودار,Altunizade Main Campus,Altunizade Mh. University Street No:14 34662 Üsküdar / Istanbul / Turkey,الهندسة الكهربائية والإلكترونية,تركيا,إسطنبول,بكالوريوس,الإنجليزية,متاح,#28D094,2026-2027,5000,5000,4500,1000,USD,-,4400
1624,24,جامعة أسكودار,Altunizade Main Campus,Altunizade Mh. University Street No:14 34662 Üsküdar / Istanbul / Turkey,هندسة الكمبيوتر,تركيا,إسطنبول,بكالوريوس,الإنجليزية,متاح,#28D094,2026-2027,5600,5600,5000,1000,USD,-,4400
1623,24,جامعة أسكودار,Altunizade Main Campus,Altunizade Mh. University Street No:14 34662 Üsküdar / Istanbul / Turkey,الهندسة الكيميائية,تركيا,إسطنبول,بكالوريوس,الإنجليزية,متاح,#28D094,2026-2027,5000,5000,4500,1000,USD,-,4400
1622,24,جامعة أسكودار,Altunizade Main Campus,Altunizade Mh. University Street No:14 34662 Üsküdar / Istanbul / Turkey,الهندسة الحيوية,تركيا,إسطنبول,بكالوريوس,الإنجليزية,متاح,#28D094,2026-2027,5000,5000,4500,1000,USD,-,4400
1621,24,جامعة أسكودار,Altunizade South Campus,Altunizade Mh. Mahir Iz Cd. No:23 34674 Üsküdar / Istanbul / Turkey,علم الاجتماع,تركيا,إسطنبول,بكالوريوس,التركية,متاح,#28D094,2026-2027,4200,4200,3800,1000,USD,-,1500
1620,24,جامعة أسكودار,Altunizade South Campus,Altunizade Mh. Mahir Iz Cd. No:23 34674 Üsküdar / Istanbul / Turkey,علم النفس,تركيا,إسطنبول,بكالوريوس,التركية,متاح,#28D094,2026-2027,4200,4200,3800,1000,USD,-,1500
1619,24,جامعة أسكودار,Altunizade South Campus,Altunizade Mh. Mahir Iz Cd. No:23 34674 Üsküdar / Istanbul / Turkey,علم النفس,تركيا,إسطنبول,بكالوريوس,الإنجليزية,متاح,#28D094,2026-2027,5600,5600,5000,1000,USD,-,4400
1618,24,جامعة أسكودار,Altunizade South Campus,Altunizade Mh. Mahir Iz Cd. No:23 34674 Üsküdar / Istanbul / Turkey,العلوم السياسية والعلاقات الدولية,تركيا,إسطنبول,بكالوريوس,التركية,متاح,#28D094,2026-2027,4200,4200,3800,1000,USD,-,1500
1617,24,جامعة أسكودار,Altunizade South Campus,Altunizade Mh. Mahir Iz Cd. No:23 34674 Üsküdar / Istanbul / Turkey,العلوم السياسية والعلاقات الدولية,تركيا,إسطنبول,بكالوريوس,الإنجليزية,متاح,#28D094,2026-2027,4400,4400,3960,1000,USD,-,4400
1616,24,جامعة أسكودار,Altunizade South Campus,Altunizade Mh. Mahir Iz Cd. No:23 34674 Üsküdar / Istanbul / Turkey,فلسفة,تركيا,إسطنبول,بكالوريوس,التركية,متاح,#28D094,2026-2027,4200,4200,3800,1000,USD,-,1500
1615,24,جامعة أسكودار,Altunizade South Campus,Altunizade Mh. Mahir Iz Cd. No:23 34674 Üsküdar / Istanbul / Turkey,نظم المعلومات الإدارية,تركيا,إسطنبول,بكالوريوس,التركية,متاح,#28D094,2026-2027,4200,4200,3800,1000,USD,-,1500
1614,24,جامعة أسكودار,Altunizade South Campus,Altunizade Mh. Mahir Iz Cd. No:23 34674 Üsküdar / Istanbul / Turkey,التاريخ,تركيا,إسطنبول,بكالوريوس,التركية,متاح,#28D094,2026-2027,4200,4200,3800,1000,USD,-,1500
1613,24,جامعة أسكودار,Altunizade South Campus,Altunizade Mh. Mahir Iz Cd. No:23 34674 Üsküdar / Istanbul / Turkey,الترجمة التحريرية والفورية الإنجليزية,تركيا,إسطنبول,بكالوريوس,الإنجليزية,متاح,#28D094,2026-2027,4400,4400,3960,1000,USD,-,4400
1612,24,جامعة أسكودار,Altunizade South Campus,Altunizade Mh. Mahir Iz Cd. No:23 34674 Üsküdar / Istanbul / Turkey,تصميم الاتصالات المرئية,تركيا,إسطنبول,بكالوريوس,التركية,متاح,#28D094,2026-2027,4200,4200,3800,1000,USD,-,1500
1611,24,جامعة أسكودار,Altunizade South Campus,Altunizade Mh. Mahir Iz Cd. No:23 34674 Üsküdar / Istanbul / Turkey,الإذاعة والتلفزيون والسينما,تركيا,إسطنبول,بكالوريوس,التركية,متاح,#28D094,2026-2027,4200,4200,3800,1000,USD,-,1500
1610,24,جامعة أسكودار,Altunizade South Campus,Altunizade Mh. Mahir Iz Cd. No:23 34674 Üsküdar / Istanbul / Turkey,العلاقات العامة والدعاية,تركيا,إسطنبول,بكالوريوس,التركية,متاح,#28D094,2026-2027,4200,4200,3800,1000,USD,-,1500
1609,24,جامعة أسكودار,Altunizade South Campus,Altunizade Mh. Mahir Iz Cd. No:23 34674 Üsküdar / Istanbul / Turkey,وسائل الإعلام الجديدة والاتصالات,تركيا,إسطنبول,بكالوريوس,التركية,متاح,#28D094,2026-2027,4200,4200,3800,1000,USD,-,1500
1608,24,جامعة أسكودار,Altunizade South Campus,Altunizade Mh. Mahir Iz Cd. No:23 34674 Üsküdar / Istanbul / Turkey,وسائل الإعلام الجديدة والاتصالات,تركيا,إسطنبول,بكالوريوس,الإنجليزية,متاح,#28D094,2026-2027,4400,4400,3960,1000,USD,-,4400
1607,24,جامعة أسكودار,Altunizade South Campus,Altunizade Mh. Mahir Iz Cd. No:23 34674 Üsküdar / Istanbul / Turkey,الصحافة,تركيا,إسطنبول,بكالوريوس,التركية,متاح,#28D094,2026-2027,4200,4200,3800,1000,USD,-,1500
1606,24,جامعة أسكودار,Altunizade South Campus,Altunizade Mh. Mahir Iz Cd. No:23 34674 Üsküdar / Istanbul / Turkey,الرسوم المتحركة والرسوم المتحركة,تركيا,إسطنبول,بكالوريوس,التركية,متاح,#28D094,2026-2027,4200,4200,3800,1000,USD,-,1500
1605,24,جامعة أسكودار,Altunizade South Campus,Altunizade Mh. Mahir Iz Cd. No:23 34674 Üsküdar / Istanbul / Turkey,الإعلان,تركيا,إسطنبول,بكالوريوس,التركية,متاح,#28D094,2026-2027,4200,4200,3800,1000,USD,-,1500
1604,24,جامعة أسكودار,NP Health Campus,Saray Mahallesi Ahmet Tevfik İleri Caddesi No:5 Ümraniye / Istanbul,طب الأسنان,تركيا,إسطنبول,بكالوريوس,التركية,متاح,#28D094,2026-2027,16000,16000,14400,5000,USD,-,1500
1603,24,جامعة أسكودار,NP Health Campus,Saray Mahallesi Ahmet Tevfik İleri Caddesi No:5 Ümraniye / Istanbul,طب الأسنان,تركيا,إسطنبول,بكالوريوس,الإنجليزية,متاح,#28D094,2026-2027,22000,22000,19800,5000,USD,-,4400
1602,24,جامعة أسكودار,Faculty of Medicine NP Campus,Saray Mahallesi Siteyolu Cd. No:10-13 Ümraniye / Istanbul / Turkey,الطب البشري,تركيا,إسطنبول,بكالوريوس,التركية,متاح,#28D094,2026-2027,18000,18000,16200,5000,USD,-,1500
1601,24,جامعة أسكودار,Faculty of Medicine NP Campus,Saray Mahallesi Siteyolu Cd. No:10-13 Ümraniye / Istanbul / Turkey,الطب البشري,تركيا,إسطنبول,بكالوريوس,الإنجليزية,متاح,#28D094,2026-2027,24000,24000,21600,5000,USD,-,4400
1600,23,جامعة إسطنبول أوكان,Mecidiyekoy Campus,Avni Dilligil Sok. No:18 34394 Mecidiyeköy / İstanbul,القانون العام,تركيا,إسطنبول,دكتوراه,التركية,متاح,#28D094,2026-2027,7000,6650,6650,2500,USD,-,2000
1599,23,جامعة إسطنبول أوكان,Mecidiyekoy Campus,Avni Dilligil Sok. No:18 34394 Mecidiyeköy / İstanbul,القانون الخاص,تركيا,إسطنبول,دكتوراه,التركية,متاح,#28D094,2026-2027,7000,6650,6650,2500,USD,-,2000
1598,23,جامعة إسطنبول أوكان,Mecidiyekoy Campus,Avni Dilligil Sok. No:18 34394 Mecidiyeköy / İstanbul,طب اللثة,تركيا,إسطنبول,دكتوراه,التركية,متاح,#28D094,2026-2027,15000,14250,14250,2500,USD,-,2000
1597,23,جامعة إسطنبول أوكان,Mecidiyekoy Campus,Avni Dilligil Sok. No:18 34394 Mecidiyeköy / İstanbul,تقويم الأسنان,تركيا,إسطنبول,دكتوراه,التركية,متاح,#28D094,2026-2027,15000,14250,14250,2500,USD,-,2000
1596,23,جامعة إسطنبول أوكان,Mecidiyekoy Campus,Avni Dilligil Sok. No:18 34394 Mecidiyeköy / İstanbul,التغذية وعلم الحمية,تركيا,إسطنبول,دكتوراه,التركية,متاح,#28D094,2026-2027,7000,6650,6650,2500,USD,-,2000
1595,23,جامعة إسطنبول أوكان,Mecidiyekoy Campus,Avni Dilligil Sok. No:18 34394 Mecidiyeköy / İstanbul,تمريض,تركيا,إسطنبول,دكتوراه,التركية,متاح,#28D094,2026-2027,7000,6650,6650,2500,USD,-,2000
1594,23,جامعة إسطنبول أوكان,Mecidiyekoy Campus,Avni Dilligil Sok. No:18 34394 Mecidiyeköy / İstanbul,الموسيقى,تركيا,إسطنبول,دكتوراه,التركية,متاح,#28D094,2026-2027,7000,6650,6650,2500,USD,-,2000
1593,23,جامعة إسطنبول أوكان,Mecidiyekoy Campus,Avni Dilligil Sok. No:18 34394 Mecidiyeköy / İstanbul,هندسة الميكاترونكس,تركيا,إسطنبول,دكتوراه,الإنجليزية,متاح,#28D094,2026-2027,9000,8550,8550,2500,USD,-,3000
1592,23,جامعة إسطنبول أوكان,Mecidiyekoy Campus,Avni Dilligil Sok. No:18 34394 Mecidiyeköy / İstanbul,تخطيط وإدارة الأراضي,تركيا,إسطنبول,دكتوراه,التركية,متاح,#28D094,2026-2027,7000,6650,6650,2500,USD,-,2000
1591,23,جامعة إسطنبول أوكان,Mecidiyekoy Campus,Avni Dilligil Sok. No:18 34394 Mecidiyeköy / İstanbul,إدارة الصحة,تركيا,إسطنبول,دكتوراه,التركية,متاح,#28D094,2026-2027,7000,6650,6650,2500,USD,-,2000
1590,23,جامعة إسطنبول أوكان,Mecidiyekoy Campus,Avni Dilligil Sok. No:18 34394 Mecidiyeköy / İstanbul,علاج جذور الأسنان,تركيا,إسطنبول,دكتوراه,التركية,متاح,#28D094,2026-2027,15000,14250,14250,2500,USD,-,2000
1589,23,جامعة إسطنبول أوكان,Mecidiyekoy Campus,Avni Dilligil Sok. No:18 34394 Mecidiyeköy / İstanbul,الإدارة والإشراف التربوي,تركيا,إسطنبول,دكتوراه,التركية,متاح,#28D094,2026-2027,7000,6650,6650,2500,USD,-,2000
1588,23,جامعة إسطنبول أوكان,Mecidiyekoy Campus,Avni Dilligil Sok. No:18 34394 Mecidiyeköy / İstanbul,هندسة الكمبيوتر,تركيا,إسطنبول,دكتوراه,التركية,متاح,#28D094,2026-2027,7000,6650,6650,2500,USD,-,2000
1587,23,جامعة إسطنبول أوكان,Mecidiyekoy Campus,Avni Dilligil Sok. No:18 34394 Mecidiyeköy / İstanbul,السينما والتلفزيون,تركيا,إسطنبول,دكتوراه,التركية,متاح,#28D094,2026-2027,7000,6650,6650,2500,USD,-,2000
1586,23,جامعة إسطنبول أوكان,Mecidiyekoy Campus,Avni Dilligil Sok. No:18 34394 Mecidiyeköy / İstanbul,إدارة الأعمال,تركيا,إسطنبول,دكتوراه,التركية,متاح,#28D094,2026-2027,7000,6650,6650,2500,USD,-,2000
1585,23,جامعة إسطنبول أوكان,Mecidiyekoy Campus,Avni Dilligil Sok. No:18 34394 Mecidiyeköy / İstanbul,إدارة الأعمال,تركيا,إسطنبول,دكتوراه,الإنجليزية,متاح,#28D094,2026-2027,9000,8550,8550,2500,USD,-,3000
1584,23,جامعة إسطنبول أوكان,Mecidiyekoy Campus,Avni Dilligil Sok. No:18 34394 Mecidiyeköy / İstanbul,الخدمات المصرفية,تركيا,إسطنبول,دكتوراه,التركية,متاح,#28D094,2026-2027,7000,6650,6650,2500,USD,-,2000
1583,23,جامعة إسطنبول أوكان,Mecidiyekoy Campus,Avni Dilligil Sok. No:18 34394 Mecidiyeköy / İstanbul,العمارة,تركيا,إسطنبول,دكتوراه,التركية,متاح,#28D094,2026-2027,7000,6650,6650,2500,USD,-,2000
1582,23,جامعة إسطنبول أوكان,Mecidiyekoy Campus,Avni Dilligil Sok. No:18 34394 Mecidiyeköy / İstanbul,العمارة,تركيا,إسطنبول,دكتوراه,الإنجليزية,متاح,#28D094,2026-2027,9000,8550,8550,2500,USD,-,3000
1581,23,جامعة إسطنبول أوكان,Mecidiyekoy Campus,Avni Dilligil Sok. No:18 34394 Mecidiyeköy / İstanbul,علم النفس التطبيقي,تركيا,إسطنبول,دكتوراه,التركية,متاح,#28D094,2026-2027,7000,6650,6650,2500,USD,-,2000
1580,23,جامعة إسطنبول أوكان,Mecidiyekoy Campus,Avni Dilligil Sok. No:18 34394 Mecidiyeköy / İstanbul,المحاسبة والتدقيق,تركيا,إسطنبول,دكتوراه,التركية,متاح,#28D094,2026-2027,7000,6650,6650,2500,USD,-,2000
1579,23,جامعة إسطنبول أوكان,Mecidiyekoy Campus,Avni Dilligil Sok. No:18 34394 Mecidiyeköy / İstanbul,التجديد الحضري,تركيا,إسطنبول,ماجستير بدون أطروحة,التركية,متاح,#28D094,2026-2027,3500,3325,3325,1000,USD,-,2000
1578,23,جامعة إسطنبول أوكان,Mecidiyekoy Campus,Avni Dilligil Sok. No:18 34394 Mecidiyeköy / İstanbul,التجديد الحضري,تركيا,إسطنبول,ماجستير مع أطروحة,التركية,متاح,#28D094,2026-2027,4500,4275,4275,1000,USD,-,2000
1577,23,جامعة إسطنبول أوكان,Mecidiyekoy Campus,Avni Dilligil Sok. No:18 34394 Mecidiyeköy / İstanbul,دراسات الترجمة,تركيا,إسطنبول,ماجستير بدون أطروحة,التركية,متاح,#28D094,2026-2027,3500,3325,3325,1000,USD,-,2000
1576,23,جامعة إسطنبول أوكان,Mecidiyekoy Campus,Avni Dilligil Sok. No:18 34394 Mecidiyeköy / İstanbul,دراسات الترجمة,تركيا,إسطنبول,ماجستير مع أطروحة,التركية,متاح,#28D094,2026-2027,4500,4275,4275,1000,USD,-,2000
1575,23,جامعة إسطنبول أوكان,Mecidiyekoy Campus,Avni Dilligil Sok. No:18 34394 Mecidiyeköy / İstanbul,السياحة والضيافة,تركيا,إسطنبول,ماجستير بدون أطروحة,التركية,متاح,#28D094,2026-2027,3500,3325,3325,1000,USD,-,2000
1574,23,جامعة إسطنبول أوكان,Mecidiyekoy Campus,Avni Dilligil Sok. No:18 34394 Mecidiyeköy / İstanbul,السياحة والضيافة,تركيا,إسطنبول,ماجستير مع أطروحة,التركية,متاح,#28D094,2026-2027,4500,4275,4275,1000,USD,-,2000
1573,23,جامعة إسطنبول أوكان,Mecidiyekoy Campus,Avni Dilligil Sok. No:18 34394 Mecidiyeköy / İstanbul,إدارة السياحة,تركيا,إسطنبول,ماجستير مع أطروحة,التركية,متاح,#28D094,2026-2027,4500,4275,4275,1000,USD,-,2000
1572,23,جامعة إسطنبول أوكان,Mecidiyekoy Campus,Avni Dilligil Sok. No:18 34394 Mecidiyeköy / İstanbul,فسيولوجيا الرياضة,تركيا,إسطنبول,ماجستير بدون أطروحة,التركية,متاح,#28D094,2026-2027,3500,3325,3325,1000,USD,-,2000
1571,23,جامعة إسطنبول أوكان,Mecidiyekoy Campus,Avni Dilligil Sok. No:18 34394 Mecidiyeköy / İstanbul,فسيولوجيا الرياضة,تركيا,إسطنبول,ماجستير مع أطروحة,التركية,متاح,#28D094,2026-2027,4500,4275,4275,1000,USD,-,2000
1570,23,جامعة إسطنبول أوكان,Mecidiyekoy Campus,Avni Dilligil Sok. No:18 34394 Mecidiyeköy / İstanbul,الإدارة الرياضية,تركيا,إسطنبول,ماجستير بدون أطروحة,التركية,متاح,#28D094,2026-2027,3500,3325,3325,1000,USD,-,2000
1569,23,جامعة إسطنبول أوكان,Mecidiyekoy Campus,Avni Dilligil Sok. No:18 34394 Mecidiyeköy / İstanbul,الإدارة الرياضية,تركيا,إسطنبول,ماجستير مع أطروحة,التركية,متاح,#28D094,2026-2027,4500,4275,4275,1000,USD,-,2000
1568,23,جامعة إسطنبول أوكان,Mecidiyekoy Campus,Avni Dilligil Sok. No:18 34394 Mecidiyeköy / İstanbul,الدراسات الاجتماعية والثقافية,تركيا,إسطنبول,ماجستير بدون أطروحة,التركية,متاح,#28D094,2026-2027,3500,3325,3325,1000,USD,-,2000
1567,23,جامعة إسطنبول أوكان,Mecidiyekoy Campus,Avni Dilligil Sok. No:18 34394 Mecidiyeköy / İstanbul,الدراسات الاجتماعية والثقافية,تركيا,إسطنبول,ماجستير مع أطروحة,التركية,متاح,#28D094,2026-2027,4500,4275,4275,1000,USD,-,2000
1566,23,جامعة إسطنبول أوكان,Mecidiyekoy Campus,Avni Dilligil Sok. No:18 34394 Mecidiyeköy / İstanbul,المبيعات والتسويق,تركيا,إسطنبول,ماجستير بدون أطروحة,التركية,متاح,#28D094,2026-2027,3500,3325,3325,1000,USD,-,2000
1565,23,جامعة إسطنبول أوكان,Mecidiyekoy Campus,Avni Dilligil Sok. No:18 34394 Mecidiyeköy / İstanbul,المبيعات والتسويق,تركيا,إسطنبول,ماجستير مع أطروحة,التركية,متاح,#28D094,2026-2027,4500,4275,4275,1000,USD,-,2000
1564,23,جامعة إسطنبول أوكان,Mecidiyekoy Campus,Avni Dilligil Sok. No:18 34394 Mecidiyeköy / İstanbul,التمويل العقاري والتقييم (تعليم عن بعد),تركيا,إسطنبول,ماجستير بدون أطروحة,التركية,متاح,#28D094,2026-2027,3500,3325,3325,1000,USD,-,2000
1563,23,جامعة إسطنبول أوكان,Mecidiyekoy Campus,Avni Dilligil Sok. No:18 34394 Mecidiyeköy / İstanbul,التمويل العقاري والتقييم,تركيا,إسطنبول,ماجستير بدون أطروحة,التركية,متاح,#28D094,2026-2027,3500,3325,3325,1000,USD,-,2000
1562,23,جامعة إسطنبول أوكان,Mecidiyekoy Campus,Avni Dilligil Sok. No:18 34394 Mecidiyeköy / İstanbul,التمويل العقاري والتقييم,تركيا,إسطنبول,ماجستير مع أطروحة,التركية,متاح,#28D094,2026-2027,4500,4275,4275,1000,USD,-,2000
1561,23,جامعة إسطنبول أوكان,Mecidiyekoy Campus,Avni Dilligil Sok. No:18 34394 Mecidiyeköy / İstanbul,إدارة الجودة في الصحة,تركيا,إسطنبول,ماجستير بدون أطروحة,التركية,متاح,#28D094,2026-2027,3500,3325,3325,1000,USD,-,2000
1560,23,جامعة إسطنبول أوكان,Mecidiyekoy Campus,Avni Dilligil Sok. No:18 34394 Mecidiyeköy / İstanbul,إدارة الجودة في الصحة,تركيا,إسطنبول,ماجستير مع أطروحة,التركية,متاح,#28D094,2026-2027,4500,4275,4275,1000,USD,-,2000
1559,23,جامعة إسطنبول أوكان,Mecidiyekoy Campus,Avni Dilligil Sok. No:18 34394 Mecidiyeköy / İstanbul,القانون العام,تركيا,إسطنبول,ماجستير بدون أطروحة,التركية,متاح,#28D094,2026-2027,3500,3325,3325,1000,USD,-,2000
1558,23,جامعة إسطنبول أوكان,Mecidiyekoy Campus,Avni Dilligil Sok. No:18 34394 Mecidiyeköy / İstanbul,القانون العام,تركيا,إسطنبول,ماجستير مع أطروحة,التركية,متاح,#28D094,2026-2027,4500,4275,4275,1000,USD,-,2000
1557,23,جامعة إسطنبول أوكان,Mecidiyekoy Campus,Avni Dilligil Sok. No:18 34394 Mecidiyeköy / İstanbul,علم النفس,تركيا,إسطنبول,ماجستير بدون أطروحة,التركية,متاح,#28D094,2026-2027,3500,3325,3325,1000,USD,-,2000
1556,23,جامعة إسطنبول أوكان,Mecidiyekoy Campus,Avni Dilligil Sok. No:18 34394 Mecidiyeköy / İstanbul,علم النفس,تركيا,إسطنبول,ماجستير مع أطروحة,التركية,متاح,#28D094,2026-2027,4500,4275,4275,1000,USD,-,2000
1555,23,جامعة إسطنبول أوكان,Mecidiyekoy Campus,Avni Dilligil Sok. No:18 34394 Mecidiyeköy / İstanbul,القانون الخاص,تركيا,إسطنبول,ماجستير بدون أطروحة,التركية,متاح,#28D094,2026-2027,3500,3325,3325,1000,USD,-,2000
1554,23,جامعة إسطنبول أوكان,Mecidiyekoy Campus,Avni Dilligil Sok. No:18 34394 Mecidiyeköy / İstanbul,القانون الخاص,تركيا,إسطنبول,ماجستير مع أطروحة,التركية,متاح,#28D094,2026-2027,4500,4275,4275,1000,USD,-,2000
1553,23,جامعة إسطنبول أوكان,Mecidiyekoy Campus,Avni Dilligil Sok. No:18 34394 Mecidiyeköy / İstanbul,تعليم ما قبل المدرسة,تركيا,إسطنبول,ماجستير بدون أطروحة,التركية,متاح,#28D094,2026-2027,3500,3325,3325,1000,USD,-,2000
1552,23,جامعة إسطنبول أوكان,Mecidiyekoy Campus,Avni Dilligil Sok. No:18 34394 Mecidiyeköy / İstanbul,تعليم ما قبل المدرسة,تركيا,إسطنبول,ماجستير مع أطروحة,التركية,متاح,#28D094,2026-2027,4500,4275,4275,1000,USD,-,2000
1551,23,جامعة إسطنبول أوكان,Mecidiyekoy Campus,Avni Dilligil Sok. No:18 34394 Mecidiyeköy / İstanbul,إلكترونيات الطاقة وأنظمة الطاقة النظيفة,تركيا,إسطنبول,ماجستير مع أطروحة,الإنجليزية,متاح,#28D094,2026-2027,6000,5700,5700,1000,USD,-,3000
1550,23,جامعة إسطنبول أوكان,Mecidiyekoy Campus,Avni Dilligil Sok. No:18 34394 Mecidiyeköy / İstanbul,العلاج الطبيعي والتأهيل,تركيا,إسطنبول,ماجستير بدون أطروحة,التركية,متاح,#28D094,2026-2027,3500,3325,3325,1000,USD,-,2000
1549,23,جامعة إسطنبول أوكان,Mecidiyekoy Campus,Avni Dilligil Sok. No:18 34394 Mecidiyeköy / İstanbul,العلاج الطبيعي والتأهيل,تركيا,إسطنبول,ماجستير مع أطروحة,التركية,متاح,#28D094,2026-2027,4500,4275,4275,1000,USD,-,2000
1548,23,جامعة إسطنبول أوكان,Mecidiyekoy Campus,Avni Dilligil Sok. No:18 34394 Mecidiyeköy / İstanbul,تلوين,تركيا,إسطنبول,ماجستير بدون أطروحة,التركية,متاح,#28D094,2026-2027,3500,3325,3325,1000,USD,-,2000
1547,23,جامعة إسطنبول أوكان,Mecidiyekoy Campus,Avni Dilligil Sok. No:18 34394 Mecidiyeköy / İstanbul,تلوين,تركيا,إسطنبول,ماجستير مع أطروحة,التركية,متاح,#28D094,2026-2027,4500,4275,4275,1000,USD,-,2000
1546,23,جامعة إسطنبول أوكان,Mecidiyekoy Campus,Avni Dilligil Sok. No:18 34394 Mecidiyeköy / İstanbul,جراحة الفم والوجه والفكين,تركيا,إسطنبول,ماجستير مع أطروحة,التركية,متاح,#28D094,2026-2027,4500,4275,4275,1000,USD,-,2000
1545,23,جامعة إسطنبول أوكان,Mecidiyekoy Campus,Avni Dilligil Sok. No:18 34394 Mecidiyeköy / İstanbul,الصحة والسلامة المهنية,تركيا,إسطنبول,ماجستير بدون أطروحة,التركية,متاح,#28D094,2026-2027,3500,3325,3325,1000,USD,-,2000
1544,23,جامعة إسطنبول أوكان,Mecidiyekoy Campus,Avni Dilligil Sok. No:18 34394 Mecidiyeköy / İstanbul,الصحة والسلامة المهنية,تركيا,إسطنبول,ماجستير مع أطروحة,التركية,متاح,#28D094,2026-2027,4500,4275,4275,1000,USD,-,2000
1543,23,جامعة إسطنبول أوكان,Mecidiyekoy Campus,Avni Dilligil Sok. No:18 34394 Mecidiyeköy / İstanbul,التغذية وعلم الحمية,تركيا,إسطنبول,ماجستير بدون أطروحة,التركية,متاح,#28D094,2026-2027,3500,3325,3325,1000,USD,-,2000
1542,23,جامعة إسطنبول أوكان,Mecidiyekoy Campus,Avni Dilligil Sok. No:18 34394 Mecidiyeköy / İstanbul,التغذية وعلم الحمية,تركيا,إسطنبول,ماجستير مع أطروحة,التركية,متاح,#28D094,2026-2027,4500,4275,4275,1000,USD,-,2000
1541,23,جامعة إسطنبول أوكان,Mecidiyekoy Campus,Avni Dilligil Sok. No:18 34394 Mecidiyeköy / İstanbul,تمريض,تركيا,إسطنبول,ماجستير بدون أطروحة,التركية,متاح,#28D094,2026-2027,3500,3325,3325,1000,USD,-,2000
1540,23,جامعة إسطنبول أوكان,Mecidiyekoy Campus,Avni Dilligil Sok. No:18 34394 Mecidiyeköy / İstanbul,تمريض,تركيا,إسطنبول,ماجستير مع أطروحة,التركية,متاح,#28D094,2026-2027,4500,4275,4275,1000,USD,-,2000
1539,23,جامعة إسطنبول أوكان,Mecidiyekoy Campus,Avni Dilligil Sok. No:18 34394 Mecidiyeköy / İstanbul,الموسيقى,تركيا,إسطنبول,ماجستير بدون أطروحة,التركية,متاح,#28D094,2026-2027,3500,3325,3325,1000,USD,-,2000
1538,23,جامعة إسطنبول أوكان,Mecidiyekoy Campus,Avni Dilligil Sok. No:18 34394 Mecidiyeköy / İstanbul,الموسيقى,تركيا,إسطنبول,ماجستير مع أطروحة,التركية,متاح,#28D094,2026-2027,4500,4275,4275,1000,USD,-,2000
1537,23,جامعة إسطنبول أوكان,Mecidiyekoy Campus,Avni Dilligil Sok. No:18 34394 Mecidiyeköy / İstanbul,ماجستير إدارة الأعمال (MBA) (تعليم عن بعد),تركيا,إسطنبول,ماجستير بدون أطروحة,التركية,متاح,#28D094,2026-2027,3500,3325,3325,1000,USD,-,2000
1536,23,جامعة إسطنبول أوكان,Mecidiyekoy Campus,Avni Dilligil Sok. No:18 34394 Mecidiyeköy / İstanbul,ماجستير إدارة الأعمال (MBA),تركيا,إسطنبول,ماجستير بدون أطروحة,التركية,متاح,#28D094,2026-2027,3500,3325,3325,1000,USD,-,2000
1535,23,جامعة إسطنبول أوكان,Mecidiyekoy Campus,Avni Dilligil Sok. No:18 34394 Mecidiyeköy / İstanbul,ماجستير إدارة الأعمال (MBA),تركيا,إسطنبول,ماجستير بدون أطروحة,الإنجليزية,متاح,#28D094,2026-2027,5000,4750,4750,1000,USD,-,3000
1534,23,جامعة إسطنبول أوكان,Mecidiyekoy Campus,Avni Dilligil Sok. No:18 34394 Mecidiyeköy / İstanbul,ماجستير إدارة الأعمال (MBA),تركيا,إسطنبول,ماجستير مع أطروحة,التركية,متاح,#28D094,2026-2027,4500,4275,4275,1000,USD,-,2000
1533,23,جامعة إسطنبول أوكان,Mecidiyekoy Campus,Avni Dilligil Sok. No:18 34394 Mecidiyeköy / İstanbul,ماجستير إدارة الأعمال (MBA),تركيا,إسطنبول,ماجستير مع أطروحة,الإنجليزية,متاح,#28D094,2026-2027,6000,5700,5700,1000,USD,-,3000
1532,23,جامعة إسطنبول أوكان,Mecidiyekoy Campus,Avni Dilligil Sok. No:18 34394 Mecidiyeköy / İstanbul,اتصالات التسويق,تركيا,إسطنبول,ماجستير مع أطروحة,التركية,متاح,#28D094,2026-2027,4500,4275,4275,1000,USD,-,2000
1531,23,جامعة إسطنبول أوكان,Mecidiyekoy Campus,Avni Dilligil Sok. No:18 34394 Mecidiyeköy / İstanbul,التسويق,تركيا,إسطنبول,ماجستير بدون أطروحة,الإنجليزية,متاح,#28D094,2026-2027,5000,4750,4750,1000,USD,-,3000
1530,23,جامعة إسطنبول أوكان,Mecidiyekoy Campus,Avni Dilligil Sok. No:18 34394 Mecidiyeköy / İstanbul,التسويق,تركيا,إسطنبول,ماجستير مع أطروحة,الإنجليزية,متاح,#28D094,2026-2027,6000,5700,5700,1000,USD,-,3000
1529,23,جامعة إسطنبول أوكان,Mecidiyekoy Campus,Avni Dilligil Sok. No:18 34394 Mecidiyeköy / İstanbul,إدارة اللوجستيات (تعليم عن بعد),تركيا,إسطنبول,ماجستير بدون أطروحة,التركية,متاح,#28D094,2026-2027,3500,3325,3325,1000,USD,-,2000
1528,23,جامعة إسطنبول أوكان,Mecidiyekoy Campus,Avni Dilligil Sok. No:18 34394 Mecidiyeköy / İstanbul,إدارة اللوجستيات,تركيا,إسطنبول,ماجستير بدون أطروحة,التركية,متاح,#28D094,2026-2027,3500,3325,3325,1000,USD,-,2000
1527,23,جامعة إسطنبول أوكان,Mecidiyekoy Campus,Avni Dilligil Sok. No:18 34394 Mecidiyeköy / İstanbul,إدارة اللوجستيات,تركيا,إسطنبول,ماجستير مع أطروحة,التركية,متاح,#28D094,2026-2027,4500,4275,4275,1000,USD,-,2000
1526,23,جامعة إسطنبول أوكان,Mecidiyekoy Campus,Avni Dilligil Sok. No:18 34394 Mecidiyeköy / İstanbul,الإدارات المحلية,تركيا,إسطنبول,ماجستير بدون أطروحة,التركية,متاح,#28D094,2026-2027,3500,3325,3325,1000,USD,-,2000
1525,23,جامعة إسطنبول أوكان,Mecidiyekoy Campus,Avni Dilligil Sok. No:18 34394 Mecidiyeköy / İstanbul,الإدارات المحلية,تركيا,إسطنبول,ماجستير مع أطروحة,التركية,متاح,#28D094,2026-2027,4500,4275,4275,1000,USD,-,2000
1524,23,جامعة إسطنبول أوكان,Mecidiyekoy Campus,Avni Dilligil Sok. No:18 34394 Mecidiyeköy / İstanbul,التجارة الدولية,تركيا,إسطنبول,ماجستير بدون أطروحة,التركية,متاح,#28D094,2026-2027,3500,3325,3325,1000,USD,-,2000
1523,23,جامعة إسطنبول أوكان,Mecidiyekoy Campus,Avni Dilligil Sok. No:18 34394 Mecidiyeköy / İstanbul,التجارة الدولية,تركيا,إسطنبول,ماجستير بدون أطروحة,الإنجليزية,متاح,#28D094,2026-2027,5000,4750,4750,1000,USD,-,3000
1522,23,جامعة إسطنبول أوكان,Mecidiyekoy Campus,Avni Dilligil Sok. No:18 34394 Mecidiyeköy / İstanbul,التجارة الدولية,تركيا,إسطنبول,ماجستير مع أطروحة,التركية,متاح,#28D094,2026-2027,4500,4275,4275,1000,USD,-,2000
1521,23,جامعة إسطنبول أوكان,Mecidiyekoy Campus,Avni Dilligil Sok. No:18 34394 Mecidiyeköy / İstanbul,التجارة الدولية,تركيا,إسطنبول,ماجستير مع أطروحة,الإنجليزية,متاح,#28D094,2026-2027,6000,5700,5700,1000,USD,-,3000
1520,23,جامعة إسطنبول أوكان,Mecidiyekoy Campus,Avni Dilligil Sok. No:18 34394 Mecidiyeköy / İstanbul,العلاقات الدولية,تركيا,إسطنبول,ماجستير بدون أطروحة,التركية,متاح,#28D094,2026-2027,3500,3325,3325,1000,USD,-,2000
1519,23,جامعة إسطنبول أوكان,Mecidiyekoy Campus,Avni Dilligil Sok. No:18 34394 Mecidiyeköy / İstanbul,العلاقات الدولية,تركيا,إسطنبول,ماجستير مع أطروحة,التركية,متاح,#28D094,2026-2027,4500,4275,4275,1000,USD,-,2000
1518,23,جامعة إسطنبول أوكان,Mecidiyekoy Campus,Avni Dilligil Sok. No:18 34394 Mecidiyeköy / İstanbul,اللوجستيات والنقل الدولي,تركيا,إسطنبول,ماجستير بدون أطروحة,التركية,متاح,#28D094,2026-2027,3500,3325,3325,1000,USD,-,2000
1517,23,جامعة إسطنبول أوكان,Mecidiyekoy Campus,Avni Dilligil Sok. No:18 34394 Mecidiyeköy / İstanbul,اللوجستيات والنقل الدولي,تركيا,إسطنبول,ماجستير مع أطروحة,التركية,متاح,#28D094,2026-2027,4500,4275,4275,1000,USD,-,2000
1516,23,جامعة إسطنبول أوكان,Mecidiyekoy Campus,Avni Dilligil Sok. No:18 34394 Mecidiyeköy / İstanbul,الهندسة المعمارية الداخلية والتصميم البيئي,تركيا,إسطنبول,ماجستير بدون أطروحة,التركية,متاح,#28D094,2026-2027,3500,3325,3325,1000,USD,-,2000
1515,23,جامعة إسطنبول أوكان,Mecidiyekoy Campus,Avni Dilligil Sok. No:18 34394 Mecidiyeköy / İstanbul,الهندسة المعمارية الداخلية والتصميم البيئي,تركيا,إسطنبول,ماجستير مع أطروحة,التركية,متاح,#28D094,2026-2027,4500,4275,4275,1000,USD,-,2000
1514,23,جامعة إسطنبول أوكان,Mecidiyekoy Campus,Avni Dilligil Sok. No:18 34394 Mecidiyeköy / İstanbul,قانون تكنولوجيا المعلومات,تركيا,إسطنبول,ماجستير بدون أطروحة,التركية,متاح,#28D094,2026-2027,3500,3325,3325,1000,USD,-,2000
1513,23,جامعة إسطنبول أوكان,Mecidiyekoy Campus,Avni Dilligil Sok. No:18 34394 Mecidiyeköy / İstanbul,قانون تكنولوجيا المعلومات,تركيا,إسطنبول,ماجستير مع أطروحة,التركية,متاح,#28D094,2026-2027,4500,4275,4275,1000,USD,-,2000
1512,23,جامعة إسطنبول أوكان,Mecidiyekoy Campus,Avni Dilligil Sok. No:18 34394 Mecidiyeköy / İstanbul,نظم وتقنيات المعلومات,تركيا,إسطنبول,ماجستير بدون أطروحة,التركية,متاح,#28D094,2026-2027,3500,3325,3325,1000,USD,-,2000
1511,23,جامعة إسطنبول أوكان,Mecidiyekoy Campus,Avni Dilligil Sok. No:18 34394 Mecidiyeköy / İstanbul,نظم وتقنيات المعلومات,تركيا,إسطنبول,ماجستير مع أطروحة,التركية,متاح,#28D094,2026-2027,4500,4275,4275,1000,USD,-,2000
1510,23,جامعة إسطنبول أوكان,Mecidiyekoy Campus,Avni Dilligil Sok. No:18 34394 Mecidiyeköy / İstanbul,نظم وتقنيات المعلومات,تركيا,إسطنبول,ماجستير بدون أطروحة,الإنجليزية,متاح,#28D094,2026-2027,5000,4750,4750,1000,USD,-,3000
1509,23,جامعة إسطنبول أوكان,Mecidiyekoy Campus,Avni Dilligil Sok. No:18 34394 Mecidiyeköy / İstanbul,نظم وتقنيات المعلومات,تركيا,إسطنبول,ماجستير مع أطروحة,الإنجليزية,متاح,#28D094,2026-2027,6000,5700,5700,1000,USD,-,3000
1508,23,جامعة إسطنبول أوكان,Mecidiyekoy Campus,Avni Dilligil Sok. No:18 34394 Mecidiyeköy / İstanbul,إدارة الموارد البشرية,تركيا,إسطنبول,ماجستير بدون أطروحة,التركية,متاح,#28D094,2026-2027,3500,3325,3325,1000,USD,-,2000
1507,23,جامعة إسطنبول أوكان,Mecidiyekoy Campus,Avni Dilligil Sok. No:18 34394 Mecidiyeköy / İstanbul,إدارة الموارد البشرية,تركيا,إسطنبول,ماجستير مع أطروحة,التركية,متاح,#28D094,2026-2027,4500,4275,4275,1000,USD,-,2000
1506,23,جامعة إسطنبول أوكان,Mecidiyekoy Campus,Avni Dilligil Sok. No:18 34394 Mecidiyeköy / İstanbul,إدارة الرعاية الصحية,تركيا,إسطنبول,ماجستير بدون أطروحة,التركية,متاح,#28D094,2026-2027,3500,3325,3325,1000,USD,-,2000
1505,23,جامعة إسطنبول أوكان,Mecidiyekoy Campus,Avni Dilligil Sok. No:18 34394 Mecidiyeköy / İstanbul,إدارة الرعاية الصحية,تركيا,إسطنبول,ماجستير مع أطروحة,التركية,متاح,#28D094,2026-2027,4500,4275,4275,1000,USD,-,2000
1504,23,جامعة إسطنبول أوكان,Mecidiyekoy Campus,Avni Dilligil Sok. No:18 34394 Mecidiyeköy / İstanbul,الجيوتقنية,تركيا,إسطنبول,ماجستير بدون أطروحة,التركية,متاح,#28D094,2026-2027,3500,3325,3325,1000,USD,-,2000
1503,23,جامعة إسطنبول أوكان,Mecidiyekoy Campus,Avni Dilligil Sok. No:18 34394 Mecidiyeköy / İstanbul,الجيوتقنية,تركيا,إسطنبول,ماجستير مع أطروحة,التركية,متاح,#28D094,2026-2027,4500,4275,4275,1000,USD,-,2000
1502,23,جامعة إسطنبول أوكان,Mecidiyekoy Campus,Avni Dilligil Sok. No:18 34394 Mecidiyeköy / İstanbul,هندسة الجيوماتكس,تركيا,إسطنبول,ماجستير بدون أطروحة,التركية,متاح,#28D094,2026-2027,3500,3325,3325,1000,USD,-,2000
1501,23,جامعة إسطنبول أوكان,Mecidiyekoy Campus,Avni Dilligil Sok. No:18 34394 Mecidiyeköy / İstanbul,هندسة الجيوماتكس,تركيا,إسطنبول,ماجستير مع أطروحة,التركية,متاح,#28D094,2026-2027,4500,4275,4275,1000,USD,-,2000
1500,23,جامعة إسطنبول أوكان,Mecidiyekoy Campus,Avni Dilligil Sok. No:18 34394 Mecidiyeköy / İstanbul,فن الطهو,تركيا,إسطنبول,ماجستير بدون أطروحة,التركية,متاح,#28D094,2026-2027,3500,3325,3325,1000,USD,-,2000
1499,23,جامعة إسطنبول أوكان,Mecidiyekoy Campus,Avni Dilligil Sok. No:18 34394 Mecidiyeköy / İstanbul,فن الطهو,تركيا,إسطنبول,ماجستير بدون أطروحة,الإنجليزية,متاح,#28D094,2026-2027,5000,4750,4750,1000,USD,-,3000
1498,23,جامعة إسطنبول أوكان,Mecidiyekoy Campus,Avni Dilligil Sok. No:18 34394 Mecidiyeköy / İstanbul,فن الطهو,تركيا,إسطنبول,ماجستير مع أطروحة,التركية,متاح,#28D094,2026-2027,4500,4275,4275,1000,USD,-,2000
1497,23,جامعة إسطنبول أوكان,Mecidiyekoy Campus,Avni Dilligil Sok. No:18 34394 Mecidiyeköy / İstanbul,فن الطهو,تركيا,إسطنبول,ماجستير مع أطروحة,الإنجليزية,متاح,#28D094,2026-2027,6000,5700,5700,1000,USD,-,3000
1496,23,جامعة إسطنبول أوكان,Mecidiyekoy Campus,Avni Dilligil Sok. No:18 34394 Mecidiyeköy / İstanbul,المالية,تركيا,إسطنبول,ماجستير بدون أطروحة,الإنجليزية,متاح,#28D094,2026-2027,5000,4750,4750,1000,USD,-,3000
1495,23,جامعة إسطنبول أوكان,Mecidiyekoy Campus,Avni Dilligil Sok. No:18 34394 Mecidiyeköy / İstanbul,المالية,تركيا,إسطنبول,ماجستير مع أطروحة,الإنجليزية,متاح,#28D094,2026-2027,6000,5700,5700,1000,USD,-,3000
1494,23,جامعة إسطنبول أوكان,Mecidiyekoy Campus,Avni Dilligil Sok. No:18 34394 Mecidiyeköy / İstanbul,المالية,تركيا,إسطنبول,ماجستير بدون أطروحة,التركية,متاح,#28D094,2026-2027,3500,3325,3325,1000,USD,-,2000
1493,23,جامعة إسطنبول أوكان,Mecidiyekoy Campus,Avni Dilligil Sok. No:18 34394 Mecidiyeköy / İstanbul,المالية,تركيا,إسطنبول,ماجستير مع أطروحة,التركية,متاح,#28D094,2026-2027,4500,4275,4275,1000,USD,-,2000
1492,23,جامعة إسطنبول أوكان,Mecidiyekoy Campus,Avni Dilligil Sok. No:18 34394 Mecidiyeköy / İstanbul,تصميم الأزياء,تركيا,إسطنبول,ماجستير بدون أطروحة,التركية,متاح,#28D094,2026-2027,3500,3325,3325,1000,USD,-,2000
1491,23,جامعة إسطنبول أوكان,Mecidiyekoy Campus,Avni Dilligil Sok. No:18 34394 Mecidiyeköy / İstanbul,تصميم الأزياء,تركيا,إسطنبول,ماجستير مع أطروحة,التركية,متاح,#28D094,2026-2027,4500,4275,4275,1000,USD,-,2000
1490,23,جامعة إسطنبول أوكان,Mecidiyekoy Campus,Avni Dilligil Sok. No:18 34394 Mecidiyeköy / İstanbul,هندسة المتفجرات,تركيا,إسطنبول,ماجستير بدون أطروحة,التركية,متاح,#28D094,2026-2027,3500,3325,3325,1000,USD,-,2000
1489,23,جامعة إسطنبول أوكان,Mecidiyekoy Campus,Avni Dilligil Sok. No:18 34394 Mecidiyeköy / İstanbul,هندسة المتفجرات,تركيا,إسطنبول,ماجستير مع أطروحة,التركية,متاح,#28D094,2026-2027,4500,4275,4275,1000,USD,-,2000
1488,23,جامعة إسطنبول أوكان,Mecidiyekoy Campus,Avni Dilligil Sok. No:18 34394 Mecidiyeköy / İstanbul,ريادة الأعمال,تركيا,إسطنبول,ماجستير بدون أطروحة,التركية,متاح,#28D094,2026-2027,3500,3325,3325,1000,USD,-,2000
1487,23,جامعة إسطنبول أوكان,Mecidiyekoy Campus,Avni Dilligil Sok. No:18 34394 Mecidiyeköy / İstanbul,ريادة الأعمال,تركيا,إسطنبول,ماجستير مع أطروحة,التركية,متاح,#28D094,2026-2027,4500,4275,4275,1000,USD,-,2000
1486,23,جامعة إسطنبول أوكان,Mecidiyekoy Campus,Avni Dilligil Sok. No:18 34394 Mecidiyeköy / İstanbul,الإدارة الهندسية,تركيا,إسطنبول,ماجستير بدون أطروحة,التركية,متاح,#28D094,2026-2027,3500,3325,3325,1000,USD,-,2000
1485,23,جامعة إسطنبول أوكان,Mecidiyekoy Campus,Avni Dilligil Sok. No:18 34394 Mecidiyeköy / İstanbul,الإدارة الهندسية,تركيا,إسطنبول,ماجستير مع أطروحة,التركية,متاح,#28D094,2026-2027,4500,4275,4275,1000,USD,-,2000
1484,23,جامعة إسطنبول أوكان,Mecidiyekoy Campus,Avni Dilligil Sok. No:18 34394 Mecidiyeköy / İstanbul,الإدارة والإشراف التربوي,تركيا,إسطنبول,ماجستير بدون أطروحة,التركية,متاح,#28D094,2026-2027,3500,3325,3325,1000,USD,-,2000
1483,23,جامعة إسطنبول أوكان,Mecidiyekoy Campus,Avni Dilligil Sok. No:18 34394 Mecidiyeköy / İstanbul,الإدارة والإشراف التربوي,تركيا,إسطنبول,ماجستير مع أطروحة,التركية,متاح,#28D094,2026-2027,4500,4275,4275,1000,USD,-,2000
1482,23,جامعة إسطنبول أوكان,Mecidiyekoy Campus,Avni Dilligil Sok. No:18 34394 Mecidiyeköy / İstanbul,القانون الاقتصادي,تركيا,إسطنبول,ماجستير بدون أطروحة,التركية,متاح,#28D094,2026-2027,3500,3325,3325,1000,USD,-,2000
1481,23,جامعة إسطنبول أوكان,Mecidiyekoy Campus,Avni Dilligil Sok. No:18 34394 Mecidiyeköy / İstanbul,القانون الاقتصادي,تركيا,إسطنبول,ماجستير مع أطروحة,التركية,متاح,#28D094,2026-2027,4500,4275,4275,1000,USD,-,2000
1480,23,جامعة إسطنبول أوكان,Mecidiyekoy Campus,Avni Dilligil Sok. No:18 34394 Mecidiyeköy / İstanbul,هندسة الكمبيوتر,تركيا,إسطنبول,ماجستير بدون أطروحة,التركية,متاح,#28D094,2026-2027,3500,3325,3325,1000,USD,-,2000
1479,23,جامعة إسطنبول أوكان,Mecidiyekoy Campus,Avni Dilligil Sok. No:18 34394 Mecidiyeköy / İstanbul,هندسة الكمبيوتر,تركيا,إسطنبول,ماجستير مع أطروحة,التركية,متاح,#28D094,2026-2027,4500,4275,4275,1000,USD,-,2000
1478,23,جامعة إسطنبول أوكان,Mecidiyekoy Campus,Avni Dilligil Sok. No:18 34394 Mecidiyeköy / İstanbul,علم النفس العيادي,تركيا,إسطنبول,ماجستير بدون أطروحة,التركية,متاح,#28D094,2026-2027,23750,22565,22565,2500,USD,-,2000
1477,23,جامعة إسطنبول أوكان,Mecidiyekoy Campus,Avni Dilligil Sok. No:18 34394 Mecidiyeköy / İstanbul,علم النفس العيادي,تركيا,إسطنبول,ماجستير مع أطروحة,التركية,متاح,#28D094,2026-2027,28500,27075,27075,2500,USD,-,2000
1476,23,جامعة إسطنبول أوكان,Mecidiyekoy Campus,Avni Dilligil Sok. No:18 34394 Mecidiyeköy / İstanbul,الهندسة المدنية,تركيا,إسطنبول,ماجستير مع أطروحة,التركية,متاح,#28D094,2026-2027,4500,4275,4275,1000,USD,-,2000
1475,23,جامعة إسطنبول أوكان,Mecidiyekoy Campus,Avni Dilligil Sok. No:18 34394 Mecidiyeköy / İstanbul,السينما والتلفزيون,تركيا,إسطنبول,ماجستير بدون أطروحة,التركية,متاح,#28D094,2026-2027,3500,3325,3325,1000,USD,-,2000
1474,23,جامعة إسطنبول أوكان,Mecidiyekoy Campus,Avni Dilligil Sok. No:18 34394 Mecidiyeköy / İstanbul,السينما والتلفزيون,تركيا,إسطنبول,ماجستير مع أطروحة,التركية,متاح,#28D094,2026-2027,4500,4275,4275,1000,USD,-,2000
1473,23,جامعة إسطنبول أوكان,Mecidiyekoy Campus,Avni Dilligil Sok. No:18 34394 Mecidiyeköy / İstanbul,تنمية الطفل والتعليم,تركيا,إسطنبول,ماجستير بدون أطروحة,التركية,متاح,#28D094,2026-2027,3500,3325,3325,1000,USD,-,2000
1472,23,جامعة إسطنبول أوكان,Mecidiyekoy Campus,Avni Dilligil Sok. No:18 34394 Mecidiyeköy / İstanbul,تنمية الطفل والتعليم,تركيا,إسطنبول,ماجستير مع أطروحة,التركية,متاح,#28D094,2026-2027,4500,4275,4275,1000,USD,-,2000
1471,23,جامعة إسطنبول أوكان,Mecidiyekoy Campus,Avni Dilligil Sok. No:18 34394 Mecidiyeköy / İstanbul,البنوك والتمويل,تركيا,إسطنبول,ماجستير مع أطروحة,التركية,متاح,#28D094,2026-2027,4500,4275,4275,1000,USD,-,2000
1470,23,جامعة إسطنبول أوكان,Mecidiyekoy Campus,Avni Dilligil Sok. No:18 34394 Mecidiyeköy / İstanbul,الخدمات المصرفية (تعليم عن بعد),تركيا,إسطنبول,ماجستير بدون أطروحة,التركية,متاح,#28D094,2026-2027,3500,3325,3325,1000,USD,-,2000
1469,23,جامعة إسطنبول أوكان,Mecidiyekoy Campus,Avni Dilligil Sok. No:18 34394 Mecidiyeköy / İstanbul,الخدمات المصرفية,تركيا,إسطنبول,ماجستير بدون أطروحة,التركية,متاح,#28D094,2026-2027,3500,3325,3325,1000,USD,-,2000
1468,23,جامعة إسطنبول أوكان,Mecidiyekoy Campus,Avni Dilligil Sok. No:18 34394 Mecidiyeköy / İstanbul,الخدمات المصرفية,تركيا,إسطنبول,ماجستير مع أطروحة,التركية,متاح,#28D094,2026-2027,4500,4275,4275,1000,USD,-,2000
1467,23,جامعة إسطنبول أوكان,Mecidiyekoy Campus,Avni Dilligil Sok. No:18 34394 Mecidiyeköy / İstanbul,ميكاترونكس السيارات والمركبات الذكية,تركيا,إسطنبول,ماجستير مع أطروحة,الإنجليزية,متاح,#28D094,2026-2027,6000,5700,5700,1000,USD,-,3000
1466,23,جامعة إسطنبول أوكان,Mecidiyekoy Campus,Avni Dilligil Sok. No:18 34394 Mecidiyeköy / İstanbul,هندسة الذكاء الاصطناعي,تركيا,إسطنبول,ماجستير بدون أطروحة,الإنجليزية,متاح,#28D094,2026-2027,5000,4750,4750,1000,USD,-,3000
1465,23,جامعة إسطنبول أوكان,Mecidiyekoy Campus,Avni Dilligil Sok. No:18 34394 Mecidiyeköy / İstanbul,هندسة الذكاء الاصطناعي,تركيا,إسطنبول,ماجستير مع أطروحة,الإنجليزية,متاح,#28D094,2026-2027,6000,5700,5700,1000,USD,-,3000
1464,23,جامعة إسطنبول أوكان,Mecidiyekoy Campus,Avni Dilligil Sok. No:18 34394 Mecidiyeköy / İstanbul,العمارة,تركيا,إسطنبول,ماجستير بدون أطروحة,التركية,متاح,#28D094,2026-2027,3500,3325,3325,1000,USD,-,2000
1463,23,جامعة إسطنبول أوكان,Mecidiyekoy Campus,Avni Dilligil Sok. No:18 34394 Mecidiyeköy / İstanbul,العمارة,تركيا,إسطنبول,ماجستير مع أطروحة,التركية,متاح,#28D094,2026-2027,4500,4275,4275,1000,USD,-,2000
1462,23,جامعة إسطنبول أوكان,Mecidiyekoy Campus,Avni Dilligil Sok. No:18 34394 Mecidiyeköy / İstanbul,العمارة,تركيا,إسطنبول,ماجستير مع أطروحة,الإنجليزية,متاح,#28D094,2026-2027,6000,5700,5700,1000,USD,-,3000
1461,23,جامعة إسطنبول أوكان,Mecidiyekoy Campus,Avni Dilligil Sok. No:18 34394 Mecidiyeköy / İstanbul,طب الأسنان الترميمي التجميلي,تركيا,إسطنبول,ماجستير مع أطروحة,التركية,متاح,#28D094,2026-2027,4500,4275,4275,1000,USD,-,2000
1460,23,جامعة إسطنبول أوكان,Mecidiyekoy Campus,Avni Dilligil Sok. No:18 34394 Mecidiyeköy / İstanbul,الإلكترونيات المتقدمة وتكنولوجيا الاتصالات,تركيا,إسطنبول,ماجستير مع أطروحة,الإنجليزية,متاح,#28D094,2026-2027,6000,5700,5700,1000,USD,-,3000
1459,23,جامعة إسطنبول أوكان,Mecidiyekoy Campus,Avni Dilligil Sok. No:18 34394 Mecidiyeköy / İstanbul,المحاسبة والتدقيق (تعليم عن بعد),تركيا,إسطنبول,ماجستير بدون أطروحة,التركية,متاح,#28D094,2026-2027,3500,3325,3325,1000,USD,-,2000
1458,23,جامعة إسطنبول أوكان,Mecidiyekoy Campus,Avni Dilligil Sok. No:18 34394 Mecidiyeköy / İstanbul,المحاسبة والتدقيق,تركيا,إسطنبول,ماجستير بدون أطروحة,التركية,متاح,#28D094,2026-2027,3500,3325,3325,1000,USD,-,2000
1457,23,جامعة إسطنبول أوكان,Mecidiyekoy Campus,Avni Dilligil Sok. No:18 34394 Mecidiyeköy / İstanbul,المحاسبة والتدقيق,تركيا,إسطنبول,ماجستير مع أطروحة,التركية,متاح,#28D094,2026-2027,4500,4275,4275,1000,USD,-,2000
1456,23,جامعة إسطنبول أوكان,Mecidiyekoy Campus,Avni Dilligil Sok. No:18 34394 Mecidiyeköy / İstanbul,علم التشريح,تركيا,إسطنبول,ماجستير مع أطروحة,التركية,متاح,#28D094,2026-2027,4500,4275,4275,1000,USD,-,2000
1455,23,جامعة إسطنبول أوكان,Tuzla Campus,Tepeören Mah. Ballıca Yolu Cad. İstanbul Okan Üniversitesi Rektörlük Blok No: 11/11 Tuzla / İstanbul,المسرح,تركيا,إسطنبول,بكالوريوس,التركية,متاح,#28D094,2026-2027,4500,4275,4275,1000,USD,-,2000
1454,23,جامعة إسطنبول أوكان,Tuzla Campus,Tepeören Mah. Ballıca Yolu Cad. İstanbul Okan Üniversitesi Rektörlük Blok No: 11/11 Tuzla / İstanbul,الموسيقى,تركيا,إسطنبول,بكالوريوس,التركية,متاح,#28D094,2026-2027,4500,4275,4275,1000,USD,-,2000
1453,23,جامعة إسطنبول أوكان,Tuzla Campus,Tepeören Mah. Ballıca Yolu Cad. İstanbul Okan Üniversitesi Rektörlük Blok No: 11/11 Tuzla / İstanbul,تدريس التربية الخاصة,تركيا,إسطنبول,بكالوريوس,التركية,متاح,#28D094,2026-2027,4500,4275,4275,1000,USD,-,2000
1452,23,جامعة إسطنبول أوكان,Tuzla Campus,Tepeören Mah. Ballıca Yolu Cad. İstanbul Okan Üniversitesi Rektörlük Blok No: 11/11 Tuzla / İstanbul,الإرشاد والتوجيه النفسي,تركيا,إسطنبول,بكالوريوس,التركية,متاح,#28D094,2026-2027,4500,4275,4275,1000,USD,-,2000
1451,23,جامعة إسطنبول أوكان,Tuzla Campus,Tepeören Mah. Ballıca Yolu Cad. İstanbul Okan Üniversitesi Rektörlük Blok No: 11/11 Tuzla / İstanbul,تعليم ما قبل المدرسة,تركيا,إسطنبول,بكالوريوس,التركية,متاح,#28D094,2026-2027,4500,4275,4275,1000,USD,-,2000
1450,23,جامعة إسطنبول أوكان,Tuzla Campus,Tepeören Mah. Ballıca Yolu Cad. İstanbul Okan Üniversitesi Rektörlük Blok No: 11/11 Tuzla / İstanbul,تدريس اللغة الإنجليزية,تركيا,إسطنبول,بكالوريوس,الإنجليزية,متاح,#28D094,2026-2027,5000,4750,4750,1000,USD,-,3000
1449,23,جامعة إسطنبول أوكان,Tuzla Campus,Tepeören Mah. Ballıca Yolu Cad. İstanbul Okan Üniversitesi Rektörlük Blok No: 11/11 Tuzla / İstanbul,الترجمة التحريرية والشفهية (الروسية),تركيا,إسطنبول,بكالوريوس,الروسية والتركية,متاح,#28D094,2026-2027,4500,4275,4275,1000,USD,-,2000
1448,23,جامعة إسطنبول أوكان,Tuzla Campus,Tepeören Mah. Ballıca Yolu Cad. İstanbul Okan Üniversitesi Rektörlük Blok No: 11/11 Tuzla / İstanbul,علم النفس,تركيا,إسطنبول,بكالوريوس,الإنجليزية,متاح,#28D094,2026-2027,5000,4750,4750,1000,USD,-,3000
1447,23,جامعة إسطنبول أوكان,Tuzla Campus,Tepeören Mah. Ballıca Yolu Cad. İstanbul Okan Üniversitesi Rektörlük Blok No: 11/11 Tuzla / İstanbul,علم النفس,تركيا,إسطنبول,بكالوريوس,التركية,متاح,#28D094,2026-2027,4500,4275,4275,1000,USD,-,2000
1446,23,جامعة إسطنبول أوكان,Tuzla Campus,Tepeören Mah. Ballıca Yolu Cad. İstanbul Okan Üniversitesi Rektörlük Blok No: 11/11 Tuzla / İstanbul,الترجمة التحريرية والشفهية (الإنجليزية),تركيا,إسطنبول,بكالوريوس,الإنجليزية والتركية,متاح,#28D094,2026-2027,5000,4750,4750,1000,USD,-,3000
1445,23,جامعة إسطنبول أوكان,Tuzla Campus,Tepeören Mah. Ballıca Yolu Cad. İstanbul Okan Üniversitesi Rektörlük Blok No: 11/11 Tuzla / İstanbul,الترجمة والترجمة الفورية (الصينية),تركيا,إسطنبول,بكالوريوس,الصينية والتركية,متاح,#28D094,2026-2027,4500,4275,4275,1000,USD,-,2000
1444,23,جامعة إسطنبول أوكان,Tuzla Campus,Tepeören Mah. Ballıca Yolu Cad. İstanbul Okan Üniversitesi Rektörlük Blok No: 11/11 Tuzla / İstanbul,قانون,تركيا,إسطنبول,بكالوريوس,التركية,متاح,#28D094,2026-2027,4500,4275,4275,1000,USD,-,2000
1443,23,جامعة إسطنبول أوكان,Tuzla Campus,Tepeören Mah. Ballıca Yolu Cad. İstanbul Okan Üniversitesi Rektörlük Blok No: 11/11 Tuzla / İstanbul,تصميم الاتصالات المرئية,تركيا,إسطنبول,بكالوريوس,التركية,متاح,#28D094,2026-2027,4500,4275,4275,1000,USD,-,2000
1442,23,جامعة إسطنبول أوكان,Tuzla Campus,Tepeören Mah. Ballıca Yolu Cad. İstanbul Okan Üniversitesi Rektörlük Blok No: 11/11 Tuzla / İstanbul,تصميم الأزياء والمنسوجات,تركيا,إسطنبول,بكالوريوس,التركية,متاح,#28D094,2026-2027,4500,4275,4275,1000,USD,-,2000
1441,23,جامعة إسطنبول أوكان,Tuzla Campus,Tepeören Mah. Ballıca Yolu Cad. İstanbul Okan Üniversitesi Rektörlük Blok No: 11/11 Tuzla / İstanbul,الهندسة المعمارية الداخلية والتصميم البيئي,تركيا,إسطنبول,بكالوريوس,التركية,متاح,#28D094,2026-2027,4500,4275,4275,1000,USD,-,2000
1440,23,جامعة إسطنبول أوكان,Tuzla Campus,Tepeören Mah. Ballıca Yolu Cad. İstanbul Okan Üniversitesi Rektörlük Blok No: 11/11 Tuzla / İstanbul,الهندسة المعمارية الداخلية والتصميم البيئي,تركيا,إسطنبول,بكالوريوس,الإنجليزية,متاح,#28D094,2026-2027,5000,4750,4750,1000,USD,-,3000
1439,23,جامعة إسطنبول أوكان,Tuzla Campus,Tepeören Mah. Ballıca Yolu Cad. İstanbul Okan Üniversitesi Rektörlük Blok No: 11/11 Tuzla / İstanbul,تصميم الألعاب الرقمية,تركيا,إسطنبول,بكالوريوس,التركية,متاح,#28D094,2026-2027,4500,4275,4275,1000,USD,-,2000
1438,23,جامعة إسطنبول أوكان,Tuzla Campus,Tepeören Mah. Ballıca Yolu Cad. İstanbul Okan Üniversitesi Rektörlük Blok No: 11/11 Tuzla / İstanbul,السينما والتلفزيون,تركيا,إسطنبول,بكالوريوس,التركية,متاح,#28D094,2026-2027,4500,4275,4275,1000,USD,-,2000
1437,23,جامعة إسطنبول أوكان,Tuzla Campus,Tepeören Mah. Ballıca Yolu Cad. İstanbul Okan Üniversitesi Rektörlük Blok No: 11/11 Tuzla / İstanbul,العمارة,تركيا,إسطنبول,بكالوريوس,التركية,متاح,#28D094,2026-2027,4500,4275,4275,1000,USD,-,2000
1436,23,جامعة إسطنبول أوكان,Tuzla Campus,Tepeören Mah. Ballıca Yolu Cad. İstanbul Okan Üniversitesi Rektörlük Blok No: 11/11 Tuzla / İstanbul,العمارة,تركيا,إسطنبول,بكالوريوس,الإنجليزية,متاح,#28D094,2026-2027,5000,4750,4750,1000,USD,-,3000
1435,23,جامعة إسطنبول أوكان,Tuzla Campus,Tepeören Mah. Ballıca Yolu Cad. İstanbul Okan Üniversitesi Rektörlük Blok No: 11/11 Tuzla / İstanbul,الإدارة الرياضية,تركيا,إسطنبول,بكالوريوس,التركية,متاح,#28D094,2026-2027,4500,4275,4275,1000,USD,-,2000
1434,23,جامعة إسطنبول أوكان,Tuzla Campus,Tepeören Mah. Ballıca Yolu Cad. İstanbul Okan Üniversitesi Rektörlük Blok No: 11/11 Tuzla / İstanbul,العلاقات العامة والإعلان,تركيا,إسطنبول,بكالوريوس,التركية,متاح,#28D094,2026-2027,4500,4275,4275,1000,USD,-,2000
1433,23,جامعة إسطنبول أوكان,Tuzla Campus,Tepeören Mah. Ballıca Yolu Cad. İstanbul Okan Üniversitesi Rektörlük Blok No: 11/11 Tuzla / İstanbul,وسائل الإعلام الجديدة والاتصالات,تركيا,إسطنبول,بكالوريوس,التركية,متاح,#28D094,2026-2027,4500,4275,4275,1000,USD,-,2000
1432,23,جامعة إسطنبول أوكان,Tuzla Campus,Tepeören Mah. Ballıca Yolu Cad. İstanbul Okan Üniversitesi Rektörlük Blok No: 11/11 Tuzla / İstanbul,نظم وتقنيات المعلومات,تركيا,إسطنبول,بكالوريوس,التركية,متاح,#28D094,2026-2027,4500,4275,4275,1000,USD,-,2000
1431,23,جامعة إسطنبول أوكان,Tuzla Campus,Tepeören Mah. Ballıca Yolu Cad. İstanbul Okan Üniversitesi Rektörlük Blok No: 11/11 Tuzla / İstanbul,نظم وتقنيات المعلومات,تركيا,إسطنبول,بكالوريوس,الإنجليزية,متاح,#28D094,2026-2027,5000,4750,4750,1000,USD,-,3000
1430,23,جامعة إسطنبول أوكان,Tuzla Campus,Tepeören Mah. Ballıca Yolu Cad. İstanbul Okan Üniversitesi Rektörlük Blok No: 11/11 Tuzla / İstanbul,فنون الطهي وفنون المطبخ,تركيا,إسطنبول,بكالوريوس,التركية,متاح,#28D094,2026-2027,4500,4275,4275,1000,USD,-,2000
1429,23,جامعة إسطنبول أوكان,Tuzla Campus,Tepeören Mah. Ballıca Yolu Cad. İstanbul Okan Üniversitesi Rektörlük Blok No: 11/11 Tuzla / İstanbul,فنون الطهي وفنون المطبخ,تركيا,إسطنبول,بكالوريوس,الإنجليزية,متاح,#28D094,2026-2027,5000,4750,4750,1000,USD,-,3000
1428,23,جامعة إسطنبول أوكان,Tuzla Campus,Tepeören Mah. Ballıca Yolu Cad. İstanbul Okan Üniversitesi Rektörlük Blok No: 11/11 Tuzla / İstanbul,الطيران المدني,تركيا,إسطنبول,بكالوريوس,الإنجليزية,متاح,#28D094,2026-2027,8000,7600,7600,2500,USD,رسوم التدريب السنوي على الطيران: 8000 USD.,6000
1427,23,جامعة إسطنبول أوكان,Tuzla Campus,Tepeören Mah. Ballıca Yolu Cad. İstanbul Okan Üniversitesi Rektörlük Blok No: 11/11 Tuzla / İstanbul,إدارة الطيران,تركيا,إسطنبول,بكالوريوس,التركية,متاح,#28D094,2026-2027,4500,4275,4275,1000,USD,-,2000
1426,23,جامعة إسطنبول أوكان,Tuzla Campus,Tepeören Mah. Ballıca Yolu Cad. İstanbul Okan Üniversitesi Rektörlük Blok No: 11/11 Tuzla / İstanbul,العلوم السياسية والعلاقات الدولية,تركيا,إسطنبول,بكالوريوس,الإنجليزية,متاح,#28D094,2026-2027,5000,4750,4750,1000,USD,-,3000
1425,23,جامعة إسطنبول أوكان,Tuzla Campus,Tepeören Mah. Ballıca Yolu Cad. İstanbul Okan Üniversitesi Rektörlük Blok No: 11/11 Tuzla / İstanbul,العلوم السياسية والعلاقات الدولية,تركيا,إسطنبول,بكالوريوس,التركية,متاح,#28D094,2026-2027,4500,4275,4275,1000,USD,-,2000
1424,23,جامعة إسطنبول أوكان,Tuzla Campus,Tepeören Mah. Ballıca Yolu Cad. İstanbul Okan Üniversitesi Rektörlük Blok No: 11/11 Tuzla / İstanbul,إدارة اللوجستيات,تركيا,إسطنبول,بكالوريوس,الإنجليزية,متاح,#28D094,2026-2027,5000,4750,4750,1000,USD,-,3000
1423,23,جامعة إسطنبول أوكان,Tuzla Campus,Tepeören Mah. Ballıca Yolu Cad. İstanbul Okan Üniversitesi Rektörlük Blok No: 11/11 Tuzla / İstanbul,التجارة الدولية,تركيا,إسطنبول,بكالوريوس,التركية,متاح,#28D094,2026-2027,4500,4275,4275,1000,USD,-,2000
1422,23,جامعة إسطنبول أوكان,Tuzla Campus,Tepeören Mah. Ballıca Yolu Cad. İstanbul Okan Üniversitesi Rektörlük Blok No: 11/11 Tuzla / İstanbul,التجارة الدولية,تركيا,إسطنبول,بكالوريوس,الإنجليزية,متاح,#28D094,2026-2027,5000,4750,4750,1000,USD,-,3000
1421,23,جامعة إسطنبول أوكان,Tuzla Campus,Tepeören Mah. Ballıca Yolu Cad. İstanbul Okan Üniversitesi Rektörlük Blok No: 11/11 Tuzla / İstanbul,التمويل والبنوك الدولية,تركيا,إسطنبول,بكالوريوس,التركية,متاح,#28D094,2026-2027,4500,4275,4275,1000,USD,-,2000
1420,23,جامعة إسطنبول أوكان,Tuzla Campus,Tepeören Mah. Ballıca Yolu Cad. İstanbul Okan Üniversitesi Rektörlük Blok No: 11/11 Tuzla / İstanbul,الاقتصاد والمالية,تركيا,إسطنبول,بكالوريوس,الإنجليزية,متاح,#28D094,2026-2027,5000,4750,4750,1000,USD,-,3000
1419,23,جامعة إسطنبول أوكان,Tuzla Campus,Tepeören Mah. Ballıca Yolu Cad. İstanbul Okan Üniversitesi Rektörlük Blok No: 11/11 Tuzla / İstanbul,إدارة الأعمال,تركيا,إسطنبول,بكالوريوس,التركية,متاح,#28D094,2026-2027,4500,4275,4275,1000,USD,-,2000
1418,23,جامعة إسطنبول أوكان,Tuzla Campus,Tepeören Mah. Ballıca Yolu Cad. İstanbul Okan Üniversitesi Rektörlük Blok No: 11/11 Tuzla / İstanbul,إدارة الأعمال,تركيا,إسطنبول,بكالوريوس,الإنجليزية,متاح,#28D094,2026-2027,5000,4750,4750,1000,USD,-,3000
1417,23,جامعة إسطنبول أوكان,Tuzla Campus,Tepeören Mah. Ballıca Yolu Cad. İstanbul Okan Üniversitesi Rektörlük Blok No: 11/11 Tuzla / İstanbul,هندسة البرمجيات,تركيا,إسطنبول,بكالوريوس,الإنجليزية,متاح,#28D094,2026-2027,5000,4750,4750,1000,USD,-,3000
1416,23,جامعة إسطنبول أوكان,Tuzla Campus,Tepeören Mah. Ballıca Yolu Cad. İstanbul Okan Üniversitesi Rektörlük Blok No: 11/11 Tuzla / İstanbul,هندسة الميكاترونكس,تركيا,إسطنبول,بكالوريوس,الإنجليزية,متاح,#28D094,2026-2027,5000,4750,4750,1000,USD,-,3000
1415,23,جامعة إسطنبول أوكان,Tuzla Campus,Tepeören Mah. Ballıca Yolu Cad. İstanbul Okan Üniversitesi Rektörlük Blok No: 11/11 Tuzla / İstanbul,الهندسة الميكانيكية,تركيا,إسطنبول,بكالوريوس,الإنجليزية,متاح,#28D094,2026-2027,5000,4750,4750,1000,USD,-,3000
1414,23,جامعة إسطنبول أوكان,Tuzla Campus,Tepeören Mah. Ballıca Yolu Cad. İstanbul Okan Üniversitesi Rektörlük Blok No: 11/11 Tuzla / İstanbul,الهندسة الصناعية,تركيا,إسطنبول,بكالوريوس,الإنجليزية,متاح,#28D094,2026-2027,5000,4750,4750,1000,USD,-,3000
1413,23,جامعة إسطنبول أوكان,Tuzla Campus,Tepeören Mah. Ballıca Yolu Cad. İstanbul Okan Üniversitesi Rektörlük Blok No: 11/11 Tuzla / İstanbul,هندسة الجيوماتكس,تركيا,إسطنبول,بكالوريوس,الإنجليزية,متاح,#28D094,2026-2027,5000,4750,4750,1000,USD,-,3000
1412,23,جامعة إسطنبول أوكان,Tuzla Campus,Tepeören Mah. Ballıca Yolu Cad. İstanbul Okan Üniversitesi Rektörlük Blok No: 11/11 Tuzla / İstanbul,علم الوراثة والهندسة الحيوية,تركيا,إسطنبول,بكالوريوس,الإنجليزية,متاح,#28D094,2026-2027,5000,4750,4750,1000,USD,-,3000
1411,23,جامعة إسطنبول أوكان,Tuzla Campus,Tepeören Mah. Ballıca Yolu Cad. İstanbul Okan Üniversitesi Rektörlük Blok No: 11/11 Tuzla / İstanbul,الهندسة الكهربائية والإلكترونية,تركيا,إسطنبول,بكالوريوس,الإنجليزية,متاح,#28D094,2026-2027,5000,4750,4750,1000,USD,-,3000
1410,23,جامعة إسطنبول أوكان,Tuzla Campus,Tepeören Mah. Ballıca Yolu Cad. İstanbul Okan Üniversitesi Rektörlük Blok No: 11/11 Tuzla / İstanbul,هندسة الكمبيوتر,تركيا,إسطنبول,بكالوريوس,الإنجليزية,متاح,#28D094,2026-2027,5000,4750,4750,1000,USD,-,3000
1409,23,جامعة إسطنبول أوكان,Tuzla Campus,Tepeören Mah. Ballıca Yolu Cad. İstanbul Okan Üniversitesi Rektörlük Blok No: 11/11 Tuzla / İstanbul,الهندسة المدنية,تركيا,إسطنبول,بكالوريوس,التركية,متاح,#28D094,2026-2027,4500,4275,4275,1000,USD,-,2000
1408,23,جامعة إسطنبول أوكان,Tuzla Campus,Tepeören Mah. Ballıca Yolu Cad. İstanbul Okan Üniversitesi Rektörlük Blok No: 11/11 Tuzla / İstanbul,الهندسة المدنية,تركيا,إسطنبول,بكالوريوس,الإنجليزية,متاح,#28D094,2026-2027,5000,4750,4750,1000,USD,-,3000
1407,23,جامعة إسطنبول أوكان,Tuzla Campus,Tepeören Mah. Ballıca Yolu Cad. İstanbul Okan Üniversitesi Rektörlük Blok No: 11/11 Tuzla / İstanbul,هندسة السيارات,تركيا,إسطنبول,بكالوريوس,الإنجليزية,متاح,#28D094,2026-2027,5000,4750,4750,1000,USD,-,3000
1406,23,جامعة إسطنبول أوكان,Tuzla Campus,Tepeören Mah. Ballıca Yolu Cad. İstanbul Okan Üniversitesi Rektörlük Blok No: 11/11 Tuzla / İstanbul,العلاج الطبيعي والتأهيل,تركيا,إسطنبول,بكالوريوس,التركية,متاح,#28D094,2026-2027,4500,4275,4275,1000,USD,-,2000
1405,23,جامعة إسطنبول أوكان,Tuzla Campus,Tepeören Mah. Ballıca Yolu Cad. İstanbul Okan Üniversitesi Rektörlük Blok No: 11/11 Tuzla / İstanbul,العلاج الطبيعي والتأهيل,تركيا,إسطنبول,بكالوريوس,الإنجليزية,متاح,#28D094,2026-2027,5000,4750,4750,1000,USD,-,3000
1404,23,جامعة إسطنبول أوكان,Tuzla Campus,Tepeören Mah. Ballıca Yolu Cad. İstanbul Okan Üniversitesi Rektörlük Blok No: 11/11 Tuzla / İstanbul,التغذية وعلم الحمية,تركيا,إسطنبول,بكالوريوس,التركية,متاح,#28D094,2026-2027,4500,4275,4275,1000,USD,-,2000
1403,23,جامعة إسطنبول أوكان,Tuzla Campus,Tepeören Mah. Ballıca Yolu Cad. İstanbul Okan Üniversitesi Rektörlük Blok No: 11/11 Tuzla / İstanbul,التغذية وعلم الحمية,تركيا,إسطنبول,بكالوريوس,الإنجليزية,متاح,#28D094,2026-2027,5000,4750,4750,1000,USD,-,3000
1402,23,جامعة إسطنبول أوكان,Tuzla Campus,Tepeören Mah. Ballıca Yolu Cad. İstanbul Okan Üniversitesi Rektörlük Blok No: 11/11 Tuzla / İstanbul,تمريض,تركيا,إسطنبول,بكالوريوس,التركية,متاح,#28D094,2026-2027,4500,4275,4275,1000,USD,-,2000
1401,23,جامعة إسطنبول أوكان,Tuzla Campus,Tepeören Mah. Ballıca Yolu Cad. İstanbul Okan Üniversitesi Rektörlük Blok No: 11/11 Tuzla / İstanbul,تمريض,تركيا,إسطنبول,بكالوريوس,الإنجليزية,متاح,#28D094,2026-2027,5000,4750,4750,1000,USD,-,3000
1400,23,جامعة إسطنبول أوكان,Tuzla Campus,Tepeören Mah. Ballıca Yolu Cad. İstanbul Okan Üniversitesi Rektörlük Blok No: 11/11 Tuzla / İstanbul,إدارة الصحة,تركيا,إسطنبول,بكالوريوس,التركية,متاح,#28D094,2026-2027,4500,4275,4275,1000,USD,-,2000
1399,23,جامعة إسطنبول أوكان,Tuzla Campus,Tepeören Mah. Ballıca Yolu Cad. İstanbul Okan Üniversitesi Rektörlük Blok No: 11/11 Tuzla / İstanbul,تنمية الطفل,تركيا,إسطنبول,بكالوريوس,التركية,متاح,#28D094,2026-2027,4500,4275,4275,1000,USD,-,2000
1398,23,جامعة إسطنبول أوكان,Tuzla Campus,Tepeören Mah. Ballıca Yolu Cad. İstanbul Okan Üniversitesi Rektörlük Blok No: 11/11 Tuzla / İstanbul,الصيدلة,تركيا,إسطنبول,بكالوريوس,التركية,متاح,#28D094,2026-2027,9000,8550,8550,2500,USD,-,2000
1397,23,جامعة إسطنبول أوكان,Tuzla Campus,Tepeören Mah. Ballıca Yolu Cad. İstanbul Okan Üniversitesi Rektörlük Blok No: 11/11 Tuzla / İstanbul,الصيدلة,تركيا,إسطنبول,بكالوريوس,الإنجليزية,متاح,#28D094,2026-2027,8000,7600,7600,2500,USD,-,3000
1396,23,جامعة إسطنبول أوكان,Tuzla Campus,Tepeören Mah. Ballıca Yolu Cad. İstanbul Okan Üniversitesi Rektörlük Blok No: 11/11 Tuzla / İstanbul,طب الأسنان,تركيا,إسطنبول,بكالوريوس,التركية,متاح,#28D094,2026-2027,15000,14250,14250,2500,USD,-,2000
1395,23,جامعة إسطنبول أوكان,Tuzla Campus,Tepeören Mah. Ballıca Yolu Cad. İstanbul Okan Üniversitesi Rektörlük Blok No: 11/11 Tuzla / İstanbul,طب الأسنان,تركيا,إسطنبول,بكالوريوس,الإنجليزية,متاح,#28D094,2026-2027,18000,17100,17100,2500,USD,-,6000
1394,23,جامعة إسطنبول أوكان,Tuzla Campus,Tepeören Mah. Ballıca Yolu Cad. İstanbul Okan Üniversitesi Rektörlük Blok No: 11/11 Tuzla / İstanbul,الطب البشري,تركيا,إسطنبول,بكالوريوس,التركية,متاح,#28D094,2026-2027,19500,18525,18525,2500,USD,-,2000
1393,23,جامعة إسطنبول أوكان,Tuzla Campus,Tepeören Mah. Ballıca Yolu Cad. İstanbul Okan Üniversitesi Rektörlük Blok No: 11/11 Tuzla / İstanbul,الطب البشري,تركيا,إسطنبول,بكالوريوس,الإنجليزية,متاح,#28D094,2026-2027,22500,21375,21375,2500,USD,-,6000
1392,22,جامعة بيكنت,Taksim Campus,"Cihangir Mahallesi, Sıraselviler Cd. No:65, Beyoğlu / İstanbul",الرياضيات,تركيا,إسطنبول,دكتوراه,التركية,متاح,#28D094,2026-2027,6200,4500,4500,1000,USD,-,1600
1391,22,جامعة بيكنت,Taksim Campus,"Cihangir Mahallesi, Sıraselviler Cd. No:65, Beyoğlu / İstanbul",العمارة,تركيا,إسطنبول,دكتوراه,التركية,متاح,#28D094,2026-2027,6200,4500,4500,1000,USD,-,1600
1390,22,جامعة بيكنت,Taksim Campus,"Cihangir Mahallesi, Sıraselviler Cd. No:65, Beyoğlu / İstanbul",دراسات الإعلام والاتصال,تركيا,إسطنبول,دكتوراه,التركية,متاح,#28D094,2026-2027,6200,4500,4500,1000,USD,-,1600
1389,22,جامعة بيكنت,Taksim Campus,"Cihangir Mahallesi, Sıraselviler Cd. No:65, Beyoğlu / İstanbul",السينما والتلفزيون,تركيا,إسطنبول,دكتوراه,التركية,متاح,#28D094,2026-2027,6200,4500,4500,1000,USD,-,1600
1388,22,جامعة بيكنت,Taksim Campus,"Cihangir Mahallesi, Sıraselviler Cd. No:65, Beyoğlu / İstanbul",علم الاجتماع,تركيا,إسطنبول,دكتوراه,التركية,متاح,#28D094,2026-2027,6200,4500,4500,1000,USD,-,1600
1387,22,جامعة بيكنت,Taksim Campus,"Cihangir Mahallesi, Sıraselviler Cd. No:65, Beyoğlu / İstanbul",العلوم السياسية والعلاقات الدولية,تركيا,إسطنبول,دكتوراه,التركية,متاح,#28D094,2026-2027,6200,4500,4500,1000,USD,-,1600
1386,22,جامعة بيكنت,Taksim Campus,"Cihangir Mahallesi, Sıraselviler Cd. No:65, Beyoğlu / İstanbul",هندسة الكمبيوتر,تركيا,إسطنبول,دكتوراه,التركية,متاح,#28D094,2026-2027,6200,4500,4500,1000,USD,-,1600
1385,22,جامعة بيكنت,Taksim Campus,"Cihangir Mahallesi, Sıraselviler Cd. No:65, Beyoğlu / İstanbul",إدارة الأعمال,تركيا,إسطنبول,دكتوراه,التركية,متاح,#28D094,2026-2027,6200,4500,4500,1000,USD,-,1600
1384,22,جامعة بيكنت,Taksim Campus,"Cihangir Mahallesi, Sıraselviler Cd. No:65, Beyoğlu / İstanbul",علم النفس العيادي,تركيا,إسطنبول,ماجستير مع أطروحة,التركية,متاح,#28D094,2026-2027,16500,12000,12000,1000,USD,-,1600
1383,22,جامعة بيكنت,Taksim Campus,"Cihangir Mahallesi, Sıraselviler Cd. No:65, Beyoğlu / İstanbul",إدارة الأعمال,تركيا,إسطنبول,ماجستير مع أطروحة,الإنجليزية,متاح,#28D094,2026-2027,2900,2100,2100,1000,USD,-,1800
1382,22,جامعة بيكنت,Taksim Campus,"Cihangir Mahallesi, Sıraselviler Cd. No:65, Beyoğlu / İstanbul",اللغة الإنجليزية وآدابها,تركيا,إسطنبول,ماجستير مع أطروحة,الإنجليزية,متاح,#28D094,2026-2027,2900,2100,2100,1000,USD,-,1800
1381,22,جامعة بيكنت,Taksim Campus,"Cihangir Mahallesi, Sıraselviler Cd. No:65, Beyoğlu / İstanbul",الإدارة والتنظيم,تركيا,إسطنبول,ماجستير مع أطروحة,التركية,متاح,#28D094,2026-2027,2900,2100,2100,1000,USD,-,1600
1380,22,جامعة بيكنت,Taksim Campus,"Cihangir Mahallesi, Sıraselviler Cd. No:65, Beyoğlu / İstanbul",تصميم الأزياء والمنسوجات,تركيا,إسطنبول,ماجستير مع أطروحة,التركية,متاح,#28D094,2026-2027,2900,2100,2100,1000,USD,-,1600
1379,22,جامعة بيكنت,Taksim Campus,"Cihangir Mahallesi, Sıraselviler Cd. No:65, Beyoğlu / İstanbul",التاريخ,تركيا,إسطنبول,ماجستير مع أطروحة,التركية,متاح,#28D094,2026-2027,2900,2100,2100,1000,USD,-,1600
1378,22,جامعة بيكنت,Taksim Campus,"Cihangir Mahallesi, Sıraselviler Cd. No:65, Beyoğlu / İstanbul",التسويق,تركيا,إسطنبول,ماجستير مع أطروحة,التركية,متاح,#28D094,2026-2027,2900,2100,2100,1000,USD,-,1600
1377,22,جامعة بيكنت,Taksim Campus,"Cihangir Mahallesi, Sıraselviler Cd. No:65, Beyoğlu / İstanbul",القانون الخاص,تركيا,إسطنبول,ماجستير مع أطروحة,التركية,متاح,#28D094,2026-2027,2900,2100,2100,1000,USD,-,1600
1376,22,جامعة بيكنت,Taksim Campus,"Cihangir Mahallesi, Sıraselviler Cd. No:65, Beyoğlu / İstanbul",الرياضيات,تركيا,إسطنبول,ماجستير مع أطروحة,التركية,متاح,#28D094,2026-2027,2900,2100,2100,1000,USD,-,1600
1375,22,جامعة بيكنت,Taksim Campus,"Cihangir Mahallesi, Sıraselviler Cd. No:65, Beyoğlu / İstanbul",القانون العام,تركيا,إسطنبول,ماجستير مع أطروحة,التركية,متاح,#28D094,2026-2027,2900,2100,2100,1000,USD,-,1600
1374,22,جامعة بيكنت,Taksim Campus,"Cihangir Mahallesi, Sıraselviler Cd. No:65, Beyoğlu / İstanbul",إدارة الأعمال,تركيا,إسطنبول,ماجستير مع أطروحة,التركية,متاح,#28D094,2026-2027,2900,2100,2100,1000,USD,-,1600
1373,22,جامعة بيكنت,Taksim Campus,"Cihangir Mahallesi, Sıraselviler Cd. No:65, Beyoğlu / İstanbul",الهندسة المدنية,تركيا,إسطنبول,ماجستير مع أطروحة,التركية,متاح,#28D094,2026-2027,2900,2100,2100,1000,USD,-,1600
1372,22,جامعة بيكنت,Taksim Campus,"Cihangir Mahallesi, Sıraselviler Cd. No:65, Beyoğlu / İstanbul",الموارد البشرية والتغيير التنظيمي,تركيا,إسطنبول,ماجستير مع أطروحة,التركية,متاح,#28D094,2026-2027,2900,2100,2100,1000,USD,-,1600
1371,22,جامعة بيكنت,Taksim Campus,"Cihangir Mahallesi, Sıraselviler Cd. No:65, Beyoğlu / İstanbul",الاقتصاد والمالية,تركيا,إسطنبول,ماجستير مع أطروحة,التركية,متاح,#28D094,2026-2027,2900,2100,2100,1000,USD,-,1600
1370,22,جامعة بيكنت,Taksim Campus,"Cihangir Mahallesi, Sıraselviler Cd. No:65, Beyoğlu / İstanbul",هندسة الكمبيوتر,تركيا,إسطنبول,ماجستير مع أطروحة,التركية,متاح,#28D094,2026-2027,2900,2100,2100,1000,USD,-,1600
1369,22,جامعة بيكنت,Taksim Campus,"Cihangir Mahallesi, Sıraselviler Cd. No:65, Beyoğlu / İstanbul",اللغة التركية وآدابها,تركيا,إسطنبول,ماجستير مع أطروحة,التركية,متاح,#28D094,2026-2027,2900,2100,2100,1000,USD,-,1600
1368,22,جامعة بيكنت,Taksim Campus,"Cihangir Mahallesi, Sıraselviler Cd. No:65, Beyoğlu / İstanbul",السينما والتلفزيون,تركيا,إسطنبول,ماجستير مع أطروحة,التركية,متاح,#28D094,2026-2027,2900,2100,2100,1000,USD,-,1600
1367,22,جامعة بيكنت,Taksim Campus,"Cihangir Mahallesi, Sıraselviler Cd. No:65, Beyoğlu / İstanbul",العمارة,تركيا,إسطنبول,ماجستير مع أطروحة,التركية,متاح,#28D094,2026-2027,2900,2100,2100,1000,USD,-,1600
1366,22,جامعة بيكنت,Ayazaga - Maslak Campus,"Ayazağa Mahallesi, Hadım Koruyolu Cd. No:19, Sarıyer / İstanbul",أنظمة الإعلام والاتصال,تركيا,إسطنبول,ماجستير مع أطروحة,التركية,متاح,#28D094,2026-2027,2900,2100,2100,1000,USD,-,1600
1365,22,جامعة بيكنت,Taksim Campus,"Cihangir Mahallesi, Sıraselviler Cd. No:65, Beyoğlu / İstanbul",فنون الاتصال,تركيا,إسطنبول,ماجستير مع أطروحة,التركية,متاح,#28D094,2026-2027,2900,2100,2100,1000,USD,-,1600
1364,22,جامعة بيكنت,Taksim Campus,"Cihangir Mahallesi, Sıraselviler Cd. No:65, Beyoğlu / İstanbul",العمارة الداخلية,تركيا,إسطنبول,ماجستير مع أطروحة,التركية,متاح,#28D094,2026-2027,2900,2100,2100,1000,USD,-,1600
1363,22,جامعة بيكنت,Taksim Campus,"Cihangir Mahallesi, Sıraselviler Cd. No:65, Beyoğlu / İstanbul",إدارة المؤسسات الصحية,تركيا,إسطنبول,ماجستير مع أطروحة,التركية,متاح,#28D094,2026-2027,2900,2100,2100,1000,USD,-,1600
1362,22,جامعة بيكنت,Taksim Campus,"Cihangir Mahallesi, Sıraselviler Cd. No:65, Beyoğlu / İstanbul",الهندسة الصناعية,تركيا,إسطنبول,ماجستير مع أطروحة,التركية,متاح,#28D094,2026-2027,2900,2100,2100,1000,USD,-,1600
1361,22,جامعة بيكنت,Taksim Campus,"Cihangir Mahallesi, Sıraselviler Cd. No:65, Beyoğlu / İstanbul",هندسة التصنيع,تركيا,إسطنبول,ماجستير مع أطروحة,التركية,متاح,#28D094,2026-2027,2900,2100,2100,1000,USD,-,1600
1360,22,جامعة بيكنت,Taksim Campus,"Cihangir Mahallesi, Sıraselviler Cd. No:65, Beyoğlu / İstanbul",العلاقات الدولية,تركيا,إسطنبول,ماجستير مع أطروحة,الإنجليزية,متاح,#28D094,2026-2027,2900,2100,2100,1000,USD,-,1800
1359,22,جامعة بيكنت,Taksim Campus,"Cihangir Mahallesi, Sıraselviler Cd. No:65, Beyoğlu / İstanbul",العلاقات الدولية,تركيا,إسطنبول,ماجستير مع أطروحة,التركية,متاح,#28D094,2026-2027,2900,2100,2100,1000,USD,-,1600
1358,22,جامعة بيكنت,Taksim Campus,"Cihangir Mahallesi, Sıraselviler Cd. No:65, Beyoğlu / İstanbul",علم الاجتماع,تركيا,إسطنبول,ماجستير مع أطروحة,التركية,متاح,#28D094,2026-2027,2900,2100,2100,1000,USD,-,1600
1357,22,جامعة بيكنت,Taksim Campus,"Cihangir Mahallesi, Sıraselviler Cd. No:65, Beyoğlu / İstanbul",العلوم السياسية والإدارة العامة,تركيا,إسطنبول,ماجستير مع أطروحة,الإنجليزية,متاح,#28D094,2026-2027,2900,2100,2100,1000,USD,-,1800
1356,22,جامعة بيكنت,Taksim Campus,"Cihangir Mahallesi, Sıraselviler Cd. No:65, Beyoğlu / İstanbul",العلوم السياسية والإدارة العامة,تركيا,إسطنبول,ماجستير مع أطروحة,التركية,متاح,#28D094,2026-2027,2900,2100,2100,1000,USD,-,1600
1355,22,جامعة بيكنت,Taksim Campus,"Cihangir Mahallesi, Sıraselviler Cd. No:65, Beyoğlu / İstanbul",المحاسبة والتدقيق,تركيا,إسطنبول,ماجستير مع أطروحة,التركية,متاح,#28D094,2026-2027,2900,2100,2100,1000,USD,-,1600
1354,22,جامعة بيكنت,Taksim Campus,"Cihangir Mahallesi, Sıraselviler Cd. No:65, Beyoğlu / İstanbul",الهندسة الميكانيكية,تركيا,إسطنبول,ماجستير مع أطروحة,الإنجليزية,متاح,#28D094,2026-2027,2900,2100,2100,1000,USD,-,1800
1353,22,جامعة بيكنت,Taksim Campus,"Cihangir Mahallesi, Sıraselviler Cd. No:65, Beyoğlu / İstanbul",الهندسة الميكانيكية,تركيا,إسطنبول,ماجستير مع أطروحة,التركية,متاح,#28D094,2026-2027,2900,2100,2100,1000,USD,-,1600
1352,22,جامعة بيكنت,Taksim Campus,"Cihangir Mahallesi, Sıraselviler Cd. No:65, Beyoğlu / İstanbul",العلاقات العامة والإعلان,تركيا,إسطنبول,ماجستير مع أطروحة,التركية,متاح,#28D094,2026-2027,2900,2100,2100,1000,USD,-,1600
1351,22,جامعة بيكنت,Taksim Campus,"Cihangir Mahallesi, Sıraselviler Cd. No:65, Beyoğlu / İstanbul",التصميم الجرافيكي,تركيا,إسطنبول,ماجستير مع أطروحة,التركية,متاح,#28D094,2026-2027,2900,2100,2100,1000,USD,-,1600
1350,22,جامعة بيكنت,Taksim Campus,"Cihangir Mahallesi, Sıraselviler Cd. No:65, Beyoğlu / İstanbul",دراسات الهجرة,تركيا,إسطنبول,ماجستير مع أطروحة,التركية,متاح,#28D094,2026-2027,2900,2100,2100,1000,USD,-,1600
1349,22,جامعة بيكنت,Taksim Campus,"Cihangir Mahallesi, Sıraselviler Cd. No:65, Beyoğlu / İstanbul",فنون الطهي وفنون المطبخ,تركيا,إسطنبول,ماجستير مع أطروحة,التركية,متاح,#28D094,2026-2027,2900,2100,2100,1000,USD,-,1600
1348,22,جامعة بيكنت,Taksim Campus,"Cihangir Mahallesi, Sıraselviler Cd. No:65, Beyoğlu / İstanbul",المالية,تركيا,إسطنبول,ماجستير مع أطروحة,التركية,متاح,#28D094,2026-2027,2900,2100,2100,1000,USD,-,1600
1347,22,جامعة بيكنت,Taksim Campus,"Cihangir Mahallesi, Sıraselviler Cd. No:65, Beyoğlu / İstanbul",السياسات الصناعية وإدارة التكنولوجيا,تركيا,إسطنبول,ماجستير مع أطروحة,التركية,متاح,#28D094,2026-2027,2900,2100,2100,1000,USD,-,1600
1346,22,جامعة بيكنت,Taksim Campus,"Cihangir Mahallesi, Sıraselviler Cd. No:65, Beyoğlu / İstanbul",الهندسة الصناعية,تركيا,إسطنبول,ماجستير مع أطروحة,الإنجليزية,متاح,#28D094,2026-2027,2900,2100,2100,1000,USD,-,1800
1345,22,جامعة بيكنت,Taksim Campus,"Cihangir Mahallesi, Sıraselviler Cd. No:65, Beyoğlu / İstanbul",الاقتصاد والمالية,تركيا,إسطنبول,ماجستير مع أطروحة,الإنجليزية,متاح,#28D094,2026-2027,2900,2100,2100,1000,USD,-,1800
1344,22,جامعة بيكنت,Taksim Campus,"Cihangir Mahallesi, Sıraselviler Cd. No:65, Beyoğlu / İstanbul",الاقتصاد,تركيا,إسطنبول,ماجستير مع أطروحة,التركية,متاح,#28D094,2026-2027,2900,2100,2100,1000,USD,-,1600
1343,22,جامعة بيكنت,Taksim Campus,"Cihangir Mahallesi, Sıraselviler Cd. No:65, Beyoğlu / İstanbul",المنشآت المعرضة لمخاطر الزلازل والنقل الحضري,تركيا,إسطنبول,ماجستير مع أطروحة,التركية,متاح,#28D094,2026-2027,2900,2100,2100,1000,USD,-,1600
1342,22,جامعة بيكنت,Taksim Campus,"Cihangir Mahallesi, Sıraselviler Cd. No:65, Beyoğlu / İstanbul",إدارة الأعمال,تركيا,إسطنبول,ماجستير بدون أطروحة,الإنجليزية,متاح,#28D094,2026-2027,2200,1600,1600,1000,USD,-,1800
1341,22,جامعة بيكنت,Taksim Campus,"Cihangir Mahallesi, Sıraselviler Cd. No:65, Beyoğlu / İstanbul",الإدارة والتنظيم,تركيا,إسطنبول,ماجستير بدون أطروحة,التركية,متاح,#28D094,2026-2027,2200,1600,1600,1000,USD,-,1600
1340,22,جامعة بيكنت,Taksim Campus,"Cihangir Mahallesi, Sıraselviler Cd. No:65, Beyoğlu / İstanbul",التاريخ,تركيا,إسطنبول,ماجستير بدون أطروحة,التركية,متاح,#28D094,2026-2027,2200,1600,1600,1000,USD,-,1600
1339,22,جامعة بيكنت,Taksim Campus,"Cihangir Mahallesi, Sıraselviler Cd. No:65, Beyoğlu / İstanbul",التسويق,تركيا,إسطنبول,ماجستير بدون أطروحة,التركية,متاح,#28D094,2026-2027,2200,1600,1600,1000,USD,-,1600
1338,22,جامعة بيكنت,Taksim Campus,"Cihangir Mahallesi, Sıraselviler Cd. No:65, Beyoğlu / İstanbul",الرياضيات,تركيا,إسطنبول,ماجستير بدون أطروحة,التركية,متاح,#28D094,2026-2027,2200,1600,1600,1000,USD,-,1600
1337,22,جامعة بيكنت,Taksim Campus,"Cihangir Mahallesi, Sıraselviler Cd. No:65, Beyoğlu / İstanbul",إدارة الأعمال,تركيا,إسطنبول,ماجستير بدون أطروحة,التركية,متاح,#28D094,2026-2027,2200,1600,1600,1000,USD,-,1600
1336,22,جامعة بيكنت,Taksim Campus,"Cihangir Mahallesi, Sıraselviler Cd. No:65, Beyoğlu / İstanbul",الموارد البشرية والتغيير التنظيمي,تركيا,إسطنبول,ماجستير بدون أطروحة,التركية,متاح,#28D094,2026-2027,2200,1600,1600,1000,USD,-,1600
1335,22,جامعة بيكنت,Taksim Campus,"Cihangir Mahallesi, Sıraselviler Cd. No:65, Beyoğlu / İstanbul",هندسة الكمبيوتر,تركيا,إسطنبول,ماجستير بدون أطروحة,التركية,متاح,#28D094,2026-2027,2200,1600,1600,1000,USD,-,1600
1334,22,جامعة بيكنت,Taksim Campus,"Cihangir Mahallesi, Sıraselviler Cd. No:65, Beyoğlu / İstanbul",هندسة التصنيع,تركيا,إسطنبول,ماجستير بدون أطروحة,التركية,متاح,#28D094,2026-2027,2200,1600,1600,1000,USD,-,1600
1333,22,جامعة بيكنت,Taksim Campus,"Cihangir Mahallesi, Sıraselviler Cd. No:65, Beyoğlu / İstanbul",العلاقات الدولية,تركيا,إسطنبول,ماجستير بدون أطروحة,الإنجليزية,متاح,#28D094,2026-2027,2200,1600,1600,1000,USD,-,1800
1332,22,جامعة بيكنت,Taksim Campus,"Cihangir Mahallesi, Sıraselviler Cd. No:65, Beyoğlu / İstanbul",العلاقات الدولية,تركيا,إسطنبول,ماجستير بدون أطروحة,التركية,متاح,#28D094,2026-2027,2200,1600,1600,1000,USD,-,1600
1331,22,جامعة بيكنت,Taksim Campus,"Cihangir Mahallesi, Sıraselviler Cd. No:65, Beyoğlu / İstanbul",علم الاجتماع,تركيا,إسطنبول,ماجستير بدون أطروحة,التركية,متاح,#28D094,2026-2027,2200,1600,1600,1000,USD,-,1600
1330,22,جامعة بيكنت,Taksim Campus,"Cihangir Mahallesi, Sıraselviler Cd. No:65, Beyoğlu / İstanbul",العلوم السياسية والإدارة العامة,تركيا,إسطنبول,ماجستير بدون أطروحة,الإنجليزية,متاح,#28D094,2026-2027,2200,1600,1600,1000,USD,-,1600
1329,22,جامعة بيكنت,Taksim Campus,"Cihangir Mahallesi, Sıraselviler Cd. No:65, Beyoğlu / İstanbul",العلوم السياسية والإدارة العامة,تركيا,إسطنبول,ماجستير بدون أطروحة,التركية,متاح,#28D094,2026-2027,2200,1600,1600,1000,USD,-,1600
1328,22,جامعة بيكنت,Taksim Campus,"Cihangir Mahallesi, Sıraselviler Cd. No:65, Beyoğlu / İstanbul",التصميم المعماري,تركيا,إسطنبول,ماجستير بدون أطروحة,التركية,متاح,#28D094,2026-2027,2200,1600,1600,1000,USD,-,1600
1327,22,جامعة بيكنت,Taksim Campus,"Cihangir Mahallesi, Sıraselviler Cd. No:65, Beyoğlu / İstanbul",الهندسة الميكانيكية,تركيا,إسطنبول,ماجستير بدون أطروحة,التركية,متاح,#28D094,2026-2027,2200,1600,1600,1000,USD,-,1600
1326,22,جامعة بيكنت,Taksim Campus,"Cihangir Mahallesi, Sıraselviler Cd. No:65, Beyoğlu / İstanbul",الصحة والسلامة المهنية (متعدد التخصصات),تركيا,إسطنبول,ماجستير بدون أطروحة,التركية,متاح,#28D094,2026-2027,2200,1600,1600,1000,USD,-,1600
1325,22,جامعة بيكنت,Taksim Campus,"Cihangir Mahallesi, Sıraselviler Cd. No:65, Beyoğlu / İstanbul",الهندسة المدنية,تركيا,إسطنبول,ماجستير بدون أطروحة,التركية,متاح,#28D094,2026-2027,2200,1600,1600,1000,USD,-,1600
1324,22,جامعة بيكنت,Taksim Campus,"Cihangir Mahallesi, Sıraselviler Cd. No:65, Beyoğlu / İstanbul",الموارد البشرية والتغيير التنظيمي (تعليم عن بعد),تركيا,إسطنبول,ماجستير بدون أطروحة,التركية,متاح,#28D094,2026-2027,2200,1400,1400,1000,USD,-,1400
1323,22,جامعة بيكنت,Taksim Campus,"Cihangir Mahallesi, Sıraselviler Cd. No:65, Beyoğlu / İstanbul",إدارة المؤسسات الصحية,تركيا,إسطنبول,ماجستير بدون أطروحة,التركية,متاح,#28D094,2026-2027,2200,1600,1600,1000,USD,-,1600
1322,22,جامعة بيكنت,Taksim Campus,"Cihangir Mahallesi, Sıraselviler Cd. No:65, Beyoğlu / İstanbul",العلاقات العامة والإعلان,تركيا,إسطنبول,ماجستير بدون أطروحة,التركية,متاح,#28D094,2026-2027,2200,1600,1600,1000,USD,-,1600
1321,22,جامعة بيكنت,Taksim Campus,"Cihangir Mahallesi, Sıraselviler Cd. No:65, Beyoğlu / İstanbul",التصميم الجرافيكي,تركيا,إسطنبول,ماجستير بدون أطروحة,التركية,متاح,#28D094,2026-2027,2200,1600,1600,1000,USD,-,1600
1320,22,جامعة بيكنت,Taksim Campus,"Cihangir Mahallesi, Sıraselviler Cd. No:65, Beyoğlu / İstanbul",دراسات الهجرة,تركيا,إسطنبول,ماجستير بدون أطروحة,التركية,متاح,#28D094,2026-2027,2200,1600,1600,1000,USD,-,1600
1319,22,جامعة بيكنت,Taksim Campus,"Cihangir Mahallesi, Sıraselviler Cd. No:65, Beyoğlu / İstanbul",فنون الطهي وفنون المطبخ,تركيا,إسطنبول,ماجستير بدون أطروحة,التركية,متاح,#28D094,2026-2027,2200,1600,1600,1000,USD,-,1600
1318,22,جامعة بيكنت,Taksim Campus,"Cihangir Mahallesi, Sıraselviler Cd. No:65, Beyoğlu / İstanbul",المالية,تركيا,إسطنبول,ماجستير بدون أطروحة,التركية,متاح,#28D094,2026-2027,2200,1600,1600,1000,USD,-,1600
1317,22,جامعة بيكنت,Taksim Campus,"Cihangir Mahallesi, Sıraselviler Cd. No:65, Beyoğlu / İstanbul",السياسات الصناعية وإدارة التكنولوجيا,تركيا,إسطنبول,ماجستير بدون أطروحة,التركية,متاح,#28D094,2026-2027,2200,1600,1600,1000,USD,-,1600
1316,22,جامعة بيكنت,Taksim Campus,"Cihangir Mahallesi, Sıraselviler Cd. No:65, Beyoğlu / İstanbul",الهندسة الصناعية,تركيا,إسطنبول,ماجستير بدون أطروحة,التركية,متاح,#28D094,2026-2027,2200,1600,1600,1000,USD,-,1600
1315,22,جامعة بيكنت,Taksim Campus,"Cihangir Mahallesi, Sıraselviler Cd. No:65, Beyoğlu / İstanbul",الاقتصاد والمالية,تركيا,إسطنبول,ماجستير بدون أطروحة,التركية,متاح,#28D094,2026-2027,2200,1600,1600,1000,USD,-,1600
1314,22,جامعة بيكنت,Taksim Campus,"Cihangir Mahallesi, Sıraselviler Cd. No:65, Beyoğlu / İstanbul",الاقتصاد,تركيا,إسطنبول,ماجستير بدون أطروحة,التركية,متاح,#28D094,2026-2027,2200,1600,1600,1000,USD,-,1600
1313,22,جامعة بيكنت,Taksim Campus,"Cihangir Mahallesi, Sıraselviler Cd. No:65, Beyoğlu / İstanbul",البنوك والتمويل (تعليم عن بعد),تركيا,إسطنبول,ماجستير بدون أطروحة,التركية,متاح,#28D094,2026-2027,2200,1400,1400,1000,USD,-,1400
1312,22,جامعة بيكنت,Beylikduzu Campus,"Cumhuriyet Mahallesi, Beykent, Büyükçekmece / İstanbul",تمريض,تركيا,إسطنبول,بكالوريوس,التركية,متاح,#28D094,2026-2027,4000,2700,2700,1000,USD,-,2700
1311,22,جامعة بيكنت,Beylikduzu Campus,"Cumhuriyet Mahallesi, Beykent, Büyükçekmece / İstanbul",العلاج الطبيعي والتأهيل,تركيا,إسطنبول,بكالوريوس,التركية,متاح,#28D094,2026-2027,4000,2700,2700,1000,USD,-,2700
1310,22,جامعة بيكنت,Beylikduzu Campus,"Cumhuriyet Mahallesi, Beykent, Büyükçekmece / İstanbul",القبالة,تركيا,إسطنبول,بكالوريوس,التركية,متاح,#28D094,2026-2027,4000,2700,2700,1000,USD,-,2700
1309,22,جامعة بيكنت,Beylikduzu Campus,"Cumhuriyet Mahallesi, Beykent, Büyükçekmece / İstanbul",التغذية وعلم الحمية,تركيا,إسطنبول,بكالوريوس,التركية,متاح,#28D094,2026-2027,4000,2700,2700,1000,USD,-,2700
1308,22,جامعة بيكنت,Beylikduzu Campus,"Cumhuriyet Mahallesi, Beykent, Büyükçekmece / İstanbul",إدارة الصحة,تركيا,إسطنبول,بكالوريوس,التركية,متاح,#28D094,2026-2027,3500,2500,2500,1000,USD,-,2500
1307,22,جامعة بيكنت,Beylikduzu Campus,"Cumhuriyet Mahallesi, Beykent, Büyükçekmece / İstanbul",تنمية الطفل,تركيا,إسطنبول,بكالوريوس,التركية,متاح,#28D094,2026-2027,3500,2500,2500,1000,USD,-,2500
1306,22,جامعة بيكنت,Ayazaga - Maslak Campus,"Ayazağa Mahallesi, Hadım Koruyolu Cd. No:19, Sarıyer / İstanbul",هندسة البرمجيات,تركيا,إسطنبول,بكالوريوس,التركية,متاح,#28D094,2026-2027,4000,2700,2700,1000,USD,-,2700
1305,22,جامعة بيكنت,Ayazaga - Maslak Campus,"Ayazağa Mahallesi, Hadım Koruyolu Cd. No:19, Sarıyer / İstanbul",هندسة الكمبيوتر,تركيا,إسطنبول,بكالوريوس,الإنجليزية,متاح,#28D094,2026-2027,4000,2700,2700,1000,USD,-,2700
1304,22,جامعة بيكنت,Ayazaga - Maslak Campus,"Ayazağa Mahallesi, Hadım Koruyolu Cd. No:19, Sarıyer / İstanbul",هندسة الكمبيوتر,تركيا,إسطنبول,بكالوريوس,التركية,متاح,#28D094,2026-2027,4000,2700,2700,1000,USD,-,2700
1303,22,جامعة بيكنت,Ayazaga - Maslak Campus,"Ayazağa Mahallesi, Hadım Koruyolu Cd. No:19, Sarıyer / İstanbul",العمارة,تركيا,إسطنبول,بكالوريوس,الإنجليزية,متاح,#28D094,2026-2027,3500,2500,2500,1000,USD,-,2500
1302,22,جامعة بيكنت,Ayazaga - Maslak Campus,"Ayazağa Mahallesi, Hadım Koruyolu Cd. No:19, Sarıyer / İstanbul",العمارة,تركيا,إسطنبول,بكالوريوس,التركية,متاح,#28D094,2026-2027,3500,2500,2500,1000,USD,-,2500
1301,22,جامعة بيكنت,Ayazaga - Maslak Campus,"Ayazağa Mahallesi, Hadım Koruyolu Cd. No:19, Sarıyer / İstanbul",الهندسة الميكانيكية,تركيا,إسطنبول,بكالوريوس,الإنجليزية,متاح,#28D094,2026-2027,3500,2500,2500,1000,USD,-,2500
1300,22,جامعة بيكنت,Ayazaga - Maslak Campus,"Ayazağa Mahallesi, Hadım Koruyolu Cd. No:19, Sarıyer / İstanbul",الهندسة الكيميائية,تركيا,إسطنبول,بكالوريوس,التركية,متاح,#28D094,2026-2027,3500,2500,2500,1000,USD,-,2500
1299,22,جامعة بيكنت,Ayazaga - Maslak Campus,"Ayazağa Mahallesi, Hadım Koruyolu Cd. No:19, Sarıyer / İstanbul",الهندسة المدنية,تركيا,إسطنبول,بكالوريوس,الإنجليزية,متاح,#28D094,2026-2027,3500,2500,2500,1000,USD,-,2500
1298,22,جامعة بيكنت,Ayazaga - Maslak Campus,"Ayazağa Mahallesi, Hadım Koruyolu Cd. No:19, Sarıyer / İstanbul",العمارة الداخلية,تركيا,إسطنبول,بكالوريوس,الإنجليزية,متاح,#28D094,2026-2027,3500,2500,2500,1000,USD,-,2500
1297,22,جامعة بيكنت,Ayazaga - Maslak Campus,"Ayazağa Mahallesi, Hadım Koruyolu Cd. No:19, Sarıyer / İstanbul",العمارة الداخلية,تركيا,إسطنبول,بكالوريوس,التركية,متاح,#28D094,2026-2027,3500,2500,2500,1000,USD,-,2500
1296,22,جامعة بيكنت,Ayazaga - Maslak Campus,"Ayazağa Mahallesi, Hadım Koruyolu Cd. No:19, Sarıyer / İstanbul",التصميم الصناعي,تركيا,إسطنبول,بكالوريوس,الإنجليزية,متاح,#28D094,2026-2027,3500,2500,2500,1000,USD,-,2500
1295,22,جامعة بيكنت,Ayazaga - Maslak Campus,"Ayazağa Mahallesi, Hadım Koruyolu Cd. No:19, Sarıyer / İstanbul",التصميم الصناعي,تركيا,إسطنبول,بكالوريوس,التركية,متاح,#28D094,2026-2027,3500,2500,2500,1000,USD,-,2500
1294,22,جامعة بيكنت,Ayazaga - Maslak Campus,"Ayazağa Mahallesi, Hadım Koruyolu Cd. No:19, Sarıyer / İstanbul",الهندسة الصناعية,تركيا,إسطنبول,بكالوريوس,الإنجليزية,متاح,#28D094,2026-2027,3500,2500,2500,1000,USD,-,2500
1293,22,جامعة بيكنت,Ayazaga - Maslak Campus,"Ayazağa Mahallesi, Hadım Koruyolu Cd. No:19, Sarıyer / İstanbul",الهندسة الصناعية,تركيا,إسطنبول,بكالوريوس,التركية,متاح,#28D094,2026-2027,3500,2500,2500,1000,USD,-,2500
1292,22,جامعة بيكنت,Ayazaga - Maslak Campus,"Ayazağa Mahallesi, Hadım Koruyolu Cd. No:19, Sarıyer / İstanbul",الهندسة الكهربائية والإلكترونية,تركيا,إسطنبول,بكالوريوس,التركية,متاح,#28D094,2026-2027,3500,2500,2500,1000,USD,-,2500
1291,22,جامعة بيكنت,Ayazaga - Maslak Campus,"Ayazağa Mahallesi, Hadım Koruyolu Cd. No:19, Sarıyer / İstanbul",وسائل الإعلام الجديدة,تركيا,إسطنبول,بكالوريوس,الإنجليزية,متاح,#28D094,2026-2027,3500,2500,2500,1000,USD,-,2500
1290,22,جامعة بيكنت,Ayazaga - Maslak Campus,"Ayazağa Mahallesi, Hadım Koruyolu Cd. No:19, Sarıyer / İstanbul",وسائل الإعلام الجديدة,تركيا,إسطنبول,بكالوريوس,التركية,متاح,#28D094,2026-2027,3500,2500,2500,1000,USD,-,2500
1289,22,جامعة بيكنت,Ayazaga - Maslak Campus,"Ayazağa Mahallesi, Hadım Koruyolu Cd. No:19, Sarıyer / İstanbul",الإعلام والاتصالات,تركيا,إسطنبول,بكالوريوس,التركية,متاح,#28D094,2026-2027,3500,2500,2500,1000,USD,-,2500
1288,22,جامعة بيكنت,Ayazaga - Maslak Campus,"Ayazağa Mahallesi, Hadım Koruyolu Cd. No:19, Sarıyer / İstanbul",العلاقات العامة والإعلان,تركيا,إسطنبول,بكالوريوس,التركية,متاح,#28D094,2026-2027,3500,2500,2500,1000,USD,-,2500
1287,22,جامعة بيكنت,Ayazaga - Maslak Campus,"Ayazağa Mahallesi, Hadım Koruyolu Cd. No:19, Sarıyer / İstanbul",تصميم الاتصالات المرئية,تركيا,إسطنبول,بكالوريوس,التركية,متاح,#28D094,2026-2027,3500,2500,2500,1000,USD,-,2500
1286,22,جامعة بيكنت,Ayazaga - Maslak Campus,"Ayazağa Mahallesi, Hadım Koruyolu Cd. No:19, Sarıyer / İstanbul",تصميم الاتصالات المرئية,تركيا,إسطنبول,بكالوريوس,الإنجليزية,متاح,#28D094,2026-2027,3500,2500,2500,1000,USD,-,2500
1285,22,جامعة بيكنت,Ayazaga - Maslak Campus,"Ayazağa Mahallesi, Hadım Koruyolu Cd. No:19, Sarıyer / İstanbul",تصميم الألعاب الرقمية,تركيا,إسطنبول,بكالوريوس,التركية,متاح,#28D094,2026-2027,3500,2500,2500,1000,USD,-,2500
1284,22,جامعة بيكنت,Ayazaga - Maslak Campus,"Ayazağa Mahallesi, Hadım Koruyolu Cd. No:19, Sarıyer / İstanbul",تصميم الألعاب الرقمية,تركيا,إسطنبول,بكالوريوس,الإنجليزية,متاح,#28D094,2026-2027,3500,2500,2500,1000,USD,-,2500
1283,22,جامعة بيكنت,Hadimkoy Campus,"Akçaburgaz Mahallesi, Hadımköy İstanbul Cd. No:2/A Esenyurt / İstanbul",نظم المعلومات الإدارية,تركيا,إسطنبول,بكالوريوس,التركية,متاح,#28D094,2026-2027,3500,2500,2500,1000,USD,-,2500
1282,22,جامعة بيكنت,Hadimkoy Campus,"Akçaburgaz Mahallesi, Hadımköy İstanbul Cd. No:2/A Esenyurt / İstanbul",نظم المعلومات الإدارية,تركيا,إسطنبول,بكالوريوس,الإنجليزية,متاح,#28D094,2026-2027,3500,2500,2500,1000,USD,-,2500
1281,22,جامعة بيكنت,Hadimkoy Campus,"Akçaburgaz Mahallesi, Hadımköy İstanbul Cd. No:2/A Esenyurt / İstanbul",التجارة الدولية والتمويل,تركيا,إسطنبول,بكالوريوس,الإنجليزية,متاح,#28D094,2026-2027,3500,2500,2500,1000,USD,-,2500
1280,22,جامعة بيكنت,Hadimkoy Campus,"Akçaburgaz Mahallesi, Hadımköy İstanbul Cd. No:2/A Esenyurt / İstanbul",التجارة الدولية والتمويل,تركيا,إسطنبول,بكالوريوس,التركية,متاح,#28D094,2026-2027,3500,2500,2500,1000,USD,-,2500
1279,22,جامعة بيكنت,Hadimkoy Campus,"Akçaburgaz Mahallesi, Hadımköy İstanbul Cd. No:2/A Esenyurt / İstanbul",إدارة اللوجستيات,تركيا,إسطنبول,بكالوريوس,التركية,متاح,#28D094,2026-2027,3500,2500,2500,1000,USD,-,2500
1278,22,جامعة بيكنت,Hadimkoy Campus,"Akçaburgaz Mahallesi, Hadımköy İstanbul Cd. No:2/A Esenyurt / İstanbul",إدارة اللوجستيات,تركيا,إسطنبول,بكالوريوس,الإنجليزية,متاح,#28D094,2026-2027,3500,2500,2500,1000,USD,-,2500
1277,22,جامعة بيكنت,Hadimkoy Campus,"Akçaburgaz Mahallesi, Hadımköy İstanbul Cd. No:2/A Esenyurt / İstanbul",العلاقات الدولية,تركيا,إسطنبول,بكالوريوس,الإنجليزية,متاح,#28D094,2026-2027,3500,2500,2500,1000,USD,-,2500
1276,22,جامعة بيكنت,Hadimkoy Campus,"Akçaburgaz Mahallesi, Hadımköy İstanbul Cd. No:2/A Esenyurt / İstanbul",إدارة السياحة,تركيا,إسطنبول,بكالوريوس,التركية,متاح,#28D094,2026-2027,3500,2500,2500,1000,USD,-,2500
1275,22,جامعة بيكنت,Hadimkoy Campus,"Akçaburgaz Mahallesi, Hadımköy İstanbul Cd. No:2/A Esenyurt / İstanbul",العلوم السياسية والإدارة العامة,تركيا,إسطنبول,بكالوريوس,الإنجليزية,متاح,#28D094,2026-2027,3500,2500,2500,1000,USD,-,2500
1274,22,جامعة بيكنت,Hadimkoy Campus,"Akçaburgaz Mahallesi, Hadımköy İstanbul Cd. No:2/A Esenyurt / İstanbul",العلوم السياسية والإدارة العامة,تركيا,إسطنبول,بكالوريوس,التركية,متاح,#28D094,2026-2027,3500,2500,2500,1000,USD,-,2500
1273,22,جامعة بيكنت,Hadimkoy Campus,"Akçaburgaz Mahallesi, Hadımköy İstanbul Cd. No:2/A Esenyurt / İstanbul",أسواق رأس المال,تركيا,إسطنبول,بكالوريوس,التركية,متاح,#28D094,2026-2027,3500,2500,2500,1000,USD,-,2500
1272,22,جامعة بيكنت,Hadimkoy Campus,"Akçaburgaz Mahallesi, Hadımköy İstanbul Cd. No:2/A Esenyurt / İstanbul",إدارة الأعمال,تركيا,إسطنبول,بكالوريوس,الإنجليزية,متاح,#28D094,2026-2027,4000,2700,2700,1000,USD,-,2700
1271,22,جامعة بيكنت,Hadimkoy Campus,"Akçaburgaz Mahallesi, Hadımköy İstanbul Cd. No:2/A Esenyurt / İstanbul",إدارة الأعمال,تركيا,إسطنبول,بكالوريوس,التركية,متاح,#28D094,2026-2027,3500,2500,2500,1000,USD,-,2500
1270,22,جامعة بيكنت,Hadimkoy Campus,"Akçaburgaz Mahallesi, Hadımköy İstanbul Cd. No:2/A Esenyurt / İstanbul",الاقتصاد,تركيا,إسطنبول,بكالوريوس,الإنجليزية,متاح,#28D094,2026-2027,3500,2500,2500,1000,USD,-,2500
1269,22,جامعة بيكنت,Hadimkoy Campus,"Akçaburgaz Mahallesi, Hadımköy İstanbul Cd. No:2/A Esenyurt / İstanbul",الاقتصاد,تركيا,إسطنبول,بكالوريوس,التركية,متاح,#28D094,2026-2027,3500,2500,2500,1000,USD,-,2500
1268,22,جامعة بيكنت,Hadimkoy Campus,"Akçaburgaz Mahallesi, Hadımköy İstanbul Cd. No:2/A Esenyurt / İstanbul",البنوك والتمويل,تركيا,إسطنبول,بكالوريوس,الإنجليزية,متاح,#28D094,2026-2027,3500,2500,2500,1000,USD,-,2500
1267,22,جامعة بيكنت,Hadimkoy Campus,"Akçaburgaz Mahallesi, Hadımköy İstanbul Cd. No:2/A Esenyurt / İstanbul",البنوك والتمويل,تركيا,إسطنبول,بكالوريوس,التركية,متاح,#28D094,2026-2027,3500,2500,2500,1000,USD,-,2500
1266,22,جامعة بيكنت,Ayazaga - Maslak Campus,"Ayazağa Mahallesi, Hadım Koruyolu Cd. No:19, Sarıyer / İstanbul",تصميم الأزياء والمنسوجات,تركيا,إسطنبول,بكالوريوس,التركية,متاح,#28D094,2026-2027,3500,2500,2500,1000,USD,-,2500
1265,22,جامعة بيكنت,Ayazaga - Maslak Campus,"Ayazağa Mahallesi, Hadım Koruyolu Cd. No:19, Sarıyer / İstanbul",التصميم الجرافيكي,تركيا,إسطنبول,بكالوريوس,التركية,متاح,#28D094,2026-2027,3500,2500,2500,1000,USD,-,2500
1264,22,جامعة بيكنت,Ayazaga - Maslak Campus,"Ayazağa Mahallesi, Hadım Koruyolu Cd. No:19, Sarıyer / İstanbul",التصميم الجرافيكي,تركيا,إسطنبول,بكالوريوس,الإنجليزية,متاح,#28D094,2026-2027,3500,2500,2500,1000,USD,-,2500
1263,22,جامعة بيكنت,Ayazaga - Maslak Campus,"Ayazağa Mahallesi, Hadım Koruyolu Cd. No:19, Sarıyer / İstanbul",التمثيل,تركيا,إسطنبول,بكالوريوس,التركية,متاح,#28D094,2026-2027,3500,2500,2500,1000,USD,-,2500
1262,22,جامعة بيكنت,Ayazaga - Maslak Campus,"Ayazağa Mahallesi, Hadım Koruyolu Cd. No:19, Sarıyer / İstanbul",الإذاعة والتلفزيون والسينما,تركيا,إسطنبول,بكالوريوس,الإنجليزية,متاح,#28D094,2026-2027,3500,2500,2500,1000,USD,-,2500
1261,22,جامعة بيكنت,Ayazaga - Maslak Campus,"Ayazağa Mahallesi, Hadım Koruyolu Cd. No:19, Sarıyer / İstanbul",الإذاعة والتلفزيون والسينما,تركيا,إسطنبول,بكالوريوس,التركية,متاح,#28D094,2026-2027,3500,2500,2500,1000,USD,-,2500
1260,22,جامعة بيكنت,Ayazaga - Maslak Campus,"Ayazağa Mahallesi, Hadım Koruyolu Cd. No:19, Sarıyer / İstanbul",تصميم الاتصال,تركيا,إسطنبول,بكالوريوس,التركية,متاح,#28D094,2026-2027,3500,2500,2500,1000,USD,-,2500
1259,22,جامعة بيكنت,Beylikduzu Campus,"Cumhuriyet Mahallesi, Beykent, Büyükçekmece / İstanbul",فنون الطهي وفنون المطبخ,تركيا,إسطنبول,بكالوريوس,التركية,متاح,#28D094,2026-2027,3500,2500,2500,1000,USD,-,2500
1258,22,جامعة بيكنت,Beylikduzu Campus,"Cumhuriyet Mahallesi, Beykent, Büyükçekmece / İstanbul",تطوير البرمجيات,تركيا,إسطنبول,بكالوريوس,التركية,متاح,#28D094,2026-2027,3500,2500,2500,1000,USD,-,2500
1257,22,جامعة بيكنت,Beylikduzu Campus,"Cumhuriyet Mahallesi, Beykent, Büyükçekmece / İstanbul",نظم وتقنيات المعلومات,تركيا,إسطنبول,بكالوريوس,التركية,متاح,#28D094,2026-2027,3500,2500,2500,1000,USD,-,2500
1256,22,جامعة بيكنت,Beylikduzu Campus,"Cumhuriyet Mahallesi, Beykent, Büyükçekmece / İstanbul",الترجمة التحريرية والشفهية (الروسية),تركيا,إسطنبول,بكالوريوس,التركية,متاح,#28D094,2026-2027,3500,2500,2500,1000,USD,-,2500
1255,22,جامعة بيكنت,Beylikduzu Campus,"Cumhuriyet Mahallesi, Beykent, Büyükçekmece / İstanbul",الترجمة التحريرية والشفهية (الإنجليزية),تركيا,إسطنبول,بكالوريوس,التركية,متاح,#28D094,2026-2027,3500,2500,2500,1000,USD,-,2500
1254,22,جامعة بيكنت,Beylikduzu Campus,"Cumhuriyet Mahallesi, Beykent, Büyükçekmece / İstanbul",اللغة التركية وآدابها,تركيا,إسطنبول,بكالوريوس,التركية,متاح,#28D094,2026-2027,3500,2500,2500,1000,USD,-,2500
1253,22,جامعة بيكنت,Beylikduzu Campus,"Cumhuriyet Mahallesi, Beykent, Büyükçekmece / İstanbul",التاريخ,تركيا,إسطنبول,بكالوريوس,التركية,متاح,#28D094,2026-2027,3500,2500,2500,1000,USD,-,2500
1252,22,جامعة بيكنت,Beylikduzu Campus,"Cumhuriyet Mahallesi, Beykent, Büyükçekmece / İstanbul",علم الاجتماع,تركيا,إسطنبول,بكالوريوس,التركية,متاح,#28D094,2026-2027,3500,2500,2500,1000,USD,-,2500
1251,22,جامعة بيكنت,Beylikduzu Campus,"Cumhuriyet Mahallesi, Beykent, Büyükçekmece / İstanbul",علم النفس,تركيا,إسطنبول,بكالوريوس,التركية,متاح,#28D094,2026-2027,3500,2500,2500,1000,USD,-,2500
1250,22,جامعة بيكنت,Beylikduzu Campus,"Cumhuriyet Mahallesi, Beykent, Büyükçekmece / İstanbul",علم النفس,تركيا,إسطنبول,بكالوريوس,الإنجليزية,متاح,#28D094,2026-2027,3500,2500,2500,1000,USD,-,2500
1249,22,جامعة بيكنت,Beylikduzu Campus,"Cumhuriyet Mahallesi, Beykent, Büyükçekmece / İstanbul",الرياضيات,تركيا,إسطنبول,بكالوريوس,التركية,متاح,#28D094,2026-2027,3500,2500,2500,1000,USD,-,2500
1248,22,جامعة بيكنت,Beylikduzu Campus,"Cumhuriyet Mahallesi, Beykent, Büyükçekmece / İstanbul",اللغة الإنجليزية وآدابها,تركيا,إسطنبول,بكالوريوس,التركية,متاح,#28D094,2026-2027,3500,2500,2500,1000,USD,-,2500
1247,22,جامعة بيكنت,Taksim Campus,"Cihangir Mahallesi, Sıraselviler Cd. No:65, Beyoğlu / İstanbul",قانون,تركيا,إسطنبول,بكالوريوس,التركية,متاح,#28D094,2026-2027,3500,2500,2500,1000,USD,-,2500
1246,22,جامعة بيكنت,Beylikduzu Campus,"Cumhuriyet Mahallesi, Beykent, Büyükçekmece / İstanbul",طب الأسنان,تركيا,إسطنبول,بكالوريوس,التركية,متاح,#28D094,2026-2027,18000,11000,11000,2000,USD,-,3950
1245,22,جامعة بيكنت,Beylikduzu Campus,"Cumhuriyet Mahallesi, Beykent, Büyükçekmece / İstanbul",الطب البشري,تركيا,إسطنبول,بكالوريوس,التركية,متاح,#28D094,2026-2027,18000,11000,11000,2000,USD,-,3950
1244,22,جامعة بيكنت,Beylikduzu Campus,"Cumhuriyet Mahallesi, Beykent, Büyükçekmece / İstanbul",تقنيات المختبرات الطبية,تركيا,إسطنبول,دبلوم,التركية,متاح,#28D094,2026-2027,2613,1900,1900,1000,USD,-,1900
1243,22,جامعة بيكنت,Beylikduzu Campus,"Cumhuriyet Mahallesi, Beykent, Büyükçekmece / İstanbul",تقنيات التصوير الطبي,تركيا,إسطنبول,دبلوم,التركية,متاح,#28D094,2026-2027,2613,1900,1900,1000,USD,-,1900
1242,22,جامعة بيكنت,Beylikduzu Campus,"Cumhuriyet Mahallesi, Beykent, Büyükçekmece / İstanbul",التوثيق الطبي والسكرتارية,تركيا,إسطنبول,دبلوم,التركية,متاح,#28D094,2026-2027,2613,1900,1900,1000,USD,-,1900
1241,22,جامعة بيكنت,Beylikduzu Campus,"Cumhuriyet Mahallesi, Beykent, Büyükçekmece / İstanbul",العلاج الإشعاعي,تركيا,إسطنبول,دبلوم,التركية,متاح,#28D094,2026-2027,2613,1900,1900,1000,USD,-,1900
1240,22,جامعة بيكنت,Beylikduzu Campus,"Cumhuriyet Mahallesi, Beykent, Büyükçekmece / İstanbul",تقنيات مختبر علم الأمراض,تركيا,إسطنبول,دبلوم,التركية,متاح,#28D094,2026-2027,2613,1900,1900,1000,USD,-,1900
1239,22,جامعة بيكنت,Hadimkoy Campus,"Akçaburgaz Mahallesi, Hadımköy İstanbul Cd. No:2/A Esenyurt / İstanbul",الأطراف الاصطناعية وتقويم العظام,تركيا,إسطنبول,دبلوم,التركية,متاح,#28D094,2026-2027,2613,1900,1900,1000,USD,-,1900
1238,22,جامعة بيكنت,Beylikduzu Campus,"Cumhuriyet Mahallesi, Beykent, Büyükçekmece / İstanbul",البصريات,تركيا,إسطنبول,دبلوم,التركية,متاح,#28D094,2026-2027,2613,1900,1900,1000,USD,-,1900
1237,22,جامعة بيكنت,Beylikduzu Campus,"Cumhuriyet Mahallesi, Beykent, Büyükçekmece / İstanbul",قياس السمع,تركيا,إسطنبول,دبلوم,التركية,متاح,#28D094,2026-2027,2613,1900,1900,1000,USD,-,1900
1236,22,جامعة بيكنت,Hadimkoy Campus,"Akçaburgaz Mahallesi, Hadımköy İstanbul Cd. No:2/A Esenyurt / İstanbul",إدارة الأعمال,تركيا,إسطنبول,دبلوم,التركية,متاح,#28D094,2026-2027,2613,1900,1900,1000,USD,-,1900
1235,22,جامعة بيكنت,Beylikduzu Campus,"Cumhuriyet Mahallesi, Beykent, Büyükçekmece / İstanbul",الإسعافات الأولية والطوارئ,تركيا,إسطنبول,دبلوم,التركية,متاح,#28D094,2026-2027,2613,1900,1900,1000,USD,-,1900
1234,22,جامعة بيكنت,Beylikduzu Campus,"Cumhuriyet Mahallesi, Beykent, Büyükçekmece / İstanbul",العلاج الطبيعي,تركيا,إسطنبول,دبلوم,التركية,متاح,#28D094,2026-2027,2613,1900,1900,1000,USD,-,1900
1233,22,جامعة بيكنت,Beylikduzu Campus,"Cumhuriyet Mahallesi, Beykent, Büyükçekmece / İstanbul",تخطيط كهربائية الأعصاب,تركيا,إسطنبول,دبلوم,التركية,متاح,#28D094,2026-2027,2613,1900,1900,1000,USD,-,1900
1232,22,جامعة بيكنت,Beylikduzu Campus,"Cumhuriyet Mahallesi, Beykent, Büyükçekmece / İstanbul",خدمات الصيدلية,تركيا,إسطنبول,دبلوم,التركية,متاح,#28D094,2026-2027,2613,1900,1900,1000,USD,-,1900
1231,22,جامعة بيكنت,Beylikduzu Campus,"Cumhuriyet Mahallesi, Beykent, Büyükçekmece / İstanbul",غسيل الكلى,تركيا,إسطنبول,دبلوم,التركية,متاح,#28D094,2026-2027,2613,1900,1900,1000,USD,-,1900
1230,22,جامعة بيكنت,Beylikduzu Campus,"Cumhuriyet Mahallesi, Beykent, Büyükçekmece / İstanbul",تقنية التعويضات السنية,تركيا,إسطنبول,دبلوم,التركية,متاح,#28D094,2026-2027,2613,1900,1900,1000,USD,-,1900
1229,22,جامعة بيكنت,Hadimkoy Campus,"Akçaburgaz Mahallesi, Hadımköy İstanbul Cd. No:2/A Esenyurt / İstanbul",التجارة الخارجية,تركيا,إسطنبول,دبلوم,التركية,متاح,#28D094,2026-2027,2613,1900,1900,1000,USD,-,1900
1228,22,جامعة بيكنت,Hadimkoy Campus,"Akçaburgaz Mahallesi, Hadımköy İstanbul Cd. No:2/A Esenyurt / İstanbul",تنمية الطفل,تركيا,إسطنبول,دبلوم,التركية,متاح,#28D094,2026-2027,2613,1900,1900,1000,USD,-,1900
1227,22,جامعة بيكنت,Hadimkoy Campus,"Akçaburgaz Mahallesi, Hadımköy İstanbul Cd. No:2/A Esenyurt / İstanbul",تقنيات الأجهزة الطبية الحيوية,تركيا,إسطنبول,دبلوم,التركية,متاح,#28D094,2026-2027,2613,1900,1900,1000,USD,-,1900
1226,22,جامعة بيكنت,Hadimkoy Campus,"Akçaburgaz Mahallesi, Hadımköy İstanbul Cd. No:2/A Esenyurt / İstanbul",برمجة الكمبيوتر,تركيا,إسطنبول,دبلوم,التركية,متاح,#28D094,2026-2027,2613,1900,1900,1000,USD,-,1900
1225,22,جامعة بيكنت,Beylikduzu Campus,"Cumhuriyet Mahallesi, Beykent, Büyükçekmece / İstanbul",التخدير,تركيا,إسطنبول,دبلوم,التركية,متاح,#28D094,2026-2027,2613,1900,1900,1000,USD,-,1900
1224,22,جامعة بيكنت,Beylikduzu Campus,"Cumhuriyet Mahallesi, Beykent, Büyükçekmece / İstanbul",خدمات غرفة العمليات,تركيا,إسطنبول,دبلوم,التركية,متاح,#28D094,2026-2027,2613,1900,1900,1000,USD,-,1900
1223,22,جامعة بيكنت,Beylikduzu Campus,"Cumhuriyet Mahallesi, Beykent, Büyükçekmece / İstanbul",صحة الفم والأسنان,تركيا,إسطنبول,دبلوم,التركية,متاح,#28D094,2026-2027,2613,1900,1900,1000,USD,-,1900
1222,22,جامعة بيكنت,Hadimkoy Campus,"Akçaburgaz Mahallesi, Hadımköy İstanbul Cd. No:2/A Esenyurt / İstanbul",تقنية عزل المباني,تركيا,إسطنبول,دبلوم,التركية,متاح,#28D094,2026-2027,2200,1600,1600,1000,USD,-,1600
1221,22,جامعة بيكنت,Hadimkoy Campus,"Akçaburgaz Mahallesi, Hadımköy İstanbul Cd. No:2/A Esenyurt / İstanbul",مشغل الذكاء الاصطناعي,تركيا,إسطنبول,دبلوم,التركية,متاح,#28D094,2026-2027,2200,1600,1600,1000,USD,-,1600
1220,22,جامعة بيكنت,Hadimkoy Campus,"Akçaburgaz Mahallesi, Hadımköy İstanbul Cd. No:2/A Esenyurt / İstanbul",خدمات السياحة والسفر,تركيا,إسطنبول,دبلوم,التركية,متاح,#28D094,2026-2027,2200,1600,1600,1000,USD,-,1600
1219,22,جامعة بيكنت,Hadimkoy Campus,"Akçaburgaz Mahallesi, Hadımköy İstanbul Cd. No:2/A Esenyurt / İstanbul",الإرشاد السياحي,تركيا,إسطنبول,دبلوم,التركية,متاح,#28D094,2026-2027,2200,1600,1600,1000,USD,-,1600
1218,22,جامعة بيكنت,Hadimkoy Campus,"Akçaburgaz Mahallesi, Hadımköy İstanbul Cd. No:2/A Esenyurt / İstanbul",تقنية النسيج,تركيا,إسطنبول,دبلوم,التركية,متاح,#28D094,2026-2027,2200,1600,1600,1000,USD,-,1600
1217,22,جامعة بيكنت,Hadimkoy Campus,"Akçaburgaz Mahallesi, Hadımköy İstanbul Cd. No:2/A Esenyurt / İstanbul",فني إدارة المياه والنفايات,تركيا,إسطنبول,دبلوم,التركية,متاح,#28D094,2026-2027,2200,1600,1600,1000,USD,-,1600
1216,22,جامعة بيكنت,Hadimkoy Campus,"Akçaburgaz Mahallesi, Hadımköy İstanbul Cd. No:2/A Esenyurt / İstanbul",الطيران المدني وخدمات المقصورة,تركيا,إسطنبول,دبلوم,التركية,متاح,#28D094,2026-2027,2200,1600,1600,1000,USD,-,1600
1215,22,جامعة بيكنت,Hadimkoy Campus,"Akçaburgaz Mahallesi, Hadımköy İstanbul Cd. No:2/A Esenyurt / İstanbul",إدارة النقل بالطيران المدني,تركيا,إسطنبول,دبلوم,التركية,متاح,#28D094,2026-2027,2200,1600,1600,1000,USD,-,1600
1214,22,جامعة بيكنت,Hadimkoy Campus,"Akçaburgaz Mahallesi, Hadımköy İstanbul Cd. No:2/A Esenyurt / İstanbul",تطوير وبرمجة الألعاب,تركيا,إسطنبول,دبلوم,التركية,متاح,#28D094,2026-2027,2200,1600,1600,1000,USD,-,1600
1213,22,جامعة بيكنت,Hadimkoy Campus,"Akçaburgaz Mahallesi, Hadımköy İstanbul Cd. No:2/A Esenyurt / İstanbul",تكنولوجيا السيارات,تركيا,إسطنبول,دبلوم,التركية,متاح,#28D094,2026-2027,2200,1600,1600,1000,USD,-,1600
1212,22,جامعة بيكنت,Hadimkoy Campus,"Akçaburgaz Mahallesi, Hadımköy İstanbul Cd. No:2/A Esenyurt / İstanbul",تصميم الأزياء,تركيا,إسطنبول,دبلوم,التركية,متاح,#28D094,2026-2027,2200,1600,1600,1000,USD,-,1600
1211,22,جامعة بيكنت,Hadimkoy Campus,"Akçaburgaz Mahallesi, Hadımköy İstanbul Cd. No:2/A Esenyurt / İstanbul",الترميم المعماري,تركيا,إسطنبول,دبلوم,التركية,متاح,#28D094,2026-2027,2200,1600,1600,1000,USD,-,1600
1210,22,جامعة بيكنت,Hadimkoy Campus,"Akçaburgaz Mahallesi, Hadımköy İstanbul Cd. No:2/A Esenyurt / İstanbul",الميكاترونكس,تركيا,إسطنبول,دبلوم,التركية,متاح,#28D094,2026-2027,2200,1600,1600,1000,USD,-,1600
1209,22,جامعة بيكنت,Hadimkoy Campus,"Akçaburgaz Mahallesi, Hadımköy İstanbul Cd. No:2/A Esenyurt / İstanbul",خدمات مكتب المحكمة,تركيا,إسطنبول,دبلوم,التركية,متاح,#28D094,2026-2027,2200,1600,1600,1000,USD,-,1600
1208,22,جامعة بيكنت,Hadimkoy Campus,"Akçaburgaz Mahallesi, Hadımköy İstanbul Cd. No:2/A Esenyurt / İstanbul",اللوجستية,تركيا,إسطنبول,دبلوم,التركية,متاح,#28D094,2026-2027,2200,1600,1600,1000,USD,-,1600
1207,22,جامعة بيكنت,Hadimkoy Campus,"Akçaburgaz Mahallesi, Hadımköy İstanbul Cd. No:2/A Esenyurt / İstanbul",الصحة والسلامة المهنية,تركيا,إسطنبول,دبلوم,التركية,متاح,#28D094,2026-2027,2200,1600,1600,1000,USD,-,1600
1206,22,جامعة بيكنت,Hadimkoy Campus,"Akçaburgaz Mahallesi, Hadımköy İstanbul Cd. No:2/A Esenyurt / İstanbul",تقنيات وتشغيل الطائرات بدون طيار,تركيا,إسطنبول,دبلوم,التركية,متاح,#28D094,2026-2027,2200,1600,1600,1000,USD,-,1600
1205,22,جامعة بيكنت,Hadimkoy Campus,"Akçaburgaz Mahallesi, Hadımköy İstanbul Cd. No:2/A Esenyurt / İstanbul",إدارة الموارد البشرية,تركيا,إسطنبول,دبلوم,التركية,متاح,#28D094,2026-2027,2200,1600,1600,1000,USD,-,1600
1204,22,جامعة بيكنت,Hadimkoy Campus,"Akçaburgaz Mahallesi, Hadımköy İstanbul Cd. No:2/A Esenyurt / İstanbul",التصميم الداخلي,تركيا,إسطنبول,دبلوم,التركية,متاح,#28D094,2026-2027,2200,1600,1600,1000,USD,-,1600
1203,22,جامعة بيكنت,Hadimkoy Campus,"Akçaburgaz Mahallesi, Hadımköy İstanbul Cd. No:2/A Esenyurt / İstanbul",تكنولوجيا المركبات الهجينة والكهربائية,تركيا,إسطنبول,دبلوم,التركية,متاح,#28D094,2026-2027,2200,1600,1600,1000,USD,-,1600
1202,22,جامعة بيكنت,Hadimkoy Campus,"Akçaburgaz Mahallesi, Hadımköy İstanbul Cd. No:2/A Esenyurt / İstanbul",العلاقات العامة والإعلان,تركيا,إسطنبول,دبلوم,التركية,متاح,#28D094,2026-2027,2200,1600,1600,1000,USD,-,1600
1201,22,جامعة بيكنت,Hadimkoy Campus,"Akçaburgaz Mahallesi, Hadımköy İstanbul Cd. No:2/A Esenyurt / İstanbul",التصميم الجرافيكي,تركيا,إسطنبول,دبلوم,التركية,متاح,#28D094,2026-2027,2200,1600,1600,1000,USD,-,1600
1200,22,جامعة بيكنت,Hadimkoy Campus,"Akçaburgaz Mahallesi, Hadımköy İstanbul Cd. No:2/A Esenyurt / İstanbul",إدارة منشآت الطاقة,تركيا,إسطنبول,دبلوم,التركية,متاح,#28D094,2026-2027,2200,1600,1600,1000,USD,-,1600
1199,22,جامعة بيكنت,Hadimkoy Campus,"Akçaburgaz Mahallesi, Hadımköy İstanbul Cd. No:2/A Esenyurt / İstanbul",تصميم المنتجات الصناعية,تركيا,إسطنبول,دبلوم,التركية,متاح,#28D094,2026-2027,2200,1600,1600,1000,USD,-,1600
1198,22,جامعة بيكنت,Hadimkoy Campus,"Akçaburgaz Mahallesi, Hadımköy İstanbul Cd. No:2/A Esenyurt / İstanbul",تقنية تمديدات الغاز الطبيعي,تركيا,إسطنبول,دبلوم,التركية,متاح,#28D094,2026-2027,2200,1600,1600,1000,USD,-,1600
1197,22,جامعة بيكنت,Hadimkoy Campus,"Akçaburgaz Mahallesi, Hadımköy İstanbul Cd. No:2/A Esenyurt / İstanbul",النمذجة والرسوم المتحركة متعددة الأبعاد,تركيا,إسطنبول,دبلوم,التركية,متاح,#28D094,2026-2027,2200,1600,1600,1000,USD,-,1600
1196,22,جامعة بيكنت,Hadimkoy Campus,"Akçaburgaz Mahallesi, Hadımköy İstanbul Cd. No:2/A Esenyurt / İstanbul",تقنية أنظمة القياس والرصد البيئي,تركيا,إسطنبول,دبلوم,التركية,متاح,#28D094,2026-2027,2200,1600,1600,1000,USD,-,1600
1195,22,جامعة بيكنت,Hadimkoy Campus,"Akçaburgaz Mahallesi, Hadımköy İstanbul Cd. No:2/A Esenyurt / İstanbul",برمجة وتشغيل ماكينات CNC,تركيا,إسطنبول,دبلوم,التركية,متاح,#28D094,2026-2027,2200,1600,1600,1000,USD,-,1600
1194,22,جامعة بيكنت,Hadimkoy Campus,"Akçaburgaz Mahallesi, Hadımköy İstanbul Cd. No:2/A Esenyurt / İstanbul",تقنية أمن المعلومات,تركيا,إسطنبول,دبلوم,التركية,متاح,#28D094,2026-2027,2200,1600,1600,1000,USD,-,1600
1193,22,جامعة بيكنت,Hadimkoy Campus,"Akçaburgaz Mahallesi, Hadımköy İstanbul Cd. No:2/A Esenyurt / İstanbul",تكنولوجيا الحاسوب,تركيا,إسطنبول,دبلوم,التركية,متاح,#28D094,2026-2027,2200,1600,1600,1000,USD,-,1600
1192,17,جامعة إسطنبول أريل,Cevizlibağ Campus,"Merkez Efendi Mahallesi, Eski Londra Asfaltı Cd., No 1/3, 34010, Cevizlibağ - Zeytinburnu, Istanbul - Turkey",علم النفس,تركيا,إسطنبول,دكتوراه,التركية,متاح,#28D094,2026-2027,10000,9000,9000,9000,USD,-,1500
1191,17,جامعة إسطنبول أريل,Cevizlibağ Campus,"Merkez Efendi Mahallesi, Eski Londra Asfaltı Cd., No 1/3, 34010, Cevizlibağ - Zeytinburnu, Istanbul - Turkey",العلوم السياسية والعلاقات الدولية,تركيا,إسطنبول,دكتوراه,التركية,متاح,#28D094,2026-2027,10000,9000,9000,9000,USD,-,1500
1190,17,جامعة إسطنبول أريل,Cevizlibağ Campus,"Merkez Efendi Mahallesi, Eski Londra Asfaltı Cd., No 1/3, 34010, Cevizlibağ - Zeytinburnu, Istanbul - Turkey",الهندسة الميكانيكية,تركيا,إسطنبول,دكتوراه,التركية,متاح,#28D094,2026-2027,10000,9000,9000,9000,USD,-,1500
1189,17,جامعة إسطنبول أريل,Cevizlibağ Campus,"Merkez Efendi Mahallesi, Eski Londra Asfaltı Cd., No 1/3, 34010, Cevizlibağ - Zeytinburnu, Istanbul - Turkey",التصميم الجرافيكي,تركيا,إسطنبول,دكتوراه,التركية,متاح,#28D094,2026-2027,10000,9000,9000,9000,USD,-,1500
1188,17,جامعة إسطنبول أريل,Cevizlibağ Campus,"Merkez Efendi Mahallesi, Eski Londra Asfaltı Cd., No 1/3, 34010, Cevizlibağ - Zeytinburnu, Istanbul - Turkey",الهندسة الكهربائية والإلكترونية,تركيا,إسطنبول,دكتوراه,التركية,متاح,#28D094,2026-2027,10000,9000,9000,9000,USD,-,1500
1187,17,جامعة إسطنبول أريل,Cevizlibağ Campus,"Merkez Efendi Mahallesi, Eski Londra Asfaltı Cd., No 1/3, 34010, Cevizlibağ - Zeytinburnu, Istanbul - Turkey",الهندسة المدنية,تركيا,إسطنبول,دكتوراه,التركية,متاح,#28D094,2026-2027,10000,9000,9000,9000,USD,-,1500
1186,17,جامعة إسطنبول أريل,Cevizlibağ Campus,"Merkez Efendi Mahallesi, Eski Londra Asfaltı Cd., No 1/3, 34010, Cevizlibağ - Zeytinburnu, Istanbul - Turkey",إدارة الأعمال,تركيا,إسطنبول,دكتوراه,التركية,متاح,#28D094,2026-2027,10000,9000,9000,9000,USD,-,1500
1185,17,جامعة إسطنبول أريل,Cevizlibağ Campus,"Merkez Efendi Mahallesi, Eski Londra Asfaltı Cd., No 1/3, 34010, Cevizlibağ - Zeytinburnu, Istanbul - Turkey",العمارة,تركيا,إسطنبول,دكتوراه,التركية,متاح,#28D094,2026-2027,10000,9000,9000,9000,USD,-,1500
1184,17,جامعة إسطنبول أريل,Cevizlibağ Campus,"Merkez Efendi Mahallesi, Eski Londra Asfaltı Cd., No 1/3, 34010, Cevizlibağ - Zeytinburnu, Istanbul - Turkey",هندسة الأنظمة الحضرية,تركيا,إسطنبول,ماجستير مع أطروحة,التركية,متاح,#28D094,2026-2027,9000,4400,4400,4400,USD,-,1500
1183,17,جامعة إسطنبول أريل,Cevizlibağ Campus,"Merkez Efendi Mahallesi, Eski Londra Asfaltı Cd., No 1/3, 34010, Cevizlibağ - Zeytinburnu, Istanbul - Turkey",اللغة التركية وآدابها,تركيا,إسطنبول,ماجستير مع أطروحة,التركية,متاح,#28D094,2026-2027,9000,4400,4400,4400,USD,-,1500
1182,17,جامعة إسطنبول أريل,Cevizlibağ Campus,"Merkez Efendi Mahallesi, Eski Londra Asfaltı Cd., No 1/3, 34010, Cevizlibağ - Zeytinburnu, Istanbul - Turkey",الهندسة الإنشائية,تركيا,إسطنبول,ماجستير مع أطروحة,التركية,متاح,#28D094,2026-2027,9000,4400,4400,4400,USD,-,1500
1181,17,جامعة إسطنبول أريل,Cevizlibağ Campus,"Merkez Efendi Mahallesi, Eski Londra Asfaltı Cd., No 1/3, 34010, Cevizlibağ - Zeytinburnu, Istanbul - Turkey",الهندسة الإنشائية,تركيا,إسطنبول,ماجستير بدون أطروحة,التركية,متاح,#28D094,2026-2027,9000,4400,4400,4400,USD,-,1500
1180,17,جامعة إسطنبول أريل,Cevizlibağ Campus,"Merkez Efendi Mahallesi, Eski Londra Asfaltı Cd., No 1/3, 34010, Cevizlibağ - Zeytinburnu, Istanbul - Turkey",علم الاجتماع,تركيا,إسطنبول,ماجستير مع أطروحة,التركية,متاح,#28D094,2026-2027,9000,4400,4400,4400,USD,-,1500
1179,17,جامعة إسطنبول أريل,Cevizlibağ Campus,"Merkez Efendi Mahallesi, Eski Londra Asfaltı Cd., No 1/3, 34010, Cevizlibağ - Zeytinburnu, Istanbul - Turkey",العلوم السياسية والإدارة العامة,تركيا,إسطنبول,ماجستير مع أطروحة,التركية,متاح,#28D094,2026-2027,9000,4400,4400,4400,USD,-,1500
1178,17,جامعة إسطنبول أريل,Cevizlibağ Campus,"Merkez Efendi Mahallesi, Eski Londra Asfaltı Cd., No 1/3, 34010, Cevizlibağ - Zeytinburnu, Istanbul - Turkey",علم النفس,تركيا,إسطنبول,ماجستير مع أطروحة,التركية,متاح,#28D094,2026-2027,9000,4400,4400,4400,USD,-,1500
1177,17,جامعة إسطنبول أريل,Cevizlibağ Campus,"Merkez Efendi Mahallesi, Eski Londra Asfaltı Cd., No 1/3, 34010, Cevizlibağ - Zeytinburnu, Istanbul - Turkey",العلاج الطبيعي والتأهيل,تركيا,إسطنبول,ماجستير مع أطروحة,التركية,متاح,#28D094,2026-2027,9000,4400,4400,4400,USD,-,1500
1176,17,جامعة إسطنبول أريل,Cevizlibağ Campus,"Merkez Efendi Mahallesi, Eski Londra Asfaltı Cd., No 1/3, 34010, Cevizlibağ - Zeytinburnu, Istanbul - Turkey",تمريض,تركيا,إسطنبول,ماجستير مع أطروحة,التركية,متاح,#28D094,2026-2027,9000,4400,4400,4400,USD,-,1500
1175,17,جامعة إسطنبول أريل,Cevizlibağ Campus,"Merkez Efendi Mahallesi, Eski Londra Asfaltı Cd., No 1/3, 34010, Cevizlibağ - Zeytinburnu, Istanbul - Turkey",دراسات الإعلام والثقافة,تركيا,إسطنبول,ماجستير مع أطروحة,التركية,متاح,#28D094,2026-2027,9000,4400,4400,4400,USD,-,1500
1174,17,جامعة إسطنبول أريل,Cevizlibağ Campus,"Merkez Efendi Mahallesi, Eski Londra Asfaltı Cd., No 1/3, 34010, Cevizlibağ - Zeytinburnu, Istanbul - Turkey",الهندسة الميكانيكية,تركيا,إسطنبول,ماجستير مع أطروحة,التركية,متاح,#28D094,2026-2027,9000,4400,4400,4400,USD,-,1500
1173,17,جامعة إسطنبول أريل,Cevizlibağ Campus,"Merkez Efendi Mahallesi, Eski Londra Asfaltı Cd., No 1/3, 34010, Cevizlibağ - Zeytinburnu, Istanbul - Turkey",التجارة الدولية والتمويل,تركيا,إسطنبول,ماجستير مع أطروحة,التركية,متاح,#28D094,2026-2027,9000,4400,4400,4400,USD,-,1500
1172,17,جامعة إسطنبول أريل,Cevizlibağ Campus,"Merkez Efendi Mahallesi, Eski Londra Asfaltı Cd., No 1/3, 34010, Cevizlibağ - Zeytinburnu, Istanbul - Turkey",العلاقات الدولية,تركيا,إسطنبول,ماجستير مع أطروحة,التركية,متاح,#28D094,2026-2027,9000,4400,4400,4400,USD,-,1500
1171,17,جامعة إسطنبول أريل,Cevizlibağ Campus,"Merkez Efendi Mahallesi, Eski Londra Asfaltı Cd., No 1/3, 34010, Cevizlibağ - Zeytinburnu, Istanbul - Turkey",تمريض الأمراض الباطنية,تركيا,إسطنبول,ماجستير مع أطروحة,التركية,متاح,#28D094,2026-2027,9000,4400,4400,4400,USD,-,1500
1170,17,جامعة إسطنبول أريل,Cevizlibağ Campus,"Merkez Efendi Mahallesi, Eski Londra Asfaltı Cd., No 1/3, 34010, Cevizlibağ - Zeytinburnu, Istanbul - Turkey",إدارة الموارد البشرية,تركيا,إسطنبول,ماجستير مع أطروحة,التركية,متاح,#28D094,2026-2027,9000,4400,4400,4400,USD,-,1500
1169,17,جامعة إسطنبول أريل,Cevizlibağ Campus,"Merkez Efendi Mahallesi, Eski Londra Asfaltı Cd., No 1/3, 34010, Cevizlibağ - Zeytinburnu, Istanbul - Turkey",إدارة الصحة,تركيا,إسطنبول,ماجستير مع أطروحة,التركية,متاح,#28D094,2026-2027,9000,4400,4400,4400,USD,-,1500
1168,17,جامعة إسطنبول أريل,Cevizlibağ Campus,"Merkez Efendi Mahallesi, Eski Londra Asfaltı Cd., No 1/3, 34010, Cevizlibağ - Zeytinburnu, Istanbul - Turkey",التصميم الجرافيكي,تركيا,إسطنبول,ماجستير مع أطروحة,التركية,متاح,#28D094,2026-2027,9000,4400,4400,4400,USD,-,1500
1167,17,جامعة إسطنبول أريل,Cevizlibağ Campus,"Merkez Efendi Mahallesi, Eski Londra Asfaltı Cd., No 1/3, 34010, Cevizlibağ - Zeytinburnu, Istanbul - Turkey",تصميم الأزياء والمنسوجات,تركيا,إسطنبول,ماجستير مع أطروحة,التركية,متاح,#28D094,2026-2027,9000,4400,4400,4400,USD,-,1500
1166,17,جامعة إسطنبول أريل,Cevizlibağ Campus,"Merkez Efendi Mahallesi, Eski Londra Asfaltı Cd., No 1/3, 34010, Cevizlibağ - Zeytinburnu, Istanbul - Turkey",إدارة ريادة الأعمال والابتكار,تركيا,إسطنبول,ماجستير مع أطروحة,التركية,متاح,#28D094,2026-2027,9000,4400,4400,4400,USD,-,1500
1165,17,جامعة إسطنبول أريل,Cevizlibağ Campus,"Merkez Efendi Mahallesi, Eski Londra Asfaltı Cd., No 1/3, 34010, Cevizlibağ - Zeytinburnu, Istanbul - Turkey",الإدارة الهندسية,تركيا,إسطنبول,ماجستير مع أطروحة,التركية,متاح,#28D094,2026-2027,9000,4400,4400,4400,USD,-,1500
1164,17,جامعة إسطنبول أريل,Cevizlibağ Campus,"Merkez Efendi Mahallesi, Eski Londra Asfaltı Cd., No 1/3, 34010, Cevizlibağ - Zeytinburnu, Istanbul - Turkey",الهندسة الكهربائية والإلكترونية,تركيا,إسطنبول,ماجستير مع أطروحة,التركية,متاح,#28D094,2026-2027,9000,4400,4400,4400,USD,-,1500
1163,17,جامعة إسطنبول أريل,Cevizlibağ Campus,"Merkez Efendi Mahallesi, Eski Londra Asfaltı Cd., No 1/3, 34010, Cevizlibağ - Zeytinburnu, Istanbul - Turkey",هندسة الكمبيوتر,تركيا,إسطنبول,ماجستير مع أطروحة,الإنجليزية,متاح,#28D094,2026-2027,9000,5000,5000,5000,USD,-,2500
1162,17,جامعة إسطنبول أريل,Cevizlibağ Campus,"Merkez Efendi Mahallesi, Eski Londra Asfaltı Cd., No 1/3, 34010, Cevizlibağ - Zeytinburnu, Istanbul - Turkey",الهندسة المدنية,تركيا,إسطنبول,ماجستير مع أطروحة,التركية,متاح,#28D094,2026-2027,9000,4400,4400,4400,USD,-,1500
1161,17,جامعة إسطنبول أريل,Cevizlibağ Campus,"Merkez Efendi Mahallesi, Eski Londra Asfaltı Cd., No 1/3, 34010, Cevizlibağ - Zeytinburnu, Istanbul - Turkey",إدارة الأعمال,تركيا,إسطنبول,ماجستير مع أطروحة,التركية,متاح,#28D094,2026-2027,9000,4400,4400,4400,USD,-,1500
1160,17,جامعة إسطنبول أريل,Cevizlibağ Campus,"Merkez Efendi Mahallesi, Eski Londra Asfaltı Cd., No 1/3, 34010, Cevizlibağ - Zeytinburnu, Istanbul - Turkey",ماجستير إدارة الأعمال (MBA),تركيا,إسطنبول,ماجستير مع أطروحة,الإنجليزية,متاح,#28D094,2026-2027,9000,5000,5000,5000,USD,-,2500
1159,17,جامعة إسطنبول أريل,Cevizlibağ Campus,"Merkez Efendi Mahallesi, Eski Londra Asfaltı Cd., No 1/3, 34010, Cevizlibağ - Zeytinburnu, Istanbul - Turkey",العمارة,تركيا,إسطنبول,ماجستير مع أطروحة,التركية,متاح,#28D094,2026-2027,9000,4400,4400,4400,USD,-,1500
1158,17,جامعة إسطنبول أريل,Cevizlibağ Campus,"Merkez Efendi Mahallesi, Eski Londra Asfaltı Cd., No 1/3, 34010, Cevizlibağ - Zeytinburnu, Istanbul - Turkey",المحاسبة والمالية,تركيا,إسطنبول,ماجستير مع أطروحة,التركية,متاح,#28D094,2026-2027,9000,4400,4400,4400,USD,-,1500
1157,17,جامعة إسطنبول أريل,Cevizlibağ Campus,"Merkez Efendi Mahallesi, Eski Londra Asfaltı Cd., No 1/3, 34010, Cevizlibağ - Zeytinburnu, Istanbul - Turkey",المحاسبة والتدقيق,تركيا,إسطنبول,ماجستير مع أطروحة,التركية,متاح,#28D094,2026-2027,9000,4400,4400,4400,USD,-,1500
1156,17,جامعة إسطنبول أريل,Cevizlibağ Campus,"Merkez Efendi Mahallesi, Eski Londra Asfaltı Cd., No 1/3, 34010, Cevizlibağ - Zeytinburnu, Istanbul - Turkey",هندسة الأنظمة الحضرية,تركيا,إسطنبول,ماجستير بدون أطروحة,التركية,متاح,#28D094,2026-2027,9000,3300,3300,3300,USD,-,1500
1155,17,جامعة إسطنبول أريل,Cevizlibağ Campus,"Merkez Efendi Mahallesi, Eski Londra Asfaltı Cd., No 1/3, 34010, Cevizlibağ - Zeytinburnu, Istanbul - Turkey",علم النفس,تركيا,إسطنبول,ماجستير بدون أطروحة,التركية,متاح,#28D094,2026-2027,9000,3300,3300,3300,USD,-,1500
1154,17,جامعة إسطنبول أريل,Cevizlibağ Campus,"Merkez Efendi Mahallesi, Eski Londra Asfaltı Cd., No 1/3, 34010, Cevizlibağ - Zeytinburnu, Istanbul - Turkey",الهندسة الميكانيكية,تركيا,إسطنبول,ماجستير بدون أطروحة,التركية,متاح,#28D094,2026-2027,9000,3300,3300,3300,USD,-,1500
1153,17,جامعة إسطنبول أريل,Cevizlibağ Campus,"Merkez Efendi Mahallesi, Eski Londra Asfaltı Cd., No 1/3, 34010, Cevizlibağ - Zeytinburnu, Istanbul - Turkey",التسويق,تركيا,إسطنبول,ماجستير بدون أطروحة,التركية,متاح,#28D094,2026-2027,9000,3300,3300,3300,USD,-,1500
1152,17,جامعة إسطنبول أريل,Cevizlibağ Campus,"Merkez Efendi Mahallesi, Eski Londra Asfaltı Cd., No 1/3, 34010, Cevizlibağ - Zeytinburnu, Istanbul - Turkey",الإدارة والتنظيم,تركيا,إسطنبول,ماجستير بدون أطروحة,التركية,متاح,#28D094,2026-2027,9000,3300,3300,3300,USD,-,1500
1151,17,جامعة إسطنبول أريل,Cevizlibağ Campus,"Merkez Efendi Mahallesi, Eski Londra Asfaltı Cd., No 1/3, 34010, Cevizlibağ - Zeytinburnu, Istanbul - Turkey",التجارة الدولية واللوجستيات,تركيا,إسطنبول,ماجستير بدون أطروحة,التركية,متاح,#28D094,2026-2027,9000,3300,3300,3300,USD,-,1500
1150,17,جامعة إسطنبول أريل,Cevizlibağ Campus,"Merkez Efendi Mahallesi, Eski Londra Asfaltı Cd., No 1/3, 34010, Cevizlibağ - Zeytinburnu, Istanbul - Turkey",العلاقات الدولية,تركيا,إسطنبول,ماجستير بدون أطروحة,التركية,متاح,#28D094,2026-2027,9000,3300,3300,3300,USD,-,1500
1149,17,جامعة إسطنبول أريل,Cevizlibağ Campus,"Merkez Efendi Mahallesi, Eski Londra Asfaltı Cd., No 1/3, 34010, Cevizlibağ - Zeytinburnu, Istanbul - Turkey",إدارة الصحة,تركيا,إسطنبول,ماجستير بدون أطروحة,التركية,متاح,#28D094,2026-2027,9000,3300,3300,3300,USD,-,1500
1148,17,جامعة إسطنبول أريل,Cevizlibağ Campus,"Merkez Efendi Mahallesi, Eski Londra Asfaltı Cd., No 1/3, 34010, Cevizlibağ - Zeytinburnu, Istanbul - Turkey",التصميم الجرافيكي,تركيا,إسطنبول,ماجستير بدون أطروحة,التركية,متاح,#28D094,2026-2027,9000,3300,3300,3300,USD,-,1500
1147,17,جامعة إسطنبول أريل,Cevizlibağ Campus,"Merkez Efendi Mahallesi, Eski Londra Asfaltı Cd., No 1/3, 34010, Cevizlibağ - Zeytinburnu, Istanbul - Turkey",تصميم الأزياء والمنسوجات,تركيا,إسطنبول,ماجستير بدون أطروحة,التركية,متاح,#28D094,2026-2027,9000,3300,3300,3300,USD,-,1500
1146,17,جامعة إسطنبول أريل,Cevizlibağ Campus,"Merkez Efendi Mahallesi, Eski Londra Asfaltı Cd., No 1/3, 34010, Cevizlibağ - Zeytinburnu, Istanbul - Turkey",إدارة ريادة الأعمال والابتكار,تركيا,إسطنبول,ماجستير بدون أطروحة,التركية,متاح,#28D094,2026-2027,9000,3300,3300,3300,USD,-,1500
1145,17,جامعة إسطنبول أريل,Cevizlibağ Campus,"Merkez Efendi Mahallesi, Eski Londra Asfaltı Cd., No 1/3, 34010, Cevizlibağ - Zeytinburnu, Istanbul - Turkey",الإدارة الهندسية,تركيا,إسطنبول,ماجستير بدون أطروحة,التركية,متاح,#28D094,2026-2027,9000,3300,3300,3300,USD,-,1500
1144,17,جامعة إسطنبول أريل,Cevizlibağ Campus,"Merkez Efendi Mahallesi, Eski Londra Asfaltı Cd., No 1/3, 34010, Cevizlibağ - Zeytinburnu, Istanbul - Turkey",الهندسة الكهربائية والإلكترونية,تركيا,إسطنبول,ماجستير بدون أطروحة,التركية,متاح,#28D094,2026-2027,9000,3300,3300,3300,USD,-,1500
1143,17,جامعة إسطنبول أريل,Cevizlibağ Campus,"Merkez Efendi Mahallesi, Eski Londra Asfaltı Cd., No 1/3, 34010, Cevizlibağ - Zeytinburnu, Istanbul - Turkey",الهندسة المدنية,تركيا,إسطنبول,ماجستير بدون أطروحة,التركية,متاح,#28D094,2026-2027,9000,3300,3300,3300,USD,-,1500
1142,17,جامعة إسطنبول أريل,Cevizlibağ Campus,"Merkez Efendi Mahallesi, Eski Londra Asfaltı Cd., No 1/3, 34010, Cevizlibağ - Zeytinburnu, Istanbul - Turkey",إدارة الأعمال,تركيا,إسطنبول,ماجستير بدون أطروحة,التركية,متاح,#28D094,2026-2027,9000,3300,3300,3300,USD,-,1500
1141,17,جامعة إسطنبول أريل,Cevizlibağ Campus,"Merkez Efendi Mahallesi, Eski Londra Asfaltı Cd., No 1/3, 34010, Cevizlibağ - Zeytinburnu, Istanbul - Turkey",ماجستير إدارة الأعمال (MBA),تركيا,إسطنبول,ماجستير بدون أطروحة,التركية,متاح,#28D094,2026-2027,9000,3300,3300,3300,USD,-,1500
1140,17,جامعة إسطنبول أريل,Cevizlibağ Campus,"Merkez Efendi Mahallesi, Eski Londra Asfaltı Cd., No 1/3, 34010, Cevizlibağ - Zeytinburnu, Istanbul - Turkey",ماجستير إدارة الأعمال (MBA),تركيا,إسطنبول,ماجستير بدون أطروحة,الإنجليزية,متاح,#28D094,2026-2027,9000,4000,4000,4000,USD,-,2500
1139,17,جامعة إسطنبول أريل,Cevizlibağ Campus,"Merkez Efendi Mahallesi, Eski Londra Asfaltı Cd., No 1/3, 34010, Cevizlibağ - Zeytinburnu, Istanbul - Turkey",العمارة,تركيا,إسطنبول,ماجستير بدون أطروحة,التركية,متاح,#28D094,2026-2027,9000,3300,3300,3300,USD,-,1500
1138,17,جامعة إسطنبول أريل,Cevizlibağ Campus,"Merkez Efendi Mahallesi, Eski Londra Asfaltı Cd., No 1/3, 34010, Cevizlibağ - Zeytinburnu, Istanbul - Turkey",المحاسبة والمالية,تركيا,إسطنبول,ماجستير بدون أطروحة,التركية,متاح,#28D094,2026-2027,9000,3300,3300,3300,USD,-,1500
1137,17,جامعة إسطنبول أريل,Cevizlibağ Campus,"Merkez Efendi Mahallesi, Eski Londra Asfaltı Cd., No 1/3, 34010, Cevizlibağ - Zeytinburnu, Istanbul - Turkey",المحاسبة والتدقيق,تركيا,إسطنبول,ماجستير بدون أطروحة,التركية,متاح,#28D094,2026-2027,9000,3300,3300,3300,USD,-,1500
1136,17,جامعة إسطنبول أريل,Tepekent Kemal Gözükara Campus,"Türkoba Mahallesi, Erguvan Sokak, No:26, K 34537, Tepekent - Büyükçekmece, Istanbul - Turkey",تصميم الاتصالات المرئية,تركيا,إسطنبول,بكالوريوس,التركية,متاح,#28D094,2026-2027,9000,3200,3200,1500,USD,-,1500
1135,17,جامعة إسطنبول أريل,Tepekent Kemal Gözükara Campus,"Türkoba Mahallesi, Erguvan Sokak, No:26, K 34537, Tepekent - Büyükçekmece, Istanbul - Turkey",هندسة البرمجيات,تركيا,إسطنبول,بكالوريوس,التركية,متاح,#28D094,2026-2027,9000,3200,3200,1500,USD,-,1500
1134,17,جامعة إسطنبول أريل,Cevizlibağ Health Campus,"Merkez Efendi Mahallesi, Eski Londra Asfaltı Cd., No 1/3, 34010, Cevizlibağ - Zeytinburnu, Istanbul - Turkey",العمل الاجتماعي,تركيا,إسطنبول,بكالوريوس,التركية,متاح,#28D094,2026-2027,9000,3200,3200,1500,USD,-,1500
1133,17,جامعة إسطنبول أريل,Tepekent Kemal Gözükara Campus,"Türkoba Mahallesi, Erguvan Sokak, No:26, K 34537, Tepekent - Büyükçekmece, Istanbul - Turkey",الإذاعة والتلفزيون والسينما,تركيا,إسطنبول,بكالوريوس,التركية,متاح,#28D094,2026-2027,9000,3200,3200,1500,USD,-,1500
1132,17,جامعة إسطنبول أريل,Tepekent Kemal Gözükara Campus,"Türkoba Mahallesi, Erguvan Sokak, No:26, K 34537, Tepekent - Büyükçekmece, Istanbul - Turkey",العلاقات العامة والإعلان,تركيا,إسطنبول,بكالوريوس,التركية,متاح,#28D094,2026-2027,9000,3200,3200,1500,USD,-,1500
1131,17,جامعة إسطنبول أريل,Tepekent Kemal Gözükara Campus,"Türkoba Mahallesi, Erguvan Sokak, No:26, K 34537, Tepekent - Büyükçekmece, Istanbul - Turkey",علم النفس,تركيا,إسطنبول,بكالوريوس,التركية,متاح,#28D094,2026-2027,9000,3200,3200,1500,USD,-,1500
1130,17,جامعة إسطنبول أريل,Tepekent Kemal Gözükara Campus,"Türkoba Mahallesi, Erguvan Sokak, No:26, K 34537, Tepekent - Büyükçekmece, Istanbul - Turkey",العلوم السياسية والإدارة العامة,تركيا,إسطنبول,بكالوريوس,التركية,متاح,#28D094,2026-2027,9000,3200,3200,1500,USD,-,1500
1129,17,جامعة إسطنبول أريل,Cevizlibağ Health Campus,"Merkez Efendi Mahallesi, Eski Londra Asfaltı Cd., No 1/3, 34010, Cevizlibağ - Zeytinburnu, Istanbul - Turkey",العلاج الطبيعي والتأهيل,تركيا,إسطنبول,بكالوريوس,التركية,متاح,#28D094,2026-2027,9000,3200,3200,1500,USD,-,1500
1128,17,جامعة إسطنبول أريل,Cevizlibağ Health Campus,"Merkez Efendi Mahallesi, Eski Londra Asfaltı Cd., No 1/3, 34010, Cevizlibağ - Zeytinburnu, Istanbul - Turkey",التغذية وعلم الحمية,تركيا,إسطنبول,بكالوريوس,التركية,متاح,#28D094,2026-2027,9000,3200,3200,1500,USD,-,1500
1127,17,جامعة إسطنبول أريل,Cevizlibağ Health Campus,"Merkez Efendi Mahallesi, Eski Londra Asfaltı Cd., No 1/3, 34010, Cevizlibağ - Zeytinburnu, Istanbul - Turkey",تمريض,تركيا,إسطنبول,بكالوريوس,التركية,متاح,#28D094,2026-2027,9000,3200,3200,1500,USD,-,1500
1126,17,جامعة إسطنبول أريل,Tepekent Kemal Gözükara Campus,"Türkoba Mahallesi, Erguvan Sokak, No:26, K 34537, Tepekent - Büyükçekmece, Istanbul - Turkey",وسائل الإعلام الجديدة والاتصالات,تركيا,إسطنبول,بكالوريوس,التركية,متاح,#28D094,2026-2027,9000,3200,3200,1500,USD,-,1500
1125,17,جامعة إسطنبول أريل,Tepekent Kemal Gözükara Campus,"Türkoba Mahallesi, Erguvan Sokak, No:26, K 34537, Tepekent - Büyükçekmece, Istanbul - Turkey",البيولوجيا الجزيئية وعلم الوراثة,تركيا,إسطنبول,بكالوريوس,الإنجليزية,متاح,#28D094,2026-2027,9000,4400,4400,1500,USD,-,2500
1124,17,جامعة إسطنبول أريل,Cevizlibağ Health Campus,"Merkez Efendi Mahallesi, Eski Londra Asfaltı Cd., No 1/3, 34010, Cevizlibağ - Zeytinburnu, Istanbul - Turkey",الطب البشري,تركيا,إسطنبول,بكالوريوس,التركية,متاح,#28D094,2026-2027,25000,13500,13500,1500,USD,-,1500
1123,17,جامعة إسطنبول أريل,Tepekent Kemal Gözükara Campus,"Türkoba Mahallesi, Erguvan Sokak, No:26, K 34537, Tepekent - Büyükçekmece, Istanbul - Turkey",الهندسة الميكانيكية,تركيا,إسطنبول,بكالوريوس,التركية,متاح,#28D094,2026-2027,9000,3200,3200,1500,USD,-,1500
1122,17,جامعة إسطنبول أريل,Tepekent Kemal Gözükara Campus,"Türkoba Mahallesi, Erguvan Sokak, No:26, K 34537, Tepekent - Büyükçekmece, Istanbul - Turkey",نظم المعلومات الإدارية,تركيا,إسطنبول,بكالوريوس,التركية,متاح,#28D094,2026-2027,9000,3200,3200,1500,USD,-,1500
1121,17,جامعة إسطنبول أريل,Tepekent Kemal Gözükara Campus,"Türkoba Mahallesi, Erguvan Sokak, No:26, K 34537, Tepekent - Büyükçekmece, Istanbul - Turkey",إدارة اللوجستيات,تركيا,إسطنبول,بكالوريوس,التركية,متاح,#28D094,2026-2027,9000,3200,3200,1500,USD,-,1500
1120,17,جامعة إسطنبول أريل,Tepekent Kemal Gözükara Campus,"Türkoba Mahallesi, Erguvan Sokak, No:26, K 34537, Tepekent - Büyükçekmece, Istanbul - Turkey",التجارة الدولية والتمويل,تركيا,إسطنبول,بكالوريوس,الإنجليزية,متاح,#28D094,2026-2027,9000,3800,3800,1500,USD,-,2500
1119,17,جامعة إسطنبول أريل,Tepekent Kemal Gözükara Campus,"Türkoba Mahallesi, Erguvan Sokak, No:26, K 34537, Tepekent - Büyükçekmece, Istanbul - Turkey",العلاقات الدولية,تركيا,إسطنبول,بكالوريوس,الإنجليزية,متاح,#28D094,2026-2027,9000,3800,3800,1500,USD,-,2500
1118,17,جامعة إسطنبول أريل,Tepekent Kemal Gözükara Campus,"Türkoba Mahallesi, Erguvan Sokak, No:26, K 34537, Tepekent - Büyükçekmece, Istanbul - Turkey",العلاقات الدولية,تركيا,إسطنبول,بكالوريوس,التركية,متاح,#28D094,2026-2027,9000,3200,3200,1500,USD,-,1500
1117,17,جامعة إسطنبول أريل,Tepekent Kemal Gözükara Campus,"Türkoba Mahallesi, Erguvan Sokak, No:26, K 34537, Tepekent - Büyükçekmece, Istanbul - Turkey",العمارة الداخلية,تركيا,إسطنبول,بكالوريوس,التركية,متاح,#28D094,2026-2027,9000,3200,3200,1500,USD,-,1500
1116,17,جامعة إسطنبول أريل,Tepekent Kemal Gözükara Campus,"Türkoba Mahallesi, Erguvan Sokak, No:26, K 34537, Tepekent - Büyükçekmece, Istanbul - Turkey",الهندسة الصناعية,تركيا,إسطنبول,بكالوريوس,الإنجليزية,متاح,#28D094,2026-2027,9000,3800,3800,1500,USD,-,2500
1115,17,جامعة إسطنبول أريل,Cevizlibağ Health Campus,"Merkez Efendi Mahallesi, Eski Londra Asfaltı Cd., No 1/3, 34010, Cevizlibağ - Zeytinburnu, Istanbul - Turkey",إدارة الصحة,تركيا,إسطنبول,بكالوريوس,التركية,متاح,#28D094,2026-2027,9000,3200,3200,1500,USD,-,1500
1114,17,جامعة إسطنبول أريل,Tepekent Kemal Gözükara Campus,"Türkoba Mahallesi, Erguvan Sokak, No:26, K 34537, Tepekent - Büyükçekmece, Istanbul - Turkey",التصميم الجرافيكي,تركيا,إسطنبول,بكالوريوس,التركية,متاح,#28D094,2026-2027,9000,3200,3200,1500,USD,-,1500
1113,17,جامعة إسطنبول أريل,Tepekent Kemal Gözükara Campus,"Türkoba Mahallesi, Erguvan Sokak, No:26, K 34537, Tepekent - Büyükçekmece, Istanbul - Turkey",فنون الطهي وفنون المطبخ,تركيا,إسطنبول,بكالوريوس,التركية,متاح,#28D094,2026-2027,9000,4400,4400,1500,USD,-,1500
1112,17,جامعة إسطنبول أريل,Tepekent Kemal Gözükara Campus,"Türkoba Mahallesi, Erguvan Sokak, No:26, K 34537, Tepekent - Büyükçekmece, Istanbul - Turkey",الترجمة التحريرية والشفهية (الإنجليزية),تركيا,إسطنبول,بكالوريوس,التركية والإنجليزية,متاح,#28D094,2026-2027,9000,3800,3800,1500,USD,-,2500
1111,17,جامعة إسطنبول أريل,Tepekent Kemal Gözükara Campus,"Türkoba Mahallesi, Erguvan Sokak, No:26, K 34537, Tepekent - Büyükçekmece, Istanbul - Turkey",اللغة الإنجليزية وآدابها,تركيا,إسطنبول,بكالوريوس,الإنجليزية,متاح,#28D094,2026-2027,9000,3800,3800,1500,USD,-,2500
1110,17,جامعة إسطنبول أريل,Tepekent Kemal Gözükara Campus,"Türkoba Mahallesi, Erguvan Sokak, No:26, K 34537, Tepekent - Büyükçekmece, Istanbul - Turkey",الهندسة الكهربائية والإلكترونية,تركيا,إسطنبول,بكالوريوس,التركية,متاح,#28D094,2026-2027,9000,3200,3200,1500,USD,-,1500
1109,17,جامعة إسطنبول أريل,Tepekent Kemal Gözükara Campus,"Türkoba Mahallesi, Erguvan Sokak, No:26, K 34537, Tepekent - Büyükçekmece, Istanbul - Turkey",الهندسة الكهربائية والإلكترونية,تركيا,إسطنبول,بكالوريوس,الإنجليزية,متاح,#28D094,2026-2027,9000,3800,3800,1500,USD,-,2500
1108,17,جامعة إسطنبول أريل,Tepekent Kemal Gözükara Campus,"Türkoba Mahallesi, Erguvan Sokak, No:26, K 34537, Tepekent - Büyükçekmece, Istanbul - Turkey",هندسة الكمبيوتر,تركيا,إسطنبول,بكالوريوس,الإنجليزية,متاح,#28D094,2026-2027,9000,4400,4400,1500,USD,-,2500
1107,17,جامعة إسطنبول أريل,Tepekent Kemal Gözükara Campus,"Türkoba Mahallesi, Erguvan Sokak, No:26, K 34537, Tepekent - Büyükçekmece, Istanbul - Turkey",هندسة الكمبيوتر,تركيا,إسطنبول,بكالوريوس,التركية,متاح,#28D094,2026-2027,9000,3200,3200,1500,USD,-,1500
1106,17,جامعة إسطنبول أريل,Tepekent Kemal Gözükara Campus,"Türkoba Mahallesi, Erguvan Sokak, No:26, K 34537, Tepekent - Büyükçekmece, Istanbul - Turkey",الهندسة المدنية,تركيا,إسطنبول,بكالوريوس,التركية,متاح,#28D094,2026-2027,9000,3200,3200,1500,USD,-,1500
1105,17,جامعة إسطنبول أريل,Cevizlibağ Health Campus,"Merkez Efendi Mahallesi, Eski Londra Asfaltı Cd., No 1/3, 34010, Cevizlibağ - Zeytinburnu, Istanbul - Turkey",تنمية الطفل,تركيا,إسطنبول,بكالوريوس,التركية,متاح,#28D094,2026-2027,9000,3200,3200,1500,USD,-,1500
1104,17,جامعة إسطنبول أريل,Tepekent Kemal Gözükara Campus,"Türkoba Mahallesi, Erguvan Sokak, No:26, K 34537, Tepekent - Büyükçekmece, Istanbul - Turkey",الرسوم المتحركة والرسوم المتحركة,تركيا,إسطنبول,بكالوريوس,التركية,متاح,#28D094,2026-2027,9000,3200,3200,1500,USD,-,1500
1103,17,جامعة إسطنبول أريل,Tepekent Kemal Gözükara Campus,"Türkoba Mahallesi, Erguvan Sokak, No:26, K 34537, Tepekent - Büyükçekmece, Istanbul - Turkey",إدارة الأعمال,تركيا,إسطنبول,بكالوريوس,التركية,متاح,#28D094,2026-2027,9000,3200,3200,1500,USD,-,1500
1102,17,جامعة إسطنبول أريل,Tepekent Kemal Gözükara Campus,"Türkoba Mahallesi, Erguvan Sokak, No:26, K 34537, Tepekent - Büyükçekmece, Istanbul - Turkey",إدارة الأعمال,تركيا,إسطنبول,بكالوريوس,الإنجليزية,متاح,#28D094,2026-2027,9000,3800,3800,1500,USD,-,2500
1101,17,جامعة إسطنبول أريل,Tepekent Kemal Gözükara Campus,"Türkoba Mahallesi, Erguvan Sokak, No:26, K 34537, Tepekent - Büyükçekmece, Istanbul - Turkey",الهندسة الطبية الحيوية,تركيا,إسطنبول,بكالوريوس,التركية,متاح,#28D094,2026-2027,9000,3200,3200,1500,USD,-,1500
1100,17,جامعة إسطنبول أريل,Tepekent Kemal Gözükara Campus,"Türkoba Mahallesi, Erguvan Sokak, No:26, K 34537, Tepekent - Büyükçekmece, Istanbul - Turkey",البنوك والتمويل,تركيا,إسطنبول,بكالوريوس,التركية,متاح,#28D094,2026-2027,9000,3200,3200,1500,USD,-,1500
1099,17,جامعة إسطنبول أريل,Tepekent Kemal Gözükara Campus,"Türkoba Mahallesi, Erguvan Sokak, No:26, K 34537, Tepekent - Büyükçekmece, Istanbul - Turkey",إدارة الطيران,تركيا,إسطنبول,بكالوريوس,التركية,متاح,#28D094,2026-2027,9000,3200,3200,1500,USD,-,1500
1098,17,جامعة إسطنبول أريل,Tepekent Kemal Gözükara Campus,"Türkoba Mahallesi, Erguvan Sokak, No:26, K 34537, Tepekent - Büyükçekmece, Istanbul - Turkey",العمارة,تركيا,إسطنبول,بكالوريوس,التركية,متاح,#28D094,2026-2027,9000,3200,3200,1500,USD,-,1500
1097,17,جامعة إسطنبول أريل,Tepekent Kemal Gözükara Campus,"Türkoba Mahallesi, Erguvan Sokak, No:26, K 34537, Tepekent - Büyükçekmece, Istanbul - Turkey",المحاسبة والإدارة المالية,تركيا,إسطنبول,بكالوريوس,التركية,متاح,#28D094,2026-2027,9000,3200,3200,1500,USD,-,1500
1096,17,جامعة إسطنبول أريل,Sefaköy Campus,"Kemalpaşa Mahallesi, Halkalı Caddesi, No:101, 34295, Sefaköy - Küçükçekmece, Istanbul - Turkey",الإرشاد السياحي,تركيا,إسطنبول,دبلوم,التركية,متاح,#28D094,2026-2027,6000,2600,2600,1500,USD,-,1500
1095,17,جامعة إسطنبول أريل,Sefaköy Campus,"Kemalpaşa Mahallesi, Halkalı Caddesi, No:101, 34295, Sefaköy - Küçükçekmece, Istanbul - Turkey",العلاج الطبيعي,تركيا,إسطنبول,دبلوم,التركية,متاح,#28D094,2026-2027,6000,2600,2600,1500,USD,-,1500
1094,17,جامعة إسطنبول أريل,Sefaköy Campus,"Kemalpaşa Mahallesi, Halkalı Caddesi, No:101, 34295, Sefaköy - Küçükçekmece, Istanbul - Turkey",صحة الفم والأسنان,تركيا,إسطنبول,دبلوم,التركية,متاح,#28D094,2026-2027,6000,2600,2600,1500,USD,-,1500
1093,17,جامعة إسطنبول أريل,Sefaköy Campus,"Kemalpaşa Mahallesi, Halkalı Caddesi, No:101, 34295, Sefaköy - Küçükçekmece, Istanbul - Turkey",البصريات,تركيا,إسطنبول,دبلوم,التركية,متاح,#28D094,2026-2027,6000,2600,2600,1500,USD,-,1500
1092,17,جامعة إسطنبول أريل,Sefaköy Campus,"Kemalpaşa Mahallesi, Halkalı Caddesi, No:101, 34295, Sefaköy - Küçükçekmece, Istanbul - Turkey",الصحة والسلامة المهنية,تركيا,إسطنبول,دبلوم,التركية,متاح,#28D094,2026-2027,6000,2600,2600,1500,USD,-,1500
1091,17,جامعة إسطنبول أريل,Sefaköy Campus,"Kemalpaşa Mahallesi, Halkalı Caddesi, No:101, 34295, Sefaköy - Küçükçekmece, Istanbul - Turkey",تقنيات المختبرات الطبية,تركيا,إسطنبول,دبلوم,التركية,متاح,#28D094,2026-2027,6000,2600,2600,1500,USD,-,1500
1090,17,جامعة إسطنبول أريل,Sefaköy Campus,"Kemalpaşa Mahallesi, Halkalı Caddesi, No:101, 34295, Sefaköy - Küçükçekmece, Istanbul - Turkey",تقنيات التصوير الطبي,تركيا,إسطنبول,دبلوم,التركية,متاح,#28D094,2026-2027,6000,2600,2600,1500,USD,-,1500
1089,17,جامعة إسطنبول أريل,Sefaköy Campus,"Kemalpaşa Mahallesi, Halkalı Caddesi, No:101, 34295, Sefaköy - Küçükçekmece, Istanbul - Turkey",التوثيق الطبي والسكرتارية,تركيا,إسطنبول,دبلوم,التركية,متاح,#28D094,2026-2027,6000,2600,2600,1500,USD,-,1500
1088,17,جامعة إسطنبول أريل,Sefaköy Campus,"Kemalpaşa Mahallesi, Halkalı Caddesi, No:101, 34295, Sefaköy - Küçükçekmece, Istanbul - Turkey",الميكاترونكس,تركيا,إسطنبول,دبلوم,التركية,متاح,#28D094,2026-2027,6000,2600,2600,1500,USD,-,1500
1087,17,جامعة إسطنبول أريل,Sefaköy Campus,"Kemalpaşa Mahallesi, Halkalı Caddesi, No:101, 34295, Sefaköy - Küçükçekmece, Istanbul - Turkey",اللوجستية,تركيا,إسطنبول,دبلوم,التركية,متاح,#28D094,2026-2027,6000,2600,2600,1500,USD,-,1500
1086,17,جامعة إسطنبول أريل,Sefaköy Campus,"Kemalpaşa Mahallesi, Halkalı Caddesi, No:101, 34295, Sefaköy - Küçükçekmece, Istanbul - Turkey",التجارة الدولية,تركيا,إسطنبول,دبلوم,التركية,متاح,#28D094,2026-2027,6000,2600,2600,1500,USD,-,1500
1085,17,جامعة إسطنبول أريل,Sefaköy Campus,"Kemalpaşa Mahallesi, Halkalı Caddesi, No:101, 34295, Sefaköy - Küçükçekmece, Istanbul - Turkey",إدارة الموارد البشرية,تركيا,إسطنبول,دبلوم,التركية,متاح,#28D094,2026-2027,6000,2600,2600,1500,USD,-,1500
1084,17,جامعة إسطنبول أريل,Sefaköy Campus,"Kemalpaşa Mahallesi, Halkalı Caddesi, No:101, 34295, Sefaköy - Küçükçekmece, Istanbul - Turkey",التصميم الجرافيكي,تركيا,إسطنبول,دبلوم,التركية,متاح,#28D094,2026-2027,6000,2600,2600,1500,USD,-,1500
1083,17,جامعة إسطنبول أريل,Sefaköy Campus,"Kemalpaşa Mahallesi, Halkalı Caddesi, No:101, 34295, Sefaköy - Küçükçekmece, Istanbul - Turkey",الإسعافات الأولية والطوارئ,تركيا,إسطنبول,دبلوم,التركية,متاح,#28D094,2026-2027,6000,2600,2600,1500,USD,-,1500
1082,17,جامعة إسطنبول أريل,Sefaköy Campus,"Kemalpaşa Mahallesi, Halkalı Caddesi, No:101, 34295, Sefaköy - Küçükçekmece, Istanbul - Turkey",تصميم الأزياء,تركيا,إسطنبول,دبلوم,التركية,متاح,#28D094,2026-2027,6000,2600,2600,1500,USD,-,1500
1081,17,جامعة إسطنبول أريل,Sefaköy Campus,"Kemalpaşa Mahallesi, Halkalı Caddesi, No:101, 34295, Sefaköy - Küçükçekmece, Istanbul - Turkey",التقنيات الإلكترونية,تركيا,إسطنبول,دبلوم,التركية,متاح,#28D094,2026-2027,6000,2600,2600,1500,USD,-,1500
1080,17,جامعة إسطنبول أريل,Sefaköy Campus,"Kemalpaşa Mahallesi, Halkalı Caddesi, No:101, 34295, Sefaköy - Küçükçekmece, Istanbul - Turkey",توليد ونقل وتوزيع الطاقة الكهربائية,تركيا,إسطنبول,دبلوم,التركية,متاح,#28D094,2026-2027,6000,2600,2600,1500,USD,-,1500
1079,17,جامعة إسطنبول أريل,Sefaköy Campus,"Kemalpaşa Mahallesi, Halkalı Caddesi, No:101, 34295, Sefaköy - Küçükçekmece, Istanbul - Turkey",تقنية التعويضات السنية,تركيا,إسطنبول,دبلوم,التركية,متاح,#28D094,2026-2027,6000,2600,2600,1500,USD,-,1500
1078,17,جامعة إسطنبول أريل,Sefaköy Campus,"Kemalpaşa Mahallesi, Halkalı Caddesi, No:101, 34295, Sefaköy - Küçükçekmece, Istanbul - Turkey",طبخ,تركيا,إسطنبول,دبلوم,التركية,متاح,#28D094,2026-2027,6000,2600,2600,1500,USD,-,1500
1077,17,جامعة إسطنبول أريل,Sefaköy Campus,"Kemalpaşa Mahallesi, Halkalı Caddesi, No:101, 34295, Sefaköy - Küçükçekmece, Istanbul - Turkey",تقنيات البناء,تركيا,إسطنبول,دبلوم,التركية,متاح,#28D094,2026-2027,6000,2600,2600,1500,USD,-,1500
1076,17,جامعة إسطنبول أريل,Sefaköy Campus,"Kemalpaşa Mahallesi, Halkalı Caddesi, No:101, 34295, Sefaköy - Küçükçekmece, Istanbul - Turkey",برمجة الكمبيوتر,تركيا,إسطنبول,دبلوم,التركية,متاح,#28D094,2026-2027,6000,2600,2600,1500,USD,-,1500
1075,17,جامعة إسطنبول أريل,Sefaköy Campus,"Kemalpaşa Mahallesi, Halkalı Caddesi, No:101, 34295, Sefaköy - Küçükçekmece, Istanbul - Turkey",التصميم والرسوم المتحركة بمساعدة الحاسوب,تركيا,إسطنبول,دبلوم,التركية,متاح,#28D094,2026-2027,6000,2600,2600,1500,USD,-,1500
1074,17,جامعة إسطنبول أريل,Sefaköy Campus,"Kemalpaşa Mahallesi, Halkalı Caddesi, No:101, 34295, Sefaköy - Küçükçekmece, Istanbul - Turkey",برمجة وتشغيل ماكينات CNC,تركيا,إسطنبول,دبلوم,التركية,متاح,#28D094,2026-2027,6000,2600,2600,1500,USD,-,1500
1073,17,جامعة إسطنبول أريل,Sefaköy Campus,"Kemalpaşa Mahallesi, Halkalı Caddesi, No:101, 34295, Sefaköy - Küçükçekmece, Istanbul - Turkey",إدارة الطيران المدني,تركيا,إسطنبول,دبلوم,التركية,متاح,#28D094,2026-2027,6000,2600,2600,1500,USD,-,1500
1072,17,جامعة إسطنبول أريل,Sefaköy Campus,"Kemalpaşa Mahallesi, Halkalı Caddesi, No:101, 34295, Sefaköy - Küçükçekmece, Istanbul - Turkey",الطيران المدني وخدمات المقصورة,تركيا,إسطنبول,دبلوم,التركية,متاح,#28D094,2026-2027,6000,2600,2600,1500,USD,-,1500
1071,17,جامعة إسطنبول أريل,Sefaköy Campus,"Kemalpaşa Mahallesi, Halkalı Caddesi, No:101, 34295, Sefaköy - Küçükçekmece, Istanbul - Turkey",تنمية الطفل,تركيا,إسطنبول,دبلوم,التركية,متاح,#28D094,2026-2027,6000,2600,2600,1500,USD,-,1500
1070,17,جامعة إسطنبول أريل,Sefaköy Campus,"Kemalpaşa Mahallesi, Halkalı Caddesi, No:101, 34295, Sefaköy - Küçükçekmece, Istanbul - Turkey",إدارة الأعمال,تركيا,إسطنبول,دبلوم,التركية,متاح,#28D094,2026-2027,6000,2600,2600,1500,USD,-,1500
1069,17,جامعة إسطنبول أريل,Sefaköy Campus,"Kemalpaşa Mahallesi, Halkalı Caddesi, No:101, 34295, Sefaköy - Küçükçekmece, Istanbul - Turkey",البنوك والتأمين,تركيا,إسطنبول,دبلوم,التركية,متاح,#28D094,2026-2027,6000,2600,2600,1500,USD,-,1500
1068,17,جامعة إسطنبول أريل,Sefaköy Campus,"Kemalpaşa Mahallesi, Halkalı Caddesi, No:101, 34295, Sefaköy - Küçükçekmece, Istanbul - Turkey",الترميم المعماري,تركيا,إسطنبول,دبلوم,التركية,متاح,#28D094,2026-2027,6000,2600,2600,1500,USD,-,1500
1067,17,جامعة إسطنبول أريل,Sefaköy Campus,"Kemalpaşa Mahallesi, Halkalı Caddesi, No:101, 34295, Sefaköy - Küçükçekmece, Istanbul - Turkey",التخدير,تركيا,إسطنبول,دبلوم,التركية,متاح,#28D094,2026-2027,6000,2600,2600,1500,USD,-,1500
1066,17,جامعة إسطنبول أريل,Sefaköy Campus,"Kemalpaşa Mahallesi, Halkalı Caddesi, No:101, 34295, Sefaköy - Küçükçekmece, Istanbul - Turkey",تكنولوجيا الطائرات,تركيا,إسطنبول,دبلوم,التركية,متاح,#28D094,2026-2027,6000,2600,2600,1500,USD,-,1500
1065,17,جامعة إسطنبول أريل,Sefaköy Campus,"Kemalpaşa Mahallesi, Halkalı Caddesi, No:101, 34295, Sefaköy - Küçükçekmece, Istanbul - Turkey",المحاسبة والضرائب,تركيا,إسطنبول,دبلوم,التركية,متاح,#28D094,2026-2027,6000,2600,2600,1500,USD,-,1500
1064,15,جامعة فنربهتشه,Ataşehir Campus,"Atatürk Mah. Ataşehir Bulvarı, Metropol İstanbul, 34758, Ataşehir / İstanbul",علوم الرياضة,تركيا,إسطنبول,دكتوراه,التركية,متاح,#28D094,2026-2027,15000,7500,6750,1000,USD,-,650
1063,15,جامعة فنربهتشه,Ataşehir Campus,"Atatürk Mah. Ataşehir Bulvarı, Metropol İstanbul, 34758, Ataşehir / İstanbul",إدارة الأعمال,تركيا,إسطنبول,دكتوراه,التركية,متاح,#28D094,2026-2027,15000,7500,6750,1000,USD,-,650
1062,15,جامعة فنربهتشه,Ataşehir Campus,"Atatürk Mah. Ataşehir Bulvarı, Metropol İstanbul, 34758, Ataşehir / İstanbul",السلوك التنظيمي,تركيا,إسطنبول,ماجستير بدون أطروحة,التركية,متاح,#28D094,2026-2027,6000,3000,2700,1000,USD,-,650
1061,15,جامعة فنربهتشه,Ataşehir Campus,"Atatürk Mah. Ataşehir Bulvarı, Metropol İstanbul, 34758, Ataşehir / İstanbul",السلوك التنظيمي,تركيا,إسطنبول,ماجستير مع أطروحة,التركية,متاح,#28D094,2026-2027,8000,4000,3600,1000,USD,-,650
1060,15,جامعة فنربهتشه,Ataşehir Campus,"Atatürk Mah. Ataşehir Bulvarı, Metropol İstanbul, 34758, Ataşehir / İstanbul",تمريض الأمراض الباطنية,تركيا,إسطنبول,ماجستير مع أطروحة,التركية,متاح,#28D094,2026-2027,8000,4000,3600,1000,USD,-,650
1059,15,جامعة فنربهتشه,Ataşehir Campus,"Atatürk Mah. Ataşehir Bulvarı, Metropol İstanbul, 34758, Ataşehir / İstanbul",الصيدلة السريرية,تركيا,إسطنبول,ماجستير بدون أطروحة,التركية,متاح,#28D094,2026-2027,6000,3000,2700,2000,USD,-,650
1058,15,جامعة فنربهتشه,Ataşehir Campus,"Atatürk Mah. Ataşehir Bulvarı, Metropol İstanbul, 34758, Ataşehir / İstanbul",علوم الرياضة,تركيا,إسطنبول,ماجستير بدون أطروحة,التركية,متاح,#28D094,2026-2027,6000,3000,2700,1000,USD,-,650
1057,15,جامعة فنربهتشه,Ataşehir Campus,"Atatürk Mah. Ataşehir Bulvarı, Metropol İstanbul, 34758, Ataşehir / İstanbul",علوم الرياضة,تركيا,إسطنبول,ماجستير مع أطروحة,التركية,متاح,#28D094,2026-2027,8000,4000,3600,1000,USD,-,650
1056,15,جامعة فنربهتشه,Ataşehir Campus,"Atatürk Mah. Ataşehir Bulvarı, Metropol İstanbul, 34758, Ataşehir / İstanbul",العلوم السياسية والعلاقات الدولية,تركيا,إسطنبول,ماجستير بدون أطروحة,الإنجليزية,متاح,#28D094,2026-2027,6000,3000,2700,1000,USD,-,2000
1055,15,جامعة فنربهتشه,Ataşehir Campus,"Atatürk Mah. Ataşehir Bulvarı, Metropol İstanbul, 34758, Ataşehir / İstanbul",العلوم السياسية والعلاقات الدولية,تركيا,إسطنبول,ماجستير مع أطروحة,الإنجليزية,متاح,#28D094,2026-2027,8000,4000,3600,1000,USD,-,2000
1054,15,جامعة فنربهتشه,Ataşehir Campus,"Atatürk Mah. Ataşehir Bulvarı, Metropol İstanbul, 34758, Ataşehir / İstanbul",علم البيانات التطبيقي,تركيا,إسطنبول,ماجستير بدون أطروحة,التركية,متاح,#28D094,2026-2027,6000,3000,2700,1000,USD,-,650
1053,15,جامعة فنربهتشه,Ataşehir Campus,"Atatürk Mah. Ataşehir Bulvarı, Metropol İstanbul, 34758, Ataşehir / İstanbul",علم البيانات التطبيقي,تركيا,إسطنبول,ماجستير بدون أطروحة,الإنجليزية,متاح,#28D094,2026-2027,6000,3000,2700,1000,USD,-,2000
1052,15,جامعة فنربهتشه,Ataşehir Campus,"Atatürk Mah. Ataşehir Bulvarı, Metropol İstanbul, 34758, Ataşehir / İstanbul",الإدارة الهندسية,تركيا,إسطنبول,ماجستير بدون أطروحة,الإنجليزية,متاح,#28D094,2026-2027,6000,3000,2700,1000,USD,-,2000
1051,15,جامعة فنربهتشه,Ataşehir Campus,"Atatürk Mah. Ataşehir Bulvarı, Metropol İstanbul, 34758, Ataşehir / İstanbul",علم نفس التمرين والرياضة,تركيا,إسطنبول,ماجستير مع أطروحة,التركية,متاح,#28D094,2026-2027,8000,4000,3600,1000,USD,-,650
1050,15,جامعة فنربهتشه,Ataşehir Campus,"Atatürk Mah. Ataşehir Bulvarı, Metropol İstanbul, 34758, Ataşehir / İstanbul",العلاج الطبيعي والتأهيل,تركيا,إسطنبول,ماجستير مع أطروحة,التركية,متاح,#28D094,2026-2027,8000,4000,3600,1000,USD,-,650
1049,15,جامعة فنربهتشه,Ataşehir Campus,"Atatürk Mah. Ataşehir Bulvarı, Metropol İstanbul, 34758, Ataşehir / İstanbul",هندسة الكمبيوتر,تركيا,إسطنبول,ماجستير مع أطروحة,التركية,متاح,#28D094,2026-2027,8000,4000,3600,1000,USD,-,650
1048,15,جامعة فنربهتشه,Ataşehir Campus,"Atatürk Mah. Ataşehir Bulvarı, Metropol İstanbul, 34758, Ataşehir / İstanbul",هندسة الكمبيوتر,تركيا,إسطنبول,ماجستير مع أطروحة,الإنجليزية,متاح,#28D094,2026-2027,8000,4000,3600,1000,USD,-,2000
1047,15,جامعة فنربهتشه,Ataşehir Campus,"Atatürk Mah. Ataşehir Bulvarı, Metropol İstanbul, 34758, Ataşehir / İstanbul",ماجستير إدارة الأعمال (MBA),تركيا,إسطنبول,ماجستير بدون أطروحة,التركية,متاح,#28D094,2026-2027,6000,3000,2700,1000,USD,-,650
1046,15,جامعة فنربهتشه,Ataşehir Campus,"Atatürk Mah. Ataşehir Bulvarı, Metropol İstanbul, 34758, Ataşehir / İstanbul",ماجستير إدارة الأعمال (MBA),تركيا,إسطنبول,ماجستير مع أطروحة,التركية,متاح,#28D094,2026-2027,8000,4000,3600,1000,USD,-,650
1045,15,جامعة فنربهتشه,Ataşehir Campus,"Atatürk Mah. Ataşehir Bulvarı, Metropol İstanbul, 34758, Ataşehir / İstanbul",ماجستير إدارة الأعمال (MBA),تركيا,إسطنبول,ماجستير بدون أطروحة,الإنجليزية,متاح,#28D094,2026-2027,6000,3000,2700,1000,USD,-,2000
1044,15,جامعة فنربهتشه,Ataşehir Campus,"Atatürk Mah. Ataşehir Bulvarı, Metropol İstanbul, 34758, Ataşehir / İstanbul",ماجستير إدارة الأعمال (MBA),تركيا,إسطنبول,ماجستير مع أطروحة,الإنجليزية,متاح,#28D094,2026-2027,8000,4000,3600,1000,USD,-,2000
1043,15,جامعة فنربهتشه,Ataşehir Campus,"Atatürk Mah. Ataşehir Bulvarı, Metropol İstanbul, 34758, Ataşehir / İstanbul",العلاج الإشعاعي,تركيا,إسطنبول,دبلوم,التركية,متاح,#28D094,2026-2027,4800,2040,1836,1000,USD,-,650
1042,15,جامعة فنربهتشه,Ataşehir Campus,"Atatürk Mah. Ataşehir Bulvarı, Metropol İstanbul, 34758, Ataşehir / İstanbul",العلاج الطبيعي,تركيا,إسطنبول,دبلوم,التركية,متاح,#28D094,2026-2027,4800,2040,1836,1000,USD,-,650
1041,15,جامعة فنربهتشه,Ataşehir Campus,"Atatürk Mah. Ataşehir Bulvarı, Metropol İstanbul, 34758, Ataşehir / İstanbul",العلاج الطبيعي,تركيا,إسطنبول,دبلوم,الإنجليزية,متاح,#28D094,2026-2027,4800,2040,1836,1000,USD,-,4800
1040,15,جامعة فنربهتشه,Ataşehir Campus,"Atatürk Mah. Ataşehir Bulvarı, Metropol İstanbul, 34758, Ataşehir / İstanbul",خدمات الصيدلية,تركيا,إسطنبول,دبلوم,التركية,متاح,#28D094,2026-2027,4800,2040,1836,2000,USD,-,650
1039,15,جامعة فنربهتشه,Ataşehir Campus,"Atatürk Mah. Ataşehir Bulvarı, Metropol İstanbul, 34758, Ataşehir / İstanbul",تكنولوجيا معالجة البيانات الطبية,تركيا,إسطنبول,دبلوم,التركية,متاح,#28D094,2026-2027,4800,2040,1836,1000,USD,-,650
1038,15,جامعة فنربهتشه,Ataşehir Campus,"Atatürk Mah. Ataşehir Bulvarı, Metropol İstanbul, 34758, Ataşehir / İstanbul",تقنيات مختبر علم الأمراض,تركيا,إسطنبول,دبلوم,التركية,متاح,#28D094,2026-2027,4800,2040,1836,1000,USD,-,650
1037,15,جامعة فنربهتشه,Ataşehir Campus,"Atatürk Mah. Ataşehir Bulvarı, Metropol İstanbul, 34758, Ataşehir / İstanbul",الأطراف الاصطناعية وتقويم العظام,تركيا,إسطنبول,دبلوم,التركية,متاح,#28D094,2026-2027,4800,2040,1836,1000,USD,-,650
1036,15,جامعة فنربهتشه,Ataşehir Campus,"Atatürk Mah. Ataşehir Bulvarı, Metropol İstanbul, 34758, Ataşehir / İstanbul",صحة الفم والأسنان,تركيا,إسطنبول,دبلوم,التركية,متاح,#28D094,2026-2027,4800,2040,1836,1000,USD,-,650
1035,15,جامعة فنربهتشه,Ataşehir Campus,"Atatürk Mah. Ataşehir Bulvarı, Metropol İstanbul, 34758, Ataşehir / İstanbul",خدمات غرفة العمليات,تركيا,إسطنبول,دبلوم,التركية,متاح,#28D094,2026-2027,4800,2040,1836,1000,USD,-,650
1034,15,جامعة فنربهتشه,Ataşehir Campus,"Atatürk Mah. Ataşehir Bulvarı, Metropol İstanbul, 34758, Ataşehir / İstanbul",تقنيات المختبرات الطبية,تركيا,إسطنبول,دبلوم,التركية,متاح,#28D094,2026-2027,4800,2040,1836,1000,USD,-,650
1033,15,جامعة فنربهتشه,Ataşehir Campus,"Atatürk Mah. Ataşehir Bulvarı, Metropol İstanbul, 34758, Ataşehir / İstanbul",تقنيات التصوير الطبي,تركيا,إسطنبول,دبلوم,التركية,متاح,#28D094,2026-2027,4800,2040,1836,1000,USD,-,650
1032,15,جامعة فنربهتشه,Ataşehir Campus,"Atatürk Mah. Ataşehir Bulvarı, Metropol İstanbul, 34758, Ataşehir / İstanbul",الإسعافات الأولية والطوارئ,تركيا,إسطنبول,دبلوم,التركية,متاح,#28D094,2026-2027,4800,2040,1836,1000,USD,-,650
1031,15,جامعة فنربهتشه,Ataşehir Campus,"Atatürk Mah. Ataşehir Bulvarı, Metropol İstanbul, 34758, Ataşehir / İstanbul",غسيل الكلى,تركيا,إسطنبول,دبلوم,التركية,متاح,#28D094,2026-2027,4800,2040,1836,1000,USD,-,650
1030,15,جامعة فنربهتشه,Ataşehir Campus,"Atatürk Mah. Ataşehir Bulvarı, Metropol İstanbul, 34758, Ataşehir / İstanbul",تقنية التعويضات السنية,تركيا,إسطنبول,دبلوم,التركية,متاح,#28D094,2026-2027,4800,2040,1836,1000,USD,-,650
1029,15,جامعة فنربهتشه,Ataşehir Campus,"Atatürk Mah. Ataşehir Bulvarı, Metropol İstanbul, 34758, Ataşehir / İstanbul",التخدير,تركيا,إسطنبول,دبلوم,التركية,متاح,#28D094,2026-2027,4800,2040,1836,1000,USD,-,650
1028,15,جامعة فنربهتشه,Ataşehir Campus,"Atatürk Mah. Ataşehir Bulvarı, Metropol İstanbul, 34758, Ataşehir / İstanbul",الإدارة الرياضية,تركيا,إسطنبول,بكالوريوس,التركية,متاح,#28D094,2026-2027,8000,3400,3060,1000,USD,-,650
1027,15,جامعة فنربهتشه,Ataşehir Campus,"Atatürk Mah. Ataşehir Bulvarı, Metropol İstanbul, 34758, Ataşehir / İstanbul",التدريب على التدريب,تركيا,إسطنبول,بكالوريوس,التركية,متاح,#28D094,2026-2027,8000,3400,3060,1000,USD,-,650
1026,15,جامعة فنربهتشه,Ataşehir Campus,"Atatürk Mah. Ataşehir Bulvarı, Metropol İstanbul, 34758, Ataşehir / İstanbul",التربية البدنية وتدريس الرياضة,تركيا,إسطنبول,بكالوريوس,التركية,متاح,#28D094,2026-2027,8000,3400,3060,1000,USD,-,650
1025,15,جامعة فنربهتشه,Ataşehir Campus,"Atatürk Mah. Ataşehir Bulvarı, Metropol İstanbul, 34758, Ataşehir / İstanbul",علوم التمرين والرياضة,تركيا,إسطنبول,بكالوريوس,التركية,متاح,#28D094,2026-2027,8000,3400,3060,1000,USD,-,650
1024,15,جامعة فنربهتشه,Ataşehir Campus,"Atatürk Mah. Ataşehir Bulvarı, Metropol İstanbul, 34758, Ataşehir / İstanbul",الصيدلة,تركيا,إسطنبول,بكالوريوس,التركية,متاح,#28D094,2026-2027,16000,8000,7200,2000,USD,-,650
1023,15,جامعة فنربهتشه,Ataşehir Campus,"Atatürk Mah. Ataşehir Bulvarı, Metropol İstanbul, 34758, Ataşehir / İstanbul",الصيدلة,تركيا,إسطنبول,بكالوريوس,الإنجليزية,متاح,#28D094,2026-2027,20000,10000,9000,2000,USD,-,20000
1022,15,جامعة فنربهتشه,Ataşehir Campus,"Atatürk Mah. Ataşehir Bulvarı, Metropol İstanbul, 34758, Ataşehir / İstanbul",علاج النطق واللغة,تركيا,إسطنبول,بكالوريوس,التركية,متاح,#28D094,2026-2027,8000,3400,3060,1000,USD,-,650
1021,15,جامعة فنربهتشه,Ataşehir Campus,"Atatürk Mah. Ataşehir Bulvarı, Metropol İstanbul, 34758, Ataşehir / İstanbul",العلاج الطبيعي والتأهيل,تركيا,إسطنبول,بكالوريوس,التركية,متاح,#28D094,2026-2027,8000,3400,3060,1000,USD,-,650
1020,15,جامعة فنربهتشه,Ataşehir Campus,"Atatürk Mah. Ataşehir Bulvarı, Metropol İstanbul, 34758, Ataşehir / İstanbul",العلاج الطبيعي والتأهيل,تركيا,إسطنبول,بكالوريوس,الإنجليزية,متاح,#28D094,2026-2027,10000,4250,3825,1000,USD,-,10000
1019,15,جامعة فنربهتشه,Ataşehir Campus,"Atatürk Mah. Ataşehir Bulvarı, Metropol İstanbul, 34758, Ataşehir / İstanbul",القبالة,تركيا,إسطنبول,بكالوريوس,التركية,متاح,#28D094,2026-2027,8000,3400,3060,1000,USD,-,650
1018,15,جامعة فنربهتشه,Ataşehir Campus,"Atatürk Mah. Ataşehir Bulvarı, Metropol İstanbul, 34758, Ataşehir / İstanbul",التغذية وعلم الحمية,تركيا,إسطنبول,بكالوريوس,التركية,متاح,#28D094,2026-2027,8000,3400,3060,1000,USD,-,650
1017,15,جامعة فنربهتشه,Ataşehir Campus,"Atatürk Mah. Ataşehir Bulvarı, Metropol İstanbul, 34758, Ataşehir / İstanbul",تمريض,تركيا,إسطنبول,بكالوريوس,الإنجليزية,متاح,#28D094,2026-2027,10000,4250,3825,1000,USD,-,10000
1016,15,جامعة فنربهتشه,Ataşehir Campus,"Atatürk Mah. Ataşehir Bulvarı, Metropol İstanbul, 34758, Ataşehir / İstanbul",تمريض,تركيا,إسطنبول,بكالوريوس,التركية,متاح,#28D094,2026-2027,8000,3400,3060,1000,USD,-,650
1015,15,جامعة فنربهتشه,Ataşehir Campus,"Atatürk Mah. Ataşehir Bulvarı, Metropol İstanbul, 34758, Ataşehir / İstanbul",العلاج الوظيفي,تركيا,إسطنبول,بكالوريوس,التركية,متاح,#28D094,2026-2027,8000,3400,3060,1000,USD,-,650
1014,15,جامعة فنربهتشه,Ataşehir Campus,"Atatürk Mah. Ataşehir Bulvarı, Metropol İstanbul, 34758, Ataşehir / İstanbul",الإذاعة والتلفزيون والسينما,تركيا,إسطنبول,بكالوريوس,التركية,متاح,#28D094,2026-2027,8000,3400,3060,1000,USD,-,650
1013,15,جامعة فنربهتشه,Ataşehir Campus,"Atatürk Mah. Ataşehir Bulvarı, Metropol İstanbul, 34758, Ataşehir / İstanbul",العلاقات العامة والإعلان,تركيا,إسطنبول,بكالوريوس,التركية,متاح,#28D094,2026-2027,8000,3400,3060,1000,USD,-,650
1012,15,جامعة فنربهتشه,Ataşehir Campus,"Atatürk Mah. Ataşehir Bulvarı, Metropol İstanbul, 34758, Ataşehir / İstanbul",وسائل الإعلام الجديدة والاتصالات,تركيا,إسطنبول,بكالوريوس,التركية,متاح,#28D094,2026-2027,8000,3400,3060,1000,USD,-,650
1011,15,جامعة فنربهتشه,Ataşehir Campus,"Atatürk Mah. Ataşehir Bulvarı, Metropol İstanbul, 34758, Ataşehir / İstanbul",العمارة,تركيا,إسطنبول,بكالوريوس,التركية,متاح,#28D094,2026-2027,8000,3400,3060,1000,USD,-,650
1010,15,جامعة فنربهتشه,Ataşehir Campus,"Atatürk Mah. Ataşehir Bulvarı, Metropol İstanbul, 34758, Ataşehir / İstanbul",الهندسة المعمارية الداخلية والتصميم البيئي,تركيا,إسطنبول,بكالوريوس,التركية,متاح,#28D094,2026-2027,8000,3400,3060,1000,USD,-,650
1009,15,جامعة فنربهتشه,Ataşehir Campus,"Atatürk Mah. Ataşehir Bulvarı, Metropol İstanbul, 34758, Ataşehir / İstanbul",الهندسة المعمارية الداخلية والتصميم البيئي,تركيا,إسطنبول,بكالوريوس,الإنجليزية,متاح,#28D094,2026-2027,10000,4250,3825,1000,USD,-,10000
1008,15,جامعة فنربهتشه,Ataşehir Campus,"Atatürk Mah. Ataşehir Bulvarı, Metropol İstanbul, 34758, Ataşehir / İstanbul",الهندسة الكهربائية والإلكترونية,تركيا,إسطنبول,بكالوريوس,الإنجليزية,متاح,#28D094,2026-2027,10000,4250,3825,1000,USD,-,10000
1007,15,جامعة فنربهتشه,Ataşehir Campus,"Atatürk Mah. Ataşehir Bulvarı, Metropol İstanbul, 34758, Ataşehir / İstanbul",الهندسة الصناعية,تركيا,إسطنبول,بكالوريوس,الإنجليزية,متاح,#28D094,2026-2027,10000,4250,3825,1000,USD,-,10000
1006,15,جامعة فنربهتشه,Ataşehir Campus,"Atatürk Mah. Ataşehir Bulvarı, Metropol İstanbul, 34758, Ataşehir / İstanbul",هندسة البرمجيات,تركيا,إسطنبول,بكالوريوس,الإنجليزية,متاح,#28D094,2026-2027,10000,4250,3825,1000,USD,-,10000
1005,15,جامعة فنربهتشه,Ataşehir Campus,"Atatürk Mah. Ataşehir Bulvarı, Metropol İstanbul, 34758, Ataşehir / İstanbul",هندسة الكمبيوتر,تركيا,إسطنبول,بكالوريوس,الإنجليزية,متاح,#28D094,2026-2027,10000,4250,3825,1000,USD,-,10000
1004,15,جامعة فنربهتشه,Ataşehir Campus,"Atatürk Mah. Ataşehir Bulvarı, Metropol İstanbul, 34758, Ataşehir / İstanbul",علم النفس,تركيا,إسطنبول,بكالوريوس,التركية,متاح,#28D094,2026-2027,8000,3400,3060,1000,USD,-,650
1003,15,جامعة فنربهتشه,Ataşehir Campus,"Atatürk Mah. Ataşehir Bulvarı, Metropol İstanbul, 34758, Ataşehir / İstanbul",علم النفس,تركيا,إسطنبول,بكالوريوس,الإنجليزية,متاح,#28D094,2026-2027,10000,4250,3825,1000,USD,-,10000
1002,15,جامعة فنربهتشه,Ataşehir Campus,"Atatürk Mah. Ataşehir Bulvarı, Metropol İstanbul, 34758, Ataşehir / İstanbul",نظم المعلومات الإدارية,تركيا,إسطنبول,بكالوريوس,التركية,متاح,#28D094,2026-2027,8000,3400,3060,1000,USD,-,650
1001,15,جامعة فنربهتشه,Ataşehir Campus,"Atatürk Mah. Ataşehir Bulvarı, Metropol İstanbul, 34758, Ataşehir / İstanbul",علم البيانات والتحليلات,تركيا,إسطنبول,بكالوريوس,التركية,متاح,#28D094,2026-2027,8000,3400,3060,1000,USD,-,650
1000,15,جامعة فنربهتشه,Ataşehir Campus,"Atatürk Mah. Ataşehir Bulvarı, Metropol İstanbul, 34758, Ataşehir / İstanbul",إدارة الأعمال,تركيا,إسطنبول,بكالوريوس,الإنجليزية,متاح,#28D094,2026-2027,10000,4250,3825,1000,USD,-,10000
999,15,جامعة فنربهتشه,Ataşehir Campus,"Atatürk Mah. Ataşehir Bulvarı, Metropol İstanbul, 34758, Ataşehir / İstanbul",العلوم السياسية والعلاقات الدولية,تركيا,إسطنبول,بكالوريوس,الإنجليزية,متاح,#28D094,2026-2027,10000,4250,3825,1000,USD,-,10000
998,15,جامعة فنربهتشه,Ataşehir Campus,"Atatürk Mah. Ataşehir Bulvarı, Metropol İstanbul, 34758, Ataşehir / İstanbul",نظم المعلومات الإدارية,تركيا,إسطنبول,بكالوريوس,الإنجليزية,متاح,#28D094,2026-2027,10000,4250,3825,1000,USD,-,10000
997,15,جامعة فنربهتشه,Ataşehir Campus,"Atatürk Mah. Ataşehir Bulvarı, Metropol İstanbul, 34758, Ataşehir / İstanbul",اللغة الإنجليزية وآدابها,تركيا,إسطنبول,بكالوريوس,الإنجليزية,متاح,#28D094,2026-2027,10000,4250,3825,1000,USD,-,10000
996,15,جامعة فنربهتشه,Ataşehir Campus,"Atatürk Mah. Ataşehir Bulvarı, Metropol İstanbul, 34758, Ataşehir / İstanbul",الاقتصاد والمالية,تركيا,إسطنبول,بكالوريوس,الإنجليزية,متاح,#28D094,2026-2027,10000,4250,3825,1000,USD,-,10000
995,21,جامعة استينيا,Istinye University Vadi Campus,"Ayazağa Mahallesi, Azerbaycan Caddesi (Vadistanbul 4A Blok), 34396 Sarıyer/Istanbul",الفيزياء - دكتوراه مدمجة,تركيا,إسطنبول,دكتوراه,الإنجليزية,متاح,#28D094,2026-2027,15000,15000,15000,7500,USD,-,8000
994,21,جامعة استينيا,Istinye University Vadi Campus,"Ayazağa Mahallesi, Azerbaycan Caddesi (Vadistanbul 4A Blok), 34396 Sarıyer/Istanbul",الكيمياء - دكتوراه مدمجة,تركيا,إسطنبول,دكتوراه,الإنجليزية,متاح,#28D094,2026-2027,15000,15000,15000,7500,USD,-,8000
993,21,جامعة استينيا,Istinye University Vadi Campus,"Ayazağa Mahallesi, Azerbaycan Caddesi (Vadistanbul 4A Blok), 34396 Sarıyer/Istanbul",العمارة,تركيا,إسطنبول,دكتوراه,التركية,متاح,#28D094,2026-2027,12500,12500,12500,6250,USD,-,3000
992,21,جامعة استينيا,Istinye University Vadi Campus,"Ayazağa Mahallesi, Azerbaycan Caddesi (Vadistanbul 4A Blok), 34396 Sarıyer/Istanbul",الفيزياء,تركيا,إسطنبول,دكتوراه,الإنجليزية,متاح,#28D094,2026-2027,12500,12500,12500,6250,USD,-,8000
991,21,جامعة استينيا,Istinye University Vadi Campus,"Ayazağa Mahallesi, Azerbaycan Caddesi (Vadistanbul 4A Blok), 34396 Sarıyer/Istanbul",الكيمياء,تركيا,إسطنبول,دكتوراه,الإنجليزية,متاح,#28D094,2026-2027,12500,12500,12500,6250,USD,-,8000
990,21,جامعة استينيا,Istinye University Vadi Campus,"Ayazağa Mahallesi, Azerbaycan Caddesi (Vadistanbul 4A Blok), 34396 Sarıyer/Istanbul",الهندسة الكهربائية والإلكترونية,تركيا,إسطنبول,ماجستير مع أطروحة,الإنجليزية,متاح,#28D094,2026-2027,8500,8500,8500,4250,USD,-,8000
989,21,جامعة استينيا,Istinye University Vadi Campus,"Ayazağa Mahallesi, Azerbaycan Caddesi (Vadistanbul 4A Blok), 34396 Sarıyer/Istanbul",الهندسة الكهربائية والإلكترونية,تركيا,إسطنبول,ماجستير مع أطروحة,التركية,متاح,#28D094,2026-2027,8500,8500,8500,4250,USD,-,3000
988,21,جامعة استينيا,Istinye University Vadi Campus,"Ayazağa Mahallesi, Azerbaycan Caddesi (Vadistanbul 4A Blok), 34396 Sarıyer/Istanbul",الإدارة الهندسية,تركيا,إسطنبول,ماجستير مع أطروحة,الإنجليزية,متاح,#28D094,2026-2027,8500,8500,8500,4250,USD,-,8000
987,21,جامعة استينيا,Istinye University Vadi Campus,"Ayazağa Mahallesi, Azerbaycan Caddesi (Vadistanbul 4A Blok), 34396 Sarıyer/Istanbul",الإدارة الهندسية,تركيا,إسطنبول,ماجستير مع أطروحة,التركية,متاح,#28D094,2026-2027,8500,8500,8500,4250,USD,-,3000
986,21,جامعة استينيا,Istinye University Vadi Campus,"Ayazağa Mahallesi, Azerbaycan Caddesi (Vadistanbul 4A Blok), 34396 Sarıyer/Istanbul",البيولوجيا الجزيئية وعلم الوراثة,تركيا,إسطنبول,ماجستير مع أطروحة,الإنجليزية,متاح,#28D094,2026-2027,8500,8500,8500,4250,USD,-,8000
985,21,جامعة استينيا,Istinye University Vadi Campus,"Ayazağa Mahallesi, Azerbaycan Caddesi (Vadistanbul 4A Blok), 34396 Sarıyer/Istanbul",هندسة الذكاء الاصطناعي,تركيا,إسطنبول,ماجستير مع أطروحة,الإنجليزية,متاح,#28D094,2026-2027,8500,8500,8500,4250,USD,-,8000
984,21,جامعة استينيا,Istinye University Vadi Campus,"Ayazağa Mahallesi, Azerbaycan Caddesi (Vadistanbul 4A Blok), 34396 Sarıyer/Istanbul",هندسة الكمبيوتر,تركيا,إسطنبول,ماجستير بدون أطروحة,الإنجليزية,متاح,#28D094,2026-2027,8000,8000,8000,4000,USD,-,8000
983,21,جامعة استينيا,Istinye University Vadi Campus,"Ayazağa Mahallesi, Azerbaycan Caddesi (Vadistanbul 4A Blok), 34396 Sarıyer/Istanbul",هندسة الكمبيوتر,تركيا,إسطنبول,ماجستير مع أطروحة,الإنجليزية,متاح,#28D094,2026-2027,8500,8500,8500,4250,USD,-,8000
982,21,جامعة استينيا,Istinye University Vadi Campus,"Ayazağa Mahallesi, Azerbaycan Caddesi (Vadistanbul 4A Blok), 34396 Sarıyer/Istanbul",العمارة الداخلية,تركيا,إسطنبول,ماجستير مع أطروحة,التركية,متاح,#28D094,2026-2027,8500,8500,8500,4250,USD,-,3000
981,21,جامعة استينيا,Istinye University Vadi Campus,"Ayazağa Mahallesi, Azerbaycan Caddesi (Vadistanbul 4A Blok), 34396 Sarıyer/Istanbul",التصميم المعماري,تركيا,إسطنبول,ماجستير مع أطروحة,الإنجليزية,متاح,#28D094,2026-2027,8500,8500,8500,4250,USD,-,8000
980,21,جامعة استينيا,Istinye University Vadi Campus,"Ayazağa Mahallesi, Azerbaycan Caddesi (Vadistanbul 4A Blok), 34396 Sarıyer/Istanbul",التصميم المعماري,تركيا,إسطنبول,ماجستير مع أطروحة,التركية,متاح,#28D094,2026-2027,8500,8500,8500,4250,USD,-,3000
979,21,جامعة استينيا,Istinye University Vadi Campus,"Ayazağa Mahallesi, Azerbaycan Caddesi (Vadistanbul 4A Blok), 34396 Sarıyer/Istanbul",علم الأعصاب - دكتوراه مدمجة,تركيا,إسطنبول,دكتوراه,التركية,متاح,#28D094,2026-2027,15000,15000,15000,7500,USD,-,3000
978,21,جامعة استينيا,Istinye University Topkapı Campus,"Maltepe Mah., Teyyareci Sami Sk., No.3 Zeytinburnu, İstanbul, 34010",القبالة - دكتوراه مدمجة,تركيا,إسطنبول,دكتوراه,التركية,متاح,#28D094,2026-2027,15000,15000,15000,7500,USD,-,3000
977,21,جامعة استينيا,Istinye University Topkapı Campus,"Maltepe Mah., Teyyareci Sami Sk., No.3 Zeytinburnu, İstanbul, 34010",تمريض النساء والتوليد - دكتوراه مدمجة,تركيا,إسطنبول,دكتوراه,التركية,متاح,#28D094,2026-2027,15000,15000,15000,7500,USD,-,3000
976,21,جامعة استينيا,Istinye University Vadi Campus,"Ayazağa Mahallesi, Azerbaycan Caddesi (Vadistanbul 4A Blok), 34396 Sarıyer/Istanbul",علم الأنسجة والأجنة - دكتوراه مدمجة,تركيا,إسطنبول,دكتوراه,التركية,متاح,#28D094,2026-2027,15000,15000,15000,7500,USD,-,3000
975,21,جامعة استينيا,Istinye University Vadi Campus,"Ayazağa Mahallesi, Azerbaycan Caddesi (Vadistanbul 4A Blok), 34396 Sarıyer/Istanbul",علم الأورام الجزيئي - دكتوراه مدمجة,تركيا,إسطنبول,دكتوراه,التركية,متاح,#28D094,2026-2027,15000,15000,15000,7500,USD,-,3000
974,21,جامعة استينيا,Istinye University Topkapı Campus,"Maltepe Mah., Teyyareci Sami Sk., No.3 Zeytinburnu, İstanbul, 34010",التغذية وعلم التغذية - دكتوراه مدمجة,تركيا,إسطنبول,دكتوراه,التركية,متاح,#28D094,2026-2027,15000,15000,15000,7500,USD,-,3000
973,21,جامعة استينيا,Istinye University Vadi Campus,"Ayazağa Mahallesi, Azerbaycan Caddesi (Vadistanbul 4A Blok), 34396 Sarıyer/Istanbul",الأحياء الطبية وعلم الوراثة - دكتوراه مدمجة,تركيا,إسطنبول,دكتوراه,التركية,متاح,#28D094,2026-2027,15000,15000,15000,7500,USD,-,3000
972,21,جامعة استينيا,Istinye University Vadi Campus,"Ayazağa Mahallesi, Azerbaycan Caddesi (Vadistanbul 4A Blok), 34396 Sarıyer/Istanbul",الخلايا الجذعية وهندسة الأنسجة - دكتوراه مدمجة,تركيا,إسطنبول,دكتوراه,التركية,متاح,#28D094,2026-2027,15000,15000,15000,7500,USD,-,3000
971,21,جامعة استينيا,Istinye University Topkapı Campus,"Maltepe Mah., Teyyareci Sami Sk., No.3 Zeytinburnu, İstanbul, 34010",العلاج الطبيعي والتأهيل - دكتوراه مدمجة,تركيا,إسطنبول,دكتوراه,التركية,متاح,#28D094,2026-2027,15000,15000,15000,7500,USD,-,3000
970,21,جامعة استينيا,Istinye University Topkapı Campus,"Maltepe Mah., Teyyareci Sami Sk., No.3 Zeytinburnu, İstanbul, 34010",علاج النطق واللغة - دكتوراه مدمجة,تركيا,إسطنبول,دكتوراه,التركية,متاح,#28D094,2026-2027,15000,15000,15000,7500,USD,-,3000
969,21,جامعة استينيا,Istinye University Vadi Campus,"Ayazağa Mahallesi, Azerbaycan Caddesi (Vadistanbul 4A Blok), 34396 Sarıyer/Istanbul",الكيمياء الصيدلانية - دكتوراه مدمجة,تركيا,إسطنبول,دكتوراه,التركية,متاح,#28D094,2026-2027,15000,15000,15000,7500,USD,-,3000
968,21,جامعة استينيا,Istinye University Vadi Campus,"Ayazağa Mahallesi, Azerbaycan Caddesi (Vadistanbul 4A Blok), 34396 Sarıyer/Istanbul",التشريح السريري,تركيا,إسطنبول,دكتوراه,التركية,متاح,#28D094,2026-2027,12500,12500,12500,6250,USD,-,3000
967,21,جامعة استينيا,Istinye University Vadi Campus,"Ayazağa Mahallesi, Azerbaycan Caddesi (Vadistanbul 4A Blok), 34396 Sarıyer/Istanbul",علم الأنسجة والأجنة,تركيا,إسطنبول,دكتوراه,التركية,متاح,#28D094,2026-2027,12500,12500,12500,6250,USD,-,3000
966,21,جامعة استينيا,Istinye University Vadi Campus,"Ayazağa Mahallesi, Azerbaycan Caddesi (Vadistanbul 4A Blok), 34396 Sarıyer/Istanbul",علم الأورام الجزيئي,تركيا,إسطنبول,دكتوراه,التركية,متاح,#28D094,2026-2027,12500,12500,12500,6250,USD,-,3000
965,21,جامعة استينيا,Istinye University Topkapı Campus,"Maltepe Mah., Teyyareci Sami Sk., No.3 Zeytinburnu, İstanbul, 34010",التغذية وعلم الحمية,تركيا,إسطنبول,دكتوراه,التركية,متاح,#28D094,2026-2027,12500,12500,12500,6250,USD,-,3000
964,21,جامعة استينيا,Istinye University Topkapı Campus,"Maltepe Mah., Teyyareci Sami Sk., No.3 Zeytinburnu, İstanbul, 34010",علاج النطق واللغة,تركيا,إسطنبول,دكتوراه,التركية,متاح,#28D094,2026-2027,12500,12500,12500,6250,USD,-,3000
963,21,جامعة استينيا,Istinye University Vadi Campus,"Ayazağa Mahallesi, Azerbaycan Caddesi (Vadistanbul 4A Blok), 34396 Sarıyer/Istanbul",الأحياء الطبية وعلم الوراثة,تركيا,إسطنبول,دكتوراه,التركية,متاح,#28D094,2026-2027,12500,12500,12500,6250,USD,-,3000
962,21,جامعة استينيا,Istinye University Vadi Campus,"Ayazağa Mahallesi, Azerbaycan Caddesi (Vadistanbul 4A Blok), 34396 Sarıyer/Istanbul",علم الأعصاب,تركيا,إسطنبول,دكتوراه,التركية,متاح,#28D094,2026-2027,12500,12500,12500,6250,USD,-,3000
961,21,جامعة استينيا,Istinye University Vadi Campus,"Ayazağa Mahallesi, Azerbaycan Caddesi (Vadistanbul 4A Blok), 34396 Sarıyer/Istanbul",الخلايا الجذعية وهندسة الأنسجة,تركيا,إسطنبول,دكتوراه,التركية,متاح,#28D094,2026-2027,12500,12500,12500,6250,USD,-,3000
960,21,جامعة استينيا,Istinye University Topkapı Campus,"Maltepe Mah., Teyyareci Sami Sk., No.3 Zeytinburnu, İstanbul, 34010",العلاج الطبيعي والتأهيل,تركيا,إسطنبول,دكتوراه,التركية,متاح,#28D094,2026-2027,12500,12500,12500,6250,USD,-,3000
959,21,جامعة استينيا,Istinye University Vadi Campus,"Ayazağa Mahallesi, Azerbaycan Caddesi (Vadistanbul 4A Blok), 34396 Sarıyer/Istanbul",الكيمياء الصيدلانية,تركيا,إسطنبول,دكتوراه,التركية,متاح,#28D094,2026-2027,12500,12500,12500,6250,USD,-,3000
958,21,جامعة استينيا,Istinye University Topkapı Campus,"Maltepe Mah., Teyyareci Sami Sk., No.3 Zeytinburnu, İstanbul, 34010",القبالة,تركيا,إسطنبول,دكتوراه,التركية,متاح,#28D094,2026-2027,12500,12500,12500,6250,USD,-,3000
957,21,جامعة استينيا,Istinye University Topkapı Campus,"Maltepe Mah., Teyyareci Sami Sk., No.3 Zeytinburnu, İstanbul, 34010",تمريض النساء والتوليد,تركيا,إسطنبول,دكتوراه,التركية,متاح,#28D094,2026-2027,12500,12500,12500,6250,USD,-,3000
956,21,جامعة استينيا,Istinye University Vadi Campus,"Ayazağa Mahallesi, Azerbaycan Caddesi (Vadistanbul 4A Blok), 34396 Sarıyer/Istanbul",علم التشريح,تركيا,إسطنبول,ماجستير مع أطروحة,التركية,متاح,#28D094,2026-2027,8500,8500,8500,4250,USD,-,3000
955,21,جامعة استينيا,Istinye University Topkapı Campus,"Maltepe Mah., Teyyareci Sami Sk., No.3 Zeytinburnu, İstanbul, 34010",العلاج الطبيعي الرياضي,تركيا,إسطنبول,ماجستير مع أطروحة,التركية,متاح,#28D094,2026-2027,8500,8500,8500,4250,USD,-,3000
954,21,جامعة استينيا,Istinye University Topkapı Campus,"Maltepe Mah., Teyyareci Sami Sk., No.3 Zeytinburnu, İstanbul, 34010",التغذية وعلم الحمية,تركيا,إسطنبول,ماجستير بدون أطروحة,التركية,متاح,#28D094,2026-2027,8000,8000,8000,4000,USD,-,3000
953,21,جامعة استينيا,Istinye University Topkapı Campus,"Maltepe Mah., Teyyareci Sami Sk., No.3 Zeytinburnu, İstanbul, 34010",التغذية وعلم الحمية,تركيا,إسطنبول,ماجستير مع أطروحة,التركية,متاح,#28D094,2026-2027,8500,8500,8500,4250,USD,-,3000
952,21,جامعة استينيا,Istinye University Topkapı Campus,"Maltepe Mah., Teyyareci Sami Sk., No.3 Zeytinburnu, İstanbul, 34010",علاج النطق واللغة,تركيا,إسطنبول,ماجستير مع أطروحة,التركية,متاح,#28D094,2026-2027,8500,8500,8500,4250,USD,-,3000
951,21,جامعة استينيا,Istinye University Vadi Campus,"Ayazağa Mahallesi, Azerbaycan Caddesi (Vadistanbul 4A Blok), 34396 Sarıyer/Istanbul",الأحياء الطبية وعلم الوراثة,تركيا,إسطنبول,ماجستير مع أطروحة,التركية,متاح,#28D094,2026-2027,8500,8500,8500,4250,USD,-,3000
950,21,جامعة استينيا,Istinye University Vadi Campus,"Ayazağa Mahallesi, Azerbaycan Caddesi (Vadistanbul 4A Blok), 34396 Sarıyer/Istanbul",علم الأدوية وبيولوجيا السرطان,تركيا,إسطنبول,ماجستير مع أطروحة,التركية,متاح,#28D094,2026-2027,8500,8500,8500,4250,USD,-,3000
949,21,جامعة استينيا,Istinye University Vadi Campus,"Ayazağa Mahallesi, Azerbaycan Caddesi (Vadistanbul 4A Blok), 34396 Sarıyer/Istanbul",علم الأعصاب,تركيا,إسطنبول,ماجستير مع أطروحة,التركية,متاح,#28D094,2026-2027,8500,8500,8500,4250,USD,-,3000
948,21,جامعة استينيا,Istinye University Vadi Campus,"Ayazağa Mahallesi, Azerbaycan Caddesi (Vadistanbul 4A Blok), 34396 Sarıyer/Istanbul",الخلايا الجذعية وهندسة الأنسجة,تركيا,إسطنبول,ماجستير مع أطروحة,التركية,متاح,#28D094,2026-2027,8500,8500,8500,4250,USD,-,3000
947,21,جامعة استينيا,Istinye University Topkapı Campus,"Maltepe Mah., Teyyareci Sami Sk., No.3 Zeytinburnu, İstanbul, 34010",العلاج الطبيعي والتأهيل,تركيا,إسطنبول,ماجستير مع أطروحة,الإنجليزية,متاح,#28D094,2026-2027,8500,8500,8500,4250,USD,-,8000
946,21,جامعة استينيا,Istinye University Topkapı Campus,"Maltepe Mah., Teyyareci Sami Sk., No.3 Zeytinburnu, İstanbul, 34010",العلاج الطبيعي والتأهيل,تركيا,إسطنبول,ماجستير مع أطروحة,التركية,متاح,#28D094,2026-2027,8500,8500,8500,4250,USD,-,3000
945,21,جامعة استينيا,Istinye University Topkapı Campus,"Maltepe Mah., Teyyareci Sami Sk., No.3 Zeytinburnu, İstanbul, 34010",القبالة,تركيا,إسطنبول,ماجستير مع أطروحة,التركية,متاح,#28D094,2026-2027,8500,8500,8500,4250,USD,-,3000
944,21,جامعة استينيا,Istinye University Topkapı Campus,"Maltepe Mah., Teyyareci Sami Sk., No.3 Zeytinburnu, İstanbul, 34010",تمريض النساء والتوليد,تركيا,إسطنبول,ماجستير بدون أطروحة,التركية,متاح,#28D094,2026-2027,8000,8000,8000,4000,USD,-,3000
943,21,جامعة استينيا,Istinye University Topkapı Campus,"Maltepe Mah., Teyyareci Sami Sk., No.3 Zeytinburnu, İstanbul, 34010",تمريض النساء والتوليد,تركيا,إسطنبول,ماجستير مع أطروحة,التركية,متاح,#28D094,2026-2027,8500,8500,8500,4250,USD,-,3000
942,21,جامعة استينيا,Istinye University Topkapı Campus,"Maltepe Mah., Teyyareci Sami Sk., No.3 Zeytinburnu, İstanbul, 34010",تمريض الأمراض الجراحية,تركيا,إسطنبول,ماجستير بدون أطروحة,التركية,متاح,#28D094,2026-2027,8000,8000,8000,4000,USD,-,3000
941,21,جامعة استينيا,Istinye University Topkapı Campus,"Maltepe Mah., Teyyareci Sami Sk., No.3 Zeytinburnu, İstanbul, 34010",تمريض الأمراض الجراحية,تركيا,إسطنبول,ماجستير مع أطروحة,التركية,متاح,#28D094,2026-2027,8500,8500,8500,4250,USD,-,3000
940,21,جامعة استينيا,Istinye University Vadi Campus,"Ayazağa Mahallesi, Azerbaycan Caddesi (Vadistanbul 4A Blok), 34396 Sarıyer/Istanbul",علوم الاتصال - دكتوراه مدمجة,تركيا,إسطنبول,دكتوراه,التركية,متاح,#28D094,2026-2027,15000,15000,15000,7500,USD,-,3000
939,21,جامعة استينيا,Istinye University Vadi Campus,"Ayazağa Mahallesi, Azerbaycan Caddesi (Vadistanbul 4A Blok), 34396 Sarıyer/Istanbul",إدارة الصحة - دكتوراه مدمجة,تركيا,إسطنبول,دكتوراه,التركية,متاح,#28D094,2026-2027,15000,15000,15000,7500,USD,-,3000
938,21,جامعة استينيا,Istinye University Vadi Campus,"Ayazağa Mahallesi, Azerbaycan Caddesi (Vadistanbul 4A Blok), 34396 Sarıyer/Istanbul",إدارة الأعمال - دكتوراه مدمجة,تركيا,إسطنبول,دكتوراه,التركية,متاح,#28D094,2026-2027,15000,15000,15000,7500,USD,-,3000
937,21,جامعة استينيا,Istinye University Vadi Campus,"Ayazağa Mahallesi, Azerbaycan Caddesi (Vadistanbul 4A Blok), 34396 Sarıyer/Istanbul",علوم الاتصال,تركيا,إسطنبول,دكتوراه,التركية,متاح,#28D094,2026-2027,12500,12500,12500,6250,USD,-,3000
936,21,جامعة استينيا,Istinye University Vadi Campus,"Ayazağa Mahallesi, Azerbaycan Caddesi (Vadistanbul 4A Blok), 34396 Sarıyer/Istanbul",إدارة الصحة,تركيا,إسطنبول,دكتوراه,التركية,متاح,#28D094,2026-2027,12500,12500,12500,6250,USD,-,3000
935,21,جامعة استينيا,Istinye University Vadi Campus,"Ayazağa Mahallesi, Azerbaycan Caddesi (Vadistanbul 4A Blok), 34396 Sarıyer/Istanbul",إدارة الأعمال,تركيا,إسطنبول,دكتوراه,التركية,متاح,#28D094,2026-2027,12500,12500,12500,6250,USD,-,3000
934,21,جامعة استينيا,Istinye University Vadi Campus,"Ayazağa Mahallesi, Azerbaycan Caddesi (Vadistanbul 4A Blok), 34396 Sarıyer/Istanbul",الأمن السيبراني,تركيا,إسطنبول,ماجستير بدون أطروحة,الإنجليزية,متاح,#28D094,2026-2027,8000,8000,8000,4000,USD,-,8000
933,21,جامعة استينيا,Istinye University Vadi Campus,"Ayazağa Mahallesi, Azerbaycan Caddesi (Vadistanbul 4A Blok), 34396 Sarıyer/Istanbul",الأمن السيبراني,تركيا,إسطنبول,ماجستير مع أطروحة,الإنجليزية,متاح,#28D094,2026-2027,8500,8500,8500,4250,USD,-,8000
932,21,جامعة استينيا,Istinye University Vadi Campus,"Ayazağa Mahallesi, Azerbaycan Caddesi (Vadistanbul 4A Blok), 34396 Sarıyer/Istanbul",علم البيانات,تركيا,إسطنبول,ماجستير مع أطروحة,الإنجليزية,متاح,#28D094,2026-2027,8500,8500,8500,4250,USD,-,8000
931,21,جامعة استينيا,Istinye University Vadi Campus,"Ayazağa Mahallesi, Azerbaycan Caddesi (Vadistanbul 4A Blok), 34396 Sarıyer/Istanbul",علم البيانات,تركيا,إسطنبول,ماجستير بدون أطروحة,التركية,متاح,#28D094,2026-2027,8000,8000,8000,4000,USD,-,3000
930,21,جامعة استينيا,Istinye University Vadi Campus,"Ayazağa Mahallesi, Azerbaycan Caddesi (Vadistanbul 4A Blok), 34396 Sarıyer/Istanbul",علم البيانات,تركيا,إسطنبول,ماجستير مع أطروحة,التركية,متاح,#28D094,2026-2027,8500,8500,8500,4250,USD,-,3000
929,21,جامعة استينيا,Istinye University Vadi Campus,"Ayazağa Mahallesi, Azerbaycan Caddesi (Vadistanbul 4A Blok), 34396 Sarıyer/Istanbul",تصميم الأزياء والمنسوجات,تركيا,إسطنبول,ماجستير بدون أطروحة,التركية,متاح,#28D094,2026-2027,8000,8000,8000,4000,USD,-,3000
928,21,جامعة استينيا,Istinye University Vadi Campus,"Ayazağa Mahallesi, Azerbaycan Caddesi (Vadistanbul 4A Blok), 34396 Sarıyer/Istanbul",تصميم الأزياء والمنسوجات,تركيا,إسطنبول,ماجستير مع أطروحة,التركية,متاح,#28D094,2026-2027,8500,8500,8500,4250,USD,-,3000
927,21,جامعة استينيا,Istinye University Vadi Campus,"Ayazağa Mahallesi, Azerbaycan Caddesi (Vadistanbul 4A Blok), 34396 Sarıyer/Istanbul",فنون الطهي وفنون المطبخ,تركيا,إسطنبول,ماجستير بدون أطروحة,التركية,متاح,#28D094,2026-2027,8000,8000,8000,4000,USD,-,3000
926,21,جامعة استينيا,Istinye University Vadi Campus,"Ayazağa Mahallesi, Azerbaycan Caddesi (Vadistanbul 4A Blok), 34396 Sarıyer/Istanbul",فنون الطهي وفنون المطبخ,تركيا,إسطنبول,ماجستير مع أطروحة,التركية,متاح,#28D094,2026-2027,8500,8500,8500,4250,USD,-,3000
925,21,جامعة استينيا,Istinye University Vadi Campus,"Ayazağa Mahallesi, Azerbaycan Caddesi (Vadistanbul 4A Blok), 34396 Sarıyer/Istanbul",السينما والتلفزيون,تركيا,إسطنبول,ماجستير مع أطروحة,الإنجليزية,متاح,#28D094,2026-2027,8500,8500,8500,4250,USD,-,8000
924,21,جامعة استينيا,Istinye University Vadi Campus,"Ayazağa Mahallesi, Azerbaycan Caddesi (Vadistanbul 4A Blok), 34396 Sarıyer/Istanbul",نظم المعلومات الإدارية,تركيا,إسطنبول,ماجستير مع أطروحة,الإنجليزية,متاح,#28D094,2026-2027,8500,8500,8500,4250,USD,-,8000
923,21,جامعة استينيا,Istinye University Vadi Campus,"Ayazağa Mahallesi, Azerbaycan Caddesi (Vadistanbul 4A Blok), 34396 Sarıyer/Istanbul",الصحة والسلامة المهنية,تركيا,إسطنبول,ماجستير بدون أطروحة,التركية,متاح,#28D094,2026-2027,8000,8000,8000,4000,USD,-,3000
922,21,جامعة استينيا,Istinye University Vadi Campus,"Ayazağa Mahallesi, Azerbaycan Caddesi (Vadistanbul 4A Blok), 34396 Sarıyer/Istanbul",اللغة التركية وآدابها,تركيا,إسطنبول,ماجستير مع أطروحة,التركية,متاح,#28D094,2026-2027,8500,8500,8500,4250,USD,-,3000
921,21,جامعة استينيا,Istinye University Vadi Campus,"Ayazağa Mahallesi, Azerbaycan Caddesi (Vadistanbul 4A Blok), 34396 Sarıyer/Istanbul",علم النفس العيادي,تركيا,إسطنبول,ماجستير بدون أطروحة,التركية,متاح,#28D094,2026-2027,15000,15000,15000,7500,USD,-,3000
920,21,جامعة استينيا,Istinye University Vadi Campus,"Ayazağa Mahallesi, Azerbaycan Caddesi (Vadistanbul 4A Blok), 34396 Sarıyer/Istanbul",علم النفس,تركيا,إسطنبول,ماجستير بدون أطروحة,التركية,متاح,#28D094,2026-2027,8000,8000,8000,4000,USD,-,3000
919,21,جامعة استينيا,Istinye University Vadi Campus,"Ayazağa Mahallesi, Azerbaycan Caddesi (Vadistanbul 4A Blok), 34396 Sarıyer/Istanbul",علم النفس,تركيا,إسطنبول,ماجستير مع أطروحة,التركية,متاح,#28D094,2026-2027,8500,8500,8500,4250,USD,-,3000
918,21,جامعة استينيا,Istinye University Vadi Campus,"Ayazağa Mahallesi, Azerbaycan Caddesi (Vadistanbul 4A Blok), 34396 Sarıyer/Istanbul",العلوم السياسية والعلاقات الدولية,تركيا,إسطنبول,ماجستير مع أطروحة,الإنجليزية,متاح,#28D094,2026-2027,8500,8500,8500,4250,USD,-,8000
917,21,جامعة استينيا,Istinye University Vadi Campus,"Ayazağa Mahallesi, Azerbaycan Caddesi (Vadistanbul 4A Blok), 34396 Sarıyer/Istanbul",العلوم السياسية والعلاقات الدولية,تركيا,إسطنبول,ماجستير مع أطروحة,التركية,متاح,#28D094,2026-2027,8500,8500,8500,4250,USD,-,3000
916,21,جامعة استينيا,Istinye University Vadi Campus,"Ayazağa Mahallesi, Azerbaycan Caddesi (Vadistanbul 4A Blok), 34396 Sarıyer/Istanbul",إدارة الصحة,تركيا,إسطنبول,ماجستير بدون أطروحة,التركية,متاح,#28D094,2026-2027,8000,8000,8000,4000,USD,-,3000
915,21,جامعة استينيا,Istinye University Vadi Campus,"Ayazağa Mahallesi, Azerbaycan Caddesi (Vadistanbul 4A Blok), 34396 Sarıyer/Istanbul",إدارة الصحة,تركيا,إسطنبول,ماجستير مع أطروحة,التركية,متاح,#28D094,2026-2027,8500,8500,8500,4250,USD,-,3000
914,21,جامعة استينيا,Istinye University Vadi Campus,"Ayazağa Mahallesi, Azerbaycan Caddesi (Vadistanbul 4A Blok), 34396 Sarıyer/Istanbul",إدارة الأعمال,تركيا,إسطنبول,ماجستير بدون أطروحة,الإنجليزية,متاح,#28D094,2026-2027,8000,8000,8000,4000,USD,-,8000
913,21,جامعة استينيا,Istinye University Vadi Campus,"Ayazağa Mahallesi, Azerbaycan Caddesi (Vadistanbul 4A Blok), 34396 Sarıyer/Istanbul",إدارة الأعمال,تركيا,إسطنبول,ماجستير مع أطروحة,الإنجليزية,متاح,#28D094,2026-2027,8500,8500,8500,4250,USD,-,8000
912,21,جامعة استينيا,Istinye University Vadi Campus,"Ayazağa Mahallesi, Azerbaycan Caddesi (Vadistanbul 4A Blok), 34396 Sarıyer/Istanbul",إدارة الأعمال,تركيا,إسطنبول,ماجستير بدون أطروحة,التركية,متاح,#28D094,2026-2027,8000,8000,8000,4000,USD,-,3000
911,21,جامعة استينيا,Istinye University Vadi Campus,"Ayazağa Mahallesi, Azerbaycan Caddesi (Vadistanbul 4A Blok), 34396 Sarıyer/Istanbul",إدارة الأعمال,تركيا,إسطنبول,ماجستير مع أطروحة,التركية,متاح,#28D094,2026-2027,8500,8500,8500,4250,USD,-,3000
910,21,جامعة استينيا,Istinye University Topkapı Campus,"Maltepe Mah., Teyyareci Sami Sk., No.3 Zeytinburnu, İstanbul, 34010",تمريض,تركيا,إسطنبول,بكالوريوس,الإنجليزية,متاح,#28D094,2026-2027,8000,8000,8000,4000,USD,-,8000
909,21,جامعة استينيا,Istinye University Topkapı Campus,"Maltepe Mah., Teyyareci Sami Sk., No.3 Zeytinburnu, İstanbul, 34010",تمريض,تركيا,إسطنبول,بكالوريوس,التركية,متاح,#28D094,2026-2027,8000,8000,8000,4000,USD,-,3000
908,21,جامعة استينيا,Istinye University Topkapı Campus,"Maltepe Mah., Teyyareci Sami Sk., No.3 Zeytinburnu, İstanbul, 34010",العلاج الطبيعي والتأهيل,تركيا,إسطنبول,بكالوريوس,الإنجليزية,متاح,#28D094,2026-2027,8000,8000,8000,4000,USD,-,8000
907,21,جامعة استينيا,Istinye University Topkapı Campus,"Maltepe Mah., Teyyareci Sami Sk., No.3 Zeytinburnu, İstanbul, 34010",العلاج الطبيعي والتأهيل,تركيا,إسطنبول,بكالوريوس,التركية,متاح,#28D094,2026-2027,8000,8000,8000,4000,USD,-,3000
906,21,جامعة استينيا,Istinye University Topkapı Campus,"Maltepe Mah., Teyyareci Sami Sk., No.3 Zeytinburnu, İstanbul, 34010",القبالة,تركيا,إسطنبول,بكالوريوس,التركية,متاح,#28D094,2026-2027,8000,8000,8000,4000,USD,-,3000
905,21,جامعة استينيا,Istinye University Topkapı Campus,"Maltepe Mah., Teyyareci Sami Sk., No.3 Zeytinburnu, İstanbul, 34010",علاج النطق واللغة,تركيا,إسطنبول,بكالوريوس,التركية,متاح,#28D094,2026-2027,8000,8000,8000,4000,USD,-,3000
904,21,جامعة استينيا,Istinye University Topkapı Campus,"Maltepe Mah., Teyyareci Sami Sk., No.3 Zeytinburnu, İstanbul, 34010",تنمية الطفل,تركيا,إسطنبول,بكالوريوس,التركية,متاح,#28D094,2026-2027,8000,8000,8000,4000,USD,-,3000
903,21,جامعة استينيا,Istinye University Topkapı Campus,"Maltepe Mah., Teyyareci Sami Sk., No.3 Zeytinburnu, İstanbul, 34010",التغذية وعلم الحمية,تركيا,إسطنبول,بكالوريوس,التركية,متاح,#28D094,2026-2027,8000,8000,8000,4000,USD,-,3000
902,21,جامعة استينيا,Istinye University Vadi Campus,"Ayazağa Mahallesi, Azerbaycan Caddesi (Vadistanbul 4A Blok), 34396 Sarıyer/Istanbul",الإذاعة والتلفزيون والسينما,تركيا,إسطنبول,بكالوريوس,الإنجليزية,متاح,#28D094,2026-2027,7000,7000,7000,3500,USD,-,8000
901,21,جامعة استينيا,Istinye University Vadi Campus,"Ayazağa Mahallesi, Azerbaycan Caddesi (Vadistanbul 4A Blok), 34396 Sarıyer/Istanbul",وسائل الإعلام الجديدة والاتصالات,تركيا,إسطنبول,بكالوريوس,الإنجليزية,متاح,#28D094,2026-2027,7000,7000,7000,3500,USD,-,8000
900,21,جامعة استينيا,Istinye University Vadi Campus,"Ayazağa Mahallesi, Azerbaycan Caddesi (Vadistanbul 4A Blok), 34396 Sarıyer/Istanbul",العلاقات العامة والإعلان,تركيا,إسطنبول,بكالوريوس,التركية,متاح,#28D094,2026-2027,7000,7000,7000,3500,USD,-,3000
899,21,جامعة استينيا,Istinye University Vadi Campus,"Ayazağa Mahallesi, Azerbaycan Caddesi (Vadistanbul 4A Blok), 34396 Sarıyer/Istanbul",تصميم الاتصالات المرئية,تركيا,إسطنبول,بكالوريوس,التركية,متاح,#28D094,2026-2027,7000,7000,7000,3500,USD,-,3000
898,21,جامعة استينيا,Istinye University Vadi Campus,"Ayazağa Mahallesi, Azerbaycan Caddesi (Vadistanbul 4A Blok), 34396 Sarıyer/Istanbul",إدارة اللوجستيات,تركيا,إسطنبول,بكالوريوس,التركية,متاح,#28D094,2026-2027,8000,8000,8000,4000,USD,-,3000
897,21,جامعة استينيا,Istinye University Vadi Campus,"Ayazağa Mahallesi, Azerbaycan Caddesi (Vadistanbul 4A Blok), 34396 Sarıyer/Istanbul",نظم المعلومات الإدارية,تركيا,إسطنبول,بكالوريوس,الإنجليزية,متاح,#28D094,2026-2027,8000,8000,8000,4000,USD,-,8000
896,21,جامعة استينيا,Istinye University Vadi Campus,"Ayazağa Mahallesi, Azerbaycan Caddesi (Vadistanbul 4A Blok), 34396 Sarıyer/Istanbul",نظم المعلومات الإدارية,تركيا,إسطنبول,بكالوريوس,التركية,متاح,#28D094,2026-2027,8000,8000,8000,4000,USD,-,3000
895,21,جامعة استينيا,Istinye University Vadi Campus,"Ayazağa Mahallesi, Azerbaycan Caddesi (Vadistanbul 4A Blok), 34396 Sarıyer/Istanbul",التجارة الدولية والأعمال,تركيا,إسطنبول,بكالوريوس,الإنجليزية,متاح,#28D094,2026-2027,8000,8000,8000,4000,USD,-,8000
894,21,جامعة استينيا,Istinye University Vadi Campus,"Ayazağa Mahallesi, Azerbaycan Caddesi (Vadistanbul 4A Blok), 34396 Sarıyer/Istanbul",العلاقات الدولية,تركيا,إسطنبول,بكالوريوس,الإنجليزية,متاح,#28D094,2026-2027,8000,8000,8000,4000,USD,-,8000
893,21,جامعة استينيا,Istinye University Vadi Campus,"Ayazağa Mahallesi, Azerbaycan Caddesi (Vadistanbul 4A Blok), 34396 Sarıyer/Istanbul",العلوم السياسية والإدارة العامة,تركيا,إسطنبول,بكالوريوس,التركية,متاح,#28D094,2026-2027,8000,8000,8000,4000,USD,-,3000
892,21,جامعة استينيا,Istinye University Vadi Campus,"Ayazağa Mahallesi, Azerbaycan Caddesi (Vadistanbul 4A Blok), 34396 Sarıyer/Istanbul",إدارة الصحة,تركيا,إسطنبول,بكالوريوس,التركية,متاح,#28D094,2026-2027,8000,8000,8000,4000,USD,-,3000
891,21,جامعة استينيا,Istinye University Vadi Campus,"Ayazağa Mahallesi, Azerbaycan Caddesi (Vadistanbul 4A Blok), 34396 Sarıyer/Istanbul",إدارة الأعمال,تركيا,إسطنبول,بكالوريوس,الإنجليزية,متاح,#28D094,2026-2027,8000,8000,8000,4000,USD,-,8000
890,21,جامعة استينيا,Istinye University Vadi Campus,"Ayazağa Mahallesi, Azerbaycan Caddesi (Vadistanbul 4A Blok), 34396 Sarıyer/Istanbul",الاقتصاد,تركيا,إسطنبول,بكالوريوس,الإنجليزية,متاح,#28D094,2026-2027,8000,8000,8000,4000,USD,-,8000
889,21,جامعة استينيا,Istinye University Vadi Campus,"Ayazağa Mahallesi, Azerbaycan Caddesi (Vadistanbul 4A Blok), 34396 Sarıyer/Istanbul",تطوير البرمجيات,تركيا,إسطنبول,بكالوريوس,التركية,متاح,#28D094,2026-2027,8000,8000,8000,4000,USD,-,3000
888,21,جامعة استينيا,Istinye University Vadi Campus,"Ayazağa Mahallesi, Azerbaycan Caddesi (Vadistanbul 4A Blok), 34396 Sarıyer/Istanbul",الكيمياء,تركيا,إسطنبول,بكالوريوس,الإنجليزية,متاح,#28D094,2026-2027,8000,8000,8000,4000,USD,-,8000
887,21,جامعة استينيا,Istinye University Vadi Campus,"Ayazağa Mahallesi, Azerbaycan Caddesi (Vadistanbul 4A Blok), 34396 Sarıyer/Istanbul",الرياضيات,تركيا,إسطنبول,بكالوريوس,الإنجليزية,متاح,#28D094,2026-2027,8000,8000,8000,4000,USD,-,8000
886,21,جامعة استينيا,Istinye University Vadi Campus,"Ayazağa Mahallesi, Azerbaycan Caddesi (Vadistanbul 4A Blok), 34396 Sarıyer/Istanbul",البيولوجيا الجزيئية وعلم الوراثة,تركيا,إسطنبول,بكالوريوس,الإنجليزية,متاح,#28D094,2026-2027,8000,8000,8000,4000,USD,-,8000
885,21,جامعة استينيا,Istinye University Vadi Campus,"Ayazağa Mahallesi, Azerbaycan Caddesi (Vadistanbul 4A Blok), 34396 Sarıyer/Istanbul",الهندسة الطبية الحيوية,تركيا,إسطنبول,بكالوريوس,الإنجليزية,متاح,#28D094,2026-2027,8000,8000,8000,4000,USD,-,8000
884,21,جامعة استينيا,Istinye University Vadi Campus,"Ayazağa Mahallesi, Azerbaycan Caddesi (Vadistanbul 4A Blok), 34396 Sarıyer/Istanbul",الهندسة الصناعية,تركيا,إسطنبول,بكالوريوس,الإنجليزية,متاح,#28D094,2026-2027,8000,8000,8000,4000,USD,-,8000
883,21,جامعة استينيا,Istinye University Vadi Campus,"Ayazağa Mahallesi, Azerbaycan Caddesi (Vadistanbul 4A Blok), 34396 Sarıyer/Istanbul",الهندسة الكهربائية والإلكترونية,تركيا,إسطنبول,بكالوريوس,الإنجليزية,متاح,#28D094,2026-2027,8000,8000,8000,4000,USD,-,8000
882,21,جامعة استينيا,Istinye University Vadi Campus,"Ayazağa Mahallesi, Azerbaycan Caddesi (Vadistanbul 4A Blok), 34396 Sarıyer/Istanbul",هندسة الكمبيوتر,تركيا,إسطنبول,بكالوريوس,التركية,متاح,#28D094,2026-2027,8000,8000,8000,4000,USD,-,3000
881,21,جامعة استينيا,Istinye University Vadi Campus,"Ayazağa Mahallesi, Azerbaycan Caddesi (Vadistanbul 4A Blok), 34396 Sarıyer/Istanbul",هندسة الكمبيوتر,تركيا,إسطنبول,بكالوريوس,الإنجليزية,متاح,#28D094,2026-2027,8000,8000,8000,4000,USD,-,8000
880,21,جامعة استينيا,Istinye University Vadi Campus,"Ayazağa Mahallesi, Azerbaycan Caddesi (Vadistanbul 4A Blok), 34396 Sarıyer/Istanbul",هندسة البرمجيات,تركيا,إسطنبول,بكالوريوس,الإنجليزية,متاح,#28D094,2026-2027,8000,8000,8000,4000,USD,-,8000
879,21,جامعة استينيا,Istinye University Vadi Campus,"Ayazağa Mahallesi, Azerbaycan Caddesi (Vadistanbul 4A Blok), 34396 Sarıyer/Istanbul",هندسة البرمجيات,تركيا,إسطنبول,بكالوريوس,التركية,متاح,#28D094,2026-2027,8000,8000,8000,4000,USD,-,3000
878,21,جامعة استينيا,Istinye University Vadi Campus,"Ayazağa Mahallesi, Azerbaycan Caddesi (Vadistanbul 4A Blok), 34396 Sarıyer/Istanbul",تصميم الأزياء والمنسوجات,تركيا,إسطنبول,بكالوريوس,التركية,متاح,#28D094,2026-2027,7000,7000,7000,3500,USD,-,3000
877,21,جامعة استينيا,Istinye University Vadi Campus,"Ayazağa Mahallesi, Azerbaycan Caddesi (Vadistanbul 4A Blok), 34396 Sarıyer/Istanbul",تصميم الألعاب الرقمية,تركيا,إسطنبول,بكالوريوس,الإنجليزية,متاح,#28D094,2026-2027,8000,8000,8000,4000,USD,-,8000
876,21,جامعة استينيا,Istinye University Vadi Campus,"Ayazağa Mahallesi, Azerbaycan Caddesi (Vadistanbul 4A Blok), 34396 Sarıyer/Istanbul",فنون الطهي وفنون المطبخ,تركيا,إسطنبول,بكالوريوس,الإنجليزية,متاح,#28D094,2026-2027,8000,8000,8000,4000,USD,-,8000
875,21,جامعة استينيا,Istinye University Vadi Campus,"Ayazağa Mahallesi, Azerbaycan Caddesi (Vadistanbul 4A Blok), 34396 Sarıyer/Istanbul",فنون الطهي وفنون المطبخ,تركيا,إسطنبول,بكالوريوس,التركية,متاح,#28D094,2026-2027,8000,8000,8000,4000,USD,-,3000
874,21,جامعة استينيا,Istinye University Vadi Campus,"Ayazağa Mahallesi, Azerbaycan Caddesi (Vadistanbul 4A Blok), 34396 Sarıyer/Istanbul",العمارة,تركيا,إسطنبول,بكالوريوس,الإنجليزية,متاح,#28D094,2026-2027,8000,8000,8000,4000,USD,-,8000
873,21,جامعة استينيا,Istinye University Vadi Campus,"Ayazağa Mahallesi, Azerbaycan Caddesi (Vadistanbul 4A Blok), 34396 Sarıyer/Istanbul",الهندسة المعمارية الداخلية والتصميم البيئي,تركيا,إسطنبول,بكالوريوس,التركية,متاح,#28D094,2026-2027,8000,8000,8000,4000,USD,-,3000
872,21,جامعة استينيا,Istinye University Vadi Campus,"Ayazağa Mahallesi, Azerbaycan Caddesi (Vadistanbul 4A Blok), 34396 Sarıyer/Istanbul",الترجمة التحريرية والشفهية (الإنجليزية),تركيا,إسطنبول,بكالوريوس,الإنجليزية,متاح,#28D094,2026-2027,8000,8000,8000,4000,USD,-,8000
871,21,جامعة استينيا,Istinye University Vadi Campus,"Ayazağa Mahallesi, Azerbaycan Caddesi (Vadistanbul 4A Blok), 34396 Sarıyer/Istanbul",اللغة الإنجليزية وآدابها,تركيا,إسطنبول,بكالوريوس,الإنجليزية,متاح,#28D094,2026-2027,8000,8000,8000,4000,USD,-,8000
870,21,جامعة استينيا,Istinye University Vadi Campus,"Ayazağa Mahallesi, Azerbaycan Caddesi (Vadistanbul 4A Blok), 34396 Sarıyer/Istanbul",اللغة التركية وآدابها,تركيا,إسطنبول,بكالوريوس,التركية,متاح,#28D094,2026-2027,8000,8000,8000,4000,USD,-,3000
869,21,جامعة استينيا,Istinye University Vadi Campus,"Ayazağa Mahallesi, Azerbaycan Caddesi (Vadistanbul 4A Blok), 34396 Sarıyer/Istanbul",علم النفس,تركيا,إسطنبول,بكالوريوس,الإنجليزية,متاح,#28D094,2026-2027,8000,8000,8000,4000,USD,-,8000
868,21,جامعة استينيا,Istinye University Vadi Campus,"Ayazağa Mahallesi, Azerbaycan Caddesi (Vadistanbul 4A Blok), 34396 Sarıyer/Istanbul",علم النفس,تركيا,إسطنبول,بكالوريوس,التركية,متاح,#28D094,2026-2027,8000,8000,8000,4000,USD,-,3000
867,21,جامعة استينيا,Istinye University Vadi Campus,"Ayazağa Mahallesi, Azerbaycan Caddesi (Vadistanbul 4A Blok), 34396 Sarıyer/Istanbul",الصيدلة,تركيا,إسطنبول,بكالوريوس,الإنجليزية,متاح,#28D094,2026-2027,15000,14250,14250,7500,USD,-,8000
866,21,جامعة استينيا,Istinye University Vadi Campus,"Ayazağa Mahallesi, Azerbaycan Caddesi (Vadistanbul 4A Blok), 34396 Sarıyer/Istanbul",الصيدلة,تركيا,إسطنبول,بكالوريوس,التركية,متاح,#28D094,2026-2027,14000,13300,13300,7000,USD,-,3000
865,21,جامعة استينيا,Istinye University Vadi Campus,"Ayazağa Mahallesi, Azerbaycan Caddesi (Vadistanbul 4A Blok), 34396 Sarıyer/Istanbul",طب الأسنان,تركيا,إسطنبول,بكالوريوس,الإنجليزية,متاح,#28D094,2026-2027,24500,23275,23275,12250,USD,-,8000
864,21,جامعة استينيا,Istinye University Vadi Campus,"Ayazağa Mahallesi, Azerbaycan Caddesi (Vadistanbul 4A Blok), 34396 Sarıyer/Istanbul",طب الأسنان,تركيا,إسطنبول,بكالوريوس,التركية,متاح,#28D094,2026-2027,20000,19000,19000,10000,USD,-,3000
863,21,جامعة استينيا,Istinye University Vadi Campus,"Ayazağa Mahallesi, Azerbaycan Caddesi (Vadistanbul 4A Blok), 34396 Sarıyer/Istanbul",الطب البشري,تركيا,إسطنبول,بكالوريوس,الإنجليزية,متاح,#28D094,2026-2027,29000,27550,27550,14500,USD,-,8000
862,21,جامعة استينيا,Istinye University Vadi Campus,"Ayazağa Mahallesi, Azerbaycan Caddesi (Vadistanbul 4A Blok), 34396 Sarıyer/Istanbul",الطب البشري,تركيا,إسطنبول,بكالوريوس,التركية,متاح,#28D094,2026-2027,23000,21850,21850,11500,USD,-,3000
861,18,جامعة إسطنبول أطلس,Atlas Valley Campus,Anadolu Cd. No: 40 Kağıthane Istanbul,تمريض الأمراض الجراحية,تركيا,إسطنبول,دكتوراه,التركية,متاح,#28D094,2026-2027,16500,14850,12625,1000,USD,التحضيري التركي مجاني.,0
860,18,جامعة إسطنبول أطلس,Atlas Valley Campus,Anadolu Cd. No: 40 Kağıthane Istanbul,هندسة الكمبيوتر,تركيا,إسطنبول,دكتوراه,الإنجليزية,متاح,#28D094,2026-2027,16500,14850,12625,1000,USD,رسوم التحضيري الإنجليزي لبرامج الماجستير والدكتوراه 3000 USD ويجب دفعها سنويا.,3000
859,18,جامعة إسطنبول أطلس,Atlas Valley Campus,Anadolu Cd. No: 40 Kağıthane Istanbul,علم النفس,تركيا,إسطنبول,دكتوراه,التركية,متاح,#28D094,2026-2027,16500,14850,12625,1000,USD,التحضيري التركي مجاني.,0
858,18,جامعة إسطنبول أطلس,Atlas Valley Campus,Anadolu Cd. No: 40 Kağıthane Istanbul,تمريض النساء والتوليد,تركيا,إسطنبول,ماجستير مع أطروحة,التركية,متاح,#28D094,2026-2027,7415,6647,5680,1000,USD,التحضيري التركي مجاني.,0
857,18,جامعة إسطنبول أطلس,Atlas Valley Campus,Anadolu Cd. No: 40 Kağıthane Istanbul,تمريض الأمراض الجراحية,تركيا,إسطنبول,ماجستير مع أطروحة,التركية,متاح,#28D094,2026-2027,7415,6647,5680,1000,USD,التحضيري التركي مجاني.,0
856,18,جامعة إسطنبول أطلس,Atlas Valley Campus,Anadolu Cd. No: 40 Kağıthane Istanbul,تمريض الأمراض الباطنية,تركيا,إسطنبول,ماجستير مع أطروحة,التركية,متاح,#28D094,2026-2027,7415,6647,5680,1000,USD,التحضيري التركي مجاني.,0
855,18,جامعة إسطنبول أطلس,Atlas Valley Campus,Anadolu Cd. No: 40 Kağıthane Istanbul,القبالة,تركيا,إسطنبول,ماجستير بدون أطروحة,التركية,متاح,#28D094,2026-2027,5295,4766,4055,1000,USD,التحضيري التركي مجاني.,0
854,18,جامعة إسطنبول أطلس,Atlas Valley Campus,Anadolu Cd. No: 40 Kağıthane Istanbul,القبالة,تركيا,إسطنبول,ماجستير مع أطروحة,التركية,متاح,#28D094,2026-2027,7415,6647,5680,1000,USD,التحضيري التركي مجاني.,0
853,18,جامعة إسطنبول أطلس,Atlas Valley Campus,Anadolu Cd. No: 40 Kağıthane Istanbul,إعادة التأهيل المعرفي,تركيا,إسطنبول,ماجستير بدون أطروحة,التركية,متاح,#28D094,2026-2027,5295,4766,4055,1000,USD,التحضيري التركي مجاني.,0
852,18,جامعة إسطنبول أطلس,Atlas Valley Campus,Anadolu Cd. No: 40 Kağıthane Istanbul,علم وظائف الأعضاء (الطب),تركيا,إسطنبول,ماجستير مع أطروحة,التركية,متاح,#28D094,2026-2027,7415,6674,5673,1000,USD,التحضيري التركي مجاني.,0
851,18,جامعة إسطنبول أطلس,Atlas Valley Campus,Anadolu Cd. No: 40 Kağıthane Istanbul,الصيدلة الطبية,تركيا,إسطنبول,ماجستير مع أطروحة,التركية,متاح,#28D094,2026-2027,7415,6674,5673,1000,USD,التحضيري التركي مجاني.,0
850,18,جامعة إسطنبول أطلس,Atlas Valley Campus,Anadolu Cd. No: 40 Kağıthane Istanbul,علم الأحياء الدقيقة الطبية,تركيا,إسطنبول,ماجستير مع أطروحة,التركية,متاح,#28D094,2026-2027,7415,6674,5673,1000,USD,التحضيري التركي مجاني.,0
849,18,جامعة إسطنبول أطلس,Atlas Valley Campus,Anadolu Cd. No: 40 Kağıthane Istanbul,الكيمياء الحيوية الطبية,تركيا,إسطنبول,ماجستير مع أطروحة,التركية,متاح,#28D094,2026-2027,7415,6674,5673,1000,USD,التحضيري التركي مجاني.,0
848,18,جامعة إسطنبول أطلس,Atlas Valley Campus,Anadolu Cd. No: 40 Kağıthane Istanbul,علم الأنسجة والأجنة,تركيا,إسطنبول,ماجستير مع أطروحة,التركية,متاح,#28D094,2026-2027,7415,6674,5673,1000,USD,التحضيري التركي مجاني.,0
847,18,جامعة إسطنبول أطلس,Atlas Valley Campus,Anadolu Cd. No: 40 Kağıthane Istanbul,علم التشريح,تركيا,إسطنبول,ماجستير مع أطروحة,التركية,متاح,#28D094,2026-2027,7415,6674,5673,1000,USD,التحضيري التركي مجاني.,0
846,18,جامعة إسطنبول أطلس,Atlas Valley Campus,Anadolu Cd. No: 40 Kağıthane Istanbul,العلاج الوظيفي,تركيا,إسطنبول,ماجستير مع أطروحة,التركية,متاح,#28D094,2026-2027,7415,6674,5673,1000,USD,التحضيري التركي مجاني.,0
845,18,جامعة إسطنبول أطلس,Atlas Valley Campus,Anadolu Cd. No: 40 Kağıthane Istanbul,العلاج الطبيعي والتأهيل,تركيا,إسطنبول,ماجستير مع أطروحة,التركية,متاح,#28D094,2026-2027,7415,6674,5673,1000,USD,التحضيري التركي مجاني.,0
844,18,جامعة إسطنبول أطلس,Atlas Valley Campus,Anadolu Cd. No: 40 Kağıthane Istanbul,علاج النطق واللغة,تركيا,إسطنبول,ماجستير مع أطروحة,التركية,متاح,#28D094,2026-2027,15000,13500,11480,1000,USD,التحضيري التركي مجاني.,0
843,18,جامعة إسطنبول أطلس,Atlas Valley Campus,Anadolu Cd. No: 40 Kağıthane Istanbul,التغذية وعلم الحمية,تركيا,إسطنبول,ماجستير بدون أطروحة,التركية,متاح,#28D094,2026-2027,5295,4766,4055,1000,USD,التحضيري التركي مجاني.,0
842,18,جامعة إسطنبول أطلس,Atlas Valley Campus,Anadolu Cd. No: 40 Kağıthane Istanbul,التغذية وعلم الحمية,تركيا,إسطنبول,ماجستير مع أطروحة,التركية,متاح,#28D094,2026-2027,7415,6674,5673,1000,USD,التحضيري التركي مجاني.,0
841,18,جامعة إسطنبول أطلس,Atlas Valley Campus,Anadolu Cd. No: 40 Kağıthane Istanbul,علم الأعصاب,تركيا,إسطنبول,ماجستير بدون أطروحة,التركية,متاح,#28D094,2026-2027,5295,4766,4055,1000,USD,التحضيري التركي مجاني.,0
840,18,جامعة إسطنبول أطلس,Atlas Valley Campus,Anadolu Cd. No: 40 Kağıthane Istanbul,علم الأعصاب,تركيا,إسطنبول,ماجستير مع أطروحة,التركية,متاح,#28D094,2026-2027,7415,6674,5673,1000,USD,التحضيري التركي مجاني.,0
839,18,جامعة إسطنبول أطلس,Atlas Valley Campus,Anadolu Cd. No: 40 Kağıthane Istanbul,علم النفس,تركيا,إسطنبول,ماجستير مع أطروحة,التركية,متاح,#28D094,2026-2027,8500,7650,6505,1000,USD,التحضيري التركي مجاني.,0
838,18,جامعة إسطنبول أطلس,Atlas Valley Campus,Anadolu Cd. No: 40 Kağıthane Istanbul,علم النفس العيادي,تركيا,إسطنبول,ماجستير بدون أطروحة,التركية,متاح,#28D094,2026-2027,18000,16200,13770,1000,USD,التحضيري التركي مجاني.,0
837,18,جامعة إسطنبول أطلس,Atlas Valley Campus,Anadolu Cd. No: 40 Kağıthane Istanbul,علم النفس العيادي,تركيا,إسطنبول,ماجستير مع أطروحة,التركية,متاح,#28D094,2026-2027,20000,18000,15300,1000,USD,التحضيري التركي مجاني.,0
836,18,جامعة إسطنبول أطلس,Atlas Valley Campus,Anadolu Cd. No: 40 Kağıthane Istanbul,الأحياء الطبية وعلم الوراثة,تركيا,إسطنبول,ماجستير مع أطروحة,التركية,متاح,#28D094,2026-2027,7415,6674,5673,1000,USD,التحضيري التركي مجاني.,0
835,18,جامعة إسطنبول أطلس,Atlas Valley Campus,Anadolu Cd. No: 40 Kağıthane Istanbul,البيولوجيا الجزيئية وعلم الوراثة,تركيا,إسطنبول,ماجستير مع أطروحة,الإنجليزية,متاح,#28D094,2026-2027,7415,6674,5673,1000,USD,رسوم التحضيري الإنجليزي لبرامج الماجستير والدكتوراه 3000 USD ويجب دفعها سنويا.,3000
834,18,جامعة إسطنبول أطلس,Atlas Valley Campus,Anadolu Cd. No: 40 Kağıthane Istanbul,إدارة الأعمال,تركيا,إسطنبول,ماجستير بدون أطروحة,التركية,متاح,#28D094,2026-2027,4000,3600,3060,1000,USD,التحضيري التركي مجاني.,0
833,18,جامعة إسطنبول أطلس,Atlas Valley Campus,Anadolu Cd. No: 40 Kağıthane Istanbul,إدارة الأعمال,تركيا,إسطنبول,ماجستير مع أطروحة,التركية,متاح,#28D094,2026-2027,5000,4500,3825,1000,USD,التحضيري التركي مجاني.,0
832,18,جامعة إسطنبول أطلس,Atlas Valley Campus,Anadolu Cd. No: 40 Kağıthane Istanbul,إدارة الأعمال,تركيا,إسطنبول,ماجستير بدون أطروحة,الإنجليزية,متاح,#28D094,2026-2027,4500,4050,3443,1000,USD,رسوم التحضيري الإنجليزي لبرامج الماجستير والدكتوراه 3000 USD ويجب دفعها سنويا.,3000
831,18,جامعة إسطنبول أطلس,Atlas Valley Campus,Anadolu Cd. No: 40 Kağıthane Istanbul,إدارة الأعمال,تركيا,إسطنبول,ماجستير مع أطروحة,الإنجليزية,متاح,#28D094,2026-2027,5550,4995,4246,1000,USD,رسوم التحضيري الإنجليزي لبرامج الماجستير والدكتوراه 3000 USD ويجب دفعها سنويا.,3000
830,18,جامعة إسطنبول أطلس,Atlas Valley Campus,Anadolu Cd. No: 40 Kağıthane Istanbul,إدارة التقنيات والابتكار,تركيا,إسطنبول,ماجستير بدون أطروحة,التركية,متاح,#28D094,2026-2027,5295,4766,4055,1000,USD,التحضيري التركي مجاني.,0
829,18,جامعة إسطنبول أطلس,Atlas Valley Campus,Anadolu Cd. No: 40 Kağıthane Istanbul,الهندسة الصناعية,تركيا,إسطنبول,ماجستير مع أطروحة,التركية,متاح,#28D094,2026-2027,7415,6674,5673,1000,USD,التحضيري التركي مجاني.,0
828,18,جامعة إسطنبول أطلس,Atlas Valley Campus,Anadolu Cd. No: 40 Kağıthane Istanbul,الهندسة الكهربائية والإلكترونية,تركيا,إسطنبول,ماجستير مع أطروحة,الإنجليزية,متاح,#28D094,2026-2027,7415,6674,5673,1000,USD,رسوم التحضيري الإنجليزي لبرامج الماجستير والدكتوراه 3000 USD ويجب دفعها سنويا.,3000
827,18,جامعة إسطنبول أطلس,Atlas Valley Campus,Anadolu Cd. No: 40 Kağıthane Istanbul,تكنولوجيا المعلومات,تركيا,إسطنبول,ماجستير مع أطروحة,التركية,متاح,#28D094,2026-2027,7415,6647,5680,1000,USD,التحضيري التركي مجاني.,0
826,18,جامعة إسطنبول أطلس,Atlas Valley Campus,Anadolu Cd. No: 40 Kağıthane Istanbul,تكنولوجيا المعلومات,تركيا,إسطنبول,ماجستير مع أطروحة,الإنجليزية,متاح,#28D094,2026-2027,7415,6647,5680,1000,USD,رسوم التحضيري الإنجليزي لبرامج الماجستير والدكتوراه 3000 USD ويجب دفعها سنويا.,3000
825,18,جامعة إسطنبول أطلس,Atlas Valley Campus,Anadolu Cd. No: 40 Kağıthane Istanbul,الهندسة الطبية الحيوية,تركيا,إسطنبول,ماجستير مع أطروحة,الإنجليزية,متاح,#28D094,2026-2027,5550,4995,4246,1000,USD,رسوم التحضيري الإنجليزي لبرامج الماجستير والدكتوراه 3000 USD ويجب دفعها سنويا.,3000
824,18,جامعة إسطنبول أطلس,Atlas Valley Campus,Anadolu Cd. No: 40 Kağıthane Istanbul,هندسة الكمبيوتر,تركيا,إسطنبول,ماجستير مع أطروحة,التركية,متاح,#28D094,2026-2027,7415,6674,5673,1000,USD,التحضيري التركي مجاني.,0
823,18,جامعة إسطنبول أطلس,Atlas Valley Campus,Anadolu Cd. No: 40 Kağıthane Istanbul,هندسة الكمبيوتر,تركيا,إسطنبول,ماجستير مع أطروحة,الإنجليزية,متاح,#28D094,2026-2027,7415,6674,5673,1000,USD,رسوم التحضيري الإنجليزي لبرامج الماجستير والدكتوراه 3000 USD ويجب دفعها سنويا.,3000
822,18,جامعة إسطنبول أطلس,Atlas Valley Campus,Anadolu Cd. No: 40 Kağıthane Istanbul,الذكاء الاصطناعي والأنظمة الذكية,تركيا,إسطنبول,ماجستير مع أطروحة,الإنجليزية,متاح,#28D094,2026-2027,5550,4995,4246,1000,USD,رسوم التحضيري الإنجليزي لبرامج الماجستير والدكتوراه 3000 USD ويجب دفعها سنويا.,3000
821,18,جامعة إسطنبول أطلس,Atlas Valley Campus,Anadolu Cd. No: 40 Kağıthane Istanbul,فني الصحة البيئية وإدارة المخاطر البيئية,تركيا,إسطنبول,دبلوم,التركية,متاح,#28D094,2026-2027,2900,2610,2220,1000,USD,التحضيري التركي مجاني.,0
820,18,جامعة إسطنبول أطلس,Atlas Valley Campus,Anadolu Cd. No: 40 Kağıthane Istanbul,فني المباني الخضراء والبيئية,تركيا,إسطنبول,دبلوم,التركية,متاح,#28D094,2026-2027,2900,2610,2220,1000,USD,التحضيري التركي مجاني.,0
819,18,جامعة إسطنبول أطلس,Atlas Valley Campus,Anadolu Cd. No: 40 Kağıthane Istanbul,التصميم الداخلي,تركيا,إسطنبول,دبلوم,التركية,متاح,#28D094,2026-2027,2900,2610,2220,1000,USD,التحضيري التركي مجاني.,0
818,18,جامعة إسطنبول أطلس,Atlas Valley Campus,Anadolu Cd. No: 40 Kağıthane Istanbul,اللوجستية,تركيا,إسطنبول,دبلوم,التركية,متاح,#28D094,2026-2027,2900,2610,2220,1000,USD,التحضيري التركي مجاني.,0
817,18,جامعة إسطنبول أطلس,Atlas Valley Campus,Anadolu Cd. No: 40 Kağıthane Istanbul,الترويج والتسويق الطبي,تركيا,إسطنبول,دبلوم,التركية,متاح,#28D094,2026-2027,2900,2610,2220,1000,USD,التحضيري التركي مجاني.,0
816,18,جامعة إسطنبول أطلس,Atlas Valley Campus,Anadolu Cd. No: 40 Kağıthane Istanbul,خدمات رعاية المسنين,تركيا,إسطنبول,دبلوم,التركية,متاح,#28D094,2026-2027,2900,2610,2220,1000,USD,التحضيري التركي مجاني.,0
815,18,جامعة إسطنبول أطلس,Atlas Valley Campus,Anadolu Cd. No: 40 Kağıthane Istanbul,الإسعافات الأولية والطوارئ,تركيا,إسطنبول,دبلوم,التركية,متاح,#28D094,2026-2027,2900,2610,2220,1000,USD,التحضيري التركي مجاني.,0
814,18,جامعة إسطنبول أطلس,Atlas Valley Campus,Anadolu Cd. No: 40 Kağıthane Istanbul,تكنولوجيا الصحة عن بعد,تركيا,إسطنبول,دبلوم,التركية,متاح,#28D094,2026-2027,2900,2610,2220,1000,USD,التحضيري التركي مجاني.,0
813,18,جامعة إسطنبول أطلس,Atlas Valley Campus,Anadolu Cd. No: 40 Kağıthane Istanbul,غسيل الكلى,تركيا,إسطنبول,دبلوم,التركية,متاح,#28D094,2026-2027,2900,2610,2220,1000,USD,التحضيري التركي مجاني.,0
812,18,جامعة إسطنبول أطلس,Atlas Valley Campus,Anadolu Cd. No: 40 Kağıthane Istanbul,خدمات الجراحة,تركيا,إسطنبول,دبلوم,التركية,متاح,#28D094,2026-2027,2900,2610,2220,1000,USD,التحضيري التركي مجاني.,0
811,18,جامعة إسطنبول أطلس,Atlas Valley Campus,Anadolu Cd. No: 40 Kağıthane Istanbul,البصريات,تركيا,إسطنبول,دبلوم,التركية,متاح,#28D094,2026-2027,2900,2610,2220,1000,USD,التحضيري التركي مجاني.,0
810,18,جامعة إسطنبول أطلس,Atlas Valley Campus,Anadolu Cd. No: 40 Kağıthane Istanbul,العلاج الطبيعي,تركيا,إسطنبول,دبلوم,التركية,متاح,#28D094,2026-2027,2900,2610,2220,1000,USD,التحضيري التركي مجاني.,0
809,18,جامعة إسطنبول أطلس,Atlas Valley Campus,Anadolu Cd. No: 40 Kağıthane Istanbul,تقنيات المختبرات الطبية,تركيا,إسطنبول,دبلوم,التركية,متاح,#28D094,2026-2027,2900,2610,2220,1000,USD,التحضيري التركي مجاني.,0
808,18,جامعة إسطنبول أطلس,Atlas Valley Campus,Anadolu Cd. No: 40 Kağıthane Istanbul,تقنيات التصوير الطبي,تركيا,إسطنبول,دبلوم,التركية,متاح,#28D094,2026-2027,2900,2610,2220,1000,USD,التحضيري التركي مجاني.,0
807,18,جامعة إسطنبول أطلس,Atlas Valley Campus,Anadolu Cd. No: 40 Kağıthane Istanbul,التخدير,تركيا,إسطنبول,دبلوم,التركية,متاح,#28D094,2026-2027,2900,2610,2220,1000,USD,التحضيري التركي مجاني.,0
806,18,جامعة إسطنبول أطلس,Atlas Valley Campus,Anadolu Cd. No: 40 Kağıthane Istanbul,صحة الفم والأسنان,تركيا,إسطنبول,دبلوم,التركية,متاح,#28D094,2026-2027,2900,2610,2220,1000,USD,التحضيري التركي مجاني.,0
805,18,جامعة إسطنبول أطلس,Atlas Valley Campus,Anadolu Cd. No: 40 Kağıthane Istanbul,تقنية التعويضات السنية,تركيا,إسطنبول,دبلوم,التركية,متاح,#28D094,2026-2027,2900,2610,2220,1000,USD,التحضيري التركي مجاني.,0
804,18,جامعة إسطنبول أطلس,Atlas Valley Campus,Anadolu Cd. No: 40 Kağıthane Istanbul,تقنية أمن المعلومات,تركيا,إسطنبول,دبلوم,التركية,متاح,#28D094,2026-2027,2900,2610,2220,1000,USD,التحضيري التركي مجاني.,0
803,18,جامعة إسطنبول أطلس,Atlas Valley Campus,Anadolu Cd. No: 40 Kağıthane Istanbul,التصميم الجرافيكي,تركيا,إسطنبول,دبلوم,التركية,متاح,#28D094,2026-2027,2900,2610,2220,1000,USD,التحضيري التركي مجاني.,0
802,18,جامعة إسطنبول أطلس,Atlas Valley Campus,Anadolu Cd. No: 40 Kağıthane Istanbul,التجارة الإلكترونية والتسويق,تركيا,إسطنبول,دبلوم,التركية,متاح,#28D094,2026-2027,2900,2610,2220,1000,USD,التحضيري التركي مجاني.,0
801,18,جامعة إسطنبول أطلس,Atlas Valley Campus,Anadolu Cd. No: 40 Kağıthane Istanbul,برمجة الكمبيوتر,تركيا,إسطنبول,دبلوم,التركية,متاح,#28D094,2026-2027,2900,2610,2220,1000,USD,التحضيري التركي مجاني.,0
800,18,جامعة إسطنبول أطلس,Atlas Valley Campus,Anadolu Cd. No: 40 Kağıthane Istanbul,التصميم الصناعي,تركيا,إسطنبول,بكالوريوس,التركية,متاح,#28D094,2026-2027,4660,4194,3565,1000,USD,التحضيري التركي مجاني.,0
799,18,جامعة إسطنبول أطلس,Atlas Valley Campus,Anadolu Cd. No: 40 Kağıthane Istanbul,تصميم الألعاب الرقمية,تركيا,إسطنبول,بكالوريوس,التركية,متاح,#28D094,2026-2027,4660,4194,3565,1000,USD,التحضيري التركي مجاني.,0
798,18,جامعة إسطنبول أطلس,Atlas Valley Campus,Anadolu Cd. No: 40 Kağıthane Istanbul,تصميم الاتصالات المرئية,تركيا,إسطنبول,بكالوريوس,التركية,متاح,#28D094,2026-2027,4660,4194,3565,1000,USD,التحضيري التركي مجاني.,0
797,18,جامعة إسطنبول أطلس,Atlas Valley Campus,Anadolu Cd. No: 40 Kağıthane Istanbul,الهندسة المعمارية الداخلية والتصميم البيئي,تركيا,إسطنبول,بكالوريوس,التركية,متاح,#28D094,2026-2027,5000,4500,3825,1000,USD,التحضيري التركي مجاني.,0
796,18,جامعة إسطنبول أطلس,Atlas Valley Campus,Anadolu Cd. No: 40 Kağıthane Istanbul,الترجمة التحريرية والشفهية (الإنجليزية),تركيا,إسطنبول,بكالوريوس,التركية والإنجليزية,متاح,#28D094,2026-2027,4660,4194,3565,1000,USD,رسوم التحضيري الإنجليزي تساوي رسوم البرنامج، ويمكن دفعها على قسطين لبرامج البكالوريوس.,4660
795,18,جامعة إسطنبول أطلس,Atlas Valley Campus,Anadolu Cd. No: 40 Kağıthane Istanbul,اللغة الإنجليزية وآدابها,تركيا,إسطنبول,بكالوريوس,الإنجليزية,متاح,#28D094,2026-2027,4660,4194,3565,1000,USD,رسوم التحضيري الإنجليزي تساوي رسوم البرنامج، ويمكن دفعها على قسطين لبرامج البكالوريوس.,4660
794,18,جامعة إسطنبول أطلس,Atlas Valley Campus,Anadolu Cd. No: 40 Kağıthane Istanbul,نظم المعلومات الإدارية,تركيا,إسطنبول,بكالوريوس,الإنجليزية,متاح,#28D094,2026-2027,5510,4959,4220,1000,USD,رسوم التحضيري الإنجليزي تساوي رسوم البرنامج، ويمكن دفعها على قسطين لبرامج البكالوريوس.,5510
793,18,جامعة إسطنبول أطلس,Atlas Valley Campus,Anadolu Cd. No: 40 Kağıthane Istanbul,التجارة الدولية والتمويل,تركيا,إسطنبول,بكالوريوس,الإنجليزية,متاح,#28D094,2026-2027,5510,4959,4220,1000,USD,رسوم التحضيري الإنجليزي تساوي رسوم البرنامج، ويمكن دفعها على قسطين لبرامج البكالوريوس.,5510
792,18,جامعة إسطنبول أطلس,Atlas Valley Campus,Anadolu Cd. No: 40 Kağıthane Istanbul,علم النفس,تركيا,إسطنبول,بكالوريوس,التركية,متاح,#28D094,2026-2027,4765,4289,3645,1000,USD,التحضيري التركي مجاني.,0
791,18,جامعة إسطنبول أطلس,Atlas Valley Campus,Anadolu Cd. No: 40 Kağıthane Istanbul,علم النفس,تركيا,إسطنبول,بكالوريوس,الإنجليزية,متاح,#28D094,2026-2027,5510,4959,4220,1000,USD,رسوم التحضيري الإنجليزي تساوي رسوم البرنامج، ويمكن دفعها على قسطين لبرامج البكالوريوس.,5510
790,18,جامعة إسطنبول أطلس,Atlas Valley Campus,Anadolu Cd. No: 40 Kağıthane Istanbul,إدارة الأعمال,تركيا,إسطنبول,بكالوريوس,التركية,متاح,#28D094,2026-2027,4765,4289,3645,1000,USD,التحضيري التركي مجاني.,0
789,18,جامعة إسطنبول أطلس,Atlas Valley Campus,Anadolu Cd. No: 40 Kağıthane Istanbul,إدارة الأعمال,تركيا,إسطنبول,بكالوريوس,الإنجليزية,متاح,#28D094,2026-2027,5510,4959,4220,1000,USD,رسوم التحضيري الإنجليزي تساوي رسوم البرنامج، ويمكن دفعها على قسطين لبرامج البكالوريوس.,5510
788,18,جامعة إسطنبول أطلس,Atlas Valley Campus,Anadolu Cd. No: 40 Kağıthane Istanbul,البيولوجيا الجزيئية وعلم الوراثة,تركيا,إسطنبول,بكالوريوس,الإنجليزية,متاح,#28D094,2026-2027,5550,4995,4250,1000,USD,رسوم التحضيري الإنجليزي تساوي رسوم البرنامج، ويمكن دفعها على قسطين لبرامج البكالوريوس.,5550
787,18,جامعة إسطنبول أطلس,Atlas Valley Campus,Anadolu Cd. No: 40 Kağıthane Istanbul,الهندسة الكهربائية والإلكترونية,تركيا,إسطنبول,بكالوريوس,الإنجليزية,متاح,#28D094,2026-2027,5550,4995,4250,1000,USD,رسوم التحضيري الإنجليزي تساوي رسوم البرنامج، ويمكن دفعها على قسطين لبرامج البكالوريوس.,5550
786,18,جامعة إسطنبول أطلس,Atlas Valley Campus,Anadolu Cd. No: 40 Kağıthane Istanbul,الهندسة الصناعية,تركيا,إسطنبول,بكالوريوس,الإنجليزية,متاح,#28D094,2026-2027,5550,4995,4250,1000,USD,رسوم التحضيري الإنجليزي تساوي رسوم البرنامج، ويمكن دفعها على قسطين لبرامج البكالوريوس.,5550
785,18,جامعة إسطنبول أطلس,Atlas Valley Campus,Anadolu Cd. No: 40 Kağıthane Istanbul,الهندسة الطبية الحيوية,تركيا,إسطنبول,بكالوريوس,الإنجليزية,متاح,#28D094,2026-2027,6300,5670,4820,1000,USD,رسوم التحضيري الإنجليزي تساوي رسوم البرنامج، ويمكن دفعها على قسطين لبرامج البكالوريوس.,6300
784,18,جامعة إسطنبول أطلس,Atlas Valley Campus,Anadolu Cd. No: 40 Kağıthane Istanbul,علم البيانات والتحليلات,تركيا,إسطنبول,بكالوريوس,الإنجليزية,متاح,#28D094,2026-2027,6300,5670,4820,1000,USD,رسوم التحضيري الإنجليزي تساوي رسوم البرنامج، ويمكن دفعها على قسطين لبرامج البكالوريوس.,6300
783,18,جامعة إسطنبول أطلس,Atlas Valley Campus,Anadolu Cd. No: 40 Kağıthane Istanbul,هندسة البرمجيات,تركيا,إسطنبول,بكالوريوس,الإنجليزية,متاح,#28D094,2026-2027,6300,5670,4820,1000,USD,رسوم التحضيري الإنجليزي تساوي رسوم البرنامج، ويمكن دفعها على قسطين لبرامج البكالوريوس.,6300
782,18,جامعة إسطنبول أطلس,Atlas Valley Campus,Anadolu Cd. No: 40 Kağıthane Istanbul,هندسة الكمبيوتر,تركيا,إسطنبول,بكالوريوس,التركية,متاح,#28D094,2026-2027,5550,4995,4250,1000,USD,التحضيري التركي مجاني.,0
781,18,جامعة إسطنبول أطلس,Atlas Valley Campus,Anadolu Cd. No: 40 Kağıthane Istanbul,هندسة الكمبيوتر,تركيا,إسطنبول,بكالوريوس,الإنجليزية,متاح,#28D094,2026-2027,6300,5670,4820,1000,USD,رسوم التحضيري الإنجليزي تساوي رسوم البرنامج، ويمكن دفعها على قسطين لبرامج البكالوريوس.,6300
780,18,جامعة إسطنبول أطلس,Atlas Valley Campus,Anadolu Cd. No: 40 Kağıthane Istanbul,العلاج الوظيفي,تركيا,إسطنبول,بكالوريوس,التركية,متاح,#28D094,2026-2027,4500,4050,3445,1000,USD,التحضيري التركي مجاني.,0
779,18,جامعة إسطنبول أطلس,Atlas Valley Campus,Anadolu Cd. No: 40 Kağıthane Istanbul,علاج النطق واللغة,تركيا,إسطنبول,بكالوريوس,التركية,متاح,#28D094,2026-2027,4500,4050,3445,1000,USD,التحضيري التركي مجاني.,0
778,18,جامعة إسطنبول أطلس,Atlas Valley Campus,Anadolu Cd. No: 40 Kağıthane Istanbul,التغذية وعلم الحمية,تركيا,إسطنبول,بكالوريوس,التركية,متاح,#28D094,2026-2027,4500,4050,3445,1000,USD,التحضيري التركي مجاني.,0
777,18,جامعة إسطنبول أطلس,Atlas Valley Campus,Anadolu Cd. No: 40 Kağıthane Istanbul,القبالة,تركيا,إسطنبول,بكالوريوس,التركية,متاح,#28D094,2026-2027,4500,4050,3445,1000,USD,التحضيري التركي مجاني.,0
776,18,جامعة إسطنبول أطلس,Atlas Valley Campus,Anadolu Cd. No: 40 Kağıthane Istanbul,العلاج الطبيعي والتأهيل,تركيا,إسطنبول,بكالوريوس,التركية,متاح,#28D094,2026-2027,5200,4680,3980,1000,USD,التحضيري التركي مجاني.,0
775,18,جامعة إسطنبول أطلس,Atlas Valley Campus,Anadolu Cd. No: 40 Kağıthane Istanbul,العلاج الطبيعي والتأهيل,تركيا,إسطنبول,بكالوريوس,الإنجليزية,متاح,#28D094,2026-2027,5900,5310,4515,1000,USD,رسوم التحضيري الإنجليزي تساوي رسوم البرنامج، ويمكن دفعها على قسطين لبرامج البكالوريوس.,5900
774,18,جامعة إسطنبول أطلس,Atlas Valley Campus,Anadolu Cd. No: 40 Kağıthane Istanbul,تمريض,تركيا,إسطنبول,بكالوريوس,التركية,متاح,#28D094,2026-2027,5200,4680,3980,1000,USD,التحضيري التركي مجاني.,0
773,18,جامعة إسطنبول أطلس,Atlas Valley Campus,Anadolu Cd. No: 40 Kağıthane Istanbul,تمريض,تركيا,إسطنبول,بكالوريوس,الإنجليزية,متاح,#28D094,2026-2027,5900,5310,4515,1000,USD,رسوم التحضيري الإنجليزي تساوي رسوم البرنامج، ويمكن دفعها على قسطين لبرامج البكالوريوس.,5900
772,18,جامعة إسطنبول أطلس,Atlas Valley Campus,Anadolu Cd. No: 40 Kağıthane Istanbul,طب الأسنان,تركيا,إسطنبول,بكالوريوس,التركية,متاح,#28D094,2026-2027,18530,16677,14175,5000,USD,التحضيري التركي مجاني.,0
771,18,جامعة إسطنبول أطلس,Atlas Valley Campus,Anadolu Cd. No: 40 Kağıthane Istanbul,طب الأسنان,تركيا,إسطنبول,بكالوريوس,الإنجليزية,متاح,#28D094,2026-2027,23560,21204,18025,5000,USD,رسوم التحضيري الإنجليزي للطب وطب الأسنان 6000 USD.,6000
770,18,جامعة إسطنبول أطلس,Atlas Valley Campus,Anadolu Cd. No: 40 Kağıthane Istanbul,الطب البشري,تركيا,إسطنبول,بكالوريوس,التركية,متاح,#28D094,2026-2027,20000,18000,15300,5000,USD,التحضيري التركي مجاني.,0
769,18,جامعة إسطنبول أطلس,Atlas Valley Campus,Anadolu Cd. No: 40 Kağıthane Istanbul,الطب البشري,تركيا,إسطنبول,بكالوريوس,الإنجليزية,متاح,#28D094,2026-2027,25000,22500,19125,5000,USD,رسوم التحضيري الإنجليزي للطب وطب الأسنان 6000 USD.,6000
768,20,جامعة إسطنبول كينت,Taksim Campus,"Cihangir Mahallesi, Sıraselviler Caddesi, No:71, 34433 Beyoğlu İstanbul",إدارة الأعمال,تركيا,إسطنبول,دكتوراه,التركية,متاح,#28D094,2026-2027,14000,7000,7000,3500,USD,-,1080
767,20,جامعة إسطنبول كينت,Taksim Campus,"Cihangir Mahallesi, Sıraselviler Caddesi, No:71, 34433 Beyoğlu İstanbul",فنون الطهي وفنون المطبخ,تركيا,إسطنبول,دكتوراه,التركية,متاح,#28D094,2026-2027,6000,4000,4000,2000,USD,-,1080
766,20,جامعة إسطنبول كينت,Taksim Campus,"Cihangir Mahallesi, Sıraselviler Caddesi, No:71, 34433 Beyoğlu İstanbul",طب أسنان الأطفال,تركيا,إسطنبول,دكتوراه,التركية,متاح,#28D094,2026-2027,25000,20000,20000,6250,USD,يمكن دفع رسوم دكتوراه طب الأسنان على 4 دفعات خلال 4 فصول دراسية متتالية.,1080
765,20,جامعة إسطنبول كينت,Taksim Campus,"Cihangir Mahallesi, Sıraselviler Caddesi, No:71, 34433 Beyoğlu İstanbul",تقويم الأسنان,تركيا,إسطنبول,دكتوراه,التركية,متاح,#28D094,2026-2027,25000,20000,20000,6250,USD,يمكن دفع رسوم دكتوراه طب الأسنان على 4 دفعات خلال 4 فصول دراسية متتالية.,1080
764,20,جامعة إسطنبول كينت,Taksim Campus,"Cihangir Mahallesi, Sıraselviler Caddesi, No:71, 34433 Beyoğlu İstanbul",طب الأسنان الترميمي,تركيا,إسطنبول,دكتوراه,التركية,متاح,#28D094,2026-2027,25000,20000,20000,6250,USD,يمكن دفع رسوم دكتوراه طب الأسنان على 4 دفعات خلال 4 فصول دراسية متتالية.,1080
763,20,جامعة إسطنبول كينت,Taksim Campus,"Cihangir Mahallesi, Sıraselviler Caddesi, No:71, 34433 Beyoğlu İstanbul",جراحة الفم والوجه والفكين,تركيا,إسطنبول,دكتوراه,التركية,متاح,#28D094,2026-2027,35000,29750,29750,8750,USD,يمكن دفع رسوم دكتوراه طب الأسنان على 4 دفعات خلال 4 فصول دراسية متتالية.,1080
762,20,جامعة إسطنبول كينت,Taksim Campus,"Cihangir Mahallesi, Sıraselviler Caddesi, No:71, 34433 Beyoğlu İstanbul",علم الأدوية,تركيا,إسطنبول,ماجستير مع أطروحة,التركية,متاح,#28D094,2026-2027,10000,5000,5000,5000,USD,-,1080
761,20,جامعة إسطنبول كينت,Taksim Campus,"Cihangir Mahallesi, Sıraselviler Caddesi, No:71, 34433 Beyoğlu İstanbul",علم النفس العيادي,تركيا,إسطنبول,ماجستير مع أطروحة,التركية,متاح,#28D094,2026-2027,20000,15000,15000,15000,USD,-,1080
760,20,جامعة إسطنبول كينت,Taksim Campus,"Cihangir Mahallesi, Sıraselviler Caddesi, No:71, 34433 Beyoğlu İstanbul",علم النفس العيادي,تركيا,إسطنبول,ماجستير بدون أطروحة,التركية,متاح,#28D094,2026-2027,20000,15000,15000,15000,USD,-,1080
759,20,جامعة إسطنبول كينت,Taksim Campus,"Cihangir Mahallesi, Sıraselviler Caddesi, No:71, 34433 Beyoğlu İstanbul",تمريض الصحة العامة,تركيا,إسطنبول,ماجستير مع أطروحة,التركية,متاح,#28D094,2026-2027,7000,3500,3500,1750,USD,-,1080
758,20,جامعة إسطنبول كينت,Taksim Campus,"Cihangir Mahallesi, Sıraselviler Caddesi, No:71, 34433 Beyoğlu İstanbul",دراسات الإعلام والثقافة,تركيا,إسطنبول,ماجستير مع أطروحة,التركية,متاح,#28D094,2026-2027,7000,3500,3500,1750,USD,-,1080
757,20,جامعة إسطنبول كينت,Taksim Campus,"Cihangir Mahallesi, Sıraselviler Caddesi, No:71, 34433 Beyoğlu İstanbul",دراسات الإعلام والثقافة,تركيا,إسطنبول,ماجستير بدون أطروحة,التركية,متاح,#28D094,2026-2027,5000,2500,2500,1250,USD,-,1080
756,20,جامعة إسطنبول كينت,Taksim Campus,"Cihangir Mahallesi, Sıraselviler Caddesi, No:71, 34433 Beyoğlu İstanbul",العمل الاجتماعي,تركيا,إسطنبول,ماجستير بدون أطروحة,التركية,متاح,#28D094,2026-2027,5000,2500,2500,1250,USD,-,1080
755,20,جامعة إسطنبول كينت,Taksim Campus,"Cihangir Mahallesi, Sıraselviler Caddesi, No:71, 34433 Beyoğlu İstanbul",التجارة الدولية واللوجستيات,تركيا,إسطنبول,ماجستير مع أطروحة,التركية,متاح,#28D094,2026-2027,7000,3500,3500,1750,USD,-,1080
754,20,جامعة إسطنبول كينت,Taksim Campus,"Cihangir Mahallesi, Sıraselviler Caddesi, No:71, 34433 Beyoğlu İstanbul",الأعمال والتجارة الدولية,تركيا,إسطنبول,ماجستير بدون أطروحة,الإنجليزية,متاح,#28D094,2026-2027,5000,2500,2500,1250,USD,-,2900
753,20,جامعة إسطنبول كينت,Taksim Campus,"Cihangir Mahallesi, Sıraselviler Caddesi, No:71, 34433 Beyoğlu İstanbul",العلوم السياسية والعلاقات الدولية,تركيا,إسطنبول,ماجستير بدون أطروحة,الإنجليزية,متاح,#28D094,2026-2027,5000,2500,2500,1250,USD,-,2900
752,20,جامعة إسطنبول كينت,Taksim Campus,"Cihangir Mahallesi, Sıraselviler Caddesi, No:71, 34433 Beyoğlu İstanbul",العلوم السياسية والعلاقات الدولية,تركيا,إسطنبول,ماجستير مع أطروحة,الإنجليزية,متاح,#28D094,2026-2027,7000,3500,3500,1750,USD,-,2900
751,20,جامعة إسطنبول كينت,Taksim Campus,"Cihangir Mahallesi, Sıraselviler Caddesi, No:71, 34433 Beyoğlu İstanbul",إدارة الأعمال,تركيا,إسطنبول,ماجستير مع أطروحة,التركية,متاح,#28D094,2026-2027,7000,3500,3500,1750,USD,-,1080
750,20,جامعة إسطنبول كينت,Taksim Campus,"Cihangir Mahallesi, Sıraselviler Caddesi, No:71, 34433 Beyoğlu İstanbul",الأعمال الدولية,تركيا,إسطنبول,ماجستير بدون أطروحة,التركية,متاح,#28D094,2026-2027,5000,2500,2500,1250,USD,-,1080
749,20,جامعة إسطنبول كينت,Taksim Campus,"Cihangir Mahallesi, Sıraselviler Caddesi, No:71, 34433 Beyoğlu İstanbul",التغذية وعلم الحمية,تركيا,إسطنبول,ماجستير بدون أطروحة,التركية,متاح,#28D094,2026-2027,5000,2500,2500,1250,USD,-,1080
748,20,جامعة إسطنبول كينت,Taksim Campus,"Cihangir Mahallesi, Sıraselviler Caddesi, No:71, 34433 Beyoğlu İstanbul",التغذية وعلم الحمية,تركيا,إسطنبول,ماجستير مع أطروحة,التركية,متاح,#28D094,2026-2027,7000,3500,3500,1750,USD,-,1080
747,20,جامعة إسطنبول كينت,Taksim Campus,"Cihangir Mahallesi, Sıraselviler Caddesi, No:71, 34433 Beyoğlu İstanbul",فنون الطهي وفنون المطبخ,تركيا,إسطنبول,ماجستير بدون أطروحة,التركية,متاح,#28D094,2026-2027,5000,2500,2500,1250,USD,-,1080
746,20,جامعة إسطنبول كينت,Taksim Campus,"Cihangir Mahallesi, Sıraselviler Caddesi, No:71, 34433 Beyoğlu İstanbul",فنون الطهي وفنون المطبخ,تركيا,إسطنبول,ماجستير مع أطروحة,التركية,متاح,#28D094,2026-2027,7000,3500,3500,1750,USD,-,1080
745,20,جامعة إسطنبول كينت,Taksim Campus,"Cihangir Mahallesi, Sıraselviler Caddesi, No:71, 34433 Beyoğlu İstanbul",تنمية الطفل,تركيا,إسطنبول,ماجستير مع أطروحة,التركية,متاح,#28D094,2026-2027,7000,3500,3500,1750,USD,-,1080
744,20,جامعة إسطنبول كينت,Taksim Campus,"Cihangir Mahallesi, Sıraselviler Caddesi, No:71, 34433 Beyoğlu İstanbul",إدارة الصحة,تركيا,إسطنبول,ماجستير مع أطروحة,التركية,متاح,#28D094,2026-2027,7000,3500,3500,1750,USD,-,1080
743,20,جامعة إسطنبول كينت,Taksim Campus,"Cihangir Mahallesi, Sıraselviler Caddesi, No:71, 34433 Beyoğlu İstanbul",إدارة الصحة,تركيا,إسطنبول,ماجستير بدون أطروحة,التركية,متاح,#28D094,2026-2027,5000,2500,2500,1250,USD,-,1080
742,20,جامعة إسطنبول كينت,Taksim Campus,"Cihangir Mahallesi, Sıraselviler Caddesi, No:71, 34433 Beyoğlu İstanbul",الصحة والسلامة المهنية,تركيا,إسطنبول,ماجستير بدون أطروحة,التركية,متاح,#28D094,2026-2027,5000,2500,2500,1250,USD,-,1080
741,20,جامعة إسطنبول كينت,Kağıthane Campus,"Merkez, Cendere Cd. NO:24, 34406 Kâğıthane/İstanbul",التجارة الإلكترونية والتسويق,تركيا,إسطنبول,دبلوم,التركية,متاح,#28D094,2026-2027,3200,1300,1300,1300,USD,يدفع الطالب 1800 USD لسنتين الدراسة وسنة اللغة.,1080
740,20,جامعة إسطنبول كينت,Kağıthane Campus,"Merkez, Cendere Cd. NO:24, 34406 Kâğıthane/İstanbul",تكنولوجيا مستحضرات التجميل,تركيا,إسطنبول,دبلوم,التركية,متاح,#28D094,2026-2027,3200,1300,1300,1300,USD,يدفع الطالب 1800 USD لسنتين الدراسة وسنة اللغة.,1080
739,20,جامعة إسطنبول كينت,Kağıthane Campus,"Merkez, Cendere Cd. NO:24, 34406 Kâğıthane/İstanbul",خدمات العناية بالشعر والجمال,تركيا,إسطنبول,دبلوم,التركية,متاح,#28D094,2026-2027,3200,1300,1300,1300,USD,يدفع الطالب 1800 USD لسنتين الدراسة وسنة اللغة.,1080
738,20,جامعة إسطنبول كينت,Kağıthane Campus,"Merkez, Cendere Cd. NO:24, 34406 Kâğıthane/İstanbul",برمجة الكمبيوتر,تركيا,إسطنبول,دبلوم,التركية,متاح,#28D094,2026-2027,3200,1300,1300,1300,USD,يدفع الطالب 1800 USD لسنتين الدراسة وسنة اللغة.,1080
737,20,جامعة إسطنبول كينت,Kağıthane Campus,"Merkez, Cendere Cd. NO:24, 34406 Kâğıthane/İstanbul",خدمات مكتب المحكمة,تركيا,إسطنبول,دبلوم,التركية,متاح,#28D094,2026-2027,3200,1300,1300,1300,USD,يدفع الطالب 1800 USD لسنتين الدراسة وسنة اللغة.,1080
736,20,جامعة إسطنبول كينت,Kağıthane Campus,"Merkez, Cendere Cd. NO:24, 34406 Kâğıthane/İstanbul",تقنية أمن المعلومات,تركيا,إسطنبول,دبلوم,التركية,متاح,#28D094,2026-2027,3200,1300,1300,1300,USD,يدفع الطالب 1800 USD لسنتين الدراسة وسنة اللغة.,1080
735,20,جامعة إسطنبول كينت,Kağıthane Campus,"Merkez, Cendere Cd. NO:24, 34406 Kâğıthane/İstanbul",تكنولوجيا الصحة عن بعد,تركيا,إسطنبول,دبلوم,التركية,متاح,#28D094,2026-2027,3200,1300,1300,1300,USD,يدفع الطالب 1800 USD لسنتين الدراسة وسنة اللغة.,1080
734,20,جامعة إسطنبول كينت,Kağıthane Campus,"Merkez, Cendere Cd. NO:24, 34406 Kâğıthane/İstanbul",تكنولوجيا معالجة البيانات الطبية,تركيا,إسطنبول,دبلوم,التركية,متاح,#28D094,2026-2027,3200,1300,1300,1300,USD,يدفع الطالب 1800 USD لسنتين الدراسة وسنة اللغة.,1080
733,20,جامعة إسطنبول كينت,Kağıthane Campus,"Merkez, Cendere Cd. NO:24, 34406 Kâğıthane/İstanbul",تكنولوجيا أنظمة الصحة الرقمية,تركيا,إسطنبول,دبلوم,التركية,متاح,#28D094,2026-2027,3200,1300,1300,1300,USD,يدفع الطالب 1800 USD لسنتين الدراسة وسنة اللغة.,1080
732,20,جامعة إسطنبول كينت,Kağıthane Campus,"Merkez, Cendere Cd. NO:24, 34406 Kâğıthane/İstanbul",خدمات رعاية المسنين,تركيا,إسطنبول,دبلوم,التركية,متاح,#28D094,2026-2027,3200,1300,1300,1300,USD,يدفع الطالب 1800 USD لسنتين الدراسة وسنة اللغة.,1080
731,20,جامعة إسطنبول كينت,Kağıthane Campus,"Merkez, Cendere Cd. NO:24, 34406 Kâğıthane/İstanbul",تقنية التعويضات السنية,تركيا,إسطنبول,دبلوم,التركية,متاح,#28D094,2026-2027,3200,1300,1300,1300,USD,يدفع الطالب 1800 USD لسنتين الدراسة وسنة اللغة.,1080
730,20,جامعة إسطنبول كينت,Kağıthane Campus,"Merkez, Cendere Cd. NO:24, 34406 Kâğıthane/İstanbul",تقنيات المختبرات الطبية,تركيا,إسطنبول,دبلوم,التركية,متاح,#28D094,2026-2027,3200,1300,1300,1300,USD,يدفع الطالب 1800 USD لسنتين الدراسة وسنة اللغة.,1080
729,20,جامعة إسطنبول كينت,Kağıthane Campus,"Merkez, Cendere Cd. NO:24, 34406 Kâğıthane/İstanbul",تقنيات مختبر علم الأمراض,تركيا,إسطنبول,دبلوم,التركية,متاح,#28D094,2026-2027,3200,1300,1300,1300,USD,يدفع الطالب 1800 USD لسنتين الدراسة وسنة اللغة.,1080
728,20,جامعة إسطنبول كينت,Kağıthane Campus,"Merkez, Cendere Cd. NO:24, 34406 Kâğıthane/İstanbul",خدمات الصيدلية,تركيا,إسطنبول,دبلوم,التركية,متاح,#28D094,2026-2027,3200,1300,1300,1300,USD,يدفع الطالب 1800 USD لسنتين الدراسة وسنة اللغة.,1080
727,20,جامعة إسطنبول كينت,Kağıthane Campus,"Merkez, Cendere Cd. NO:24, 34406 Kâğıthane/İstanbul",تقنيات التصوير الطبي,تركيا,إسطنبول,دبلوم,التركية,متاح,#28D094,2026-2027,3200,1300,1300,1300,USD,يدفع الطالب 1800 USD لسنتين الدراسة وسنة اللغة.,1080
726,20,جامعة إسطنبول كينت,Kağıthane Campus,"Merkez, Cendere Cd. NO:24, 34406 Kâğıthane/İstanbul",التوثيق الطبي والسكرتارية,تركيا,إسطنبول,دبلوم,التركية,متاح,#28D094,2026-2027,3200,1300,1300,1300,USD,يدفع الطالب 1800 USD لسنتين الدراسة وسنة اللغة.,1080
725,20,جامعة إسطنبول كينت,Kağıthane Campus,"Merkez, Cendere Cd. NO:24, 34406 Kâğıthane/İstanbul",التخدير,تركيا,إسطنبول,دبلوم,التركية,متاح,#28D094,2026-2027,3200,1300,1300,1300,USD,يدفع الطالب 1800 USD لسنتين الدراسة وسنة اللغة.,1080
724,20,جامعة إسطنبول كينت,Kağıthane Campus,"Merkez, Cendere Cd. NO:24, 34406 Kâğıthane/İstanbul",الإسعافات الأولية والطوارئ,تركيا,إسطنبول,دبلوم,التركية,متاح,#28D094,2026-2027,3200,1300,1300,1300,USD,يدفع الطالب 1800 USD لسنتين الدراسة وسنة اللغة.,1080
723,20,جامعة إسطنبول كينت,Kağıthane Campus,"Merkez, Cendere Cd. NO:24, 34406 Kâğıthane/İstanbul",العلاج الطبيعي,تركيا,إسطنبول,دبلوم,التركية,متاح,#28D094,2026-2027,3200,1300,1300,1300,USD,يدفع الطالب 1800 USD لسنتين الدراسة وسنة اللغة.,1080
722,20,جامعة إسطنبول كينت,Kağıthane Campus,"Merkez, Cendere Cd. NO:24, 34406 Kâğıthane/İstanbul",صحة الفم والأسنان,تركيا,إسطنبول,دبلوم,التركية,متاح,#28D094,2026-2027,3200,1300,1300,1300,USD,يدفع الطالب 1800 USD لسنتين الدراسة وسنة اللغة.,1080
721,20,جامعة إسطنبول كينت,Kağıthane Campus,"Merkez, Cendere Cd. NO:24, 34406 Kâğıthane/İstanbul",خدمات غرفة العمليات,تركيا,إسطنبول,دبلوم,التركية,متاح,#28D094,2026-2027,3200,1300,1300,1300,USD,يدفع الطالب 1800 USD لسنتين الدراسة وسنة اللغة.,1080
720,20,جامعة إسطنبول كينت,Kağıthane Campus,"Merkez, Cendere Cd. NO:24, 34406 Kâğıthane/İstanbul",تنمية الطفل,تركيا,إسطنبول,دبلوم,التركية,متاح,#28D094,2026-2027,3200,1300,1300,1300,USD,يدفع الطالب 1800 USD لسنتين الدراسة وسنة اللغة.,1080
719,20,جامعة إسطنبول كينت,Kağıthane Campus,"Merkez, Cendere Cd. NO:24, 34406 Kâğıthane/İstanbul",علاج النطق واللغة,تركيا,إسطنبول,بكالوريوس,التركية,متاح,#28D094,2026-2027,4400,2200,2200,1100,USD,-,1080
718,20,جامعة إسطنبول كينت,Kağıthane Campus,"Merkez, Cendere Cd. NO:24, 34406 Kâğıthane/İstanbul",القبالة,تركيا,إسطنبول,بكالوريوس,التركية,متاح,#28D094,2026-2027,4400,2200,2200,1100,USD,-,1080
717,20,جامعة إسطنبول كينت,Kağıthane Campus,"Merkez, Cendere Cd. NO:24, 34406 Kâğıthane/İstanbul",تمريض,تركيا,إسطنبول,بكالوريوس,الإنجليزية,متاح,#28D094,2026-2027,5800,2900,2900,1450,USD,-,2900
716,20,جامعة إسطنبول كينت,Kağıthane Campus,"Merkez, Cendere Cd. NO:24, 34406 Kâğıthane/İstanbul",تمريض,تركيا,إسطنبول,بكالوريوس,التركية,متاح,#28D094,2026-2027,4400,2200,2200,1100,USD,-,1080
715,20,جامعة إسطنبول كينت,Kağıthane Campus,"Merkez, Cendere Cd. NO:24, 34406 Kâğıthane/İstanbul",العلاج الطبيعي والتأهيل,تركيا,إسطنبول,بكالوريوس,الإنجليزية,متاح,#28D094,2026-2027,5800,2900,2900,1450,USD,-,2900
714,20,جامعة إسطنبول كينت,Kağıthane Campus,"Merkez, Cendere Cd. NO:24, 34406 Kâğıthane/İstanbul",العلاج الطبيعي والتأهيل,تركيا,إسطنبول,بكالوريوس,التركية,متاح,#28D094,2026-2027,4400,2200,2200,1100,USD,-,1080
713,20,جامعة إسطنبول كينت,Kağıthane Campus,"Merkez, Cendere Cd. NO:24, 34406 Kâğıthane/İstanbul",تنمية الطفل,تركيا,إسطنبول,بكالوريوس,التركية,متاح,#28D094,2026-2027,4400,2200,2200,1100,USD,-,1080
712,20,جامعة إسطنبول كينت,Kağıthane Campus,"Merkez, Cendere Cd. NO:24, 34406 Kâğıthane/İstanbul",التغذية وعلم الحمية,تركيا,إسطنبول,بكالوريوس,الإنجليزية,متاح,#28D094,2026-2027,5800,2900,2900,1450,USD,-,2900
711,20,جامعة إسطنبول كينت,Kağıthane Campus,"Merkez, Cendere Cd. NO:24, 34406 Kâğıthane/İstanbul",التغذية وعلم الحمية,تركيا,إسطنبول,بكالوريوس,التركية,متاح,#28D094,2026-2027,4400,2200,2200,1100,USD,-,1080
710,20,جامعة إسطنبول كينت,Kağıthane Campus,"Merkez, Cendere Cd. NO:24, 34406 Kâğıthane/İstanbul",إدارة الصحة,تركيا,إسطنبول,بكالوريوس,التركية,متاح,#28D094,2026-2027,4400,2200,2200,1100,USD,-,1080
709,20,جامعة إسطنبول كينت,Kağıthane Campus,"Merkez, Cendere Cd. NO:24, 34406 Kâğıthane/İstanbul",التجارة الدولية والأعمال,تركيا,إسطنبول,بكالوريوس,الإنجليزية,متاح,#28D094,2026-2027,5800,2900,2900,1450,USD,-,2900
708,20,جامعة إسطنبول كينت,Kağıthane Campus,"Merkez, Cendere Cd. NO:24, 34406 Kâğıthane/İstanbul",التجارة الدولية واللوجستيات,تركيا,إسطنبول,بكالوريوس,التركية,متاح,#28D094,2026-2027,4400,2200,2200,1100,USD,-,1080
707,20,جامعة إسطنبول كينت,Kağıthane Campus,"Merkez, Cendere Cd. NO:24, 34406 Kâğıthane/İstanbul",العمل الاجتماعي,تركيا,إسطنبول,بكالوريوس,التركية,متاح,#28D094,2026-2027,4400,2200,2200,1100,USD,-,1080
706,20,جامعة إسطنبول كينت,Kağıthane Campus,"Merkez, Cendere Cd. NO:24, 34406 Kâğıthane/İstanbul",العلوم السياسية والإدارة العامة,تركيا,إسطنبول,بكالوريوس,الإنجليزية,متاح,#28D094,2026-2027,5800,2900,2900,1450,USD,-,2900
705,20,جامعة إسطنبول كينت,Kağıthane Campus,"Merkez, Cendere Cd. NO:24, 34406 Kâğıthane/İstanbul",العلوم السياسية والإدارة العامة,تركيا,إسطنبول,بكالوريوس,التركية,متاح,#28D094,2026-2027,4400,2200,2200,1100,USD,-,1080
704,20,جامعة إسطنبول كينت,Kağıthane Campus,"Merkez, Cendere Cd. NO:24, 34406 Kâğıthane/İstanbul",علم النفس,تركيا,إسطنبول,بكالوريوس,الإنجليزية,متاح,#28D094,2026-2027,5800,2900,2900,1450,USD,-,2900
703,20,جامعة إسطنبول كينت,Kağıthane Campus,"Merkez, Cendere Cd. NO:24, 34406 Kâğıthane/İstanbul",علم النفس,تركيا,إسطنبول,بكالوريوس,التركية,متاح,#28D094,2026-2027,4400,2200,2200,1100,USD,-,1080
702,20,جامعة إسطنبول كينت,Kağıthane Campus,"Merkez, Cendere Cd. NO:24, 34406 Kâğıthane/İstanbul",إدارة الأعمال,تركيا,إسطنبول,بكالوريوس,الإنجليزية,متاح,#28D094,2026-2027,5800,2900,2900,1450,USD,-,2900
701,20,جامعة إسطنبول كينت,Kağıthane Campus,"Merkez, Cendere Cd. NO:24, 34406 Kâğıthane/İstanbul",إدارة الأعمال,تركيا,إسطنبول,بكالوريوس,التركية,متاح,#28D094,2026-2027,4400,2200,2200,1100,USD,-,1080
700,20,جامعة إسطنبول كينت,Kağıthane Campus,"Merkez, Cendere Cd. NO:24, 34406 Kâğıthane/İstanbul",العلاقات العامة والإعلان,تركيا,إسطنبول,بكالوريوس,التركية,متاح,#28D094,2026-2027,4400,2200,2200,1100,USD,-,1080
699,20,جامعة إسطنبول كينت,Kağıthane Campus,"Merkez, Cendere Cd. NO:24, 34406 Kâğıthane/İstanbul",العلاقات الدولية,تركيا,إسطنبول,بكالوريوس,الإنجليزية,متاح,#28D094,2026-2027,5800,2900,2900,1450,USD,-,2900
698,20,جامعة إسطنبول كينت,Kağıthane Campus,"Merkez, Cendere Cd. NO:24, 34406 Kâğıthane/İstanbul",الاقتصاد والمالية,تركيا,إسطنبول,بكالوريوس,الإنجليزية,متاح,#28D094,2026-2027,5800,2900,2900,1450,USD,-,2900
697,20,جامعة إسطنبول كينت,Kağıthane Campus,"Merkez, Cendere Cd. NO:24, 34406 Kâğıthane/İstanbul",هندسة الكمبيوتر,تركيا,إسطنبول,بكالوريوس,التركية,متاح,#28D094,2026-2027,4400,2200,2200,1100,USD,-,1080
696,20,جامعة إسطنبول كينت,Kağıthane Campus,"Merkez, Cendere Cd. NO:24, 34406 Kâğıthane/İstanbul",الهندسة الصناعية,تركيا,إسطنبول,بكالوريوس,التركية,متاح,#28D094,2026-2027,4400,2200,2200,1100,USD,-,1080
695,20,جامعة إسطنبول كينت,Kağıthane Campus,"Merkez, Cendere Cd. NO:24, 34406 Kâğıthane/İstanbul",الإذاعة والتلفزيون والسينما,تركيا,إسطنبول,بكالوريوس,التركية,متاح,#28D094,2026-2027,4400,2200,2200,1100,USD,-,1080
694,20,جامعة إسطنبول كينت,Kağıthane Campus,"Merkez, Cendere Cd. NO:24, 34406 Kâğıthane/İstanbul",التصميم الحضري وعمارة المناظر الطبيعية,تركيا,إسطنبول,بكالوريوس,التركية,متاح,#28D094,2026-2027,4400,2200,2200,1100,USD,-,1080
693,20,جامعة إسطنبول كينت,Kağıthane Campus,"Merkez, Cendere Cd. NO:24, 34406 Kâğıthane/İstanbul",تصميم الاتصالات المرئية,تركيا,إسطنبول,بكالوريوس,الإنجليزية,متاح,#28D094,2026-2027,5800,2900,2900,1450,USD,-,2900
692,20,جامعة إسطنبول كينت,Kağıthane Campus,"Merkez, Cendere Cd. NO:24, 34406 Kâğıthane/İstanbul",تصميم الألعاب الرقمية,تركيا,إسطنبول,بكالوريوس,الإنجليزية,متاح,#28D094,2026-2027,5800,2900,2900,1450,USD,-,2900
691,20,جامعة إسطنبول كينت,Kağıthane Campus,"Merkez, Cendere Cd. NO:24, 34406 Kâğıthane/İstanbul",العمارة الداخلية,تركيا,إسطنبول,بكالوريوس,التركية,متاح,#28D094,2026-2027,4400,2200,2200,1100,USD,-,1080
690,20,جامعة إسطنبول كينت,Kağıthane Campus,"Merkez, Cendere Cd. NO:24, 34406 Kâğıthane/İstanbul",فنون الطهي وفنون المطبخ,تركيا,إسطنبول,بكالوريوس,الإنجليزية,متاح,#28D094,2026-2027,5800,2900,2900,1450,USD,-,2900
689,20,جامعة إسطنبول كينت,Kağıthane Campus,"Merkez, Cendere Cd. NO:24, 34406 Kâğıthane/İstanbul",فنون الطهي وفنون المطبخ,تركيا,إسطنبول,بكالوريوس,التركية,متاح,#28D094,2026-2027,4400,2200,2200,1100,USD,-,1080
688,20,جامعة إسطنبول كينت,Kağıthane Campus,"Merkez, Cendere Cd. NO:24, 34406 Kâğıthane/İstanbul",الصيدلة,تركيا,إسطنبول,بكالوريوس,الإنجليزية,متاح,#28D094,2026-2027,18000,18000,18000,9000,USD,الرسوم تشمل جميع سنوات الدراسة بما في ذلك سنة التحضيري.,2900
687,20,جامعة إسطنبول كينت,Kağıthane Campus,"Merkez, Cendere Cd. NO:24, 34406 Kâğıthane/İstanbul",الصيدلة,تركيا,إسطنبول,بكالوريوس,التركية,متاح,#28D094,2026-2027,18000,18000,18000,9000,USD,الرسوم تشمل جميع سنوات الدراسة بما في ذلك سنة التحضيري.,1080
686,20,جامعة إسطنبول كينت,Taksim Campus,"Cihangir Mahallesi, Sıraselviler Caddesi, No:71, 34433 Beyoğlu İstanbul",طب الأسنان,تركيا,إسطنبول,بكالوريوس,الإنجليزية,متاح,#28D094,2026-2027,35000,35000,35000,17500,USD,الرسوم تشمل جميع سنوات الدراسة بما في ذلك سنة التحضيري.,2900
685,20,جامعة إسطنبول كينت,Taksim Campus,"Cihangir Mahallesi, Sıraselviler Caddesi, No:71, 34433 Beyoğlu İstanbul",طب الأسنان,تركيا,إسطنبول,بكالوريوس,التركية,متاح,#28D094,2026-2027,35000,35000,35000,17500,USD,الرسوم تشمل جميع سنوات الدراسة بما في ذلك سنة التحضيري.,1080
684,16,جامعة إشيك,Maslak Campus,"Büyükdere Caddesi, Pınar Mahallesi, No: 194-6, 34398 Sarıyer/İstanbul",العلاج الطبيعي,تركيا,إسطنبول,دبلوم,التركية,متاح,#28D094,2026-2027,1800,1800,1800,1800,USD,-,1400
683,16,جامعة إشيك,Maslak Campus,"Büyükdere Caddesi, Pınar Mahallesi, No: 194-6, 34398 Sarıyer/İstanbul",البصريات,تركيا,إسطنبول,دبلوم,التركية,متاح,#28D094,2026-2027,1400,1400,1400,1400,USD,-,1400
682,16,جامعة إشيك,Maslak Campus,"Büyükdere Caddesi, Pınar Mahallesi, No: 194-6, 34398 Sarıyer/İstanbul",خدمات غرفة العمليات,تركيا,إسطنبول,دبلوم,التركية,متاح,#28D094,2026-2027,1400,1400,1400,1400,USD,-,1400
681,16,جامعة إشيك,Maslak Campus,"Büyükdere Caddesi, Pınar Mahallesi, No: 194-6, 34398 Sarıyer/İstanbul",تقنيات المختبرات الطبية,تركيا,إسطنبول,دبلوم,التركية,متاح,#28D094,2026-2027,1400,1400,1400,1400,USD,-,1400
680,16,جامعة إشيك,Maslak Campus,"Büyükdere Caddesi, Pınar Mahallesi, No: 194-6, 34398 Sarıyer/İstanbul",تقنيات التصوير الطبي,تركيا,إسطنبول,دبلوم,التركية,متاح,#28D094,2026-2027,1400,1400,1400,1400,USD,-,1400
679,16,جامعة إشيك,Maslak Campus,"Büyükdere Caddesi, Pınar Mahallesi, No: 194-6, 34398 Sarıyer/İstanbul",التصميم الجرافيكي,تركيا,إسطنبول,دبلوم,التركية,متاح,#28D094,2026-2027,1400,1400,1400,1400,USD,-,1400
678,16,جامعة إشيك,Maslak Campus,"Büyükdere Caddesi, Pınar Mahallesi, No: 194-6, 34398 Sarıyer/İstanbul",التجارة الخارجية,تركيا,إسطنبول,دبلوم,التركية,متاح,#28D094,2026-2027,1400,1400,1400,1400,USD,-,1400
677,16,جامعة إشيك,Maslak Campus,"Büyükdere Caddesi, Pınar Mahallesi, No: 194-6, 34398 Sarıyer/İstanbul",الإسعافات الأولية والطوارئ,تركيا,إسطنبول,دبلوم,التركية,متاح,#28D094,2026-2027,1400,1400,1400,1400,USD,-,1400
676,16,جامعة إشيك,Maslak Campus,"Büyükdere Caddesi, Pınar Mahallesi, No: 194-6, 34398 Sarıyer/İstanbul",برمجة الكمبيوتر,تركيا,إسطنبول,دبلوم,التركية,متاح,#28D094,2026-2027,1400,1400,1400,1400,USD,-,1400
675,16,جامعة إشيك,Maslak Campus,"Büyükdere Caddesi, Pınar Mahallesi, No: 194-6, 34398 Sarıyer/İstanbul",التخدير,تركيا,إسطنبول,دبلوم,التركية,متاح,#28D094,2026-2027,1400,1400,1400,1400,USD,-,1400
674,16,جامعة إشيك,Şile Campus,"Meşrutiyet Mahallesi, Üniversite Sokak, No:2, 34980 Şile/İstanbul",علم النفس,تركيا,إسطنبول,بكالوريوس,التركية,متاح,#28D094,2026-2027,3240,2700,2700,3240,USD,يمكن للطالب دفع 5000 USD على 3 أقساط؛ هذا المبلغ يشمل رسوم السكن الطلابي.,1400
673,16,جامعة إشيك,Şile Campus,"Meşrutiyet Mahallesi, Üniversite Sokak, No:2, 34980 Şile/İstanbul",علم النفس,تركيا,إسطنبول,بكالوريوس,الإنجليزية,متاح,#28D094,2026-2027,3240,2700,2700,3240,USD,يمكن للطالب دفع 5000 USD على 3 أقساط؛ هذا المبلغ يشمل رسوم السكن الطلابي.,2700
672,16,جامعة إشيك,Şile Campus,"Meşrutiyet Mahallesi, Üniversite Sokak, No:2, 34980 Şile/İstanbul",نظم المعلومات الإدارية,تركيا,إسطنبول,بكالوريوس,التركية,متاح,#28D094,2026-2027,3240,2700,2700,3240,USD,يمكن للطالب دفع 5000 USD على 3 أقساط؛ هذا المبلغ يشمل رسوم السكن الطلابي.,1400
671,16,جامعة إشيك,Şile Campus,"Meşrutiyet Mahallesi, Üniversite Sokak, No:2, 34980 Şile/İstanbul",نظم المعلومات الإدارية,تركيا,إسطنبول,بكالوريوس,الإنجليزية,متاح,#28D094,2026-2027,3240,2700,2700,3240,USD,يمكن للطالب دفع 5000 USD على 3 أقساط؛ هذا المبلغ يشمل رسوم السكن الطلابي.,2700
670,16,جامعة إشيك,Şile Campus,"Meşrutiyet Mahallesi, Üniversite Sokak, No:2, 34980 Şile/İstanbul",التجارة الدولية والتمويل,تركيا,إسطنبول,بكالوريوس,الإنجليزية,متاح,#28D094,2026-2027,3240,2700,2700,3240,USD,يمكن للطالب دفع 5000 USD على 3 أقساط؛ هذا المبلغ يشمل رسوم السكن الطلابي.,2700
669,16,جامعة إشيك,Şile Campus,"Meşrutiyet Mahallesi, Üniversite Sokak, No:2, 34980 Şile/İstanbul",العلاقات الدولية,تركيا,إسطنبول,بكالوريوس,الإنجليزية,متاح,#28D094,2026-2027,3240,2700,2700,3240,USD,يمكن للطالب دفع 5000 USD على 3 أقساط؛ هذا المبلغ يشمل رسوم السكن الطلابي.,2700
668,16,جامعة إشيك,Şile Campus,"Meşrutiyet Mahallesi, Üniversite Sokak, No:2, 34980 Şile/İstanbul",الاقتصاد,تركيا,إسطنبول,بكالوريوس,الإنجليزية,متاح,#28D094,2026-2027,3240,2700,2700,3240,USD,يمكن للطالب دفع 5000 USD على 3 أقساط؛ هذا المبلغ يشمل رسوم السكن الطلابي.,2700
667,16,جامعة إشيك,Şile Campus,"Meşrutiyet Mahallesi, Üniversite Sokak, No:2, 34980 Şile/İstanbul",إدارة الأعمال,تركيا,إسطنبول,بكالوريوس,الإنجليزية,متاح,#28D094,2026-2027,3240,2700,2700,3240,USD,يمكن للطالب دفع 5000 USD على 3 أقساط؛ هذا المبلغ يشمل رسوم السكن الطلابي.,2700
666,16,جامعة إشيك,Şile Campus,"Meşrutiyet Mahallesi, Üniversite Sokak, No:2, 34980 Şile/İstanbul",تصميم الاتصالات المرئية,تركيا,إسطنبول,بكالوريوس,التركية,متاح,#28D094,2026-2027,3240,2700,2700,3240,USD,يمكن للطالب دفع 5000 USD على 3 أقساط؛ هذا المبلغ يشمل رسوم السكن الطلابي.,1400
665,16,جامعة إشيك,Şile Campus,"Meşrutiyet Mahallesi, Üniversite Sokak, No:2, 34980 Şile/İstanbul",الهندسة المعمارية الداخلية والتصميم البيئي,تركيا,إسطنبول,بكالوريوس,الإنجليزية,متاح,#28D094,2026-2027,3240,2700,2700,3240,USD,يمكن للطالب دفع 5000 USD على 3 أقساط؛ هذا المبلغ يشمل رسوم السكن الطلابي.,2700
664,16,جامعة إشيك,Şile Campus,"Meşrutiyet Mahallesi, Üniversite Sokak, No:2, 34980 Şile/İstanbul",الهندسة المعمارية الداخلية والتصميم البيئي,تركيا,إسطنبول,بكالوريوس,التركية,متاح,#28D094,2026-2027,3240,2700,2700,3240,USD,يمكن للطالب دفع 5000 USD على 3 أقساط؛ هذا المبلغ يشمل رسوم السكن الطلابي.,1400
663,16,جامعة إشيك,Şile Campus,"Meşrutiyet Mahallesi, Üniversite Sokak, No:2, 34980 Şile/İstanbul",التصميم الصناعي,تركيا,إسطنبول,بكالوريوس,التركية,متاح,#28D094,2026-2027,3240,2700,2700,3240,USD,يمكن للطالب دفع 5000 USD على 3 أقساط؛ هذا المبلغ يشمل رسوم السكن الطلابي.,1400
662,16,جامعة إشيك,Şile Campus,"Meşrutiyet Mahallesi, Üniversite Sokak, No:2, 34980 Şile/İstanbul",السينما والتلفزيون,تركيا,إسطنبول,بكالوريوس,التركية,متاح,#28D094,2026-2027,3240,2700,2700,3240,USD,يمكن للطالب دفع 5000 USD على 3 أقساط؛ هذا المبلغ يشمل رسوم السكن الطلابي.,1400
661,16,جامعة إشيك,Şile Campus,"Meşrutiyet Mahallesi, Üniversite Sokak, No:2, 34980 Şile/İstanbul",العمارة,تركيا,إسطنبول,بكالوريوس,الإنجليزية,متاح,#28D094,2026-2027,3240,2700,2700,3240,USD,يمكن للطالب دفع 5000 USD على 3 أقساط؛ هذا المبلغ يشمل رسوم السكن الطلابي.,2700
660,16,جامعة إشيك,Şile Campus,"Meşrutiyet Mahallesi, Üniversite Sokak, No:2, 34980 Şile/İstanbul",هندسة البرمجيات,تركيا,إسطنبول,بكالوريوس,الإنجليزية,متاح,#28D094,2026-2027,3240,2700,2700,3240,USD,يمكن للطالب دفع 5000 USD على 3 أقساط؛ هذا المبلغ يشمل رسوم السكن الطلابي.,2700
659,16,جامعة إشيك,Şile Campus,"Meşrutiyet Mahallesi, Üniversite Sokak, No:2, 34980 Şile/İstanbul",هندسة الميكاترونكس,تركيا,إسطنبول,بكالوريوس,الإنجليزية,متاح,#28D094,2026-2027,3240,2700,2700,3240,USD,يمكن للطالب دفع 5000 USD على 3 أقساط؛ هذا المبلغ يشمل رسوم السكن الطلابي.,2700
658,16,جامعة إشيك,Şile Campus,"Meşrutiyet Mahallesi, Üniversite Sokak, No:2, 34980 Şile/İstanbul",الهندسة الميكانيكية,تركيا,إسطنبول,بكالوريوس,الإنجليزية,متاح,#28D094,2026-2027,3240,2700,2700,3240,USD,يمكن للطالب دفع 5000 USD على 3 أقساط؛ هذا المبلغ يشمل رسوم السكن الطلابي.,2700
657,16,جامعة إشيك,Şile Campus,"Meşrutiyet Mahallesi, Üniversite Sokak, No:2, 34980 Şile/İstanbul",الهندسة الصناعية,تركيا,إسطنبول,بكالوريوس,الإنجليزية,متاح,#28D094,2026-2027,3240,2700,2700,3240,USD,يمكن للطالب دفع 5000 USD على 3 أقساط؛ هذا المبلغ يشمل رسوم السكن الطلابي.,2700
656,16,جامعة إشيك,Şile Campus,"Meşrutiyet Mahallesi, Üniversite Sokak, No:2, 34980 Şile/İstanbul",الهندسة الكهربائية والإلكترونية,تركيا,إسطنبول,بكالوريوس,الإنجليزية,متاح,#28D094,2026-2027,3240,2700,2700,3240,USD,يمكن للطالب دفع 5000 USD على 3 أقساط؛ هذا المبلغ يشمل رسوم السكن الطلابي.,2700
655,16,جامعة إشيك,Şile Campus,"Meşrutiyet Mahallesi, Üniversite Sokak, No:2, 34980 Şile/İstanbul",هندسة الكمبيوتر,تركيا,إسطنبول,بكالوريوس,الإنجليزية,متاح,#28D094,2026-2027,3240,2700,2700,3240,USD,يمكن للطالب دفع 5000 USD على 3 أقساط؛ هذا المبلغ يشمل رسوم السكن الطلابي.,2700
654,16,جامعة إشيك,Şile Campus,"Meşrutiyet Mahallesi, Üniversite Sokak, No:2, 34980 Şile/İstanbul",الهندسة المدنية,تركيا,إسطنبول,بكالوريوس,الإنجليزية,متاح,#28D094,2026-2027,3240,2700,2700,3240,USD,يمكن للطالب دفع 5000 USD على 3 أقساط؛ هذا المبلغ يشمل رسوم السكن الطلابي.,2700
653,16,جامعة إشيك,Şile Campus,"Meşrutiyet Mahallesi, Üniversite Sokak, No:2, 34980 Şile/İstanbul",الهندسة الطبية الحيوية,تركيا,إسطنبول,بكالوريوس,الإنجليزية,متاح,#28D094,2026-2027,3240,2700,2700,3240,USD,يمكن للطالب دفع 5000 USD على 3 أقساط؛ هذا المبلغ يشمل رسوم السكن الطلابي.,2700
652,13,جامعة إسطنبول جيليشيم,Avcılar Campus,Cihangir Mah. Şehit Jandarma Komando Er Hakan Öner Sk. No:1 Avcılar/İstanbul,علوم التمرين والتدريب,تركيا,إسطنبول,دكتوراه,التركية,متاح,#28D094,2026-2027,6000,6000,6000,2500,USD,-,2000
651,13,جامعة إسطنبول جيليشيم,Avcılar Campus,Cihangir Mah. Şehit Jandarma Komando Er Hakan Öner Sk. No:1 Avcılar/İstanbul,الإدارة الرياضية,تركيا,إسطنبول,دكتوراه,التركية,متاح,#28D094,2026-2027,6000,6000,6000,2500,USD,-,2000
650,13,جامعة إسطنبول جيليشيم,Avcılar Campus,Cihangir Mah. Şehit Jandarma Komando Er Hakan Öner Sk. No:1 Avcılar/İstanbul,فن الطهو,تركيا,إسطنبول,دكتوراه,التركية,متاح,#28D094,2026-2027,6000,6000,6000,2500,USD,-,2000
649,13,جامعة إسطنبول جيليشيم,Avcılar Campus,Cihangir Mah. Şehit Jandarma Komando Er Hakan Öner Sk. No:1 Avcılar/İstanbul,هندسة الطائرات,تركيا,إسطنبول,دكتوراه,التركية,متاح,#28D094,2026-2027,6000,6000,6000,2500,USD,-,2000
648,13,جامعة إسطنبول جيليشيم,Avcılar Campus,Cihangir Mah. Şehit Jandarma Komando Er Hakan Öner Sk. No:1 Avcılar/İstanbul,الهندسة المدنية,تركيا,إسطنبول,دكتوراه,التركية,متاح,#28D094,2026-2027,6000,6000,6000,2500,USD,-,2000
647,13,جامعة إسطنبول جيليشيم,Avcılar Campus,Cihangir Mah. Şehit Jandarma Komando Er Hakan Öner Sk. No:1 Avcılar/İstanbul,الهندسة المدنية,تركيا,إسطنبول,دكتوراه,الإنجليزية,متاح,#28D094,2026-2027,8000,8000,8000,2500,USD,-,4500
646,13,جامعة إسطنبول جيليشيم,Avcılar Campus,Cihangir Mah. Şehit Jandarma Komando Er Hakan Öner Sk. No:1 Avcılar/İstanbul,العلوم السياسية والعلاقات الدولية,تركيا,إسطنبول,دكتوراه,التركية,متاح,#28D094,2026-2027,6000,6000,6000,2500,USD,-,2000
645,13,جامعة إسطنبول جيليشيم,Avcılar Campus,Cihangir Mah. Şehit Jandarma Komando Er Hakan Öner Sk. No:1 Avcılar/İstanbul,الاقتصاد والمالية,تركيا,إسطنبول,دكتوراه,التركية,متاح,#28D094,2026-2027,6000,6000,6000,2500,USD,-,2000
644,13,جامعة إسطنبول جيليشيم,Avcılar Campus,Cihangir Mah. Şehit Jandarma Komando Er Hakan Öner Sk. No:1 Avcılar/İstanbul,الاقتصاد والمالية,تركيا,إسطنبول,دكتوراه,الإنجليزية,متاح,#28D094,2026-2027,8000,8000,8000,2500,USD,-,4500
643,13,جامعة إسطنبول جيليشيم,Avcılar Campus,Cihangir Mah. Şehit Jandarma Komando Er Hakan Öner Sk. No:1 Avcılar/İstanbul,إدارة الأعمال,تركيا,إسطنبول,دكتوراه,التركية,متاح,#28D094,2026-2027,6000,6000,6000,2500,USD,-,2000
642,13,جامعة إسطنبول جيليشيم,Avcılar Campus,Cihangir Mah. Şehit Jandarma Komando Er Hakan Öner Sk. No:1 Avcılar/İstanbul,إدارة الأعمال,تركيا,إسطنبول,دكتوراه,الإنجليزية,متاح,#28D094,2026-2027,8000,8000,8000,2500,USD,-,4500
641,13,جامعة إسطنبول جيليشيم,Avcılar Campus,Cihangir Mah. Şehit Jandarma Komando Er Hakan Öner Sk. No:1 Avcılar/İstanbul,علوم التمرين والتدريب,تركيا,إسطنبول,ماجستير بدون أطروحة,التركية,متاح,#28D094,2026-2027,4500,4500,4500,2250,USD,-,2000
640,13,جامعة إسطنبول جيليشيم,Avcılar Campus,Cihangir Mah. Şehit Jandarma Komando Er Hakan Öner Sk. No:1 Avcılar/İstanbul,علوم التمرين والتدريب,تركيا,إسطنبول,ماجستير مع أطروحة,التركية,متاح,#28D094,2026-2027,5000,5000,5000,2500,USD,-,2000
639,13,جامعة إسطنبول جيليشيم,Avcılar Campus,Cihangir Mah. Şehit Jandarma Komando Er Hakan Öner Sk. No:1 Avcılar/İstanbul,الإدارة الرياضية,تركيا,إسطنبول,ماجستير بدون أطروحة,التركية,متاح,#28D094,2026-2027,4500,4500,4500,2250,USD,-,2000
638,13,جامعة إسطنبول جيليشيم,Avcılar Campus,Cihangir Mah. Şehit Jandarma Komando Er Hakan Öner Sk. No:1 Avcılar/İstanbul,الإدارة الرياضية,تركيا,إسطنبول,ماجستير مع أطروحة,التركية,متاح,#28D094,2026-2027,5000,5000,5000,2500,USD,-,2000
637,13,جامعة إسطنبول جيليشيم,Avcılar Campus,Cihangir Mah. Şehit Jandarma Komando Er Hakan Öner Sk. No:1 Avcılar/İstanbul,المجالات النفسية والاجتماعية في الرياضة,تركيا,إسطنبول,ماجستير بدون أطروحة,التركية,متاح,#28D094,2026-2027,4500,4500,4500,2250,USD,-,2000
636,13,جامعة إسطنبول جيليشيم,Avcılar Campus,Cihangir Mah. Şehit Jandarma Komando Er Hakan Öner Sk. No:1 Avcılar/İstanbul,المجالات النفسية والاجتماعية في الرياضة,تركيا,إسطنبول,ماجستير مع أطروحة,التركية,متاح,#28D094,2026-2027,5000,5000,5000,2500,USD,-,2000
635,13,جامعة إسطنبول جيليشيم,Avcılar Campus,Cihangir Mah. Şehit Jandarma Komando Er Hakan Öner Sk. No:1 Avcılar/İstanbul,علم نفس الإدمان,تركيا,إسطنبول,ماجستير مع أطروحة,التركية,متاح,#28D094,2026-2027,9000,9000,9000,4500,USD,-,2000
634,13,جامعة إسطنبول جيليشيم,Avcılar Campus,Cihangir Mah. Şehit Jandarma Komando Er Hakan Öner Sk. No:1 Avcılar/İstanbul,علم النفس العيادي,تركيا,إسطنبول,ماجستير بدون أطروحة,التركية,متاح,#28D094,2026-2027,60000,60000,60000,30000,USD,-,2000
633,13,جامعة إسطنبول جيليشيم,Avcılar Campus,Cihangir Mah. Şehit Jandarma Komando Er Hakan Öner Sk. No:1 Avcılar/İstanbul,علم النفس العيادي,تركيا,إسطنبول,ماجستير مع أطروحة,التركية,متاح,#28D094,2026-2027,70000,70000,70000,35000,USD,-,2000
632,13,جامعة إسطنبول جيليشيم,Avcılar Campus,Cihangir Mah. Şehit Jandarma Komando Er Hakan Öner Sk. No:1 Avcılar/İstanbul,علم النفس,تركيا,إسطنبول,ماجستير بدون أطروحة,التركية,متاح,#28D094,2026-2027,8000,8000,8000,4000,USD,-,2000
631,13,جامعة إسطنبول جيليشيم,Avcılar Campus,Cihangir Mah. Şehit Jandarma Komando Er Hakan Öner Sk. No:1 Avcılar/İstanbul,علم النفس,تركيا,إسطنبول,ماجستير مع أطروحة,التركية,متاح,#28D094,2026-2027,10000,10000,10000,5000,USD,-,2000
630,13,جامعة إسطنبول جيليشيم,Avcılar Campus,Cihangir Mah. Şehit Jandarma Komando Er Hakan Öner Sk. No:1 Avcılar/İstanbul,علم السمع,تركيا,إسطنبول,ماجستير مع أطروحة,التركية,متاح,#28D094,2026-2027,5000,5000,5000,2500,USD,-,2000
629,13,جامعة إسطنبول جيليشيم,Avcılar Campus,Cihangir Mah. Şehit Jandarma Komando Er Hakan Öner Sk. No:1 Avcılar/İstanbul,إدارة الرعاية الصحية,تركيا,إسطنبول,ماجستير بدون أطروحة,التركية,متاح,#28D094,2026-2027,4500,4500,4500,2250,USD,-,2000
628,13,جامعة إسطنبول جيليشيم,Avcılar Campus,Cihangir Mah. Şehit Jandarma Komando Er Hakan Öner Sk. No:1 Avcılar/İstanbul,إدارة الرعاية الصحية,تركيا,إسطنبول,ماجستير مع أطروحة,التركية,متاح,#28D094,2026-2027,5000,5000,5000,2500,USD,-,2000
627,13,جامعة إسطنبول جيليشيم,Avcılar Campus,Cihangir Mah. Şehit Jandarma Komando Er Hakan Öner Sk. No:1 Avcılar/İstanbul,الصحة والسلامة المهنية,تركيا,إسطنبول,ماجستير بدون أطروحة,التركية,متاح,#28D094,2026-2027,4500,4500,4500,2250,USD,-,2000
626,13,جامعة إسطنبول جيليشيم,Avcılar Campus,Cihangir Mah. Şehit Jandarma Komando Er Hakan Öner Sk. No:1 Avcılar/İstanbul,الصحة والسلامة المهنية (تعليم عن بعد),تركيا,إسطنبول,ماجستير بدون أطروحة,التركية,متاح,#28D094,2026-2027,4500,4500,4500,2250,USD,-,2000
625,13,جامعة إسطنبول جيليشيم,Avcılar Campus,Cihangir Mah. Şehit Jandarma Komando Er Hakan Öner Sk. No:1 Avcılar/İstanbul,الصحة والسلامة المهنية,تركيا,إسطنبول,ماجستير مع أطروحة,التركية,متاح,#28D094,2026-2027,5000,5000,5000,2500,USD,-,2000
624,13,جامعة إسطنبول جيليشيم,Avcılar Campus,Cihangir Mah. Şehit Jandarma Komando Er Hakan Öner Sk. No:1 Avcılar/İstanbul,الإعلام الجديد والاتصال والصحافة,تركيا,إسطنبول,ماجستير مع أطروحة,التركية,متاح,#28D094,2026-2027,5000,5000,5000,2500,USD,-,2000
623,13,جامعة إسطنبول جيليشيم,Avcılar Campus,Cihangir Mah. Şehit Jandarma Komando Er Hakan Öner Sk. No:1 Avcılar/İstanbul,اللوجستيات والنقل الدولي,تركيا,إسطنبول,ماجستير بدون أطروحة,التركية,متاح,#28D094,2026-2027,4500,4500,4500,2250,USD,-,2000
622,13,جامعة إسطنبول جيليشيم,Avcılar Campus,Cihangir Mah. Şehit Jandarma Komando Er Hakan Öner Sk. No:1 Avcılar/İstanbul,دراسات الأمن,تركيا,إسطنبول,ماجستير مع أطروحة,التركية,متاح,#28D094,2026-2027,5000,5000,5000,2500,USD,-,2000
621,13,جامعة إسطنبول جيليشيم,Avcılar Campus,Cihangir Mah. Şehit Jandarma Komando Er Hakan Öner Sk. No:1 Avcılar/İstanbul,تدريب الإرشاد السياحي,تركيا,إسطنبول,ماجستير بدون أطروحة,التركية,متاح,#28D094,2026-2027,5000,5000,5000,2500,USD,-,2000
620,13,جامعة إسطنبول جيليشيم,Avcılar Campus,Cihangir Mah. Şehit Jandarma Komando Er Hakan Öner Sk. No:1 Avcılar/İstanbul,العلاقات العامة والدعاية,تركيا,إسطنبول,ماجستير بدون أطروحة,التركية,متاح,#28D094,2026-2027,4500,4500,4500,2250,USD,-,2000
619,13,جامعة إسطنبول جيليشيم,Avcılar Campus,Cihangir Mah. Şehit Jandarma Komando Er Hakan Öner Sk. No:1 Avcılar/İstanbul,العلاقات العامة والدعاية,تركيا,إسطنبول,ماجستير مع أطروحة,التركية,متاح,#28D094,2026-2027,5000,5000,5000,2500,USD,-,2000
618,13,جامعة إسطنبول جيليشيم,Avcılar Campus,Cihangir Mah. Şehit Jandarma Komando Er Hakan Öner Sk. No:1 Avcılar/İstanbul,التجارة الدولية واللوجستيات,تركيا,إسطنبول,ماجستير بدون أطروحة,التركية,متاح,#28D094,2026-2027,4500,4500,4500,2250,USD,-,2000
617,13,جامعة إسطنبول جيليشيم,Avcılar Campus,Cihangir Mah. Şehit Jandarma Komando Er Hakan Öner Sk. No:1 Avcılar/İstanbul,التجارة الدولية واللوجستيات,تركيا,إسطنبول,ماجستير مع أطروحة,التركية,متاح,#28D094,2026-2027,5000,5000,5000,2500,USD,-,2000
616,13,جامعة إسطنبول جيليشيم,Avcılar Campus,Cihangir Mah. Şehit Jandarma Komando Er Hakan Öner Sk. No:1 Avcılar/İstanbul,اللغة التركية وآدابها,تركيا,إسطنبول,ماجستير بدون أطروحة,التركية,متاح,#28D094,2026-2027,4500,4500,4500,2250,USD,-,2000
615,13,جامعة إسطنبول جيليشيم,Avcılar Campus,Cihangir Mah. Şehit Jandarma Komando Er Hakan Öner Sk. No:1 Avcılar/İstanbul,اللغة التركية وآدابها,تركيا,إسطنبول,ماجستير مع أطروحة,التركية,متاح,#28D094,2026-2027,5000,5000,5000,2500,USD,-,2000
614,13,جامعة إسطنبول جيليشيم,Avcılar Campus,Cihangir Mah. Şehit Jandarma Komando Er Hakan Öner Sk. No:1 Avcılar/İstanbul,علم الاجتماع,تركيا,إسطنبول,ماجستير بدون أطروحة,التركية,متاح,#28D094,2026-2027,4500,4500,4500,2250,USD,-,2000
613,13,جامعة إسطنبول جيليشيم,Avcılar Campus,Cihangir Mah. Şehit Jandarma Komando Er Hakan Öner Sk. No:1 Avcılar/İstanbul,علم الاجتماع,تركيا,إسطنبول,ماجستير مع أطروحة,التركية,متاح,#28D094,2026-2027,5000,5000,5000,2500,USD,-,2000
612,13,جامعة إسطنبول جيليشيم,Avcılar Campus,Cihangir Mah. Şehit Jandarma Komando Er Hakan Öner Sk. No:1 Avcılar/İstanbul,العلوم الحاسوبية,تركيا,إسطنبول,ماجستير بدون أطروحة,التركية,متاح,#28D094,2026-2027,4500,4500,4500,2250,USD,-,2000
611,13,جامعة إسطنبول جيليشيم,Avcılar Campus,Cihangir Mah. Şehit Jandarma Komando Er Hakan Öner Sk. No:1 Avcılar/İstanbul,العلوم الحاسوبية,تركيا,إسطنبول,ماجستير مع أطروحة,التركية,متاح,#28D094,2026-2027,5000,5000,5000,2500,USD,-,2000
610,13,جامعة إسطنبول جيليشيم,Avcılar Campus,Cihangir Mah. Şehit Jandarma Komando Er Hakan Öner Sk. No:1 Avcılar/İstanbul,تصميم الاتصالات المرئية,تركيا,إسطنبول,ماجستير بدون أطروحة,التركية,متاح,#28D094,2026-2027,4500,4500,4500,2250,USD,-,2000
609,13,جامعة إسطنبول جيليشيم,Avcılar Campus,Cihangir Mah. Şehit Jandarma Komando Er Hakan Öner Sk. No:1 Avcılar/İstanbul,تصميم الاتصالات المرئية,تركيا,إسطنبول,ماجستير مع أطروحة,التركية,متاح,#28D094,2026-2027,5000,5000,5000,2500,USD,-,2000
608,13,جامعة إسطنبول جيليشيم,Avcılar Campus,Cihangir Mah. Şehit Jandarma Komando Er Hakan Öner Sk. No:1 Avcılar/İstanbul,فن الطهو,تركيا,إسطنبول,ماجستير بدون أطروحة,التركية,متاح,#28D094,2026-2027,4500,4500,4500,2250,USD,-,2000
607,13,جامعة إسطنبول جيليشيم,Avcılar Campus,Cihangir Mah. Şehit Jandarma Komando Er Hakan Öner Sk. No:1 Avcılar/İstanbul,فن الطهو,تركيا,إسطنبول,ماجستير مع أطروحة,التركية,متاح,#28D094,2026-2027,5000,5000,5000,2500,USD,-,2000
606,13,جامعة إسطنبول جيليشيم,Avcılar Campus,Cihangir Mah. Şehit Jandarma Komando Er Hakan Öner Sk. No:1 Avcılar/İstanbul,تنمية الطفل,تركيا,إسطنبول,ماجستير بدون أطروحة,التركية,متاح,#28D094,2026-2027,4500,4500,4500,2250,USD,-,2000
605,13,جامعة إسطنبول جيليشيم,Avcılar Campus,Cihangir Mah. Şehit Jandarma Komando Er Hakan Öner Sk. No:1 Avcılar/İstanbul,تنمية الطفل,تركيا,إسطنبول,ماجستير مع أطروحة,التركية,متاح,#28D094,2026-2027,5000,5000,5000,2500,USD,-,2000
604,13,جامعة إسطنبول جيليشيم,Avcılar Campus,Cihangir Mah. Şehit Jandarma Komando Er Hakan Öner Sk. No:1 Avcılar/İstanbul,العلاج الطبيعي والتأهيل,تركيا,إسطنبول,ماجستير بدون أطروحة,التركية,متاح,#28D094,2026-2027,4500,4500,4500,2250,USD,-,2000
603,13,جامعة إسطنبول جيليشيم,Avcılar Campus,Cihangir Mah. Şehit Jandarma Komando Er Hakan Öner Sk. No:1 Avcılar/İstanbul,العلاج الطبيعي والتأهيل,تركيا,إسطنبول,ماجستير مع أطروحة,التركية,متاح,#28D094,2026-2027,5000,5000,5000,2500,USD,-,2000
602,13,جامعة إسطنبول جيليشيم,Avcılar Campus,Cihangir Mah. Şehit Jandarma Komando Er Hakan Öner Sk. No:1 Avcılar/İstanbul,التغذية وعلم الحمية,تركيا,إسطنبول,ماجستير بدون أطروحة,التركية,متاح,#28D094,2026-2027,4500,4500,4500,2250,USD,-,2000
601,13,جامعة إسطنبول جيليشيم,Avcılar Campus,Cihangir Mah. Şehit Jandarma Komando Er Hakan Öner Sk. No:1 Avcılar/İstanbul,التغذية وعلم الحمية,تركيا,إسطنبول,ماجستير مع أطروحة,التركية,متاح,#28D094,2026-2027,5000,5000,5000,2500,USD,-,2000
600,13,جامعة إسطنبول جيليشيم,Avcılar Campus,Cihangir Mah. Şehit Jandarma Komando Er Hakan Öner Sk. No:1 Avcılar/İstanbul,هندسة الميكاترونكس,تركيا,إسطنبول,ماجستير مع أطروحة,التركية,متاح,#28D094,2026-2027,5000,5000,5000,2500,USD,-,2000
599,13,جامعة إسطنبول جيليشيم,Avcılar Campus,Cihangir Mah. Şehit Jandarma Komando Er Hakan Öner Sk. No:1 Avcılar/İstanbul,الهندسة الكهربائية والإلكترونية,تركيا,إسطنبول,ماجستير بدون أطروحة,التركية,متاح,#28D094,2026-2027,4500,4500,4500,2250,USD,-,2000
598,13,جامعة إسطنبول جيليشيم,Avcılar Campus,Cihangir Mah. Şehit Jandarma Komando Er Hakan Öner Sk. No:1 Avcılar/İstanbul,الهندسة الكهربائية والإلكترونية,تركيا,إسطنبول,ماجستير مع أطروحة,التركية,متاح,#28D094,2026-2027,5000,5000,5000,2500,USD,-,2000
597,13,جامعة إسطنبول جيليشيم,Avcılar Campus,Cihangir Mah. Şehit Jandarma Komando Er Hakan Öner Sk. No:1 Avcılar/İstanbul,الهندسة الكهربائية والإلكترونية,تركيا,إسطنبول,ماجستير مع أطروحة,الإنجليزية,متاح,#28D094,2026-2027,6500,6500,6500,3250,USD,-,4500
596,13,جامعة إسطنبول جيليشيم,Avcılar Campus,Cihangir Mah. Şehit Jandarma Komando Er Hakan Öner Sk. No:1 Avcılar/İstanbul,الهندسة المدنية,تركيا,إسطنبول,ماجستير بدون أطروحة,التركية,متاح,#28D094,2026-2027,4500,4500,4500,2250,USD,-,2000
595,13,جامعة إسطنبول جيليشيم,Avcılar Campus,Cihangir Mah. Şehit Jandarma Komando Er Hakan Öner Sk. No:1 Avcılar/İstanbul,الهندسة المدنية,تركيا,إسطنبول,ماجستير مع أطروحة,التركية,متاح,#28D094,2026-2027,5000,5000,5000,2500,USD,-,2000
594,13,جامعة إسطنبول جيليشيم,Avcılar Campus,Cihangir Mah. Şehit Jandarma Komando Er Hakan Öner Sk. No:1 Avcılar/İstanbul,الهندسة المدنية,تركيا,إسطنبول,ماجستير بدون أطروحة,الإنجليزية,متاح,#28D094,2026-2027,5000,5000,5000,2500,USD,-,4500
593,13,جامعة إسطنبول جيليشيم,Avcılar Campus,Cihangir Mah. Şehit Jandarma Komando Er Hakan Öner Sk. No:1 Avcılar/İstanbul,الهندسة المدنية,تركيا,إسطنبول,ماجستير مع أطروحة,الإنجليزية,متاح,#28D094,2026-2027,6500,6500,6500,3250,USD,-,4500
592,13,جامعة إسطنبول جيليشيم,Avcılar Campus,Cihangir Mah. Şehit Jandarma Komando Er Hakan Öner Sk. No:1 Avcılar/İstanbul,هندسة الكمبيوتر,تركيا,إسطنبول,ماجستير بدون أطروحة,التركية,متاح,#28D094,2026-2027,4500,4500,4500,2250,USD,-,2000
591,13,جامعة إسطنبول جيليشيم,Avcılar Campus,Cihangir Mah. Şehit Jandarma Komando Er Hakan Öner Sk. No:1 Avcılar/İstanbul,هندسة الكمبيوتر,تركيا,إسطنبول,ماجستير مع أطروحة,التركية,متاح,#28D094,2026-2027,5500,5500,5500,2750,USD,-,2000
590,13,جامعة إسطنبول جيليشيم,Avcılar Campus,Cihangir Mah. Şehit Jandarma Komando Er Hakan Öner Sk. No:1 Avcılar/İstanbul,هندسة الكمبيوتر,تركيا,إسطنبول,ماجستير بدون أطروحة,الإنجليزية,متاح,#28D094,2026-2027,5500,5500,5500,2750,USD,-,4500
589,13,جامعة إسطنبول جيليشيم,Avcılar Campus,Cihangir Mah. Şehit Jandarma Komando Er Hakan Öner Sk. No:1 Avcılar/İstanbul,هندسة الكمبيوتر,تركيا,إسطنبول,ماجستير مع أطروحة,الإنجليزية,متاح,#28D094,2026-2027,6500,6500,6500,3250,USD,-,4500
588,13,جامعة إسطنبول جيليشيم,Avcılar Campus,Cihangir Mah. Şehit Jandarma Komando Er Hakan Öner Sk. No:1 Avcılar/İstanbul,العمارة,تركيا,إسطنبول,ماجستير بدون أطروحة,التركية,متاح,#28D094,2026-2027,4500,4500,4500,2250,USD,-,2000
587,13,جامعة إسطنبول جيليشيم,Avcılar Campus,Cihangir Mah. Şehit Jandarma Komando Er Hakan Öner Sk. No:1 Avcılar/İstanbul,العمارة,تركيا,إسطنبول,ماجستير مع أطروحة,التركية,متاح,#28D094,2026-2027,5000,5000,5000,2500,USD,-,2000
586,13,جامعة إسطنبول جيليشيم,Avcılar Campus,Cihangir Mah. Şehit Jandarma Komando Er Hakan Öner Sk. No:1 Avcılar/İstanbul,العمارة,تركيا,إسطنبول,ماجستير بدون أطروحة,الإنجليزية,متاح,#28D094,2026-2027,5000,5000,5000,2500,USD,-,4500
585,13,جامعة إسطنبول جيليشيم,Avcılar Campus,Cihangir Mah. Şehit Jandarma Komando Er Hakan Öner Sk. No:1 Avcılar/İstanbul,العمارة,تركيا,إسطنبول,ماجستير مع أطروحة,الإنجليزية,متاح,#28D094,2026-2027,7000,7000,7000,3500,USD,-,4500
584,13,جامعة إسطنبول جيليشيم,Avcılar Campus,Cihangir Mah. Şehit Jandarma Komando Er Hakan Öner Sk. No:1 Avcılar/İstanbul,هندسة الطائرات,تركيا,إسطنبول,ماجستير بدون أطروحة,التركية,متاح,#28D094,2026-2027,4500,4500,4500,2250,USD,-,2000
583,13,جامعة إسطنبول جيليشيم,Avcılar Campus,Cihangir Mah. Şehit Jandarma Komando Er Hakan Öner Sk. No:1 Avcılar/İstanbul,هندسة الطائرات,تركيا,إسطنبول,ماجستير مع أطروحة,التركية,متاح,#28D094,2026-2027,5000,5000,5000,2500,USD,-,2000
582,13,جامعة إسطنبول جيليشيم,Avcılar Campus,Cihangir Mah. Şehit Jandarma Komando Er Hakan Öner Sk. No:1 Avcılar/İstanbul,هندسة الطائرات,تركيا,إسطنبول,ماجستير بدون أطروحة,الإنجليزية,متاح,#28D094,2026-2027,6000,6000,6000,3000,USD,-,4500
581,13,جامعة إسطنبول جيليشيم,Avcılar Campus,Cihangir Mah. Şehit Jandarma Komando Er Hakan Öner Sk. No:1 Avcılar/İstanbul,هندسة الطائرات,تركيا,إسطنبول,ماجستير مع أطروحة,الإنجليزية,متاح,#28D094,2026-2027,7000,7000,7000,3500,USD,-,4500
580,13,جامعة إسطنبول جيليشيم,Avcılar Campus,Cihangir Mah. Şehit Jandarma Komando Er Hakan Öner Sk. No:1 Avcılar/İstanbul,الإدارة الهندسية,تركيا,إسطنبول,ماجستير بدون أطروحة,التركية,متاح,#28D094,2026-2027,4500,4500,4500,2250,USD,-,2000
579,13,جامعة إسطنبول جيليشيم,Avcılar Campus,Cihangir Mah. Şehit Jandarma Komando Er Hakan Öner Sk. No:1 Avcılar/İstanbul,الإدارة الهندسية,تركيا,إسطنبول,ماجستير مع أطروحة,التركية,متاح,#28D094,2026-2027,5000,5000,5000,2500,USD,-,2000
578,13,جامعة إسطنبول جيليشيم,Avcılar Campus,Cihangir Mah. Şehit Jandarma Komando Er Hakan Öner Sk. No:1 Avcılar/İstanbul,إدارة الطيران,تركيا,إسطنبول,ماجستير بدون أطروحة,التركية,متاح,#28D094,2026-2027,4500,4500,4500,2250,USD,-,2000
577,13,جامعة إسطنبول جيليشيم,Avcılar Campus,Cihangir Mah. Şehit Jandarma Komando Er Hakan Öner Sk. No:1 Avcılar/İstanbul,إدارة الطيران,تركيا,إسطنبول,ماجستير مع أطروحة,التركية,متاح,#28D094,2026-2027,5000,5000,5000,2500,USD,-,2000
576,13,جامعة إسطنبول جيليشيم,Avcılar Campus,Cihangir Mah. Şehit Jandarma Komando Er Hakan Öner Sk. No:1 Avcılar/İstanbul,العلوم السياسية والإدارة العامة,تركيا,إسطنبول,ماجستير مع أطروحة,التركية,متاح,#28D094,2026-2027,5000,5000,5000,2500,USD,-,2000
575,13,جامعة إسطنبول جيليشيم,Avcılar Campus,Cihangir Mah. Şehit Jandarma Komando Er Hakan Öner Sk. No:1 Avcılar/İstanbul,العلوم السياسية والإدارة العامة,تركيا,إسطنبول,ماجستير بدون أطروحة,الإنجليزية,متاح,#28D094,2026-2027,5000,5000,5000,2500,USD,-,4500
574,13,جامعة إسطنبول جيليشيم,Avcılar Campus,Cihangir Mah. Şehit Jandarma Komando Er Hakan Öner Sk. No:1 Avcılar/İstanbul,العلوم السياسية والإدارة العامة,تركيا,إسطنبول,ماجستير مع أطروحة,الإنجليزية,متاح,#28D094,2026-2027,6000,6000,6000,3000,USD,-,4500
573,13,جامعة إسطنبول جيليشيم,Avcılar Campus,Cihangir Mah. Şehit Jandarma Komando Er Hakan Öner Sk. No:1 Avcılar/İstanbul,العلوم السياسية والعلاقات الدولية,تركيا,إسطنبول,ماجستير بدون أطروحة,التركية,متاح,#28D094,2026-2027,4500,4500,4500,2250,USD,-,2000
572,13,جامعة إسطنبول جيليشيم,Avcılar Campus,Cihangir Mah. Şehit Jandarma Komando Er Hakan Öner Sk. No:1 Avcılar/İstanbul,العلوم السياسية والعلاقات الدولية,تركيا,إسطنبول,ماجستير مع أطروحة,التركية,متاح,#28D094,2026-2027,5000,5000,5000,2500,USD,-,2000
571,13,جامعة إسطنبول جيليشيم,Avcılar Campus,Cihangir Mah. Şehit Jandarma Komando Er Hakan Öner Sk. No:1 Avcılar/İstanbul,العلوم السياسية والعلاقات الدولية,تركيا,إسطنبول,ماجستير بدون أطروحة,الإنجليزية,متاح,#28D094,2026-2027,5500,5500,5500,2750,USD,-,4500
570,13,جامعة إسطنبول جيليشيم,Avcılar Campus,Cihangir Mah. Şehit Jandarma Komando Er Hakan Öner Sk. No:1 Avcılar/İstanbul,العلوم السياسية والعلاقات الدولية,تركيا,إسطنبول,ماجستير مع أطروحة,الإنجليزية,متاح,#28D094,2026-2027,6500,6500,6500,3250,USD,-,4500
569,13,جامعة إسطنبول جيليشيم,Avcılar Campus,Cihangir Mah. Şehit Jandarma Komando Er Hakan Öner Sk. No:1 Avcılar/İstanbul,الاقتصاد والمالية,تركيا,إسطنبول,ماجستير بدون أطروحة,التركية,متاح,#28D094,2026-2027,4500,4500,4500,2250,USD,-,2000
568,13,جامعة إسطنبول جيليشيم,Avcılar Campus,Cihangir Mah. Şehit Jandarma Komando Er Hakan Öner Sk. No:1 Avcılar/İstanbul,الاقتصاد والمالية,تركيا,إسطنبول,ماجستير مع أطروحة,التركية,متاح,#28D094,2026-2027,5000,5000,5000,2500,USD,-,2000
567,13,جامعة إسطنبول جيليشيم,Avcılar Campus,Cihangir Mah. Şehit Jandarma Komando Er Hakan Öner Sk. No:1 Avcılar/İstanbul,الاقتصاد والمالية,تركيا,إسطنبول,ماجستير بدون أطروحة,الإنجليزية,متاح,#28D094,2026-2027,5000,5000,5000,2500,USD,-,4500
566,13,جامعة إسطنبول جيليشيم,Avcılar Campus,Cihangir Mah. Şehit Jandarma Komando Er Hakan Öner Sk. No:1 Avcılar/İstanbul,الاقتصاد والمالية,تركيا,إسطنبول,ماجستير مع أطروحة,الإنجليزية,متاح,#28D094,2026-2027,6000,6000,6000,3000,USD,-,4500
565,13,جامعة إسطنبول جيليشيم,Avcılar Campus,Cihangir Mah. Şehit Jandarma Komando Er Hakan Öner Sk. No:1 Avcılar/İstanbul,إدارة الأعمال (تعليم عن بعد),تركيا,إسطنبول,ماجستير بدون أطروحة,التركية,متاح,#28D094,2026-2027,4500,4500,4500,2250,USD,-,2000
564,13,جامعة إسطنبول جيليشيم,Avcılar Campus,Cihangir Mah. Şehit Jandarma Komando Er Hakan Öner Sk. No:1 Avcılar/İstanbul,إدارة الأعمال (تعليم عن بعد),تركيا,إسطنبول,ماجستير بدون أطروحة,الإنجليزية,متاح,#28D094,2026-2027,5500,5500,5500,2750,USD,-,4500
563,13,جامعة إسطنبول جيليشيم,Avcılar Campus,Cihangir Mah. Şehit Jandarma Komando Er Hakan Öner Sk. No:1 Avcılar/İstanbul,إدارة الأعمال,تركيا,إسطنبول,ماجستير بدون أطروحة,التركية,متاح,#28D094,2026-2027,4500,4500,4500,2250,USD,-,2000
562,13,جامعة إسطنبول جيليشيم,Avcılar Campus,Cihangir Mah. Şehit Jandarma Komando Er Hakan Öner Sk. No:1 Avcılar/İstanbul,إدارة الأعمال,تركيا,إسطنبول,ماجستير مع أطروحة,التركية,متاح,#28D094,2026-2027,5500,5500,5500,2750,USD,-,2000
561,13,جامعة إسطنبول جيليشيم,Avcılar Campus,Cihangir Mah. Şehit Jandarma Komando Er Hakan Öner Sk. No:1 Avcılar/İstanbul,إدارة الأعمال,تركيا,إسطنبول,ماجستير بدون أطروحة,الإنجليزية,متاح,#28D094,2026-2027,5500,5500,5500,2750,USD,-,4500
560,13,جامعة إسطنبول جيليشيم,Avcılar Campus,Cihangir Mah. Şehit Jandarma Komando Er Hakan Öner Sk. No:1 Avcılar/İstanbul,إدارة الأعمال,تركيا,إسطنبول,ماجستير مع أطروحة,الإنجليزية,متاح,#28D094,2026-2027,7000,7000,7000,3500,USD,-,4500
559,13,جامعة إسطنبول جيليشيم,Avcılar Campus,Cihangir Mah. Şehit Jandarma Komando Er Hakan Öner Sk. No:1 Avcılar/İstanbul,تقنيات المختبرات الطبية,تركيا,إسطنبول,دبلوم,التركية,متاح,#28D094,2026-2027,3000,3000,2790,1500,USD,-,2000
558,13,جامعة إسطنبول جيليشيم,Avcılar Campus,Cihangir Mah. Şehit Jandarma Komando Er Hakan Öner Sk. No:1 Avcılar/İstanbul,تكنولوجيا معالجة البيانات الطبية,تركيا,إسطنبول,دبلوم,التركية,متاح,#28D094,2026-2027,3000,3000,2790,1500,USD,-,2000
557,13,جامعة إسطنبول جيليشيم,Avcılar Campus,Cihangir Mah. Şehit Jandarma Komando Er Hakan Öner Sk. No:1 Avcılar/İstanbul,تقنيات التصوير الطبي,تركيا,إسطنبول,دبلوم,التركية,متاح,#28D094,2026-2027,3000,3000,2790,1500,USD,-,2000
556,13,جامعة إسطنبول جيليشيم,Avcılar Campus,Cihangir Mah. Şehit Jandarma Komando Er Hakan Öner Sk. No:1 Avcılar/İstanbul,التوثيق الطبي والسكرتارية,تركيا,إسطنبول,دبلوم,التركية,متاح,#28D094,2026-2027,3000,3000,2790,1500,USD,-,2000
555,13,جامعة إسطنبول جيليشيم,Avcılar Campus,Cihangir Mah. Şehit Jandarma Komando Er Hakan Öner Sk. No:1 Avcılar/İstanbul,تكنولوجيا الصحة عن بعد,تركيا,إسطنبول,دبلوم,التركية,متاح,#28D094,2026-2027,3000,3000,2790,1500,USD,-,2000
554,13,جامعة إسطنبول جيليشيم,Avcılar Campus,Cihangir Mah. Şehit Jandarma Komando Er Hakan Öner Sk. No:1 Avcılar/İstanbul,خدمات العناية بالشعر والجمال,تركيا,إسطنبول,دبلوم,التركية,متاح,#28D094,2026-2027,3000,3000,2790,1500,USD,-,2000
553,13,جامعة إسطنبول جيليشيم,Avcılar Campus,Cihangir Mah. Şehit Jandarma Komando Er Hakan Öner Sk. No:1 Avcılar/İstanbul,العلاج الإشعاعي,تركيا,إسطنبول,دبلوم,التركية,متاح,#28D094,2026-2027,3000,3000,2790,1500,USD,-,2000
552,13,جامعة إسطنبول جيليشيم,Avcılar Campus,Cihangir Mah. Şehit Jandarma Komando Er Hakan Öner Sk. No:1 Avcılar/İstanbul,علم الأقدام,تركيا,إسطنبول,دبلوم,التركية,متاح,#28D094,2026-2027,3000,3000,2790,1500,USD,-,2000
551,13,جامعة إسطنبول جيليشيم,Avcılar Campus,Cihangir Mah. Şehit Jandarma Komando Er Hakan Öner Sk. No:1 Avcılar/İstanbul,تقنيات مختبر علم الأمراض,تركيا,إسطنبول,دبلوم,التركية,متاح,#28D094,2026-2027,3000,3000,2790,1500,USD,-,2000
550,13,جامعة إسطنبول جيليشيم,Avcılar Campus,Cihangir Mah. Şehit Jandarma Komando Er Hakan Öner Sk. No:1 Avcılar/İstanbul,مساعدة التشريح,تركيا,إسطنبول,دبلوم,التركية,متاح,#28D094,2026-2027,3000,3000,2790,1500,USD,-,2000
549,13,جامعة إسطنبول جيليشيم,Avcılar Campus,Cihangir Mah. Şehit Jandarma Komando Er Hakan Öner Sk. No:1 Avcılar/İstanbul,الأطراف الاصطناعية وتقويم العظام,تركيا,إسطنبول,دبلوم,التركية,متاح,#28D094,2026-2027,3000,3000,2790,1500,USD,-,2000
548,13,جامعة إسطنبول جيليشيم,Avcılar Campus,Cihangir Mah. Şehit Jandarma Komando Er Hakan Öner Sk. No:1 Avcılar/İstanbul,البصريات,تركيا,إسطنبول,دبلوم,التركية,متاح,#28D094,2026-2027,3000,3000,2790,1500,USD,-,2000
547,13,جامعة إسطنبول جيليشيم,Avcılar Campus,Cihangir Mah. Şehit Jandarma Komando Er Hakan Öner Sk. No:1 Avcılar/İstanbul,قياس السمع,تركيا,إسطنبول,دبلوم,التركية,متاح,#28D094,2026-2027,3000,3000,2790,1500,USD,-,2000
546,13,جامعة إسطنبول جيليشيم,Avcılar Campus,Cihangir Mah. Şehit Jandarma Komando Er Hakan Öner Sk. No:1 Avcılar/İstanbul,تكنولوجيا المختبرات,تركيا,إسطنبول,دبلوم,التركية,متاح,#28D094,2026-2027,3000,3000,2790,1500,USD,-,2000
545,13,جامعة إسطنبول جيليشيم,Avcılar Campus,Cihangir Mah. Şehit Jandarma Komando Er Hakan Öner Sk. No:1 Avcılar/İstanbul,الإسعافات الأولية والطوارئ,تركيا,إسطنبول,دبلوم,التركية,متاح,#28D094,2026-2027,3000,3000,2790,1500,USD,-,2000
544,13,جامعة إسطنبول جيليشيم,Avcılar Campus,Cihangir Mah. Şehit Jandarma Komando Er Hakan Öner Sk. No:1 Avcılar/İstanbul,تحليل جودة الغذاء,تركيا,إسطنبول,دبلوم,التركية,متاح,#28D094,2026-2027,3000,3000,2790,1500,USD,-,2000
543,13,جامعة إسطنبول جيليشيم,Avcılar Campus,Cihangir Mah. Şehit Jandarma Komando Er Hakan Öner Sk. No:1 Avcılar/İstanbul,الفيزيولوجيا العصبية الكهربائية,تركيا,إسطنبول,دبلوم,التركية,متاح,#28D094,2026-2027,3000,3000,2790,1500,USD,-,2000
542,13,جامعة إسطنبول جيليشيم,Avcılar Campus,Cihangir Mah. Şehit Jandarma Komando Er Hakan Öner Sk. No:1 Avcılar/İstanbul,تكنولوجيا أنظمة الصحة الرقمية,تركيا,إسطنبول,دبلوم,التركية,متاح,#28D094,2026-2027,3000,3000,2790,1500,USD,-,2000
541,13,جامعة إسطنبول جيليشيم,Avcılar Campus,Cihangir Mah. Şehit Jandarma Komando Er Hakan Öner Sk. No:1 Avcılar/İstanbul,غسيل الكلى,تركيا,إسطنبول,دبلوم,التركية,متاح,#28D094,2026-2027,3000,3000,2790,1500,USD,-,2000
540,13,جامعة إسطنبول جيليشيم,Avcılar Campus,Cihangir Mah. Şehit Jandarma Komando Er Hakan Öner Sk. No:1 Avcılar/İstanbul,تقنية التعويضات السنية,تركيا,إسطنبول,دبلوم,التركية,متاح,#28D094,2026-2027,3000,3000,2790,1500,USD,-,2000
539,13,جامعة إسطنبول جيليشيم,Avcılar Campus,Cihangir Mah. Şehit Jandarma Komando Er Hakan Öner Sk. No:1 Avcılar/İstanbul,تنمية الطفل,تركيا,إسطنبول,دبلوم,التركية,متاح,#28D094,2026-2027,3000,3000,2790,1500,USD,-,2000
538,13,جامعة إسطنبول جيليشيم,Avcılar Campus,Cihangir Mah. Şehit Jandarma Komando Er Hakan Öner Sk. No:1 Avcılar/İstanbul,تقنيات الأجهزة الطبية الحيوية,تركيا,إسطنبول,دبلوم,التركية,متاح,#28D094,2026-2027,3000,3000,2790,1500,USD,-,2000
537,13,جامعة إسطنبول جيليشيم,Avcılar Campus,Cihangir Mah. Şehit Jandarma Komando Er Hakan Öner Sk. No:1 Avcılar/İstanbul,التخدير,تركيا,إسطنبول,دبلوم,التركية,متاح,#28D094,2026-2027,3000,3000,2790,1500,USD,-,2000
536,13,جامعة إسطنبول جيليشيم,Avcılar Campus,Cihangir Mah. Şehit Jandarma Komando Er Hakan Öner Sk. No:1 Avcılar/İstanbul,خدمات غرفة العمليات,تركيا,إسطنبول,دبلوم,التركية,متاح,#28D094,2026-2027,3000,3000,2790,1500,USD,-,2000
535,13,جامعة إسطنبول جيليشيم,Avcılar Campus,Cihangir Mah. Şehit Jandarma Komando Er Hakan Öner Sk. No:1 Avcılar/İstanbul,صحة الفم والأسنان,تركيا,إسطنبول,دبلوم,التركية,متاح,#28D094,2026-2027,3000,3000,2790,1500,USD,-,2000
534,13,جامعة إسطنبول جيليشيم,Avcılar Campus,Cihangir Mah. Şehit Jandarma Komando Er Hakan Öner Sk. No:1 Avcılar/İstanbul,العلاج الطبيعي,تركيا,إسطنبول,دبلوم,التركية,متاح,#28D094,2026-2027,3000,3000,2790,1500,USD,-,2000
533,13,جامعة إسطنبول جيليشيم,Avcılar Campus,Cihangir Mah. Şehit Jandarma Komando Er Hakan Öner Sk. No:1 Avcılar/İstanbul,العلاج الطبيعي,تركيا,إسطنبول,دبلوم,الإنجليزية,متاح,#28D094,2026-2027,3250,3250,3023,1625,USD,-,3250
532,13,جامعة إسطنبول جيليشيم,Avcılar Campus,Cihangir Mah. Şehit Jandarma Komando Er Hakan Öner Sk. No:1 Avcılar/İstanbul,تصميم وتطوير الويب,تركيا,إسطنبول,دبلوم,التركية,متاح,#28D094,2026-2027,3000,3000,2790,1500,USD,-,2000
531,13,جامعة إسطنبول جيليشيم,Avcılar Campus,Cihangir Mah. Şehit Jandarma Komando Er Hakan Öner Sk. No:1 Avcılar/İstanbul,تطوير واجهات البرمجيات,تركيا,إسطنبول,دبلوم,التركية,متاح,#28D094,2026-2027,3000,3000,2790,1500,USD,-,2000
530,13,جامعة إسطنبول جيليشيم,Avcılar Campus,Cihangir Mah. Şehit Jandarma Komando Er Hakan Öner Sk. No:1 Avcılar/İstanbul,تطوير وبرمجة الألعاب,تركيا,إسطنبول,دبلوم,التركية,متاح,#28D094,2026-2027,3000,3000,2790,1500,USD,-,2000
529,13,جامعة إسطنبول جيليشيم,Avcılar Campus,Cihangir Mah. Şehit Jandarma Komando Er Hakan Öner Sk. No:1 Avcılar/İstanbul,المعجنات والمخابز,تركيا,إسطنبول,دبلوم,التركية,متاح,#28D094,2026-2027,3000,3000,2790,1500,USD,-,2000
528,13,جامعة إسطنبول جيليشيم,Avcılar Campus,Cihangir Mah. Şehit Jandarma Komando Er Hakan Öner Sk. No:1 Avcılar/İstanbul,تقنيات وتشغيل الطائرات بدون طيار,تركيا,إسطنبول,دبلوم,التركية,متاح,#28D094,2026-2027,3000,3000,2790,1500,USD,-,2000
527,13,جامعة إسطنبول جيليشيم,Avcılar Campus,Cihangir Mah. Şehit Jandarma Komando Er Hakan Öner Sk. No:1 Avcılar/İstanbul,تكنولوجيا المركبات الهجينة والكهربائية,تركيا,إسطنبول,دبلوم,التركية,متاح,#28D094,2026-2027,3000,3000,2790,1500,USD,-,2000
526,13,جامعة إسطنبول جيليشيم,Avcılar Campus,Cihangir Mah. Şehit Jandarma Komando Er Hakan Öner Sk. No:1 Avcılar/İstanbul,إدارة عمليات الطيران,تركيا,إسطنبول,دبلوم,التركية,متاح,#28D094,2026-2027,3000,3000,2790,1500,USD,-,2000
525,13,جامعة إسطنبول جيليشيم,Avcılar Campus,Cihangir Mah. Şehit Jandarma Komando Er Hakan Öner Sk. No:1 Avcılar/İstanbul,تكنولوجيا الطائرات,تركيا,إسطنبول,دبلوم,التركية,متاح,#28D094,2026-2027,3000,3000,2790,1500,USD,-,2000
524,13,جامعة إسطنبول جيليشيم,Avcılar Campus,Cihangir Mah. Şehit Jandarma Komando Er Hakan Öner Sk. No:1 Avcılar/İstanbul,الإرشاد السياحي,تركيا,إسطنبول,دبلوم,التركية,متاح,#28D094,2026-2027,3000,3000,2790,1500,USD,-,2000
523,13,جامعة إسطنبول جيليشيم,Avcılar Campus,Cihangir Mah. Şehit Jandarma Komando Er Hakan Öner Sk. No:1 Avcılar/İstanbul,فني الأنظمة الذاتية,تركيا,إسطنبول,دبلوم,التركية,متاح,#28D094,2026-2027,3000,3000,2790,1500,USD,-,2000
522,13,جامعة إسطنبول جيليشيم,Avcılar Campus,Cihangir Mah. Şehit Jandarma Komando Er Hakan Öner Sk. No:1 Avcılar/İstanbul,تقنيات هيكل السيارات ومعالجة الأسطح,تركيا,إسطنبول,دبلوم,التركية,متاح,#28D094,2026-2027,3000,3000,2790,1500,USD,-,2000
521,13,جامعة إسطنبول جيليشيم,Avcılar Campus,Cihangir Mah. Şehit Jandarma Komando Er Hakan Öner Sk. No:1 Avcılar/İstanbul,تكنولوجيا إدارة الكربون,تركيا,إسطنبول,دبلوم,التركية,متاح,#28D094,2026-2027,3000,3000,2790,1500,USD,-,2000
520,13,جامعة إسطنبول جيليشيم,Avcılar Campus,Cihangir Mah. Şehit Jandarma Komando Er Hakan Öner Sk. No:1 Avcılar/İstanbul,تصميم الأزياء,تركيا,إسطنبول,دبلوم,التركية,متاح,#28D094,2026-2027,3000,3000,2790,1500,USD,-,2000
519,13,جامعة إسطنبول جيليشيم,Avcılar Campus,Cihangir Mah. Şehit Jandarma Komando Er Hakan Öner Sk. No:1 Avcılar/İstanbul,الميكاترونكس,تركيا,إسطنبول,دبلوم,التركية,متاح,#28D094,2026-2027,3000,3000,2790,1500,USD,-,2000
518,13,جامعة إسطنبول جيليشيم,Avcılar Campus,Cihangir Mah. Şehit Jandarma Komando Er Hakan Öner Sk. No:1 Avcılar/İstanbul,الآلات,تركيا,إسطنبول,دبلوم,التركية,متاح,#28D094,2026-2027,3000,3000,2790,1500,USD,-,2000
517,13,جامعة إسطنبول جيليشيم,Avcılar Campus,Cihangir Mah. Şehit Jandarma Komando Er Hakan Öner Sk. No:1 Avcılar/İstanbul,اللوجستية,تركيا,إسطنبول,دبلوم,التركية,متاح,#28D094,2026-2027,3000,3000,2790,1500,USD,-,2000
516,13,جامعة إسطنبول جيليشيم,Avcılar Campus,Cihangir Mah. Şehit Jandarma Komando Er Hakan Öner Sk. No:1 Avcılar/İstanbul,إنتاج ونقل وتوزيع الطاقة الكهربائية,تركيا,إسطنبول,دبلوم,التركية,متاح,#28D094,2026-2027,3000,3000,2790,1500,USD,-,2000
515,13,جامعة إسطنبول جيليشيم,Avcılar Campus,Cihangir Mah. Şehit Jandarma Komando Er Hakan Öner Sk. No:1 Avcılar/İstanbul,تقنيات البناء,تركيا,إسطنبول,دبلوم,التركية,متاح,#28D094,2026-2027,3000,3000,2790,1500,USD,-,2000
514,13,جامعة إسطنبول جيليشيم,Avcılar Campus,Cihangir Mah. Şehit Jandarma Komando Er Hakan Öner Sk. No:1 Avcılar/İstanbul,إدارة الموارد البشرية,تركيا,إسطنبول,دبلوم,التركية,متاح,#28D094,2026-2027,3000,3000,2790,1500,USD,-,2000
513,13,جامعة إسطنبول جيليشيم,Avcılar Campus,Cihangir Mah. Şehit Jandarma Komando Er Hakan Öner Sk. No:1 Avcılar/İstanbul,التصميم الداخلي,تركيا,إسطنبول,دبلوم,التركية,متاح,#28D094,2026-2027,3000,3000,2790,1500,USD,-,2000
512,13,جامعة إسطنبول جيليشيم,Avcılar Campus,Cihangir Mah. Şehit Jandarma Komando Er Hakan Öner Sk. No:1 Avcılar/İstanbul,اللوجستية الجوية,تركيا,إسطنبول,دبلوم,التركية,متاح,#28D094,2026-2027,3000,3000,2790,1500,USD,-,2000
511,13,جامعة إسطنبول جيليشيم,Avcılar Campus,Cihangir Mah. Şehit Jandarma Komando Er Hakan Öner Sk. No:1 Avcılar/İstanbul,العلاقات العامة والترويج,تركيا,إسطنبول,دبلوم,التركية,متاح,#28D094,2026-2027,3000,3000,2790,1500,USD,-,2000
510,13,جامعة إسطنبول جيليشيم,Avcılar Campus,Cihangir Mah. Şehit Jandarma Komando Er Hakan Öner Sk. No:1 Avcılar/İstanbul,التصميم الجرافيكي,تركيا,إسطنبول,دبلوم,التركية,متاح,#28D094,2026-2027,3000,3000,2790,1500,USD,-,2000
509,13,جامعة إسطنبول جيليشيم,Avcılar Campus,Cihangir Mah. Şehit Jandarma Komando Er Hakan Öner Sk. No:1 Avcılar/İstanbul,تقنيات الأغذية,تركيا,إسطنبول,دبلوم,التركية,متاح,#28D094,2026-2027,3000,3000,2790,1500,USD,-,2000
508,13,جامعة إسطنبول جيليشيم,Avcılar Campus,Cihangir Mah. Şehit Jandarma Komando Er Hakan Öner Sk. No:1 Avcılar/İstanbul,التقنيات الإلكترونية,تركيا,إسطنبول,دبلوم,التركية,متاح,#28D094,2026-2027,3000,3000,2790,1500,USD,-,2000
507,13,جامعة إسطنبول جيليشيم,Avcılar Campus,Cihangir Mah. Şehit Jandarma Komando Er Hakan Öner Sk. No:1 Avcılar/İstanbul,التجارة الخارجية,تركيا,إسطنبول,دبلوم,التركية,متاح,#28D094,2026-2027,3000,3000,2790,1500,USD,-,2000
506,13,جامعة إسطنبول جيليشيم,Avcılar Campus,Cihangir Mah. Şehit Jandarma Komando Er Hakan Öner Sk. No:1 Avcılar/İstanbul,إدارة الملاحة البحرية والموانئ,تركيا,إسطنبول,دبلوم,التركية,متاح,#28D094,2026-2027,3000,3000,2790,1500,USD,-,2000
505,13,جامعة إسطنبول جيليشيم,Avcılar Campus,Cihangir Mah. Şehit Jandarma Komando Er Hakan Öner Sk. No:1 Avcılar/İstanbul,تقنية أمن المعلومات,تركيا,إسطنبول,دبلوم,التركية,متاح,#28D094,2026-2027,3000,3000,2790,1500,USD,-,2000
504,13,جامعة إسطنبول جيليشيم,Avcılar Campus,Cihangir Mah. Şehit Jandarma Komando Er Hakan Öner Sk. No:1 Avcılar/İstanbul,طبخ,تركيا,إسطنبول,دبلوم,التركية,متاح,#28D094,2026-2027,3000,3000,2790,1500,USD,-,2000
503,13,جامعة إسطنبول جيليشيم,Avcılar Campus,Cihangir Mah. Şehit Jandarma Komando Er Hakan Öner Sk. No:1 Avcılar/İstanbul,تكنولوجيا الحاسوب,تركيا,إسطنبول,دبلوم,التركية,متاح,#28D094,2026-2027,3000,3000,2790,1500,USD,-,2000
502,13,جامعة إسطنبول جيليشيم,Avcılar Campus,Cihangir Mah. Şehit Jandarma Komando Er Hakan Öner Sk. No:1 Avcılar/İstanbul,التصميم والرسوم المتحركة بمساعدة الحاسوب,تركيا,إسطنبول,دبلوم,التركية,متاح,#28D094,2026-2027,3000,3000,2790,1500,USD,-,2000
501,13,جامعة إسطنبول جيليشيم,Avcılar Campus,Cihangir Mah. Şehit Jandarma Komando Er Hakan Öner Sk. No:1 Avcılar/İstanbul,خدمات مكتب المحكمة,تركيا,إسطنبول,دبلوم,التركية,متاح,#28D094,2026-2027,3000,3000,2790,1500,USD,-,2000
500,13,جامعة إسطنبول جيليشيم,Avcılar Campus,Cihangir Mah. Şehit Jandarma Komando Er Hakan Öner Sk. No:1 Avcılar/İstanbul,إلكترونيات التحول الرقمي,تركيا,إسطنبول,دبلوم,التركية,متاح,#28D094,2026-2027,3000,3000,2790,1500,USD,-,2000
499,13,جامعة إسطنبول جيليشيم,Avcılar Campus,Cihangir Mah. Şehit Jandarma Komando Er Hakan Öner Sk. No:1 Avcılar/İstanbul,البنوك والتأمين,تركيا,إسطنبول,دبلوم,التركية,متاح,#28D094,2026-2027,3000,3000,2790,1500,USD,-,2000
498,13,جامعة إسطنبول جيليشيم,Avcılar Campus,Cihangir Mah. Şehit Jandarma Komando Er Hakan Öner Sk. No:1 Avcılar/İstanbul,تكنولوجيا البنية التحتية الذكية,تركيا,إسطنبول,دبلوم,التركية,متاح,#28D094,2026-2027,3000,3000,2790,1500,USD,-,2000
497,13,جامعة إسطنبول جيليشيم,Avcılar Campus,Cihangir Mah. Şehit Jandarma Komando Er Hakan Öner Sk. No:1 Avcılar/İstanbul,برمجة الكمبيوتر,تركيا,إسطنبول,دبلوم,التركية,متاح,#28D094,2026-2027,3000,3000,2790,1500,USD,-,2000
496,13,جامعة إسطنبول جيليشيم,Avcılar Campus,Cihangir Mah. Şehit Jandarma Komando Er Hakan Öner Sk. No:1 Avcılar/İstanbul,برمجة الكمبيوتر,تركيا,إسطنبول,دبلوم,الإنجليزية,متاح,#28D094,2026-2027,3250,3250,3023,1625,USD,-,3250
495,13,جامعة إسطنبول جيليشيم,Avcılar Campus,Cihangir Mah. Şehit Jandarma Komando Er Hakan Öner Sk. No:1 Avcılar/İstanbul,الطيران المدني وخدمات المقصورة,تركيا,إسطنبول,دبلوم,التركية,متاح,#28D094,2026-2027,3000,3000,2790,1500,USD,-,2000
494,13,جامعة إسطنبول جيليشيم,Avcılar Campus,Cihangir Mah. Şehit Jandarma Komando Er Hakan Öner Sk. No:1 Avcılar/İstanbul,الطيران المدني وخدمات المقصورة,تركيا,إسطنبول,دبلوم,الإنجليزية,متاح,#28D094,2026-2027,3250,3250,3023,1625,USD,-,3250
493,13,جامعة إسطنبول جيليشيم,Avcılar Campus,Cihangir Mah. Şehit Jandarma Komando Er Hakan Öner Sk. No:1 Avcılar/İstanbul,إدارة النقل بالطيران المدني,تركيا,إسطنبول,دبلوم,التركية,متاح,#28D094,2026-2027,3000,3000,2790,1500,USD,-,2000
492,13,جامعة إسطنبول جيليشيم,Avcılar Campus,Cihangir Mah. Şehit Jandarma Komando Er Hakan Öner Sk. No:1 Avcılar/İstanbul,إدارة النقل بالطيران المدني,تركيا,إسطنبول,دبلوم,الإنجليزية,متاح,#28D094,2026-2027,3250,3250,3023,1625,USD,-,3250
491,13,جامعة إسطنبول جيليشيم,Avcılar Campus,Cihangir Mah. Şehit Jandarma Komando Er Hakan Öner Sk. No:1 Avcılar/İstanbul,الإدارة الرياضية,تركيا,إسطنبول,بكالوريوس,التركية,متاح,#28D094,2026-2027,4000,4000,3720,2000,USD,-,2000
490,13,جامعة إسطنبول جيليشيم,Avcılar Campus,Cihangir Mah. Şehit Jandarma Komando Er Hakan Öner Sk. No:1 Avcılar/İstanbul,الترفيه,تركيا,إسطنبول,بكالوريوس,التركية,متاح,#28D094,2026-2027,4000,4000,3720,2000,USD,-,2000
489,13,جامعة إسطنبول جيليشيم,Avcılar Campus,Cihangir Mah. Şehit Jandarma Komando Er Hakan Öner Sk. No:1 Avcılar/İstanbul,ممارسة الرياضة وذوي الاحتياجات الخاصة,تركيا,إسطنبول,بكالوريوس,التركية,متاح,#28D094,2026-2027,4000,4000,3720,2000,USD,-,2000
488,13,جامعة إسطنبول جيليشيم,Avcılar Campus,Cihangir Mah. Şehit Jandarma Komando Er Hakan Öner Sk. No:1 Avcılar/İstanbul,علوم التمرين والرياضة,تركيا,إسطنبول,بكالوريوس,التركية,متاح,#28D094,2026-2027,4000,4000,3720,2000,USD,-,2000
487,13,جامعة إسطنبول جيليشيم,Avcılar Campus,Cihangir Mah. Şehit Jandarma Komando Er Hakan Öner Sk. No:1 Avcılar/İstanbul,التدريب على التدريب,تركيا,إسطنبول,بكالوريوس,الإنجليزية,متاح,#28D094,2026-2027,4250,4250,3953,2125,USD,-,4250
486,13,جامعة إسطنبول جيليشيم,Avcılar Campus,Cihangir Mah. Şehit Jandarma Komando Er Hakan Öner Sk. No:1 Avcılar/İstanbul,التدريب على التدريب,تركيا,إسطنبول,بكالوريوس,التركية,متاح,#28D094,2026-2027,4000,4000,3720,2000,USD,-,2000
485,13,جامعة إسطنبول جيليشيم,Avcılar Campus,Cihangir Mah. Şehit Jandarma Komando Er Hakan Öner Sk. No:1 Avcılar/İstanbul,العلاقات العامة والإعلان,تركيا,إسطنبول,بكالوريوس,التركية,متاح,#28D094,2026-2027,4000,4000,3720,2000,USD,-,2000
484,13,جامعة إسطنبول جيليشيم,Avcılar Campus,Cihangir Mah. Şehit Jandarma Komando Er Hakan Öner Sk. No:1 Avcılar/İstanbul,علم البيانات والتحليلات,تركيا,إسطنبول,بكالوريوس,التركية,متاح,#28D094,2026-2027,4000,4000,3720,2000,USD,-,2000
483,13,جامعة إسطنبول جيليشيم,Avcılar Campus,Cihangir Mah. Şehit Jandarma Komando Er Hakan Öner Sk. No:1 Avcılar/İstanbul,إعداد التقارير والبرامج التلفزيونية,تركيا,إسطنبول,بكالوريوس,التركية,متاح,#28D094,2026-2027,4000,4000,3720,2000,USD,-,2000
482,13,جامعة إسطنبول جيليشيم,Avcılar Campus,Cihangir Mah. Şehit Jandarma Komando Er Hakan Öner Sk. No:1 Avcılar/İstanbul,وسائل الإعلام الجديدة والاتصالات,تركيا,إسطنبول,بكالوريوس,الإنجليزية,متاح,#28D094,2026-2027,4250,4250,3953,2125,USD,-,4250
481,13,جامعة إسطنبول جيليشيم,Avcılar Campus,Cihangir Mah. Şehit Jandarma Komando Er Hakan Öner Sk. No:1 Avcılar/İstanbul,نظم وتقنيات المعلومات,تركيا,إسطنبول,بكالوريوس,التركية,متاح,#28D094,2026-2027,4000,4000,3720,2000,USD,-,2000
480,13,جامعة إسطنبول جيليشيم,Avcılar Campus,Cihangir Mah. Şehit Jandarma Komando Er Hakan Öner Sk. No:1 Avcılar/İstanbul,فنون الطهي وفنون المطبخ,تركيا,إسطنبول,بكالوريوس,الإنجليزية,متاح,#28D094,2026-2027,4250,4250,3953,2125,USD,-,4250
479,13,جامعة إسطنبول جيليشيم,Avcılar Campus,Cihangir Mah. Şehit Jandarma Komando Er Hakan Öner Sk. No:1 Avcılar/İstanbul,التجارة الإلكترونية والإدارة,تركيا,إسطنبول,بكالوريوس,التركية,متاح,#28D094,2026-2027,4000,4000,3720,2000,USD,-,2000
478,13,جامعة إسطنبول جيليشيم,Avcılar Campus,Cihangir Mah. Şehit Jandarma Komando Er Hakan Öner Sk. No:1 Avcılar/İstanbul,البنوك والتأمين,تركيا,إسطنبول,بكالوريوس,التركية,متاح,#28D094,2026-2027,4000,4000,3720,2000,USD,-,2000
477,13,جامعة إسطنبول جيليشيم,Avcılar Campus,Cihangir Mah. Şehit Jandarma Komando Er Hakan Öner Sk. No:1 Avcılar/İstanbul,إلكترونيات الطيران,تركيا,إسطنبول,بكالوريوس,التركية,متاح,#28D094,2026-2027,4000,4000,3720,2000,USD,-,2000
476,13,جامعة إسطنبول جيليشيم,Avcılar Campus,Cihangir Mah. Şehit Jandarma Komando Er Hakan Öner Sk. No:1 Avcılar/İstanbul,صيانة وإصلاح الطائرات,تركيا,إسطنبول,بكالوريوس,التركية,متاح,#28D094,2026-2027,4000,4000,3720,2000,USD,-,2000
475,13,جامعة إسطنبول جيليشيم,Avcılar Campus,Cihangir Mah. Şehit Jandarma Komando Er Hakan Öner Sk. No:1 Avcılar/İstanbul,علاج النطق واللغة,تركيا,إسطنبول,بكالوريوس,التركية,متاح,#28D094,2026-2027,4000,4000,3720,2000,USD,-,2000
474,13,جامعة إسطنبول جيليشيم,Avcılar Campus,Cihangir Mah. Şehit Jandarma Komando Er Hakan Öner Sk. No:1 Avcılar/İstanbul,العمل الاجتماعي,تركيا,إسطنبول,بكالوريوس,التركية,متاح,#28D094,2026-2027,4000,4000,3720,2000,USD,-,2000
473,13,جامعة إسطنبول جيليشيم,Avcılar Campus,Cihangir Mah. Şehit Jandarma Komando Er Hakan Öner Sk. No:1 Avcılar/İstanbul,العلاج الطبيعي والتأهيل,تركيا,إسطنبول,بكالوريوس,التركية,متاح,#28D094,2026-2027,4500,4500,4185,2250,USD,-,2000
472,13,جامعة إسطنبول جيليشيم,Avcılar Campus,Cihangir Mah. Şehit Jandarma Komando Er Hakan Öner Sk. No:1 Avcılar/İstanbul,العلاج الطبيعي والتأهيل,تركيا,إسطنبول,بكالوريوس,الإنجليزية,متاح,#28D094,2026-2027,4500,4500,4185,2250,USD,-,4500
471,13,جامعة إسطنبول جيليشيم,Avcılar Campus,Cihangir Mah. Şehit Jandarma Komando Er Hakan Öner Sk. No:1 Avcılar/İstanbul,نضح,تركيا,إسطنبول,بكالوريوس,التركية,متاح,#28D094,2026-2027,4000,4000,3720,2000,USD,-,2000
470,13,جامعة إسطنبول جيليشيم,Avcılar Campus,Cihangir Mah. Şehit Jandarma Komando Er Hakan Öner Sk. No:1 Avcılar/İstanbul,العلاج الوظيفي,تركيا,إسطنبول,بكالوريوس,التركية,متاح,#28D094,2026-2027,4000,4000,3720,2000,USD,-,2000
469,13,جامعة إسطنبول جيليشيم,Avcılar Campus,Cihangir Mah. Şehit Jandarma Komando Er Hakan Öner Sk. No:1 Avcılar/İstanbul,التغذية وعلم الحمية,تركيا,إسطنبول,بكالوريوس,التركية,متاح,#28D094,2026-2027,4000,4000,3720,2000,USD,-,2000
468,13,جامعة إسطنبول جيليشيم,Avcılar Campus,Cihangir Mah. Şehit Jandarma Komando Er Hakan Öner Sk. No:1 Avcılar/İstanbul,التغذية وعلم الحمية,تركيا,إسطنبول,بكالوريوس,الإنجليزية,متاح,#28D094,2026-2027,4250,4250,3953,2125,USD,-,4250
467,13,جامعة إسطنبول جيليشيم,Avcılar Campus,Cihangir Mah. Şehit Jandarma Komando Er Hakan Öner Sk. No:1 Avcılar/İstanbul,علم السمع,تركيا,إسطنبول,بكالوريوس,التركية,متاح,#28D094,2026-2027,4000,4000,3720,2000,USD,-,2000
466,13,جامعة إسطنبول جيليشيم,Avcılar Campus,Cihangir Mah. Şehit Jandarma Komando Er Hakan Öner Sk. No:1 Avcılar/İstanbul,إدارة الصحة,تركيا,إسطنبول,بكالوريوس,التركية,متاح,#28D094,2026-2027,4000,4000,3720,2000,USD,-,2000
465,13,جامعة إسطنبول جيليشيم,Avcılar Campus,Cihangir Mah. Şehit Jandarma Komando Er Hakan Öner Sk. No:1 Avcılar/İstanbul,تنمية الطفل,تركيا,إسطنبول,بكالوريوس,التركية,متاح,#28D094,2026-2027,4000,4000,3720,2000,USD,-,2000
464,13,جامعة إسطنبول جيليشيم,Avcılar Campus,Cihangir Mah. Şehit Jandarma Komando Er Hakan Öner Sk. No:1 Avcılar/İstanbul,تنمية الطفل,تركيا,إسطنبول,بكالوريوس,الإنجليزية,متاح,#28D094,2026-2027,4250,4250,3953,2125,USD,-,4250
463,13,جامعة إسطنبول جيليشيم,Avcılar Campus,Cihangir Mah. Şehit Jandarma Komando Er Hakan Öner Sk. No:1 Avcılar/İstanbul,تمريض,تركيا,إسطنبول,بكالوريوس,التركية,متاح,#28D094,2026-2027,5000,5000,4650,2500,USD,-,2000
462,13,جامعة إسطنبول جيليشيم,Avcılar Campus,Cihangir Mah. Şehit Jandarma Komando Er Hakan Öner Sk. No:1 Avcılar/İstanbul,تمريض,تركيا,إسطنبول,بكالوريوس,الإنجليزية,متاح,#28D094,2026-2027,4250,4250,3953,2125,USD,-,4250
461,13,جامعة إسطنبول جيليشيم,Avcılar Campus,Cihangir Mah. Şehit Jandarma Komando Er Hakan Öner Sk. No:1 Avcılar/İstanbul,تصميم الاتصالات المرئية,تركيا,إسطنبول,بكالوريوس,التركية,متاح,#28D094,2026-2027,4000,4000,3720,2000,USD,-,2000
460,13,جامعة إسطنبول جيليشيم,Avcılar Campus,Cihangir Mah. Şehit Jandarma Komando Er Hakan Öner Sk. No:1 Avcılar/İstanbul,الهندسة المعمارية الداخلية والتصميم البيئي,تركيا,إسطنبول,بكالوريوس,التركية,متاح,#28D094,2026-2027,4000,4000,3720,2000,USD,-,2000
459,13,جامعة إسطنبول جيليشيم,Avcılar Campus,Cihangir Mah. Şehit Jandarma Komando Er Hakan Öner Sk. No:1 Avcılar/İstanbul,العمارة الداخلية,تركيا,إسطنبول,بكالوريوس,التركية,متاح,#28D094,2026-2027,4000,4000,3720,2000,USD,-,2000
458,13,جامعة إسطنبول جيليشيم,Avcılar Campus,Cihangir Mah. Şehit Jandarma Komando Er Hakan Öner Sk. No:1 Avcılar/İstanbul,التصميم الجرافيكي,تركيا,إسطنبول,بكالوريوس,التركية,متاح,#28D094,2026-2027,4000,4000,3720,2000,USD,-,2000
457,13,جامعة إسطنبول جيليشيم,Avcılar Campus,Cihangir Mah. Şehit Jandarma Komando Er Hakan Öner Sk. No:1 Avcılar/İstanbul,فنون الطهي وفنون المطبخ,تركيا,إسطنبول,بكالوريوس,التركية,متاح,#28D094,2026-2027,4000,4000,3720,2000,USD,-,2000
456,13,جامعة إسطنبول جيليشيم,Avcılar Campus,Cihangir Mah. Şehit Jandarma Komando Er Hakan Öner Sk. No:1 Avcılar/İstanbul,الهندسة المعمارية الداخلية والتصميم البيئي,تركيا,إسطنبول,بكالوريوس,الإنجليزية,متاح,#28D094,2026-2027,4250,4250,3953,2125,USD,-,4250
455,13,جامعة إسطنبول جيليشيم,Avcılar Campus,Cihangir Mah. Şehit Jandarma Komando Er Hakan Öner Sk. No:1 Avcılar/İstanbul,هندسة الميكاترونكس,تركيا,إسطنبول,بكالوريوس,التركية,متاح,#28D094,2026-2027,4500,4500,4185,2250,USD,-,2000
454,13,جامعة إسطنبول جيليشيم,Avcılar Campus,Cihangir Mah. Şehit Jandarma Komando Er Hakan Öner Sk. No:1 Avcılar/İstanbul,الهندسة الصناعية,تركيا,إسطنبول,بكالوريوس,التركية,متاح,#28D094,2026-2027,4500,4500,4185,2250,USD,-,2000
453,13,جامعة إسطنبول جيليشيم,Avcılar Campus,Cihangir Mah. Şehit Jandarma Komando Er Hakan Öner Sk. No:1 Avcılar/İstanbul,الهندسة الكهربائية والإلكترونية,تركيا,إسطنبول,بكالوريوس,التركية,متاح,#28D094,2026-2027,4500,4500,4185,2250,USD,-,2000
452,13,جامعة إسطنبول جيليشيم,Avcılar Campus,Cihangir Mah. Şehit Jandarma Komando Er Hakan Öner Sk. No:1 Avcılar/İstanbul,الهندسة الكهربائية والإلكترونية,تركيا,إسطنبول,بكالوريوس,الإنجليزية,متاح,#28D094,2026-2027,4750,4750,4418,2375,USD,-,4750
451,13,جامعة إسطنبول جيليشيم,Avcılar Campus,Cihangir Mah. Şehit Jandarma Komando Er Hakan Öner Sk. No:1 Avcılar/İstanbul,العمارة,تركيا,إسطنبول,بكالوريوس,التركية,متاح,#28D094,2026-2027,4500,4500,4185,2250,USD,-,2000
450,13,جامعة إسطنبول جيليشيم,Avcılar Campus,Cihangir Mah. Şehit Jandarma Komando Er Hakan Öner Sk. No:1 Avcılar/İstanbul,العمارة,تركيا,إسطنبول,بكالوريوس,الإنجليزية,متاح,#28D094,2026-2027,4750,4750,4418,2375,USD,-,4750
449,13,جامعة إسطنبول جيليشيم,Avcılar Campus,Cihangir Mah. Şehit Jandarma Komando Er Hakan Öner Sk. No:1 Avcılar/İstanbul,الهندسة المدنية,تركيا,إسطنبول,بكالوريوس,التركية,متاح,#28D094,2026-2027,4500,4500,4185,2250,USD,-,2000
448,13,جامعة إسطنبول جيليشيم,Avcılar Campus,Cihangir Mah. Şehit Jandarma Komando Er Hakan Öner Sk. No:1 Avcılar/İstanbul,الهندسة المدنية,تركيا,إسطنبول,بكالوريوس,الإنجليزية,متاح,#28D094,2026-2027,4750,4750,4418,2375,USD,-,4750
447,13,جامعة إسطنبول جيليشيم,Avcılar Campus,Cihangir Mah. Şehit Jandarma Komando Er Hakan Öner Sk. No:1 Avcılar/İstanbul,هندسة البرمجيات,تركيا,إسطنبول,بكالوريوس,التركية,متاح,#28D094,2026-2027,4500,4500,4185,2250,USD,-,2000
446,13,جامعة إسطنبول جيليشيم,Avcılar Campus,Cihangir Mah. Şehit Jandarma Komando Er Hakan Öner Sk. No:1 Avcılar/İstanbul,هندسة البرمجيات,تركيا,إسطنبول,بكالوريوس,الإنجليزية,متاح,#28D094,2026-2027,5500,5500,5115,2750,USD,-,5500
445,13,جامعة إسطنبول جيليشيم,Avcılar Campus,Cihangir Mah. Şehit Jandarma Komando Er Hakan Öner Sk. No:1 Avcılar/İstanbul,هندسة الكمبيوتر,تركيا,إسطنبول,بكالوريوس,التركية,متاح,#28D094,2026-2027,4500,4500,4185,2250,USD,-,2000
444,13,جامعة إسطنبول جيليشيم,Avcılar Campus,Cihangir Mah. Şehit Jandarma Komando Er Hakan Öner Sk. No:1 Avcılar/İstanbul,هندسة الكمبيوتر,تركيا,إسطنبول,بكالوريوس,الإنجليزية,متاح,#28D094,2026-2027,5500,5500,5115,2750,USD,-,5500
443,13,جامعة إسطنبول جيليشيم,Avcılar Campus,Cihangir Mah. Şehit Jandarma Komando Er Hakan Öner Sk. No:1 Avcılar/İstanbul,هندسة الطيران,تركيا,إسطنبول,بكالوريوس,التركية,متاح,#28D094,2026-2027,4500,4500,4185,2250,USD,-,2000
442,13,جامعة إسطنبول جيليشيم,Avcılar Campus,Cihangir Mah. Şehit Jandarma Komando Er Hakan Öner Sk. No:1 Avcılar/İstanbul,هندسة الطيران,تركيا,إسطنبول,بكالوريوس,الإنجليزية,متاح,#28D094,2026-2027,6000,6000,5580,3000,USD,-,6000
441,13,جامعة إسطنبول جيليشيم,Avcılar Campus,Cihangir Mah. Şehit Jandarma Komando Er Hakan Öner Sk. No:1 Avcılar/İstanbul,اللغة التركية وآدابها,تركيا,إسطنبول,بكالوريوس,التركية,متاح,#28D094,2026-2027,4000,4000,3720,2000,USD,-,2000
440,13,جامعة إسطنبول جيليشيم,Avcılar Campus,Cihangir Mah. Şehit Jandarma Komando Er Hakan Öner Sk. No:1 Avcılar/İstanbul,الإرشاد السياحي,تركيا,إسطنبول,بكالوريوس,التركية,متاح,#28D094,2026-2027,4000,4000,3720,2000,USD,-,2000
439,13,جامعة إسطنبول جيليشيم,Avcılar Campus,Cihangir Mah. Şehit Jandarma Komando Er Hakan Öner Sk. No:1 Avcılar/İstanbul,علم الاجتماع,تركيا,إسطنبول,بكالوريوس,التركية,متاح,#28D094,2026-2027,4000,4000,3720,2000,USD,-,2000
438,13,جامعة إسطنبول جيليشيم,Avcılar Campus,Cihangir Mah. Şehit Jandarma Komando Er Hakan Öner Sk. No:1 Avcılar/İstanbul,الإذاعة والتلفزيون والسينما,تركيا,إسطنبول,بكالوريوس,التركية,متاح,#28D094,2026-2027,4000,4000,3720,2000,USD,-,2000
437,13,جامعة إسطنبول جيليشيم,Avcılar Campus,Cihangir Mah. Şehit Jandarma Komando Er Hakan Öner Sk. No:1 Avcılar/İstanbul,العلاقات العامة والدعاية,تركيا,إسطنبول,بكالوريوس,التركية,متاح,#28D094,2026-2027,4000,4000,3720,2000,USD,-,2000
436,13,جامعة إسطنبول جيليشيم,Avcılar Campus,Cihangir Mah. Şehit Jandarma Komando Er Hakan Öner Sk. No:1 Avcılar/İstanbul,علم النفس,تركيا,إسطنبول,بكالوريوس,التركية,متاح,#28D094,2026-2027,4000,4000,3720,2000,USD,-,2000
435,13,جامعة إسطنبول جيليشيم,Avcılar Campus,Cihangir Mah. Şehit Jandarma Komando Er Hakan Öner Sk. No:1 Avcılar/İstanbul,علم النفس,تركيا,إسطنبول,بكالوريوس,الإنجليزية,متاح,#28D094,2026-2027,4250,4250,3953,2125,USD,-,4250
434,13,جامعة إسطنبول جيليشيم,Avcılar Campus,Cihangir Mah. Şehit Jandarma Komando Er Hakan Öner Sk. No:1 Avcılar/İstanbul,العلوم السياسية والإدارة العامة,تركيا,إسطنبول,بكالوريوس,التركية,متاح,#28D094,2026-2027,4000,4000,3720,2000,USD,-,2000
433,13,جامعة إسطنبول جيليشيم,Avcılar Campus,Cihangir Mah. Şehit Jandarma Komando Er Hakan Öner Sk. No:1 Avcılar/İstanbul,العلوم السياسية والعلاقات الدولية,تركيا,إسطنبول,بكالوريوس,الإنجليزية,متاح,#28D094,2026-2027,4250,4250,3953,2125,USD,-,4250
432,13,جامعة إسطنبول جيليشيم,Avcılar Campus,Cihangir Mah. Şehit Jandarma Komando Er Hakan Öner Sk. No:1 Avcılar/İstanbul,العلوم السياسية والعلاقات الدولية,تركيا,إسطنبول,بكالوريوس,التركية,متاح,#28D094,2026-2027,4000,4000,3720,2000,USD,-,2000
431,13,جامعة إسطنبول جيليشيم,Avcılar Campus,Cihangir Mah. Şehit Jandarma Komando Er Hakan Öner Sk. No:1 Avcılar/İstanbul,وسائل الإعلام الجديدة والاتصالات,تركيا,إسطنبول,بكالوريوس,التركية,متاح,#28D094,2026-2027,4000,4000,3720,2000,USD,-,2000
430,13,جامعة إسطنبول جيليشيم,Avcılar Campus,Cihangir Mah. Şehit Jandarma Komando Er Hakan Öner Sk. No:1 Avcılar/İstanbul,نظم المعلومات الإدارية,تركيا,إسطنبول,بكالوريوس,التركية,متاح,#28D094,2026-2027,4000,4000,3720,2000,USD,-,2000
429,13,جامعة إسطنبول جيليشيم,Avcılar Campus,Cihangir Mah. Şehit Jandarma Komando Er Hakan Öner Sk. No:1 Avcılar/İstanbul,نظم المعلومات الإدارية,تركيا,إسطنبول,بكالوريوس,الإنجليزية,متاح,#28D094,2026-2027,4250,4250,3953,2125,USD,-,4250
428,13,جامعة إسطنبول جيليشيم,Avcılar Campus,Cihangir Mah. Şehit Jandarma Komando Er Hakan Öner Sk. No:1 Avcılar/İstanbul,إدارة اللوجستيات,تركيا,إسطنبول,بكالوريوس,التركية,متاح,#28D094,2026-2027,4000,4000,3720,2000,USD,-,2000
427,13,جامعة إسطنبول جيليشيم,Avcılar Campus,Cihangir Mah. Şehit Jandarma Komando Er Hakan Öner Sk. No:1 Avcılar/İstanbul,إدارة اللوجستيات,تركيا,إسطنبول,بكالوريوس,الإنجليزية,متاح,#28D094,2026-2027,4250,4250,3953,2125,USD,-,4250
426,13,جامعة إسطنبول جيليشيم,Avcılar Campus,Cihangir Mah. Şehit Jandarma Komando Er Hakan Öner Sk. No:1 Avcılar/İstanbul,التجارة الدولية والتمويل,تركيا,إسطنبول,بكالوريوس,التركية,متاح,#28D094,2026-2027,4000,4000,3720,2000,USD,-,2000
425,13,جامعة إسطنبول جيليشيم,Avcılar Campus,Cihangir Mah. Şehit Jandarma Komando Er Hakan Öner Sk. No:1 Avcılar/İstanbul,التجارة الدولية والتمويل,تركيا,إسطنبول,بكالوريوس,الإنجليزية,متاح,#28D094,2026-2027,4250,4250,3953,2125,USD,-,4250
424,13,جامعة إسطنبول جيليشيم,Avcılar Campus,Cihangir Mah. Şehit Jandarma Komando Er Hakan Öner Sk. No:1 Avcılar/İstanbul,التجارة الدولية والأعمال,تركيا,إسطنبول,بكالوريوس,التركية,متاح,#28D094,2026-2027,4000,4000,3720,2000,USD,-,2000
423,13,جامعة إسطنبول جيليشيم,Avcılar Campus,Cihangir Mah. Şehit Jandarma Komando Er Hakan Öner Sk. No:1 Avcılar/İstanbul,التجارة الدولية والأعمال,تركيا,إسطنبول,بكالوريوس,الإنجليزية,متاح,#28D094,2026-2027,4250,4250,3953,2125,USD,-,4250
422,13,جامعة إسطنبول جيليشيم,Avcılar Campus,Cihangir Mah. Şehit Jandarma Komando Er Hakan Öner Sk. No:1 Avcılar/İstanbul,الترجمة التحريرية والشفهية (الإنجليزية),تركيا,إسطنبول,بكالوريوس,الإنجليزية,متاح,#28D094,2026-2027,4250,4250,3953,2125,USD,-,4250
421,13,جامعة إسطنبول جيليشيم,Avcılar Campus,Cihangir Mah. Şehit Jandarma Komando Er Hakan Öner Sk. No:1 Avcılar/İstanbul,اللغة الإنجليزية وآدابها,تركيا,إسطنبول,بكالوريوس,الإنجليزية,متاح,#28D094,2026-2027,4250,4250,3953,2125,USD,-,4250
420,13,جامعة إسطنبول جيليشيم,Avcılar Campus,Cihangir Mah. Şehit Jandarma Komando Er Hakan Öner Sk. No:1 Avcılar/İstanbul,الاقتصاد والمالية,تركيا,إسطنبول,بكالوريوس,التركية,متاح,#28D094,2026-2027,4000,4000,3720,2000,USD,-,2000
419,13,جامعة إسطنبول جيليشيم,Avcılar Campus,Cihangir Mah. Şehit Jandarma Komando Er Hakan Öner Sk. No:1 Avcılar/İstanbul,الاقتصاد والمالية,تركيا,إسطنبول,بكالوريوس,الإنجليزية,متاح,#28D094,2026-2027,4250,4250,3953,2125,USD,-,4250
418,13,جامعة إسطنبول جيليشيم,Avcılar Campus,Cihangir Mah. Şehit Jandarma Komando Er Hakan Öner Sk. No:1 Avcılar/İstanbul,إدارة الأعمال,تركيا,إسطنبول,بكالوريوس,التركية,متاح,#28D094,2026-2027,4000,4000,3720,2000,USD,-,2000
417,13,جامعة إسطنبول جيليشيم,Avcılar Campus,Cihangir Mah. Şehit Jandarma Komando Er Hakan Öner Sk. No:1 Avcılar/İstanbul,إدارة الأعمال,تركيا,إسطنبول,بكالوريوس,الإنجليزية,متاح,#28D094,2026-2027,4500,4500,4185,2250,USD,-,4500
416,13,جامعة إسطنبول جيليشيم,Avcılar Campus,Cihangir Mah. Şehit Jandarma Komando Er Hakan Öner Sk. No:1 Avcılar/İstanbul,إدارة الطيران,تركيا,إسطنبول,بكالوريوس,التركية,متاح,#28D094,2026-2027,4000,4000,3720,2000,USD,-,2000
415,13,جامعة إسطنبول جيليشيم,Avcılar Campus,Cihangir Mah. Şehit Jandarma Komando Er Hakan Öner Sk. No:1 Avcılar/İstanbul,إدارة الطيران,تركيا,إسطنبول,بكالوريوس,الإنجليزية,متاح,#28D094,2026-2027,4250,4250,3953,2125,USD,-,4250
414,13,جامعة إسطنبول جيليشيم,Avcılar Campus,Cihangir Mah. Şehit Jandarma Komando Er Hakan Öner Sk. No:1 Avcılar/İstanbul,الإعلان,تركيا,إسطنبول,بكالوريوس,التركية,متاح,#28D094,2026-2027,4000,4000,3720,2000,USD,-,2000
413,13,جامعة إسطنبول جيليشيم,Avcılar Campus,Cihangir Mah. Şehit Jandarma Komando Er Hakan Öner Sk. No:1 Avcılar/İstanbul,طب الأسنان,تركيا,إسطنبول,بكالوريوس,التركية,متاح,#28D094,2026-2027,13500,13500,12555,6750,USD,-,5000
412,13,جامعة إسطنبول جيليشيم,Avcılar Campus,Cihangir Mah. Şehit Jandarma Komando Er Hakan Öner Sk. No:1 Avcılar/İstanbul,طب الأسنان,تركيا,إسطنبول,بكالوريوس,الإنجليزية,متاح,#28D094,2026-2027,17250,17250,16043,8625,USD,-,8000
411,14,جامعة بيروني,Topkapi Main Campus,"Merkezefendi, 75 Sk No:1-13 M.G. 34015, Zeytinburnu / Istanbul / Turkey",الروبوتات والذكاء الاصطناعي,تركيا,إسطنبول,دبلوم,التركية,متاح,#28D094,2026-2027,5000,5000,4500,2500,USD,-,0
410,14,جامعة بيروني,Topkapi Main Campus,"Merkezefendi, 75 Sk No:1-13 M.G. 34015, Zeytinburnu / Istanbul / Turkey",تقنيات المختبرات الطبية,تركيا,إسطنبول,دبلوم,التركية,متاح,#28D094,2026-2027,5000,5000,4500,2500,USD,-,0
409,14,جامعة بيروني,Topkapi Main Campus,"Merkezefendi, 75 Sk No:1-13 M.G. 34015, Zeytinburnu / Istanbul / Turkey",تقنيات التصوير الطبي,تركيا,إسطنبول,دبلوم,التركية,متاح,#28D094,2026-2027,5000,5000,4500,2500,USD,-,0
408,14,جامعة بيروني,Topkapi Main Campus,"Merkezefendi, 75 Sk No:1-13 M.G. 34015, Zeytinburnu / Istanbul / Turkey",تقنيات مختبر علم الأمراض,تركيا,إسطنبول,دبلوم,التركية,متاح,#28D094,2026-2027,5000,5000,4500,2500,USD,-,0
407,14,جامعة بيروني,Topkapi Main Campus,"Merkezefendi, 75 Sk No:1-13 M.G. 34015, Zeytinburnu / Istanbul / Turkey",البصريات,تركيا,إسطنبول,دبلوم,التركية,متاح,#28D094,2026-2027,5000,5000,4500,2500,USD,-,0
406,14,جامعة بيروني,Topkapi Main Campus,"Merkezefendi, 75 Sk No:1-13 M.G. 34015, Zeytinburnu / Istanbul / Turkey",قياس السمع,تركيا,إسطنبول,دبلوم,التركية,متاح,#28D094,2026-2027,5000,5000,4500,2500,USD,-,0
405,14,جامعة بيروني,Topkapi Main Campus,"Merkezefendi, 75 Sk No:1-13 M.G. 34015, Zeytinburnu / Istanbul / Turkey",الإسعافات الأولية والطوارئ,تركيا,إسطنبول,دبلوم,التركية,متاح,#28D094,2026-2027,5000,5000,4500,2500,USD,-,0
404,14,جامعة بيروني,Topkapi Main Campus,"Merkezefendi, 75 Sk No:1-13 M.G. 34015, Zeytinburnu / Istanbul / Turkey",العلاج الطبيعي,تركيا,إسطنبول,دبلوم,التركية,متاح,#28D094,2026-2027,5000,5000,4500,2500,USD,-,0
403,14,جامعة بيروني,Topkapi Main Campus,"Merkezefendi, 75 Sk No:1-13 M.G. 34015, Zeytinburnu / Istanbul / Turkey",خدمات الصيدلية,تركيا,إسطنبول,دبلوم,التركية,متاح,#28D094,2026-2027,5000,5000,4500,2500,USD,-,0
402,14,جامعة بيروني,Topkapi Main Campus,"Merkezefendi, 75 Sk No:1-13 M.G. 34015, Zeytinburnu / Istanbul / Turkey",غسيل الكلى,تركيا,إسطنبول,دبلوم,التركية,متاح,#28D094,2026-2027,5000,5000,4500,2500,USD,-,0
401,14,جامعة بيروني,Topkapi Main Campus,"Merkezefendi, 75 Sk No:1-13 M.G. 34015, Zeytinburnu / Istanbul / Turkey",تقنية التعويضات السنية,تركيا,إسطنبول,دبلوم,التركية,متاح,#28D094,2026-2027,5000,5000,4500,2500,USD,-,0
400,14,جامعة بيروني,Topkapi Main Campus,"Merkezefendi, 75 Sk No:1-13 M.G. 34015, Zeytinburnu / Istanbul / Turkey",تنمية الطفل,تركيا,إسطنبول,دبلوم,التركية,متاح,#28D094,2026-2027,5000,5000,4500,2500,USD,-,0
399,14,جامعة بيروني,Topkapi Main Campus,"Merkezefendi, 75 Sk No:1-13 M.G. 34015, Zeytinburnu / Istanbul / Turkey",تقنيات الأجهزة الطبية الحيوية,تركيا,إسطنبول,دبلوم,التركية,متاح,#28D094,2026-2027,5000,5000,4500,2500,USD,-,0
398,14,جامعة بيروني,Topkapi Main Campus,"Merkezefendi, 75 Sk No:1-13 M.G. 34015, Zeytinburnu / Istanbul / Turkey",برمجة الكمبيوتر,تركيا,إسطنبول,دبلوم,التركية,متاح,#28D094,2026-2027,5000,5000,4500,2500,USD,-,0
397,14,جامعة بيروني,Topkapi Main Campus,"Merkezefendi, 75 Sk No:1-13 M.G. 34015, Zeytinburnu / Istanbul / Turkey",التخدير,تركيا,إسطنبول,دبلوم,التركية,متاح,#28D094,2026-2027,5000,5000,4500,2500,USD,-,0
396,14,جامعة بيروني,Topkapi Main Campus,"Merkezefendi, 75 Sk No:1-13 M.G. 34015, Zeytinburnu / Istanbul / Turkey",خدمات غرفة العمليات,تركيا,إسطنبول,دبلوم,التركية,متاح,#28D094,2026-2027,5000,5000,4500,2500,USD,-,0
395,14,جامعة بيروني,Topkapi Main Campus,"Merkezefendi, 75 Sk No:1-13 M.G. 34015, Zeytinburnu / Istanbul / Turkey",صحة الفم والأسنان,تركيا,إسطنبول,دبلوم,التركية,متاح,#28D094,2026-2027,5000,5000,4500,2500,USD,-,0
394,14,جامعة بيروني,Topkapi Main Campus,"Merkezefendi, 75 Sk No:1-13 M.G. 34015, Zeytinburnu / Istanbul / Turkey",إدارة الطوارئ والكوارث,تركيا,إسطنبول,دبلوم,التركية,متاح,#28D094,2026-2027,5000,5000,4500,2500,USD,-,0
393,14,جامعة بيروني,Topkapi Main Campus,"Merkezefendi, 75 Sk No:1-13 M.G. 34015, Zeytinburnu / Istanbul / Turkey",تطوير البرمجيات,تركيا,إسطنبول,بكالوريوس,التركية,متاح,#28D094,2026-2027,4000,4000,3600,2000,USD,-,0
392,14,جامعة بيروني,Topkapi Main Campus,"Merkezefendi, 75 Sk No:1-13 M.G. 34015, Zeytinburnu / Istanbul / Turkey",الترجمة التحريرية والشفهية (الإنجليزية),تركيا,إسطنبول,بكالوريوس,الإنجليزية,متاح,#28D094,2026-2027,4000,4000,3600,2000,USD,-,0
391,14,جامعة بيروني,Topkapi Main Campus,"Merkezefendi, 75 Sk No:1-13 M.G. 34015, Zeytinburnu / Istanbul / Turkey",فنون الطهي وفنون المطبخ,تركيا,إسطنبول,بكالوريوس,التركية,متاح,#28D094,2026-2027,4000,4000,3600,2000,USD,-,0
390,14,جامعة بيروني,Topkapi Main Campus,"Merkezefendi, 75 Sk No:1-13 M.G. 34015, Zeytinburnu / Istanbul / Turkey",علم السمع,تركيا,إسطنبول,بكالوريوس,التركية,متاح,#28D094,2026-2027,4000,4000,3600,2000,USD,-,0
389,14,جامعة بيروني,Topkapi Main Campus,"Merkezefendi, 75 Sk No:1-13 M.G. 34015, Zeytinburnu / Istanbul / Turkey",تمريض,تركيا,إسطنبول,بكالوريوس,التركية,متاح,#28D094,2026-2027,5000,5000,4500,2500,USD,-,0
388,14,جامعة بيروني,Topkapi Main Campus,"Merkezefendi, 75 Sk No:1-13 M.G. 34015, Zeytinburnu / Istanbul / Turkey",تمريض,تركيا,إسطنبول,بكالوريوس,الإنجليزية,متاح,#28D094,2026-2027,5000,5000,4500,2500,USD,-,0
387,14,جامعة بيروني,Topkapi Main Campus,"Merkezefendi, 75 Sk No:1-13 M.G. 34015, Zeytinburnu / Istanbul / Turkey",العلاج الطبيعي والتأهيل,تركيا,إسطنبول,بكالوريوس,الإنجليزية,متاح,#28D094,2026-2027,5000,5000,4500,2500,USD,-,0
386,14,جامعة بيروني,Topkapi Main Campus,"Merkezefendi, 75 Sk No:1-13 M.G. 34015, Zeytinburnu / Istanbul / Turkey",العلاج الطبيعي والتأهيل,تركيا,إسطنبول,بكالوريوس,التركية,متاح,#28D094,2026-2027,5000,5000,4500,2500,USD,-,0
385,14,جامعة بيروني,Topkapi Main Campus,"Merkezefendi, 75 Sk No:1-13 M.G. 34015, Zeytinburnu / Istanbul / Turkey",العلاج الوظيفي,تركيا,إسطنبول,بكالوريوس,التركية,متاح,#28D094,2026-2027,4000,4000,3600,2000,USD,-,0
384,14,جامعة بيروني,Topkapi Main Campus,"Merkezefendi, 75 Sk No:1-13 M.G. 34015, Zeytinburnu / Istanbul / Turkey",القبالة,تركيا,إسطنبول,بكالوريوس,التركية,متاح,#28D094,2026-2027,5000,5000,4500,2500,USD,-,0
383,14,جامعة بيروني,Topkapi Main Campus,"Merkezefendi, 75 Sk No:1-13 M.G. 34015, Zeytinburnu / Istanbul / Turkey",علاج النطق واللغة,تركيا,إسطنبول,بكالوريوس,الإنجليزية,متاح,#28D094,2026-2027,4000,4000,3600,2000,USD,-,0
382,14,جامعة بيروني,Topkapi Main Campus,"Merkezefendi, 75 Sk No:1-13 M.G. 34015, Zeytinburnu / Istanbul / Turkey",علاج النطق واللغة,تركيا,إسطنبول,بكالوريوس,التركية,متاح,#28D094,2026-2027,4000,4000,3600,2000,USD,-,0
381,14,جامعة بيروني,Topkapi Main Campus,"Merkezefendi, 75 Sk No:1-13 M.G. 34015, Zeytinburnu / Istanbul / Turkey",تنمية الطفل,تركيا,إسطنبول,بكالوريوس,التركية,متاح,#28D094,2026-2027,4000,4000,3600,2000,USD,-,0
380,14,جامعة بيروني,Topkapi Main Campus,"Merkezefendi, 75 Sk No:1-13 M.G. 34015, Zeytinburnu / Istanbul / Turkey",التغذية وعلم الحمية,تركيا,إسطنبول,بكالوريوس,التركية,متاح,#28D094,2026-2027,4000,4000,3600,2000,USD,-,0
379,14,جامعة بيروني,Topkapi Main Campus,"Merkezefendi, 75 Sk No:1-13 M.G. 34015, Zeytinburnu / Istanbul / Turkey",التصميم الصناعي,تركيا,إسطنبول,بكالوريوس,التركية,متاح,#28D094,2026-2027,4000,4000,3600,2000,USD,-,0
378,14,جامعة بيروني,Topkapi Main Campus,"Merkezefendi, 75 Sk No:1-13 M.G. 34015, Zeytinburnu / Istanbul / Turkey",هندسة البرمجيات,تركيا,إسطنبول,بكالوريوس,التركية,متاح,#28D094,2026-2027,5000,5000,4500,2500,USD,-,0
377,14,جامعة بيروني,Topkapi Main Campus,"Merkezefendi, 75 Sk No:1-13 M.G. 34015, Zeytinburnu / Istanbul / Turkey",الهندسة الكهربائية والإلكترونية,تركيا,إسطنبول,بكالوريوس,التركية,متاح,#28D094,2026-2027,4000,4000,3600,2000,USD,-,0
376,14,جامعة بيروني,Topkapi Main Campus,"Merkezefendi, 75 Sk No:1-13 M.G. 34015, Zeytinburnu / Istanbul / Turkey",الهندسة الطبية الحيوية,تركيا,إسطنبول,بكالوريوس,الإنجليزية,متاح,#28D094,2026-2027,5000,5000,4500,2500,USD,-,0
375,14,جامعة بيروني,Topkapi Main Campus,"Merkezefendi, 75 Sk No:1-13 M.G. 34015, Zeytinburnu / Istanbul / Turkey",هندسة الكمبيوتر,تركيا,إسطنبول,بكالوريوس,الإنجليزية,متاح,#28D094,2026-2027,5000,5000,4500,2500,USD,-,0
374,14,جامعة بيروني,Topkapi Main Campus,"Merkezefendi, 75 Sk No:1-13 M.G. 34015, Zeytinburnu / Istanbul / Turkey",هندسة الكمبيوتر,تركيا,إسطنبول,بكالوريوس,التركية,متاح,#28D094,2026-2027,5000,5000,4500,2500,USD,-,0
373,14,جامعة بيروني,Topkapi Main Campus,"Merkezefendi, 75 Sk No:1-13 M.G. 34015, Zeytinburnu / Istanbul / Turkey",البيولوجيا الجزيئية وعلم الوراثة,تركيا,إسطنبول,بكالوريوس,التركية,متاح,#28D094,2026-2027,5000,5000,4500,2500,USD,-,0
372,14,جامعة بيروني,Topkapi Main Campus,"Merkezefendi, 75 Sk No:1-13 M.G. 34015, Zeytinburnu / Istanbul / Turkey",البيولوجيا الجزيئية وعلم الوراثة,تركيا,إسطنبول,بكالوريوس,الإنجليزية,متاح,#28D094,2026-2027,5000,5000,4500,2500,USD,-,0
371,14,جامعة بيروني,Topkapi Main Campus,"Merkezefendi, 75 Sk No:1-13 M.G. 34015, Zeytinburnu / Istanbul / Turkey",الهندسة المعمارية الداخلية والتصميم البيئي,تركيا,إسطنبول,بكالوريوس,التركية,متاح,#28D094,2026-2027,5000,5000,4500,2500,USD,-,0
370,14,جامعة بيروني,Topkapi Main Campus,"Merkezefendi, 75 Sk No:1-13 M.G. 34015, Zeytinburnu / Istanbul / Turkey",الإرشاد والتوجيه النفسي,تركيا,إسطنبول,بكالوريوس,التركية,متاح,#28D094,2026-2027,4000,4000,3600,2000,USD,-,0
369,14,جامعة بيروني,Topkapi Main Campus,"Merkezefendi, 75 Sk No:1-13 M.G. 34015, Zeytinburnu / Istanbul / Turkey",التعليم الخاص,تركيا,إسطنبول,بكالوريوس,التركية,متاح,#28D094,2026-2027,5000,5000,4500,2500,USD,-,0
368,14,جامعة بيروني,Topkapi Main Campus,"Merkezefendi, 75 Sk No:1-13 M.G. 34015, Zeytinburnu / Istanbul / Turkey",تعليم ما قبل المدرسة,تركيا,إسطنبول,بكالوريوس,التركية,متاح,#28D094,2026-2027,5000,5000,4500,2500,USD,-,0
367,14,جامعة بيروني,Topkapi Main Campus,"Merkezefendi, 75 Sk No:1-13 M.G. 34015, Zeytinburnu / Istanbul / Turkey",تدريس اللغة الإنجليزية,تركيا,إسطنبول,بكالوريوس,الإنجليزية,متاح,#28D094,2026-2027,5000,5000,4500,2500,USD,-,0
366,14,جامعة بيروني,Topkapi Main Campus,"Merkezefendi, 75 Sk No:1-13 M.G. 34015, Zeytinburnu / Istanbul / Turkey",تعليم رياضيات المرحلة الابتدائية,تركيا,إسطنبول,بكالوريوس,التركية,متاح,#28D094,2026-2027,4000,4000,3600,2000,USD,-,0
365,14,جامعة بيروني,Topkapi Main Campus,"Merkezefendi, 75 Sk No:1-13 M.G. 34015, Zeytinburnu / Istanbul / Turkey",الصيدلة,تركيا,إسطنبول,بكالوريوس,التركية,متاح,#28D094,2026-2027,10000,10000,9000,5000,USD,-,0
364,14,جامعة بيروني,Topkapi Main Campus,"Merkezefendi, 75 Sk No:1-13 M.G. 34015, Zeytinburnu / Istanbul / Turkey",الصيدلة,تركيا,إسطنبول,بكالوريوس,الإنجليزية,متاح,#28D094,2026-2027,12000,12000,10800,6000,USD,-,0
363,14,جامعة بيروني,Topkapi Main Campus,"Merkezefendi, 75 Sk No:1-13 M.G. 34015, Zeytinburnu / Istanbul / Turkey",طب الأسنان,تركيا,إسطنبول,بكالوريوس,التركية,متاح,#28D094,2026-2027,19000,19000,17100,9500,USD,-,0
362,14,جامعة بيروني,Topkapi Main Campus,"Merkezefendi, 75 Sk No:1-13 M.G. 34015, Zeytinburnu / Istanbul / Turkey",طب الأسنان,تركيا,إسطنبول,بكالوريوس,الإنجليزية,متاح,#28D094,2026-2027,21000,21000,18900,10500,USD,-,0
361,14,جامعة بيروني,Topkapi Main Campus,"Merkezefendi, 75 Sk No:1-13 M.G. 34015, Zeytinburnu / Istanbul / Turkey",الطب البشري,تركيا,إسطنبول,بكالوريوس,التركية,متاح,#28D094,2026-2027,19000,19000,17100,9500,USD,-,0
360,14,جامعة بيروني,Topkapi Main Campus,"Merkezefendi, 75 Sk No:1-13 M.G. 34015, Zeytinburnu / Istanbul / Turkey",الطب البشري,تركيا,إسطنبول,بكالوريوس,الإنجليزية,متاح,#28D094,2026-2027,21000,21000,18900,10500,USD,-,0
359,19,جامعة إسطنبول آيدن,Florya Campus (Halit Aydın Campus),Beşyol Mah. İnönü Cad. No:38 Sefaköy-Küçükçekmece / Istanbul / Turkey,العلاج الطبيعي والتأهيل - دكتوراه مدمجة,تركيا,إسطنبول,دكتوراه,التركية,متاح,#28D094,2026-2027,15000,15000,15000,7500,USD,تصنيف المصدر: دكتوراه مدمجة. إجمالي رسوم البرنامج.,3000
358,19,جامعة إسطنبول آيدن,Florya Campus (Halit Aydın Campus),Beşyol Mah. İnönü Cad. No:38 Sefaköy-Küçükçekmece / Istanbul / Turkey,علم النفس العيادي - دكتوراه مدمجة,تركيا,إسطنبول,دكتوراه,التركية,متاح,#28D094,2026-2027,15000,15000,15000,7500,USD,تصنيف المصدر: دكتوراه مدمجة. رسوم دراسية سنوية.,3000
357,19,جامعة إسطنبول آيدن,Florya Campus (Halit Aydın Campus),Beşyol Mah. İnönü Cad. No:38 Sefaköy-Küçükçekmece / Istanbul / Turkey,التربية البدنية والرياضة - دكتوراه مدمجة,تركيا,إسطنبول,دكتوراه,التركية,متاح,#28D094,2026-2027,15000,15000,15000,7500,USD,تصنيف المصدر: دكتوراه مدمجة. إجمالي رسوم البرنامج.,3000
356,19,جامعة إسطنبول آيدن,Florya Campus (Halit Aydın Campus),Beşyol Mah. İnönü Cad. No:38 Sefaköy-Küçükçekmece / Istanbul / Turkey,التغذية وعلم التغذية - دكتوراه مدمجة,تركيا,إسطنبول,دكتوراه,التركية,متاح,#28D094,2026-2027,15000,15000,15000,7500,USD,تصنيف المصدر: دكتوراه مدمجة. إجمالي رسوم البرنامج.,3000
355,19,جامعة إسطنبول آيدن,Florya Campus (Halit Aydın Campus),Beşyol Mah. İnönü Cad. No:38 Sefaköy-Küçükçekmece / Istanbul / Turkey,علم الأحياء الدقيقة الطبية - دكتوراه مدمجة,تركيا,إسطنبول,دكتوراه,التركية,متاح,#28D094,2026-2027,15000,15000,15000,7500,USD,تصنيف المصدر: دكتوراه مدمجة. إجمالي رسوم البرنامج.,3000
354,19,جامعة إسطنبول آيدن,Florya Campus (Halit Aydın Campus),Beşyol Mah. İnönü Cad. No:38 Sefaköy-Küçükçekmece / Istanbul / Turkey,علم السمع - دكتوراه مدمجة,تركيا,إسطنبول,دكتوراه,التركية,متاح,#28D094,2026-2027,15000,15000,15000,7500,USD,تصنيف المصدر: دكتوراه مدمجة. إجمالي رسوم البرنامج.,3000
353,19,جامعة إسطنبول آيدن,Florya Campus (Halit Aydın Campus),Beşyol Mah. İnönü Cad. No:38 Sefaköy-Küçükçekmece / Istanbul / Turkey,سلامة الغذاء - دكتوراه مدمجة,تركيا,إسطنبول,دكتوراه,التركية,متاح,#28D094,2026-2027,15000,15000,15000,7500,USD,تصنيف المصدر: دكتوراه مدمجة. إجمالي رسوم البرنامج.,3000
351,19,جامعة إسطنبول آيدن,Florya Campus (Halit Aydın Campus),Beşyol Mah. İnönü Cad. No:38 Sefaköy-Küçükçekmece / Istanbul / Turkey,الهندسة الميكانيكية - دكتوراه مدمجة,تركيا,إسطنبول,دكتوراه,التركية,متاح,#28D094,2026-2027,15000,15000,15000,7500,USD,تصنيف المصدر: دكتوراه مدمجة. إجمالي رسوم البرنامج.,3000
350,19,جامعة إسطنبول آيدن,Florya Campus (Halit Aydın Campus),Beşyol Mah. İnönü Cad. No:38 Sefaköy-Küçükçekmece / Istanbul / Turkey,العمارة - دكتوراه مدمجة,تركيا,إسطنبول,دكتوراه,التركية,متاح,#28D094,2026-2027,15000,15000,15000,7500,USD,تصنيف المصدر: دكتوراه مدمجة. إجمالي رسوم البرنامج.,3000
349,19,جامعة إسطنبول آيدن,Florya Campus (Halit Aydın Campus),Beşyol Mah. İnönü Cad. No:38 Sefaköy-Küçükçekmece / Istanbul / Turkey,الصحة والسلامة المهنية - دكتوراه مدمجة,تركيا,إسطنبول,دكتوراه,التركية,متاح,#28D094,2026-2027,15000,15000,15000,7500,USD,تصنيف المصدر: دكتوراه مدمجة. إجمالي رسوم البرنامج.,3000
348,19,جامعة إسطنبول آيدن,Florya Campus (Halit Aydın Campus),Beşyol Mah. İnönü Cad. No:38 Sefaköy-Küçükçekmece / Istanbul / Turkey,الهندسة المدنية - دكتوراه مدمجة,تركيا,إسطنبول,دكتوراه,التركية,متاح,#28D094,2026-2027,15000,15000,15000,7500,USD,تصنيف المصدر: دكتوراه مدمجة. إجمالي رسوم البرنامج.,3000
347,19,جامعة إسطنبول آيدن,Florya Campus (Halit Aydın Campus),Beşyol Mah. İnönü Cad. No:38 Sefaköy-Küçükçekmece / Istanbul / Turkey,الهندسة الغذائية - دكتوراه مدمجة,تركيا,إسطنبول,دكتوراه,التركية,متاح,#28D094,2026-2027,15000,15000,15000,7500,USD,تصنيف المصدر: دكتوراه مدمجة. إجمالي رسوم البرنامج.,3000
345,19,جامعة إسطنبول آيدن,Florya Campus (Halit Aydın Campus),Beşyol Mah. İnönü Cad. No:38 Sefaköy-Küçükçekmece / Istanbul / Turkey,هندسة الكمبيوتر - دكتوراه مدمجة,تركيا,إسطنبول,دكتوراه,التركية,متاح,#28D094,2026-2027,15000,15000,15000,7500,USD,تصنيف المصدر: دكتوراه مدمجة. إجمالي رسوم البرنامج.,3000
344,19,جامعة إسطنبول آيدن,Florya Campus (Halit Aydın Campus),Beşyol Mah. İnönü Cad. No:38 Sefaköy-Küçükçekmece / Istanbul / Turkey,اللغة التركية وآدابها - دكتوراه مدمجة,تركيا,إسطنبول,دكتوراه,التركية,متاح,#28D094,2026-2027,15000,15000,15000,7500,USD,تصنيف المصدر: دكتوراه مدمجة. إجمالي رسوم البرنامج.,3000
343,19,جامعة إسطنبول آيدن,Florya Campus (Halit Aydın Campus),Beşyol Mah. İnönü Cad. No:38 Sefaköy-Küçükçekmece / Istanbul / Turkey,علم النفس التطبيقي - دكتوراه مدمجة,تركيا,إسطنبول,دكتوراه,التركية,متاح,#28D094,2026-2027,15000,15000,15000,7500,USD,تصنيف المصدر: دكتوراه مدمجة. إجمالي رسوم البرنامج.,3000
342,19,جامعة إسطنبول آيدن,Florya Campus (Halit Aydın Campus),Beşyol Mah. İnönü Cad. No:38 Sefaköy-Küçükçekmece / Istanbul / Turkey,التلفزيون والسينما - دكتوراه مدمجة,تركيا,إسطنبول,دكتوراه,التركية,متاح,#28D094,2026-2027,15000,15000,15000,7500,USD,تصنيف المصدر: دكتوراه مدمجة. إجمالي رسوم البرنامج.,3000
340,19,جامعة إسطنبول آيدن,Florya Campus (Halit Aydın Campus),Beşyol Mah. İnönü Cad. No:38 Sefaköy-Küçükçekmece / Istanbul / Turkey,التعليم ما قبل المدرسة - دكتوراه مدمجة,تركيا,إسطنبول,دكتوراه,التركية,متاح,#28D094,2026-2027,15000,15000,15000,7500,USD,تصنيف المصدر: دكتوراه مدمجة. إجمالي رسوم البرنامج.,3000
339,19,جامعة إسطنبول آيدن,Florya Campus (Halit Aydın Campus),Beşyol Mah. İnönü Cad. No:38 Sefaköy-Küçükçekmece / Istanbul / Turkey,القانون العام - دكتوراه مدمجة,تركيا,إسطنبول,دكتوراه,التركية,متاح,#28D094,2026-2027,15000,15000,15000,7500,USD,تصنيف المصدر: دكتوراه مدمجة. إجمالي رسوم البرنامج.,3000
338,19,جامعة إسطنبول آيدن,Florya Campus (Halit Aydın Campus),Beşyol Mah. İnönü Cad. No:38 Sefaköy-Küçükçekmece / Istanbul / Turkey,القانون الخاص - دكتوراه مدمجة,تركيا,إسطنبول,دكتوراه,التركية,متاح,#28D094,2026-2027,15000,15000,15000,7500,USD,تصنيف المصدر: دكتوراه مدمجة. إجمالي رسوم البرنامج.,3000
337,19,جامعة إسطنبول آيدن,Florya Campus (Halit Aydın Campus),Beşyol Mah. İnönü Cad. No:38 Sefaköy-Küçükçekmece / Istanbul / Turkey,المحاسبة والتدقيق - دكتوراه مدمجة,تركيا,إسطنبول,دكتوراه,التركية,متاح,#28D094,2026-2027,15000,15000,15000,7500,USD,تصنيف المصدر: دكتوراه مدمجة. إجمالي رسوم البرنامج.,3000
336,19,جامعة إسطنبول آيدن,Florya Campus (Halit Aydın Campus),Beşyol Mah. İnönü Cad. No:38 Sefaköy-Küçükçekmece / Istanbul / Turkey,التصميم الجرافيكي - دكتوراه مدمجة,تركيا,إسطنبول,دكتوراه,التركية,متاح,#28D094,2026-2027,15000,15000,15000,7500,USD,تصنيف المصدر: دكتوراه مدمجة. إجمالي رسوم البرنامج.,3000
333,19,جامعة إسطنبول آيدن,Florya Campus (Halit Aydın Campus),Beşyol Mah. İnönü Cad. No:38 Sefaköy-Küçükçekmece / Istanbul / Turkey,العلاقات العامة والدعاية - دكتوراه مدمجة,تركيا,إسطنبول,دكتوراه,التركية,متاح,#28D094,2026-2027,15000,15000,15000,7500,USD,تصنيف المصدر: دكتوراه مدمجة. إجمالي رسوم البرنامج.,3000
332,19,جامعة إسطنبول آيدن,Florya Campus (Halit Aydın Campus),Beşyol Mah. İnönü Cad. No:38 Sefaköy-Küçükçekmece / Istanbul / Turkey,تنمية الطفل - دكتوراه مدمجة,تركيا,إسطنبول,دكتوراه,التركية,متاح,#28D094,2026-2027,15000,15000,15000,7500,USD,تصنيف المصدر: دكتوراه مدمجة. إجمالي رسوم البرنامج.,3000
330,19,جامعة إسطنبول آيدن,Florya Campus (Halit Aydın Campus),Beşyol Mah. İnönü Cad. No:38 Sefaköy-Küçükçekmece / Istanbul / Turkey,إدارة الأعمال - دكتوراه مدمجة,تركيا,إسطنبول,دكتوراه,التركية,متاح,#28D094,2026-2027,15000,15000,15000,7500,USD,تصنيف المصدر: دكتوراه مدمجة. إجمالي رسوم البرنامج.,3000
329,19,جامعة إسطنبول آيدن,Florya Campus (Halit Aydın Campus),Beşyol Mah. İnönü Cad. No:38 Sefaköy-Küçükçekmece / Istanbul / Turkey,طب أسنان الأطفال,تركيا,إسطنبول,دكتوراه,التركية,متاح,#28D094,2026-2027,20000,20000,20000,10000,USD,رسوم دراسية سنوية,3000
328,19,جامعة إسطنبول آيدن,Florya Campus (Halit Aydın Campus),Beşyol Mah. İnönü Cad. No:38 Sefaköy-Küçükçekmece / Istanbul / Turkey,طب الأسنان التعويضي,تركيا,إسطنبول,دكتوراه,التركية,متاح,#28D094,2026-2027,20000,20000,20000,10000,USD,رسوم دراسية سنوية,3000
327,19,جامعة إسطنبول آيدن,Florya Campus (Halit Aydın Campus),Beşyol Mah. İnönü Cad. No:38 Sefaköy-Küçükçekmece / Istanbul / Turkey,طب اللثة,تركيا,إسطنبول,دكتوراه,التركية,متاح,#28D094,2026-2027,20000,20000,20000,10000,USD,رسوم دراسية سنوية,3000
326,19,جامعة إسطنبول آيدن,Florya Campus (Halit Aydın Campus),Beşyol Mah. İnönü Cad. No:38 Sefaköy-Küçükçekmece / Istanbul / Turkey,تقويم الأسنان,تركيا,إسطنبول,دكتوراه,التركية,متاح,#28D094,2026-2027,20000,20000,20000,10000,USD,رسوم دراسية سنوية,3000
325,19,جامعة إسطنبول آيدن,Florya Campus (Halit Aydın Campus),Beşyol Mah. İnönü Cad. No:38 Sefaköy-Küçükçekmece / Istanbul / Turkey,علاج جذور الأسنان,تركيا,إسطنبول,دكتوراه,التركية,متاح,#28D094,2026-2027,20000,20000,20000,10000,USD,رسوم دراسية سنوية,3000
324,19,جامعة إسطنبول آيدن,Florya Campus (Halit Aydın Campus),Beşyol Mah. İnönü Cad. No:38 Sefaköy-Küçükçekmece / Istanbul / Turkey,جراحة الفم والوجه والفكين,تركيا,إسطنبول,دكتوراه,التركية,متاح,#28D094,2026-2027,20000,20000,20000,10000,USD,رسوم دراسية سنوية,3000
323,19,جامعة إسطنبول آيدن,Florya Campus (Halit Aydın Campus),Beşyol Mah. İnönü Cad. No:38 Sefaköy-Küçükçekmece / Istanbul / Turkey,التغذية وعلم الحمية,تركيا,إسطنبول,دكتوراه,التركية,متاح,#28D094,2026-2027,12000,12000,12000,6000,USD,إجمالي رسوم البرنامج,3000
322,19,جامعة إسطنبول آيدن,Florya Campus (Halit Aydın Campus),Beşyol Mah. İnönü Cad. No:38 Sefaköy-Küçükçekmece / Istanbul / Turkey,العلاج الطبيعي والتأهيل,تركيا,إسطنبول,دكتوراه,التركية,متاح,#28D094,2026-2027,12000,12000,12000,6000,USD,إجمالي رسوم البرنامج,3000
321,19,جامعة إسطنبول آيدن,Florya Campus (Halit Aydın Campus),Beşyol Mah. İnönü Cad. No:38 Sefaköy-Küçükçekmece / Istanbul / Turkey,علم النفس العيادي,تركيا,إسطنبول,دكتوراه,التركية,متاح,#28D094,2026-2027,15000,15000,15000,7500,USD,رسوم دراسية سنوية,3000
320,19,جامعة إسطنبول آيدن,Florya Campus (Halit Aydın Campus),Beşyol Mah. İnönü Cad. No:38 Sefaköy-Küçükçekmece / Istanbul / Turkey,التربية البدنية والرياضة,تركيا,إسطنبول,دكتوراه,التركية,متاح,#28D094,2026-2027,12000,12000,12000,6000,USD,إجمالي رسوم البرنامج,3000
319,19,جامعة إسطنبول آيدن,Florya Campus (Halit Aydın Campus),Beşyol Mah. İnönü Cad. No:38 Sefaköy-Küçükçekmece / Istanbul / Turkey,علم الأحياء الدقيقة الطبية,تركيا,إسطنبول,دكتوراه,التركية,متاح,#28D094,2026-2027,12000,12000,12000,6000,USD,إجمالي رسوم البرنامج,3000
318,19,جامعة إسطنبول آيدن,Florya Campus (Halit Aydın Campus),Beşyol Mah. İnönü Cad. No:38 Sefaköy-Küçükçekmece / Istanbul / Turkey,علم السمع,تركيا,إسطنبول,دكتوراه,التركية,متاح,#28D094,2026-2027,12000,12000,12000,6000,USD,إجمالي رسوم البرنامج,3000
317,19,جامعة إسطنبول آيدن,Florya Campus (Halit Aydın Campus),Beşyol Mah. İnönü Cad. No:38 Sefaköy-Küçükçekmece / Istanbul / Turkey,سلامة الغذاء,تركيا,إسطنبول,دكتوراه,التركية,متاح,#28D094,2026-2027,12000,12000,12000,6000,USD,إجمالي رسوم البرنامج,3000
315,19,جامعة إسطنبول آيدن,Florya Campus (Halit Aydın Campus),Beşyol Mah. İnönü Cad. No:38 Sefaköy-Küçükçekmece / Istanbul / Turkey,الهندسة الميكانيكية,تركيا,إسطنبول,دكتوراه,التركية,متاح,#28D094,2026-2027,12000,12000,12000,6000,USD,إجمالي رسوم البرنامج,3000
314,19,جامعة إسطنبول آيدن,Florya Campus (Halit Aydın Campus),Beşyol Mah. İnönü Cad. No:38 Sefaköy-Küçükçekmece / Istanbul / Turkey,العمارة,تركيا,إسطنبول,دكتوراه,التركية,متاح,#28D094,2026-2027,12000,12000,12000,6000,USD,إجمالي رسوم البرنامج,3000
313,19,جامعة إسطنبول آيدن,Florya Campus (Halit Aydın Campus),Beşyol Mah. İnönü Cad. No:38 Sefaköy-Küçükçekmece / Istanbul / Turkey,الصحة والسلامة المهنية,تركيا,إسطنبول,دكتوراه,التركية,متاح,#28D094,2026-2027,12000,12000,12000,6000,USD,إجمالي رسوم البرنامج,3000
312,19,جامعة إسطنبول آيدن,Florya Campus (Halit Aydın Campus),Beşyol Mah. İnönü Cad. No:38 Sefaköy-Küçükçekmece / Istanbul / Turkey,الهندسة المدنية,تركيا,إسطنبول,دكتوراه,التركية,متاح,#28D094,2026-2027,12000,12000,12000,6000,USD,إجمالي رسوم البرنامج,3000
311,19,جامعة إسطنبول آيدن,Florya Campus (Halit Aydın Campus),Beşyol Mah. İnönü Cad. No:38 Sefaköy-Küçükçekmece / Istanbul / Turkey,الهندسة الغذائية,تركيا,إسطنبول,دكتوراه,التركية,متاح,#28D094,2026-2027,12000,12000,12000,6000,USD,إجمالي رسوم البرنامج,3000
309,19,جامعة إسطنبول آيدن,Florya Campus (Halit Aydın Campus),Beşyol Mah. İnönü Cad. No:38 Sefaköy-Küçükçekmece / Istanbul / Turkey,هندسة الكمبيوتر,تركيا,إسطنبول,دكتوراه,التركية,متاح,#28D094,2026-2027,12000,12000,12000,6000,USD,إجمالي رسوم البرنامج,3000
308,19,جامعة إسطنبول آيدن,Florya Campus (Halit Aydın Campus),Beşyol Mah. İnönü Cad. No:38 Sefaköy-Küçükçekmece / Istanbul / Turkey,اللغة التركية وآدابها,تركيا,إسطنبول,دكتوراه,التركية,متاح,#28D094,2026-2027,12000,12000,12000,6000,USD,إجمالي رسوم البرنامج,3000
307,19,جامعة إسطنبول آيدن,Florya Campus (Halit Aydın Campus),Beşyol Mah. İnönü Cad. No:38 Sefaköy-Küçükçekmece / Istanbul / Turkey,التلفزيون والسينما,تركيا,إسطنبول,دكتوراه,التركية,متاح,#28D094,2026-2027,12000,12000,12000,6000,USD,إجمالي رسوم البرنامج,3000
305,19,جامعة إسطنبول آيدن,Florya Campus (Halit Aydın Campus),Beşyol Mah. İnönü Cad. No:38 Sefaköy-Küçükçekmece / Istanbul / Turkey,علم النفس التطبيقي,تركيا,إسطنبول,دكتوراه,التركية,متاح,#28D094,2026-2027,12000,12000,12000,6000,USD,إجمالي رسوم البرنامج,3000
304,19,جامعة إسطنبول آيدن,Florya Campus (Halit Aydın Campus),Beşyol Mah. İnönü Cad. No:38 Sefaköy-Küçükçekmece / Istanbul / Turkey,تعليم ما قبل المدرسة,تركيا,إسطنبول,دكتوراه,التركية,متاح,#28D094,2026-2027,12000,12000,12000,6000,USD,إجمالي رسوم البرنامج,3000
303,19,جامعة إسطنبول آيدن,Florya Campus (Halit Aydın Campus),Beşyol Mah. İnönü Cad. No:38 Sefaköy-Küçükçekmece / Istanbul / Turkey,البيولوجيا الجزيئية وعلم الوراثة,تركيا,إسطنبول,دكتوراه,التركية,متاح,#28D094,2026-2027,12000,12000,12000,6000,USD,إجمالي رسوم البرنامج,3000
302,19,جامعة إسطنبول آيدن,Florya Campus (Halit Aydın Campus),Beşyol Mah. İnönü Cad. No:38 Sefaköy-Küçükçekmece / Istanbul / Turkey,القانون العام,تركيا,إسطنبول,دكتوراه,التركية,متاح,#28D094,2026-2027,12000,12000,12000,6000,USD,إجمالي رسوم البرنامج,3000
301,19,جامعة إسطنبول آيدن,Florya Campus (Halit Aydın Campus),Beşyol Mah. İnönü Cad. No:38 Sefaköy-Küçükçekmece / Istanbul / Turkey,القانون الخاص,تركيا,إسطنبول,دكتوراه,التركية,متاح,#28D094,2026-2027,12000,12000,12000,6000,USD,إجمالي رسوم البرنامج,3000
300,19,جامعة إسطنبول آيدن,Florya Campus (Halit Aydın Campus),Beşyol Mah. İnönü Cad. No:38 Sefaköy-Küçükçekmece / Istanbul / Turkey,المحاسبة والتدقيق,تركيا,إسطنبول,دكتوراه,التركية,متاح,#28D094,2026-2027,12000,12000,12000,6000,USD,إجمالي رسوم البرنامج,3000
299,19,جامعة إسطنبول آيدن,Florya Campus (Halit Aydın Campus),Beşyol Mah. İnönü Cad. No:38 Sefaköy-Küçükçekmece / Istanbul / Turkey,التصميم الجرافيكي,تركيا,إسطنبول,دكتوراه,التركية,متاح,#28D094,2026-2027,12000,12000,12000,6000,USD,إجمالي رسوم البرنامج,3000
296,19,جامعة إسطنبول آيدن,Florya Campus (Halit Aydın Campus),Beşyol Mah. İnönü Cad. No:38 Sefaköy-Küçükçekmece / Istanbul / Turkey,العلاقات العامة والدعاية,تركيا,إسطنبول,دكتوراه,التركية,متاح,#28D094,2026-2027,12000,12000,12000,6000,USD,إجمالي رسوم البرنامج,3000
295,19,جامعة إسطنبول آيدن,Florya Campus (Halit Aydın Campus),Beşyol Mah. İnönü Cad. No:38 Sefaköy-Küçükçekmece / Istanbul / Turkey,تنمية الطفل,تركيا,إسطنبول,دكتوراه,التركية,متاح,#28D094,2026-2027,12000,12000,12000,6000,USD,إجمالي رسوم البرنامج,3000
293,19,جامعة إسطنبول آيدن,Florya Campus (Halit Aydın Campus),Beşyol Mah. İnönü Cad. No:38 Sefaköy-Küçükçekmece / Istanbul / Turkey,إدارة الأعمال,تركيا,إسطنبول,دكتوراه,التركية,متاح,#28D094,2026-2027,12000,12000,12000,6000,USD,إجمالي رسوم البرنامج,3000
292,19,جامعة إسطنبول آيدن,Florya Campus (Halit Aydın Campus),Beşyol Mah. İnönü Cad. No:38 Sefaköy-Küçükçekmece / Istanbul / Turkey,التدريب على اللغة العربية,تركيا,إسطنبول,دكتوراه,التركية,متاح,#28D094,2026-2027,12000,12000,12000,6000,USD,إجمالي رسوم البرنامج,3000
291,19,جامعة إسطنبول آيدن,Florya Campus (Halit Aydın Campus),Beşyol Mah. İnönü Cad. No:38 Sefaköy-Küçükçekmece / Istanbul / Turkey,الصيدلة الطبية,تركيا,إسطنبول,ماجستير بدون أطروحة,التركية,متاح,#28D094,2026-2027,9000,9000,9000,4500,USD,إجمالي رسوم البرنامج,3000
290,19,جامعة إسطنبول آيدن,Florya Campus (Halit Aydın Campus),Beşyol Mah. İnönü Cad. No:38 Sefaköy-Küçükçekmece / Istanbul / Turkey,الصيدلة الطبية,تركيا,إسطنبول,ماجستير مع أطروحة,التركية,متاح,#28D094,2026-2027,10000,10000,10000,5000,USD,إجمالي رسوم البرنامج,3000
289,19,جامعة إسطنبول آيدن,Florya Campus (Halit Aydın Campus),Beşyol Mah. İnönü Cad. No:38 Sefaköy-Küçükçekmece / Istanbul / Turkey,إدارة الصحة,تركيا,إسطنبول,ماجستير بدون أطروحة,التركية,متاح,#28D094,2026-2027,9000,9000,9000,4500,USD,إجمالي رسوم البرنامج,3000
288,19,جامعة إسطنبول آيدن,Florya Campus (Halit Aydın Campus),Beşyol Mah. İnönü Cad. No:38 Sefaköy-Küçükçekmece / Istanbul / Turkey,إدارة الصحة,تركيا,إسطنبول,ماجستير مع أطروحة,التركية,متاح,#28D094,2026-2027,10000,10000,10000,5000,USD,إجمالي رسوم البرنامج,3000
287,19,جامعة إسطنبول آيدن,Florya Campus (Halit Aydın Campus),Beşyol Mah. İnönü Cad. No:38 Sefaköy-Küçükçekmece / Istanbul / Turkey,فيزياء الصحة,تركيا,إسطنبول,ماجستير مع أطروحة,التركية,متاح,#28D094,2026-2027,10000,10000,10000,5000,USD,إجمالي رسوم البرنامج,3000
286,19,جامعة إسطنبول آيدن,Florya Campus (Halit Aydın Campus),Beşyol Mah. İnönü Cad. No:38 Sefaköy-Küçükçekmece / Istanbul / Turkey,العلاج الطبيعي والتأهيل,تركيا,إسطنبول,ماجستير بدون أطروحة,التركية,متاح,#28D094,2026-2027,9000,9000,9000,4500,USD,إجمالي رسوم البرنامج,3000
285,19,جامعة إسطنبول آيدن,Florya Campus (Halit Aydın Campus),Beşyol Mah. İnönü Cad. No:38 Sefaköy-Küçükçekmece / Istanbul / Turkey,العلاج الطبيعي والتأهيل,تركيا,إسطنبول,ماجستير مع أطروحة,التركية,متاح,#28D094,2026-2027,10000,10000,10000,5000,USD,إجمالي رسوم البرنامج,3000
284,19,جامعة إسطنبول آيدن,Florya Campus (Halit Aydın Campus),Beşyol Mah. İnönü Cad. No:38 Sefaköy-Küçükçekmece / Istanbul / Turkey,التربية البدنية والرياضة,تركيا,إسطنبول,ماجستير مع أطروحة,التركية,متاح,#28D094,2026-2027,10000,10000,10000,5000,USD,إجمالي رسوم البرنامج,3000
283,19,جامعة إسطنبول آيدن,Florya Campus (Halit Aydın Campus),Beşyol Mah. İnönü Cad. No:38 Sefaköy-Küçükçekmece / Istanbul / Turkey,استشارات عائلية,تركيا,إسطنبول,ماجستير بدون أطروحة,التركية,متاح,#28D094,2026-2027,9000,9000,9000,4500,USD,إجمالي رسوم البرنامج,3000
282,19,جامعة إسطنبول آيدن,Florya Campus (Halit Aydın Campus),Beşyol Mah. İnönü Cad. No:38 Sefaköy-Küçükçekmece / Istanbul / Turkey,استشارات عائلية,تركيا,إسطنبول,ماجستير مع أطروحة,التركية,متاح,#28D094,2026-2027,10000,10000,10000,5000,USD,إجمالي رسوم البرنامج,3000
281,19,جامعة إسطنبول آيدن,Florya Campus (Halit Aydın Campus),Beşyol Mah. İnönü Cad. No:38 Sefaköy-Küçükçekmece / Istanbul / Turkey,علم الأحياء الدقيقة الطبية,تركيا,إسطنبول,ماجستير مع أطروحة,التركية,متاح,#28D094,2026-2027,10000,10000,10000,5000,USD,إجمالي رسوم البرنامج,3000
280,19,جامعة إسطنبول آيدن,Florya Campus (Halit Aydın Campus),Beşyol Mah. İnönü Cad. No:38 Sefaköy-Küçükçekmece / Istanbul / Turkey,العمل الاجتماعي,تركيا,إسطنبول,ماجستير بدون أطروحة,التركية,متاح,#28D094,2026-2027,9000,9000,9000,4500,USD,إجمالي رسوم البرنامج,3000
279,19,جامعة إسطنبول آيدن,Florya Campus (Halit Aydın Campus),Beşyol Mah. İnönü Cad. No:38 Sefaköy-Küçükçekmece / Istanbul / Turkey,العمل الاجتماعي,تركيا,إسطنبول,ماجستير مع أطروحة,التركية,متاح,#28D094,2026-2027,10000,10000,10000,5000,USD,إجمالي رسوم البرنامج,3000
278,19,جامعة إسطنبول آيدن,Florya Campus (Halit Aydın Campus),Beşyol Mah. İnönü Cad. No:38 Sefaköy-Küçükçekmece / Istanbul / Turkey,علم السمع,تركيا,إسطنبول,ماجستير مع أطروحة,التركية,متاح,#28D094,2026-2027,10000,10000,10000,5000,USD,إجمالي رسوم البرنامج,3000
277,19,جامعة إسطنبول آيدن,Florya Campus (Halit Aydın Campus),Beşyol Mah. İnönü Cad. No:38 Sefaköy-Küçükçekmece / Istanbul / Turkey,تغذية الرياضيين,تركيا,إسطنبول,ماجستير بدون أطروحة,التركية,متاح,#28D094,2026-2027,9000,9000,9000,4500,USD,إجمالي رسوم البرنامج,3000
276,19,جامعة إسطنبول آيدن,Florya Campus (Halit Aydın Campus),Beşyol Mah. İnönü Cad. No:38 Sefaköy-Küçükçekmece / Istanbul / Turkey,تغذية الرياضيين,تركيا,إسطنبول,ماجستير مع أطروحة,التركية,متاح,#28D094,2026-2027,10000,10000,10000,5000,USD,إجمالي رسوم البرنامج,3000
275,19,جامعة إسطنبول آيدن,Florya Campus (Halit Aydın Campus),Beşyol Mah. İnönü Cad. No:38 Sefaköy-Küçükçekmece / Istanbul / Turkey,التغذية وعلم الحمية,تركيا,إسطنبول,ماجستير بدون أطروحة,التركية,متاح,#28D094,2026-2027,9000,9000,9000,4500,USD,إجمالي رسوم البرنامج,3000
274,19,جامعة إسطنبول آيدن,Florya Campus (Halit Aydın Campus),Beşyol Mah. İnönü Cad. No:38 Sefaköy-Küçükçekmece / Istanbul / Turkey,التغذية وعلم الحمية,تركيا,إسطنبول,ماجستير مع أطروحة,التركية,متاح,#28D094,2026-2027,10000,10000,10000,5000,USD,إجمالي رسوم البرنامج,3000
273,19,جامعة إسطنبول آيدن,Florya Campus (Halit Aydın Campus),Beşyol Mah. İnönü Cad. No:38 Sefaköy-Küçükçekmece / Istanbul / Turkey,الطب الجزيئي,تركيا,إسطنبول,ماجستير مع أطروحة,التركية,متاح,#28D094,2026-2027,10000,10000,10000,5000,USD,إجمالي رسوم البرنامج,3000
272,19,جامعة إسطنبول آيدن,Florya Campus (Halit Aydın Campus),Beşyol Mah. İnönü Cad. No:38 Sefaköy-Küçükçekmece / Istanbul / Turkey,تمريض الأمراض الجراحية,تركيا,إسطنبول,ماجستير بدون أطروحة,التركية,متاح,#28D094,2026-2027,9000,9000,9000,4500,USD,إجمالي رسوم البرنامج,3000
271,19,جامعة إسطنبول آيدن,Florya Campus (Halit Aydın Campus),Beşyol Mah. İnönü Cad. No:38 Sefaköy-Küçükçekmece / Istanbul / Turkey,تمريض الأمراض الجراحية,تركيا,إسطنبول,ماجستير مع أطروحة,التركية,متاح,#28D094,2026-2027,10000,10000,10000,5000,USD,إجمالي رسوم البرنامج,3000
270,19,جامعة إسطنبول آيدن,Florya Campus (Halit Aydın Campus),Beşyol Mah. İnönü Cad. No:38 Sefaköy-Küçükçekmece / Istanbul / Turkey,علم النفس العيادي,تركيا,إسطنبول,ماجستير بدون أطروحة,التركية,متاح,#28D094,2026-2027,11000,11000,11000,5500,USD,رسوم دراسية سنوية,3000
269,19,جامعة إسطنبول آيدن,Florya Campus (Halit Aydın Campus),Beşyol Mah. İnönü Cad. No:38 Sefaköy-Küçükçekmece / Istanbul / Turkey,علم النفس العيادي,تركيا,إسطنبول,ماجستير مع أطروحة,التركية,متاح,#28D094,2026-2027,11000,11000,11000,5500,USD,رسوم دراسية سنوية,3000
268,19,جامعة إسطنبول آيدن,Florya Campus (Halit Aydın Campus),Beşyol Mah. İnönü Cad. No:38 Sefaköy-Küçükçekmece / Istanbul / Turkey,الذكاء الاصطناعي وعلوم البيانات,تركيا,إسطنبول,ماجستير مع أطروحة,الإنجليزية,متاح,#28D094,2026-2027,12000,12000,12000,6000,USD,إجمالي رسوم البرنامج,6000
267,19,جامعة إسطنبول آيدن,Florya Campus (Halit Aydın Campus),Beşyol Mah. İnönü Cad. No:38 Sefaköy-Küçükçekmece / Istanbul / Turkey,الهندسة الميكانيكية,تركيا,إسطنبول,ماجستير مع أطروحة,التركية,متاح,#28D094,2026-2027,9000,9000,9000,4500,USD,إجمالي رسوم البرنامج,3000
266,19,جامعة إسطنبول آيدن,Florya Campus (Halit Aydın Campus),Beşyol Mah. İnönü Cad. No:38 Sefaköy-Küçükçekmece / Istanbul / Turkey,الهندسة الميكانيكية,تركيا,إسطنبول,ماجستير مع أطروحة,الإنجليزية,متاح,#28D094,2026-2027,12000,12000,12000,6000,USD,إجمالي رسوم البرنامج,6000
265,19,جامعة إسطنبول آيدن,Florya Campus (Halit Aydın Campus),Beşyol Mah. İnönü Cad. No:38 Sefaköy-Küçükçekmece / Istanbul / Turkey,التجديد الحضري,تركيا,إسطنبول,ماجستير مع أطروحة,التركية,متاح,#28D094,2026-2027,9000,9000,9000,4500,USD,إجمالي رسوم البرنامج,3000
264,19,جامعة إسطنبول آيدن,Florya Campus (Halit Aydın Campus),Beşyol Mah. İnönü Cad. No:38 Sefaköy-Küçükçekmece / Istanbul / Turkey,العمارة,تركيا,إسطنبول,ماجستير بدون أطروحة,التركية,متاح,#28D094,2026-2027,8000,8000,8000,4000,USD,إجمالي رسوم البرنامج,3000
263,19,جامعة إسطنبول آيدن,Florya Campus (Halit Aydın Campus),Beşyol Mah. İnönü Cad. No:38 Sefaköy-Küçükçekmece / Istanbul / Turkey,العمارة,تركيا,إسطنبول,ماجستير مع أطروحة,التركية,متاح,#28D094,2026-2027,9000,9000,9000,4500,USD,إجمالي رسوم البرنامج,3000
262,19,جامعة إسطنبول آيدن,Florya Campus (Halit Aydın Campus),Beşyol Mah. İnönü Cad. No:38 Sefaköy-Küçükçekmece / Istanbul / Turkey,التصميم المعماري,تركيا,إسطنبول,ماجستير بدون أطروحة,التركية,متاح,#28D094,2026-2027,8000,8000,8000,4000,USD,إجمالي رسوم البرنامج,3000
261,19,جامعة إسطنبول آيدن,Florya Campus (Halit Aydın Campus),Beşyol Mah. İnönü Cad. No:38 Sefaköy-Küçükçekmece / Istanbul / Turkey,التصميم المعماري,تركيا,إسطنبول,ماجستير مع أطروحة,التركية,متاح,#28D094,2026-2027,9000,9000,9000,4500,USD,إجمالي رسوم البرنامج,3000
260,19,جامعة إسطنبول آيدن,Florya Campus (Halit Aydın Campus),Beşyol Mah. İnönü Cad. No:38 Sefaköy-Küçükçekmece / Istanbul / Turkey,التصميم الحضري,تركيا,إسطنبول,ماجستير بدون أطروحة,التركية,متاح,#28D094,2026-2027,8000,8000,8000,4000,USD,إجمالي رسوم البرنامج,3000
259,19,جامعة إسطنبول آيدن,Florya Campus (Halit Aydın Campus),Beşyol Mah. İnönü Cad. No:38 Sefaköy-Küçükçekmece / Istanbul / Turkey,الصحة والسلامة المهنية,تركيا,إسطنبول,ماجستير بدون أطروحة,التركية,متاح,#28D094,2026-2027,8000,8000,8000,4000,USD,إجمالي رسوم البرنامج,3000
258,19,جامعة إسطنبول آيدن,Florya Campus (Halit Aydın Campus),Beşyol Mah. İnönü Cad. No:38 Sefaköy-Küçükçekmece / Istanbul / Turkey,الصحة والسلامة المهنية,تركيا,إسطنبول,ماجستير مع أطروحة,التركية,متاح,#28D094,2026-2027,9000,9000,9000,4500,USD,إجمالي رسوم البرنامج,3000
257,19,جامعة إسطنبول آيدن,Florya Campus (Halit Aydın Campus),Beşyol Mah. İnönü Cad. No:38 Sefaköy-Küçükçekmece / Istanbul / Turkey,الهندسة المدنية وإدارة المشاريع,تركيا,إسطنبول,ماجستير بدون أطروحة,التركية,متاح,#28D094,2026-2027,8000,8000,8000,4000,USD,إجمالي رسوم البرنامج,3000
256,19,جامعة إسطنبول آيدن,Florya Campus (Halit Aydın Campus),Beşyol Mah. İnönü Cad. No:38 Sefaköy-Küçükçekmece / Istanbul / Turkey,الهندسة الصناعية,تركيا,إسطنبول,ماجستير بدون أطروحة,الإنجليزية,متاح,#28D094,2026-2027,10000,10000,10000,5000,USD,إجمالي رسوم البرنامج,6000
255,19,جامعة إسطنبول آيدن,Florya Campus (Halit Aydın Campus),Beşyol Mah. İnönü Cad. No:38 Sefaköy-Küçükçekmece / Istanbul / Turkey,الهندسة الصناعية,تركيا,إسطنبول,ماجستير مع أطروحة,الإنجليزية,متاح,#28D094,2026-2027,12000,12000,12000,6000,USD,إجمالي رسوم البرنامج,6000
254,19,جامعة إسطنبول آيدن,Florya Campus (Halit Aydın Campus),Beşyol Mah. İnönü Cad. No:38 Sefaköy-Küçükçekmece / Istanbul / Turkey,هندسة البناء والزلازل,تركيا,إسطنبول,ماجستير بدون أطروحة,التركية,متاح,#28D094,2026-2027,8000,8000,8000,4000,USD,إجمالي رسوم البرنامج,3000
253,19,جامعة إسطنبول آيدن,Florya Campus (Halit Aydın Campus),Beşyol Mah. İnönü Cad. No:38 Sefaköy-Küçükçekmece / Istanbul / Turkey,هندسة البناء والزلازل,تركيا,إسطنبول,ماجستير مع أطروحة,التركية,متاح,#28D094,2026-2027,9000,9000,9000,4500,USD,إجمالي رسوم البرنامج,3000
252,19,جامعة إسطنبول آيدن,Florya Campus (Halit Aydın Campus),Beşyol Mah. İnönü Cad. No:38 Sefaköy-Küçükçekmece / Istanbul / Turkey,الهندسة المدنية,تركيا,إسطنبول,ماجستير بدون أطروحة,الإنجليزية,متاح,#28D094,2026-2027,10000,10000,10000,5000,USD,إجمالي رسوم البرنامج,6000
251,19,جامعة إسطنبول آيدن,Florya Campus (Halit Aydın Campus),Beşyol Mah. İnönü Cad. No:38 Sefaköy-Küçükçekmece / Istanbul / Turkey,الهندسة المدنية,تركيا,إسطنبول,ماجستير مع أطروحة,الإنجليزية,متاح,#28D094,2026-2027,12000,12000,12000,6000,USD,إجمالي رسوم البرنامج,6000
250,19,جامعة إسطنبول آيدن,Florya Campus (Halit Aydın Campus),Beşyol Mah. İnönü Cad. No:38 Sefaköy-Küçükçekmece / Istanbul / Turkey,الهندسة المدنية,تركيا,إسطنبول,ماجستير مع أطروحة,التركية,متاح,#28D094,2026-2027,9000,9000,9000,4500,USD,إجمالي رسوم البرنامج,3000
249,19,جامعة إسطنبول آيدن,Florya Campus (Halit Aydın Campus),Beşyol Mah. İnönü Cad. No:38 Sefaköy-Küçükçekmece / Istanbul / Turkey,الهندسة الغذائية,تركيا,إسطنبول,ماجستير مع أطروحة,التركية,متاح,#28D094,2026-2027,9000,9000,9000,4500,USD,إجمالي رسوم البرنامج,3000
248,19,جامعة إسطنبول آيدن,Florya Campus (Halit Aydın Campus),Beşyol Mah. İnönü Cad. No:38 Sefaköy-Küçükçekmece / Istanbul / Turkey,سلامة الغذاء,تركيا,إسطنبول,ماجستير مع أطروحة,التركية,متاح,#28D094,2026-2027,9000,9000,9000,4500,USD,إجمالي رسوم البرنامج,3000
247,19,جامعة إسطنبول آيدن,Florya Campus (Halit Aydın Campus),Beşyol Mah. İnönü Cad. No:38 Sefaköy-Küçükçekmece / Istanbul / Turkey,تقنيات الطاقة,تركيا,إسطنبول,ماجستير بدون أطروحة,الإنجليزية,متاح,#28D094,2026-2027,10000,10000,10000,5000,USD,إجمالي رسوم البرنامج,6000
246,19,جامعة إسطنبول آيدن,Florya Campus (Halit Aydın Campus),Beşyol Mah. İnönü Cad. No:38 Sefaköy-Küçükçekmece / Istanbul / Turkey,تقنيات الطاقة,تركيا,إسطنبول,ماجستير مع أطروحة,الإنجليزية,متاح,#28D094,2026-2027,12000,12000,12000,6000,USD,إجمالي رسوم البرنامج,6000
245,19,جامعة إسطنبول آيدن,Florya Campus (Halit Aydın Campus),Beşyol Mah. İnönü Cad. No:38 Sefaköy-Küçükçekmece / Istanbul / Turkey,هندسة الطيران والفضاء,تركيا,إسطنبول,ماجستير بدون أطروحة,الإنجليزية,متاح,#28D094,2026-2027,10000,10000,10000,5000,USD,إجمالي رسوم البرنامج,6000
244,19,جامعة إسطنبول آيدن,Florya Campus (Halit Aydın Campus),Beşyol Mah. İnönü Cad. No:38 Sefaköy-Küçükçekmece / Istanbul / Turkey,هندسة الطيران والفضاء,تركيا,إسطنبول,ماجستير مع أطروحة,الإنجليزية,متاح,#28D094,2026-2027,12000,12000,12000,6000,USD,إجمالي رسوم البرنامج,6000
243,19,جامعة إسطنبول آيدن,Florya Campus (Halit Aydın Campus),Beşyol Mah. İnönü Cad. No:38 Sefaköy-Küçükçekmece / Istanbul / Turkey,الهندسة الكهربائية والإلكترونية,تركيا,إسطنبول,ماجستير بدون أطروحة,الإنجليزية,متاح,#28D094,2026-2027,10000,10000,10000,5000,USD,إجمالي رسوم البرنامج,6000
242,19,جامعة إسطنبول آيدن,Florya Campus (Halit Aydın Campus),Beşyol Mah. İnönü Cad. No:38 Sefaköy-Küçükçekmece / Istanbul / Turkey,الهندسة الكهربائية والإلكترونية,تركيا,إسطنبول,ماجستير مع أطروحة,الإنجليزية,متاح,#28D094,2026-2027,12000,12000,12000,6000,USD,إجمالي رسوم البرنامج,6000
241,19,جامعة إسطنبول آيدن,Florya Campus (Halit Aydın Campus),Beşyol Mah. İnönü Cad. No:38 Sefaköy-Küçükçekmece / Istanbul / Turkey,الهندسة الكهربائية والإلكترونية,تركيا,إسطنبول,ماجستير مع أطروحة,التركية,متاح,#28D094,2026-2027,9000,9000,9000,4500,USD,إجمالي رسوم البرنامج,3000
240,19,جامعة إسطنبول آيدن,Florya Campus (Halit Aydın Campus),Beşyol Mah. İnönü Cad. No:38 Sefaköy-Küçükçekmece / Istanbul / Turkey,تكنولوجيا المعلومات,تركيا,إسطنبول,ماجستير بدون أطروحة,التركية,متاح,#28D094,2026-2027,8000,8000,8000,4000,USD,إجمالي رسوم البرنامج,3000
239,19,جامعة إسطنبول آيدن,Florya Campus (Halit Aydın Campus),Beşyol Mah. İnönü Cad. No:38 Sefaköy-Küçükçekmece / Istanbul / Turkey,الأمن السيبراني,تركيا,إسطنبول,ماجستير بدون أطروحة,التركية,متاح,#28D094,2026-2027,10000,10000,10000,5000,USD,إجمالي رسوم البرنامج,3000
238,19,جامعة إسطنبول آيدن,Florya Campus (Halit Aydın Campus),Beşyol Mah. İnönü Cad. No:38 Sefaköy-Küçükçekmece / Istanbul / Turkey,هندسة الكمبيوتر,تركيا,إسطنبول,ماجستير بدون أطروحة,الإنجليزية,متاح,#28D094,2026-2027,10000,10000,10000,5000,USD,إجمالي رسوم البرنامج,6000
237,19,جامعة إسطنبول آيدن,Florya Campus (Halit Aydın Campus),Beşyol Mah. İnönü Cad. No:38 Sefaköy-Küçükçekmece / Istanbul / Turkey,هندسة الكمبيوتر,تركيا,إسطنبول,ماجستير مع أطروحة,الإنجليزية,متاح,#28D094,2026-2027,12000,12000,12000,6000,USD,إجمالي رسوم البرنامج,6000
236,19,جامعة إسطنبول آيدن,Florya Campus (Halit Aydın Campus),Beşyol Mah. İnönü Cad. No:38 Sefaköy-Küçükçekmece / Istanbul / Turkey,هندسة الكمبيوتر,تركيا,إسطنبول,ماجستير مع أطروحة,التركية,متاح,#28D094,2026-2027,9000,9000,9000,4500,USD,إجمالي رسوم البرنامج,3000
235,19,جامعة إسطنبول آيدن,Florya Campus (Halit Aydın Campus),Beşyol Mah. İnönü Cad. No:38 Sefaköy-Küçükçekmece / Istanbul / Turkey,تعليم اللغة التركية,تركيا,إسطنبول,ماجستير مع أطروحة,التركية,متاح,#28D094,2026-2027,9000,9000,9000,4500,USD,إجمالي رسوم البرنامج,3000
234,19,جامعة إسطنبول آيدن,Florya Campus (Halit Aydın Campus),Beşyol Mah. İnönü Cad. No:38 Sefaköy-Küçükçekmece / Istanbul / Turkey,اللغة التركية وآدابها,تركيا,إسطنبول,ماجستير مع أطروحة,التركية,متاح,#28D094,2026-2027,9000,9000,9000,4500,USD,إجمالي رسوم البرنامج,3000
233,19,جامعة إسطنبول آيدن,Florya Campus (Halit Aydın Campus),Beşyol Mah. İnönü Cad. No:38 Sefaköy-Küçükçekmece / Istanbul / Turkey,التلفزيون والسينما,تركيا,إسطنبول,ماجستير بدون أطروحة,التركية,متاح,#28D094,2026-2027,8000,8000,8000,4000,USD,إجمالي رسوم البرنامج,3000
232,19,جامعة إسطنبول آيدن,Florya Campus (Halit Aydın Campus),Beşyol Mah. İnönü Cad. No:38 Sefaköy-Küçükçekmece / Istanbul / Turkey,التلفزيون والسينما,تركيا,إسطنبول,ماجستير مع أطروحة,التركية,متاح,#28D094,2026-2027,9000,9000,9000,4500,USD,إجمالي رسوم البرنامج,3000
231,19,جامعة إسطنبول آيدن,Florya Campus (Halit Aydın Campus),Beşyol Mah. İnönü Cad. No:38 Sefaköy-Küçükçekmece / Istanbul / Turkey,التاريخ,تركيا,إسطنبول,ماجستير مع أطروحة,التركية,متاح,#28D094,2026-2027,9000,9000,9000,4500,USD,إجمالي رسوم البرنامج,3000
230,19,جامعة إسطنبول آيدن,Florya Campus (Halit Aydın Campus),Beşyol Mah. İnönü Cad. No:38 Sefaköy-Küçükçekmece / Istanbul / Turkey,علم الاجتماع,تركيا,إسطنبول,ماجستير مع أطروحة,التركية,متاح,#28D094,2026-2027,9000,9000,9000,4500,USD,إجمالي رسوم البرنامج,3000
229,19,جامعة إسطنبول آيدن,Florya Campus (Halit Aydın Campus),Beşyol Mah. İnönü Cad. No:38 Sefaköy-Küçükçekmece / Istanbul / Turkey,فلسفة,تركيا,إسطنبول,ماجستير بدون أطروحة,التركية,متاح,#28D094,2026-2027,8000,8000,8000,4000,USD,إجمالي رسوم البرنامج,3000
228,19,جامعة إسطنبول آيدن,Florya Campus (Halit Aydın Campus),Beşyol Mah. İnönü Cad. No:38 Sefaköy-Küçükçekmece / Istanbul / Turkey,فلسفة,تركيا,إسطنبول,ماجستير مع أطروحة,التركية,متاح,#28D094,2026-2027,9000,9000,9000,4500,USD,إجمالي رسوم البرنامج,3000
227,19,جامعة إسطنبول آيدن,Florya Campus (Halit Aydın Campus),Beşyol Mah. İnönü Cad. No:38 Sefaköy-Küçükçekmece / Istanbul / Turkey,دراسات في العلاقات الدولية والإرهاب,تركيا,إسطنبول,ماجستير مع أطروحة,التركية,متاح,#28D094,2026-2027,9000,9000,9000,4500,USD,إجمالي رسوم البرنامج,3000
226,19,جامعة إسطنبول آيدن,Florya Campus (Halit Aydın Campus),Beşyol Mah. İnönü Cad. No:38 Sefaköy-Küçükçekmece / Istanbul / Turkey,العلاقات الدولية والدراسات الاستخباراتية,تركيا,إسطنبول,ماجستير مع أطروحة,التركية,متاح,#28D094,2026-2027,9000,9000,9000,4500,USD,إجمالي رسوم البرنامج,3000
225,19,جامعة إسطنبول آيدن,Florya Campus (Halit Aydın Campus),Beşyol Mah. İnönü Cad. No:38 Sefaköy-Küçükçekmece / Istanbul / Turkey,العلوم السياسية والعلاقات الدولية,تركيا,إسطنبول,ماجستير بدون أطروحة,التركية,متاح,#28D094,2026-2027,8000,8000,8000,4000,USD,إجمالي رسوم البرنامج,3000
224,19,جامعة إسطنبول آيدن,Florya Campus (Halit Aydın Campus),Beşyol Mah. İnönü Cad. No:38 Sefaköy-Küçükçekmece / Istanbul / Turkey,العلوم السياسية والعلاقات الدولية,تركيا,إسطنبول,ماجستير مع أطروحة,التركية,متاح,#28D094,2026-2027,9000,9000,9000,4500,USD,إجمالي رسوم البرنامج,3000
223,19,جامعة إسطنبول آيدن,Florya Campus (Halit Aydın Campus),Beşyol Mah. İnönü Cad. No:38 Sefaköy-Küçükçekmece / Istanbul / Turkey,العلوم السياسية والعلاقات الدولية,تركيا,إسطنبول,ماجستير بدون أطروحة,الإنجليزية,متاح,#28D094,2026-2027,10000,10000,10000,5000,USD,إجمالي رسوم البرنامج,6000
222,19,جامعة إسطنبول آيدن,Florya Campus (Halit Aydın Campus),Beşyol Mah. İnönü Cad. No:38 Sefaköy-Küçükçekmece / Istanbul / Turkey,العلوم السياسية والعلاقات الدولية,تركيا,إسطنبول,ماجستير مع أطروحة,الإنجليزية,متاح,#28D094,2026-2027,12000,12000,12000,6000,USD,إجمالي رسوم البرنامج,6000
221,19,جامعة إسطنبول آيدن,Florya Campus (Halit Aydın Campus),Beşyol Mah. İnönü Cad. No:38 Sefaköy-Küçükçekmece / Istanbul / Turkey,الفنون المسرحية,تركيا,إسطنبول,ماجستير مع أطروحة,التركية,متاح,#28D094,2026-2027,9000,9000,9000,4500,USD,إجمالي رسوم البرنامج,3000
220,19,جامعة إسطنبول آيدن,Florya Campus (Halit Aydın Campus),Beşyol Mah. İnönü Cad. No:38 Sefaköy-Küçükçekmece / Istanbul / Turkey,القانون الخاص,تركيا,إسطنبول,ماجستير بدون أطروحة,التركية,متاح,#28D094,2026-2027,8000,8000,8000,4000,USD,إجمالي رسوم البرنامج,3000
219,19,جامعة إسطنبول آيدن,Florya Campus (Halit Aydın Campus),Beşyol Mah. İnönü Cad. No:38 Sefaköy-Küçükçekmece / Istanbul / Turkey,القانون الخاص,تركيا,إسطنبول,ماجستير مع أطروحة,التركية,متاح,#28D094,2026-2027,9000,9000,9000,4500,USD,إجمالي رسوم البرنامج,3000
218,19,جامعة إسطنبول آيدن,Florya Campus (Halit Aydın Campus),Beşyol Mah. İnönü Cad. No:38 Sefaköy-Küçükçekmece / Istanbul / Turkey,تعليم ما قبل المدرسة,تركيا,إسطنبول,ماجستير بدون أطروحة,التركية,متاح,#28D094,2026-2027,8000,8000,8000,4000,USD,إجمالي رسوم البرنامج,3000
217,19,جامعة إسطنبول آيدن,Florya Campus (Halit Aydın Campus),Beşyol Mah. İnönü Cad. No:38 Sefaköy-Küçükçekmece / Istanbul / Turkey,تعليم ما قبل المدرسة,تركيا,إسطنبول,ماجستير مع أطروحة,التركية,متاح,#28D094,2026-2027,9000,9000,9000,4500,USD,إجمالي رسوم البرنامج,3000
216,19,جامعة إسطنبول آيدن,Florya Campus (Halit Aydın Campus),Beşyol Mah. İnönü Cad. No:38 Sefaköy-Küçükçekmece / Istanbul / Turkey,الترجمة التحريرية والشفهية (التركية - الروسية),تركيا,إسطنبول,ماجستير مع أطروحة,التركية,متاح,#28D094,2026-2027,9000,9000,9000,4500,USD,إجمالي رسوم البرنامج,3000
215,19,جامعة إسطنبول آيدن,Florya Campus (Halit Aydın Campus),Beşyol Mah. İnönü Cad. No:38 Sefaköy-Küçükçekmece / Istanbul / Turkey,المحاسبة والتدقيق,تركيا,إسطنبول,ماجستير بدون أطروحة,الإنجليزية,متاح,#28D094,2026-2027,10000,10000,10000,5000,USD,إجمالي رسوم البرنامج,6000
214,19,جامعة إسطنبول آيدن,Florya Campus (Halit Aydın Campus),Beşyol Mah. İnönü Cad. No:38 Sefaköy-Küçükçekmece / Istanbul / Turkey,المحاسبة والتدقيق,تركيا,إسطنبول,ماجستير مع أطروحة,الإنجليزية,متاح,#28D094,2026-2027,12000,12000,12000,6000,USD,إجمالي رسوم البرنامج,6000
213,19,جامعة إسطنبول آيدن,Florya Campus (Halit Aydın Campus),Beşyol Mah. İnönü Cad. No:38 Sefaköy-Küçükçekmece / Istanbul / Turkey,المحاسبة والتدقيق,تركيا,إسطنبول,ماجستير بدون أطروحة,التركية,متاح,#28D094,2026-2027,8000,8000,8000,4000,USD,إجمالي رسوم البرنامج,3000
212,19,جامعة إسطنبول آيدن,Florya Campus (Halit Aydın Campus),Beşyol Mah. İnönü Cad. No:38 Sefaköy-Küçükçekmece / Istanbul / Turkey,المحاسبة والتدقيق,تركيا,إسطنبول,ماجستير مع أطروحة,التركية,متاح,#28D094,2026-2027,9000,9000,9000,4500,USD,إجمالي رسوم البرنامج,3000
211,19,جامعة إسطنبول آيدن,Florya Campus (Halit Aydın Campus),Beşyol Mah. İnönü Cad. No:38 Sefaköy-Küçükçekmece / Istanbul / Turkey,الإدارات المحلية واللامركزية (تعليم عن بعد),تركيا,إسطنبول,ماجستير بدون أطروحة,التركية,متاح,#28D094,2026-2027,8000,8000,8000,4000,USD,إجمالي رسوم البرنامج,3000
210,19,جامعة إسطنبول آيدن,Florya Campus (Halit Aydın Campus),Beşyol Mah. İnönü Cad. No:38 Sefaköy-Küçükçekmece / Istanbul / Turkey,الإدارات المحلية واللامركزية,تركيا,إسطنبول,ماجستير بدون أطروحة,التركية,متاح,#28D094,2026-2027,8000,8000,8000,4000,USD,إجمالي رسوم البرنامج,3000
209,19,جامعة إسطنبول آيدن,Florya Campus (Halit Aydın Campus),Beşyol Mah. İnönü Cad. No:38 Sefaköy-Küçükçekmece / Istanbul / Turkey,الإدارات المحلية واللامركزية,تركيا,إسطنبول,ماجستير مع أطروحة,التركية,متاح,#28D094,2026-2027,9000,9000,9000,4500,USD,إجمالي رسوم البرنامج,3000
208,19,جامعة إسطنبول آيدن,Florya Campus (Halit Aydın Campus),Beşyol Mah. İnönü Cad. No:38 Sefaköy-Küçükçekmece / Istanbul / Turkey,الإرشاد والتوجيه النفسي,تركيا,إسطنبول,ماجستير بدون أطروحة,التركية,متاح,#28D094,2026-2027,8000,8000,8000,4000,USD,إجمالي رسوم البرنامج,3000
207,19,جامعة إسطنبول آيدن,Florya Campus (Halit Aydın Campus),Beşyol Mah. İnönü Cad. No:38 Sefaköy-Küçükçekmece / Istanbul / Turkey,الإرشاد والتوجيه النفسي,تركيا,إسطنبول,ماجستير مع أطروحة,التركية,متاح,#28D094,2026-2027,9000,9000,9000,4500,USD,إجمالي رسوم البرنامج,3000
206,19,جامعة إسطنبول آيدن,Florya Campus (Halit Aydın Campus),Beşyol Mah. İnönü Cad. No:38 Sefaköy-Küçükçekmece / Istanbul / Turkey,إدارة المشاريع,تركيا,إسطنبول,ماجستير بدون أطروحة,الإنجليزية,متاح,#28D094,2026-2027,10000,10000,10000,5000,USD,إجمالي رسوم البرنامج,6000
205,19,جامعة إسطنبول آيدن,Florya Campus (Halit Aydın Campus),Beşyol Mah. İnönü Cad. No:38 Sefaköy-Küçükçekmece / Istanbul / Turkey,إدارة المشاريع,تركيا,إسطنبول,ماجستير مع أطروحة,الإنجليزية,متاح,#28D094,2026-2027,12000,12000,12000,6000,USD,إجمالي رسوم البرنامج,6000
204,19,جامعة إسطنبول آيدن,Florya Campus (Halit Aydın Campus),Beşyol Mah. İnönü Cad. No:38 Sefaköy-Küçükçekmece / Istanbul / Turkey,علم النفس,تركيا,إسطنبول,ماجستير بدون أطروحة,الإنجليزية,متاح,#28D094,2026-2027,10000,10000,10000,5000,USD,إجمالي رسوم البرنامج,6000
203,19,جامعة إسطنبول آيدن,Florya Campus (Halit Aydın Campus),Beşyol Mah. İnönü Cad. No:38 Sefaköy-Küçükçekmece / Istanbul / Turkey,علم النفس,تركيا,إسطنبول,ماجستير مع أطروحة,الإنجليزية,متاح,#28D094,2026-2027,12000,12000,12000,6000,USD,إجمالي رسوم البرنامج,6000
202,19,جامعة إسطنبول آيدن,Florya Campus (Halit Aydın Campus),Beşyol Mah. İnönü Cad. No:38 Sefaköy-Küçükçekmece / Istanbul / Turkey,علم النفس,تركيا,إسطنبول,ماجستير بدون أطروحة,التركية,متاح,#28D094,2026-2027,8000,8000,8000,4000,USD,إجمالي رسوم البرنامج,3000
201,19,جامعة إسطنبول آيدن,Florya Campus (Halit Aydın Campus),Beşyol Mah. İnönü Cad. No:38 Sefaköy-Küçükçekmece / Istanbul / Turkey,علم النفس,تركيا,إسطنبول,ماجستير مع أطروحة,التركية,متاح,#28D094,2026-2027,9000,9000,9000,4500,USD,إجمالي رسوم البرنامج,3000
200,19,جامعة إسطنبول آيدن,Florya Campus (Halit Aydın Campus),Beşyol Mah. İnönü Cad. No:38 Sefaköy-Küçükçekmece / Istanbul / Turkey,البيولوجيا الجزيئية وعلم الوراثة,تركيا,إسطنبول,ماجستير بدون أطروحة,التركية,متاح,#28D094,2026-2027,8000,8000,8000,4000,USD,إجمالي رسوم البرنامج,3000
199,19,جامعة إسطنبول آيدن,Florya Campus (Halit Aydın Campus),Beşyol Mah. İnönü Cad. No:38 Sefaköy-Küçükçekmece / Istanbul / Turkey,البيولوجيا الجزيئية وعلم الوراثة,تركيا,إسطنبول,ماجستير مع أطروحة,التركية,متاح,#28D094,2026-2027,9000,9000,9000,4500,USD,إجمالي رسوم البرنامج,3000
198,19,جامعة إسطنبول آيدن,Florya Campus (Halit Aydın Campus),Beşyol Mah. İnönü Cad. No:38 Sefaköy-Küçükçekmece / Istanbul / Turkey,القانون العام,تركيا,إسطنبول,ماجستير بدون أطروحة,التركية,متاح,#28D094,2026-2027,8000,8000,8000,4000,USD,إجمالي رسوم البرنامج,3000
197,19,جامعة إسطنبول آيدن,Florya Campus (Halit Aydın Campus),Beşyol Mah. İnönü Cad. No:38 Sefaköy-Küçükçekmece / Istanbul / Turkey,القانون العام,تركيا,إسطنبول,ماجستير مع أطروحة,التركية,متاح,#28D094,2026-2027,9000,9000,9000,4500,USD,إجمالي رسوم البرنامج,3000
196,19,جامعة إسطنبول آيدن,Florya Campus (Halit Aydın Campus),Beşyol Mah. İnönü Cad. No:38 Sefaköy-Küçükçekmece / Istanbul / Turkey,إدارة الأعمال لمدير الأعمال,تركيا,إسطنبول,ماجستير بدون أطروحة,الإنجليزية,متاح,#28D094,2026-2027,10000,10000,10000,5000,USD,إجمالي رسوم البرنامج,6000
195,19,جامعة إسطنبول آيدن,Florya Campus (Halit Aydın Campus),Beşyol Mah. İnönü Cad. No:38 Sefaköy-Küçükçekmece / Istanbul / Turkey,إدارة الأعمال,تركيا,إسطنبول,ماجستير مع أطروحة,الإنجليزية,متاح,#28D094,2026-2027,12000,12000,12000,6000,USD,إجمالي رسوم البرنامج,6000
194,19,جامعة إسطنبول آيدن,Florya Campus (Halit Aydın Campus),Beşyol Mah. İnönü Cad. No:38 Sefaköy-Küçükçekmece / Istanbul / Turkey,إدارة الأعمال (تعليم عن بعد),تركيا,إسطنبول,ماجستير بدون أطروحة,الإنجليزية,متاح,#28D094,2026-2027,10000,10000,10000,5000,USD,إجمالي رسوم البرنامج,6000
193,19,جامعة إسطنبول آيدن,Florya Campus (Halit Aydın Campus),Beşyol Mah. İnönü Cad. No:38 Sefaköy-Küçükçekmece / Istanbul / Turkey,اللغة الإنجليزية وآدابها,تركيا,إسطنبول,ماجستير بدون أطروحة,التركية,متاح,#28D094,2026-2027,10000,10000,10000,5000,USD,إجمالي رسوم البرنامج,3000
192,19,جامعة إسطنبول آيدن,Florya Campus (Halit Aydın Campus),Beşyol Mah. İnönü Cad. No:38 Sefaköy-Küçükçekmece / Istanbul / Turkey,اللغة الإنجليزية وآدابها,تركيا,إسطنبول,ماجستير مع أطروحة,التركية,متاح,#28D094,2026-2027,12000,12000,12000,6000,USD,إجمالي رسوم البرنامج,3000
191,19,جامعة إسطنبول آيدن,Florya Campus (Halit Aydın Campus),Beşyol Mah. İnönü Cad. No:38 Sefaköy-Küçükçekmece / Istanbul / Turkey,تدريس اللغة الإنجليزية,تركيا,إسطنبول,ماجستير بدون أطروحة,التركية,متاح,#28D094,2026-2027,10000,10000,10000,5000,USD,إجمالي رسوم البرنامج,3000
190,19,جامعة إسطنبول آيدن,Florya Campus (Halit Aydın Campus),Beşyol Mah. İnönü Cad. No:38 Sefaköy-Küçükçekmece / Istanbul / Turkey,تدريس اللغة الإنجليزية,تركيا,إسطنبول,ماجستير مع أطروحة,التركية,متاح,#28D094,2026-2027,12000,12000,12000,6000,USD,إجمالي رسوم البرنامج,3000
189,19,جامعة إسطنبول آيدن,Florya Campus (Halit Aydın Campus),Beşyol Mah. İnönü Cad. No:38 Sefaköy-Küçükçekmece / Istanbul / Turkey,تعليم المرحلة الابتدائية,تركيا,إسطنبول,ماجستير بدون أطروحة,التركية,متاح,#28D094,2026-2027,8000,8000,8000,4000,USD,إجمالي رسوم البرنامج,3000
188,19,جامعة إسطنبول آيدن,Florya Campus (Halit Aydın Campus),Beşyol Mah. İnönü Cad. No:38 Sefaköy-Küçükçekmece / Istanbul / Turkey,تعليم المرحلة الابتدائية,تركيا,إسطنبول,ماجستير مع أطروحة,التركية,متاح,#28D094,2026-2027,9000,9000,9000,4500,USD,إجمالي رسوم البرنامج,3000
187,19,جامعة إسطنبول آيدن,Florya Campus (Halit Aydın Campus),Beşyol Mah. İnönü Cad. No:38 Sefaköy-Küçükçekmece / Istanbul / Turkey,العلاقات العامة والدعاية,تركيا,إسطنبول,ماجستير بدون أطروحة,التركية,متاح,#28D094,2026-2027,8000,8000,8000,4000,USD,إجمالي رسوم البرنامج,3000
186,19,جامعة إسطنبول آيدن,Florya Campus (Halit Aydın Campus),Beşyol Mah. İnönü Cad. No:38 Sefaköy-Küçükçekmece / Istanbul / Turkey,العلاقات العامة والدعاية,تركيا,إسطنبول,ماجستير مع أطروحة,التركية,متاح,#28D094,2026-2027,9000,9000,9000,4500,USD,إجمالي رسوم البرنامج,3000
185,19,جامعة إسطنبول آيدن,Florya Campus (Halit Aydın Campus),Beşyol Mah. İnönü Cad. No:38 Sefaköy-Küçükçekmece / Istanbul / Turkey,إدارة ريادة الأعمال والابتكار,تركيا,إسطنبول,ماجستير مع أطروحة,الإنجليزية,متاح,#28D094,2026-2027,12000,12000,12000,6000,USD,إجمالي رسوم البرنامج,6000
184,19,جامعة إسطنبول آيدن,Florya Campus (Halit Aydın Campus),Beşyol Mah. İnönü Cad. No:38 Sefaköy-Küçükçekmece / Istanbul / Turkey,الصحافة,تركيا,إسطنبول,ماجستير بدون أطروحة,التركية,متاح,#28D094,2026-2027,8000,8000,8000,4000,USD,إجمالي رسوم البرنامج,3000
183,19,جامعة إسطنبول آيدن,Florya Campus (Halit Aydın Campus),Beşyol Mah. İnönü Cad. No:38 Sefaköy-Küçükçekmece / Istanbul / Turkey,الصحافة,تركيا,إسطنبول,ماجستير مع أطروحة,التركية,متاح,#28D094,2026-2027,9000,9000,9000,4500,USD,إجمالي رسوم البرنامج,3000
182,19,جامعة إسطنبول آيدن,Florya Campus (Halit Aydın Campus),Beşyol Mah. İnönü Cad. No:38 Sefaköy-Küçükçekmece / Istanbul / Turkey,فنون الطهي وفنون المطبخ,تركيا,إسطنبول,ماجستير بدون أطروحة,التركية,متاح,#28D094,2026-2027,8000,8000,8000,4000,USD,إجمالي رسوم البرنامج,3000
181,19,جامعة إسطنبول آيدن,Florya Campus (Halit Aydın Campus),Beşyol Mah. İnönü Cad. No:38 Sefaköy-Küçükçekmece / Istanbul / Turkey,فنون الطهي وفنون المطبخ,تركيا,إسطنبول,ماجستير مع أطروحة,التركية,متاح,#28D094,2026-2027,9000,9000,9000,4500,USD,إجمالي رسوم البرنامج,3000
180,19,جامعة إسطنبول آيدن,Florya Campus (Halit Aydın Campus),Beşyol Mah. İnönü Cad. No:38 Sefaköy-Küçükçekmece / Istanbul / Turkey,التصميم الجرافيكي,تركيا,إسطنبول,ماجستير بدون أطروحة,التركية,متاح,#28D094,2026-2027,8000,8000,8000,4000,USD,إجمالي رسوم البرنامج,3000
179,19,جامعة إسطنبول آيدن,Florya Campus (Halit Aydın Campus),Beşyol Mah. İnönü Cad. No:38 Sefaköy-Küçükçekmece / Istanbul / Turkey,التصميم الجرافيكي,تركيا,إسطنبول,ماجستير مع أطروحة,التركية,متاح,#28D094,2026-2027,9000,9000,9000,4500,USD,إجمالي رسوم البرنامج,3000
178,19,جامعة إسطنبول آيدن,Florya Campus (Halit Aydın Campus),Beşyol Mah. İnönü Cad. No:38 Sefaköy-Küçükçekmece / Istanbul / Turkey,الفنون البصرية,تركيا,إسطنبول,ماجستير مع أطروحة,التركية,متاح,#28D094,2026-2027,9000,9000,9000,4500,USD,إجمالي رسوم البرنامج,3000
177,19,جامعة إسطنبول آيدن,Florya Campus (Halit Aydın Campus),Beşyol Mah. İnönü Cad. No:38 Sefaköy-Küçükçekmece / Istanbul / Turkey,تكنولوجيا التعليم والتصميم التعليمي,تركيا,إسطنبول,ماجستير بدون أطروحة,التركية,متاح,#28D094,2026-2027,8000,8000,8000,4000,USD,إجمالي رسوم البرنامج,3000
176,19,جامعة إسطنبول آيدن,Florya Campus (Halit Aydın Campus),Beşyol Mah. İnönü Cad. No:38 Sefaköy-Küçükçekmece / Istanbul / Turkey,التقييم والقياس في التعليم,تركيا,إسطنبول,ماجستير بدون أطروحة,التركية,متاح,#28D094,2026-2027,8000,8000,8000,4000,USD,إجمالي رسوم البرنامج,3000
175,19,جامعة إسطنبول آيدن,Florya Campus (Halit Aydın Campus),Beşyol Mah. İnönü Cad. No:38 Sefaköy-Küçükçekmece / Istanbul / Turkey,التقييم والقياس في التعليم,تركيا,إسطنبول,ماجستير مع أطروحة,التركية,متاح,#28D094,2026-2027,9000,9000,9000,4500,USD,إجمالي رسوم البرنامج,3000
174,19,جامعة إسطنبول آيدن,Florya Campus (Halit Aydın Campus),Beşyol Mah. İnönü Cad. No:38 Sefaköy-Küçükçekmece / Istanbul / Turkey,إدارة التعليم,تركيا,إسطنبول,ماجستير بدون أطروحة,التركية,متاح,#28D094,2026-2027,8000,8000,8000,4000,USD,إجمالي رسوم البرنامج,3000
173,19,جامعة إسطنبول آيدن,Florya Campus (Halit Aydın Campus),Beşyol Mah. İnönü Cad. No:38 Sefaköy-Küçükçekmece / Istanbul / Turkey,إدارة التعليم,تركيا,إسطنبول,ماجستير مع أطروحة,التركية,متاح,#28D094,2026-2027,9000,9000,9000,4500,USD,إجمالي رسوم البرنامج,3000
172,19,جامعة إسطنبول آيدن,Florya Campus (Halit Aydın Campus),Beşyol Mah. İnönü Cad. No:38 Sefaköy-Küçükçekmece / Istanbul / Turkey,نظم إدارة الجودة وضمان الجودة,تركيا,إسطنبول,ماجستير بدون أطروحة,التركية,متاح,#28D094,2026-2027,8000,8000,8000,4000,USD,إجمالي رسوم البرنامج,3000
171,19,جامعة إسطنبول آيدن,Florya Campus (Halit Aydın Campus),Beşyol Mah. İnönü Cad. No:38 Sefaköy-Küçükçekmece / Istanbul / Turkey,نظم إدارة الجودة وضمان الجودة,تركيا,إسطنبول,ماجستير مع أطروحة,التركية,متاح,#28D094,2026-2027,9000,9000,9000,4500,USD,إجمالي رسوم البرنامج,3000
170,19,جامعة إسطنبول آيدن,Florya Campus (Halit Aydın Campus),Beşyol Mah. İnönü Cad. No:38 Sefaköy-Küçükçekmece / Istanbul / Turkey,إدارة الأعمال لمدير الأعمال,تركيا,إسطنبول,ماجستير بدون أطروحة,التركية,متاح,#28D094,2026-2027,8000,8000,8000,4000,USD,إجمالي رسوم البرنامج,3000
169,19,جامعة إسطنبول آيدن,Florya Campus (Halit Aydın Campus),Beşyol Mah. İnönü Cad. No:38 Sefaköy-Küçükçekmece / Istanbul / Turkey,التسويق الرقمي التعليم عن بعد,تركيا,إسطنبول,ماجستير بدون أطروحة,التركية,متاح,#28D094,2026-2027,8000,8000,8000,4000,USD,إجمالي رسوم البرنامج,3000
168,19,جامعة إسطنبول آيدن,Florya Campus (Halit Aydın Campus),Beşyol Mah. İnönü Cad. No:38 Sefaköy-Küçükçekmece / Istanbul / Turkey,التسويق الاستراتيجي وإدارة العلامات التجارية,تركيا,إسطنبول,ماجستير بدون أطروحة,التركية,متاح,#28D094,2026-2027,8000,8000,8000,4000,USD,إجمالي رسوم البرنامج,3000
167,19,جامعة إسطنبول آيدن,Florya Campus (Halit Aydın Campus),Beşyol Mah. İnönü Cad. No:38 Sefaköy-Küçükçekmece / Istanbul / Turkey,إدارة الأعمال,تركيا,إسطنبول,ماجستير مع أطروحة,التركية,متاح,#28D094,2026-2027,9000,9000,9000,4500,USD,إجمالي رسوم البرنامج,3000
166,19,جامعة إسطنبول آيدن,Florya Campus (Halit Aydın Campus),Beşyol Mah. İnönü Cad. No:38 Sefaköy-Küçükçekmece / Istanbul / Turkey,إدارة الموارد البشرية,تركيا,إسطنبول,ماجستير بدون أطروحة,التركية,متاح,#28D094,2026-2027,8000,8000,8000,4000,USD,إجمالي رسوم البرنامج,3000
165,19,جامعة إسطنبول آيدن,Florya Campus (Halit Aydın Campus),Beşyol Mah. İnönü Cad. No:38 Sefaköy-Küçükçekmece / Istanbul / Turkey,إدارة الموارد البشرية,تركيا,إسطنبول,ماجستير مع أطروحة,التركية,متاح,#28D094,2026-2027,9000,9000,9000,4500,USD,إجمالي رسوم البرنامج,3000
164,19,جامعة إسطنبول آيدن,Florya Campus (Halit Aydın Campus),Beşyol Mah. İnönü Cad. No:38 Sefaköy-Küçükçekmece / Istanbul / Turkey,إدارة التجارة الإلكترونية (تعليم عن بعد),تركيا,إسطنبول,ماجستير بدون أطروحة,التركية,متاح,#28D094,2026-2027,8000,8000,8000,4000,USD,إجمالي رسوم البرنامج,3000
163,19,جامعة إسطنبول آيدن,Florya Campus (Halit Aydın Campus),Beşyol Mah. İnönü Cad. No:38 Sefaköy-Küçükçekmece / Istanbul / Turkey,قانون تكنولوجيا المعلومات,تركيا,إسطنبول,ماجستير مع أطروحة,التركية,متاح,#28D094,2026-2027,9000,9000,9000,4500,USD,إجمالي رسوم البرنامج,3000
162,19,جامعة إسطنبول آيدن,Florya Campus (Halit Aydın Campus),Beşyol Mah. İnönü Cad. No:38 Sefaköy-Küçükçekmece / Istanbul / Turkey,وسائل الإعلام الجديدة,تركيا,إسطنبول,ماجستير بدون أطروحة,التركية,متاح,#28D094,2026-2027,8000,8000,8000,4000,USD,إجمالي رسوم البرنامج,3000
161,19,جامعة إسطنبول آيدن,Florya Campus (Halit Aydın Campus),Beşyol Mah. İnönü Cad. No:38 Sefaköy-Küçükçekmece / Istanbul / Turkey,وسائل الإعلام الجديدة,تركيا,إسطنبول,ماجستير مع أطروحة,التركية,متاح,#28D094,2026-2027,9000,9000,9000,4500,USD,إجمالي رسوم البرنامج,3000
160,19,جامعة إسطنبول آيدن,Florya Campus (Halit Aydın Campus),Beşyol Mah. İnönü Cad. No:38 Sefaköy-Küçükçekmece / Istanbul / Turkey,الاقتصاد الدولي,تركيا,إسطنبول,ماجستير بدون أطروحة,الإنجليزية,متاح,#28D094,2026-2027,10000,10000,10000,5000,USD,إجمالي رسوم البرنامج,6000
159,19,جامعة إسطنبول آيدن,Florya Campus (Halit Aydın Campus),Beşyol Mah. İnönü Cad. No:38 Sefaköy-Küçükçekmece / Istanbul / Turkey,الاقتصاد الدولي,تركيا,إسطنبول,ماجستير مع أطروحة,الإنجليزية,متاح,#28D094,2026-2027,12000,12000,12000,6000,USD,إجمالي رسوم البرنامج,6000
158,19,جامعة إسطنبول آيدن,Florya Campus (Halit Aydın Campus),Beşyol Mah. İnönü Cad. No:38 Sefaköy-Küçükçekmece / Istanbul / Turkey,الاقتصاد الدولي,تركيا,إسطنبول,ماجستير بدون أطروحة,التركية,متاح,#28D094,2026-2027,8000,8000,8000,4000,USD,إجمالي رسوم البرنامج,3000
157,19,جامعة إسطنبول آيدن,Florya Campus (Halit Aydın Campus),Beşyol Mah. İnönü Cad. No:38 Sefaköy-Küçükçekmece / Istanbul / Turkey,الاقتصاد الدولي,تركيا,إسطنبول,ماجستير مع أطروحة,التركية,متاح,#28D094,2026-2027,9000,9000,9000,4500,USD,إجمالي رسوم البرنامج,3000
156,19,جامعة إسطنبول آيدن,Florya Campus (Halit Aydın Campus),Beşyol Mah. İnönü Cad. No:38 Sefaköy-Küçükçekmece / Istanbul / Turkey,تنمية الطفل,تركيا,إسطنبول,ماجستير بدون أطروحة,التركية,متاح,#28D094,2026-2027,8000,8000,8000,4000,USD,إجمالي رسوم البرنامج,3000
155,19,جامعة إسطنبول آيدن,Florya Campus (Halit Aydın Campus),Beşyol Mah. İnönü Cad. No:38 Sefaköy-Küçükçekmece / Istanbul / Turkey,تنمية الطفل,تركيا,إسطنبول,ماجستير مع أطروحة,التركية,متاح,#28D094,2026-2027,9000,9000,9000,4500,USD,إجمالي رسوم البرنامج,3000
154,19,جامعة إسطنبول آيدن,Florya Campus (Halit Aydın Campus),Beşyol Mah. İnönü Cad. No:38 Sefaköy-Küçükçekmece / Istanbul / Turkey,البنوك والتمويل (تعليم عن بعد),تركيا,إسطنبول,ماجستير مع أطروحة,التركية,متاح,#28D094,2026-2027,8000,8000,8000,4000,USD,إجمالي رسوم البرنامج,3000
153,19,جامعة إسطنبول آيدن,Florya Campus (Halit Aydın Campus),Beşyol Mah. İnönü Cad. No:38 Sefaköy-Küçükçekmece / Istanbul / Turkey,البنوك والتأمين,تركيا,إسطنبول,ماجستير بدون أطروحة,التركية,متاح,#28D094,2026-2027,8000,8000,8000,4000,USD,إجمالي رسوم البرنامج,3000
152,19,جامعة إسطنبول آيدن,Florya Campus (Halit Aydın Campus),Beşyol Mah. İnönü Cad. No:38 Sefaköy-Küçükçekmece / Istanbul / Turkey,البنوك والتأمين,تركيا,إسطنبول,ماجستير مع أطروحة,التركية,متاح,#28D094,2026-2027,9000,9000,9000,4500,USD,إجمالي رسوم البرنامج,3000
151,19,جامعة إسطنبول آيدن,Florya Campus (Halit Aydın Campus),Beşyol Mah. İnönü Cad. No:38 Sefaköy-Küçükçekmece / Istanbul / Turkey,التمثيل,تركيا,إسطنبول,ماجستير مع أطروحة,التركية,متاح,#28D094,2026-2027,9000,9000,9000,4500,USD,إجمالي رسوم البرنامج,3000
150,19,جامعة إسطنبول آيدن,Florya Campus (Halit Aydın Campus),Beşyol Mah. İnönü Cad. No:38 Sefaköy-Küçükçekmece / Istanbul / Turkey,التكنولوجيا الحيوية,تركيا,إسطنبول,ماجستير بدون أطروحة,التركية,متاح,#28D094,2026-2027,8000,8000,8000,4000,USD,إجمالي رسوم البرنامج,3000
149,19,جامعة إسطنبول آيدن,Florya Campus (Halit Aydın Campus),Beşyol Mah. İnönü Cad. No:38 Sefaköy-Küçükçekmece / Istanbul / Turkey,التكنولوجيا الحيوية,تركيا,إسطنبول,ماجستير مع أطروحة,التركية,متاح,#28D094,2026-2027,9000,9000,9000,4500,USD,إجمالي رسوم البرنامج,3000
148,19,جامعة إسطنبول آيدن,Florya Campus (Halit Aydın Campus),Beşyol Mah. İnönü Cad. No:38 Sefaköy-Küçükçekmece / Istanbul / Turkey,التدريب على اللغة العربية,تركيا,إسطنبول,ماجستير بدون أطروحة,التركية,متاح,#28D094,2026-2027,8000,8000,8000,4000,USD,إجمالي رسوم البرنامج,3000
147,19,جامعة إسطنبول آيدن,Florya Campus (Halit Aydın Campus),Beşyol Mah. İnönü Cad. No:38 Sefaköy-Küçükçekmece / Istanbul / Turkey,التدريب على اللغة العربية,تركيا,إسطنبول,ماجستير مع أطروحة,التركية,متاح,#28D094,2026-2027,9000,9000,9000,4500,USD,إجمالي رسوم البرنامج,3000
146,19,جامعة إسطنبول آيدن,Florya Campus (Halit Aydın Campus),Beşyol Mah. İnönü Cad. No:38 Sefaköy-Küçükçekmece / Istanbul / Turkey,تقنيات المختبرات الطبية,تركيا,إسطنبول,دبلوم,التركية,متاح,#28D094,2026-2027,3000,3000,3000,1500,USD,-,3000
145,19,جامعة إسطنبول آيدن,Florya Campus (Halit Aydın Campus),Beşyol Mah. İnönü Cad. No:38 Sefaköy-Küçükçekmece / Istanbul / Turkey,تقنيات التصوير الطبي,تركيا,إسطنبول,دبلوم,التركية,متاح,#28D094,2026-2027,3000,3000,3000,1500,USD,-,3000
144,19,جامعة إسطنبول آيدن,Florya Campus (Halit Aydın Campus),Beşyol Mah. İnönü Cad. No:38 Sefaköy-Küçükçekmece / Istanbul / Turkey,التوثيق الطبي والسكرتارية,تركيا,إسطنبول,دبلوم,التركية,متاح,#28D094,2026-2027,3000,3000,3000,1500,USD,-,3000
143,19,جامعة إسطنبول آيدن,Florya Campus (Halit Aydın Campus),Beşyol Mah. İnönü Cad. No:38 Sefaköy-Küçükçekmece / Istanbul / Turkey,الخدمات الاجتماعية,تركيا,إسطنبول,دبلوم,التركية,متاح,#28D094,2026-2027,3000,3000,3000,1500,USD,-,3000
142,19,جامعة إسطنبول آيدن,Florya Campus (Halit Aydın Campus),Beşyol Mah. İnönü Cad. No:38 Sefaköy-Küçükçekmece / Istanbul / Turkey,العلاج الإشعاعي,تركيا,إسطنبول,دبلوم,التركية,متاح,#28D094,2026-2027,3000,3000,3000,1500,USD,-,3000
141,19,جامعة إسطنبول آيدن,Florya Campus (Halit Aydın Campus),Beşyol Mah. İnönü Cad. No:38 Sefaköy-Küçükçekmece / Istanbul / Turkey,تقنيات التروية,تركيا,إسطنبول,دبلوم,التركية,متاح,#28D094,2026-2027,3000,3000,3000,1500,USD,-,3000
140,19,جامعة إسطنبول آيدن,Florya Campus (Halit Aydın Campus),Beşyol Mah. İnönü Cad. No:38 Sefaköy-Küçükçekmece / Istanbul / Turkey,تقنيات مختبر علم الأمراض,تركيا,إسطنبول,دبلوم,التركية,متاح,#28D094,2026-2027,3000,3000,3000,1500,USD,-,3000
139,19,جامعة إسطنبول آيدن,Florya Campus (Halit Aydın Campus),Beşyol Mah. İnönü Cad. No:38 Sefaköy-Küçükçekmece / Istanbul / Turkey,الأطراف الاصطناعية وتقويم العظام,تركيا,إسطنبول,دبلوم,التركية,متاح,#28D094,2026-2027,3000,3000,3000,1500,USD,-,3000
138,19,جامعة إسطنبول آيدن,Florya Campus (Halit Aydın Campus),Beşyol Mah. İnönü Cad. No:38 Sefaköy-Küçükçekmece / Istanbul / Turkey,البصريات,تركيا,إسطنبول,دبلوم,التركية,متاح,#28D094,2026-2027,3000,3000,3000,1500,USD,-,3000
137,19,جامعة إسطنبول آيدن,Florya Campus (Halit Aydın Campus),Beşyol Mah. İnönü Cad. No:38 Sefaköy-Küçükçekmece / Istanbul / Turkey,قياس السمع,تركيا,إسطنبول,دبلوم,التركية,متاح,#28D094,2026-2027,3000,3000,3000,1500,USD,-,3000
136,19,جامعة إسطنبول آيدن,Florya Campus (Halit Aydın Campus),Beşyol Mah. İnönü Cad. No:38 Sefaköy-Küçükçekmece / Istanbul / Turkey,الإسعافات الأولية والطوارئ,تركيا,إسطنبول,دبلوم,التركية,متاح,#28D094,2026-2027,3000,3000,3000,1500,USD,-,3000
135,19,جامعة إسطنبول آيدن,Florya Campus (Halit Aydın Campus),Beşyol Mah. İnönü Cad. No:38 Sefaköy-Küçükçekmece / Istanbul / Turkey,العلاج الطبيعي,تركيا,إسطنبول,دبلوم,التركية,متاح,#28D094,2026-2027,3000,3000,3000,1500,USD,-,3000
134,19,جامعة إسطنبول آيدن,Florya Campus (Halit Aydın Campus),Beşyol Mah. İnönü Cad. No:38 Sefaköy-Küçükçekmece / Istanbul / Turkey,الفيزيولوجيا العصبية الكهربائية,تركيا,إسطنبول,دبلوم,التركية,متاح,#28D094,2026-2027,3000,3000,3000,1500,USD,-,3000
133,19,جامعة إسطنبول آيدن,Florya Campus (Halit Aydın Campus),Beşyol Mah. İnönü Cad. No:38 Sefaköy-Küçükçekmece / Istanbul / Turkey,خدمات الصيدلية,تركيا,إسطنبول,دبلوم,التركية,متاح,#28D094,2026-2027,3000,3000,3000,1500,USD,-,3000
132,19,جامعة إسطنبول آيدن,Florya Campus (Halit Aydın Campus),Beşyol Mah. İnönü Cad. No:38 Sefaköy-Küçükçekmece / Istanbul / Turkey,غسيل الكلى,تركيا,إسطنبول,دبلوم,التركية,متاح,#28D094,2026-2027,3000,3000,3000,1500,USD,-,3000
131,19,جامعة إسطنبول آيدن,Florya Campus (Halit Aydın Campus),Beşyol Mah. İnönü Cad. No:38 Sefaköy-Küçükçekmece / Istanbul / Turkey,تقنية التعويضات السنية,تركيا,إسطنبول,دبلوم,التركية,متاح,#28D094,2026-2027,3000,3000,3000,1500,USD,-,3000
130,19,جامعة إسطنبول آيدن,Florya Campus (Halit Aydın Campus),Beşyol Mah. İnönü Cad. No:38 Sefaköy-Küçükçekmece / Istanbul / Turkey,التخدير,تركيا,إسطنبول,دبلوم,التركية,متاح,#28D094,2026-2027,3000,3000,3000,1500,USD,-,3000
129,19,جامعة إسطنبول آيدن,Florya Campus (Halit Aydın Campus),Beşyol Mah. İnönü Cad. No:38 Sefaköy-Küçükçekmece / Istanbul / Turkey,خدمات غرفة العمليات,تركيا,إسطنبول,دبلوم,التركية,متاح,#28D094,2026-2027,3000,3000,3000,1500,USD,-,3000
128,19,جامعة إسطنبول آيدن,Florya Campus (Halit Aydın Campus),Beşyol Mah. İnönü Cad. No:38 Sefaköy-Küçükçekmece / Istanbul / Turkey,صحة الفم والأسنان,تركيا,إسطنبول,دبلوم,التركية,متاح,#28D094,2026-2027,3000,3000,3000,1500,USD,-,3000
127,19,جامعة إسطنبول آيدن,Florya Campus (Halit Aydın Campus),Beşyol Mah. İnönü Cad. No:38 Sefaköy-Küçükçekmece / Istanbul / Turkey,الإدارات المحلية,تركيا,إسطنبول,دبلوم,التركية,متاح,#28D094,2026-2027,3000,3000,3000,1500,USD,-,3000
126,19,جامعة إسطنبول آيدن,Florya Campus (Halit Aydın Campus),Beşyol Mah. İnönü Cad. No:38 Sefaköy-Küçükçekmece / Istanbul / Turkey,تفتيش البناء,تركيا,إسطنبول,دبلوم,التركية,متاح,#28D094,2026-2027,3000,3000,3000,1500,USD,-,3000
125,19,جامعة إسطنبول آيدن,Florya Campus (Halit Aydın Campus),Beşyol Mah. İnönü Cad. No:38 Sefaköy-Küçükçekmece / Istanbul / Turkey,اللوجستية الجوية,تركيا,إسطنبول,دبلوم,التركية,متاح,#28D094,2026-2027,3000,3000,3000,1500,USD,-,3000
124,19,جامعة إسطنبول آيدن,Florya Campus (Halit Aydın Campus),Beşyol Mah. İnönü Cad. No:38 Sefaköy-Küçükçekmece / Istanbul / Turkey,إدارة عمليات الطيران,تركيا,إسطنبول,دبلوم,التركية,متاح,#28D094,2026-2027,3000,3000,3000,1500,USD,-,3000
123,19,جامعة إسطنبول آيدن,Florya Campus (Halit Aydın Campus),Beşyol Mah. İnönü Cad. No:38 Sefaköy-Küçükçekmece / Istanbul / Turkey,التصميم بمساعدة الكمبيوتر والرسوم المتحركة,تركيا,إسطنبول,دبلوم,التركية,متاح,#28D094,2026-2027,3000,3000,3000,1500,USD,-,3000
122,19,جامعة إسطنبول آيدن,Florya Campus (Halit Aydın Campus),Beşyol Mah. İnönü Cad. No:38 Sefaköy-Küçükçekmece / Istanbul / Turkey,تقنيات وتشغيل الطائرات بدون طيار,تركيا,إسطنبول,دبلوم,التركية,متاح,#28D094,2026-2027,3000,3000,3000,1500,USD,-,3000
121,19,جامعة إسطنبول آيدن,Florya Campus (Halit Aydın Campus),Beşyol Mah. İnönü Cad. No:38 Sefaköy-Küçükçekmece / Istanbul / Turkey,تكنولوجيا الطائرات,تركيا,إسطنبول,دبلوم,التركية,متاح,#28D094,2026-2027,3000,3000,3000,1500,USD,-,3000
120,19,جامعة إسطنبول آيدن,Florya Campus (Halit Aydın Campus),Beşyol Mah. İnönü Cad. No:38 Sefaköy-Küçükçekmece / Istanbul / Turkey,إدارة السياحة والفنادق,تركيا,إسطنبول,دبلوم,التركية,متاح,#28D094,2026-2027,3000,3000,3000,1500,USD,-,3000
119,19,جامعة إسطنبول آيدن,Florya Campus (Halit Aydın Campus),Beşyol Mah. İnönü Cad. No:38 Sefaköy-Küçükçekmece / Istanbul / Turkey,الإرشاد السياحي,تركيا,إسطنبول,دبلوم,التركية,متاح,#28D094,2026-2027,3000,3000,3000,1500,USD,-,3000
118,19,جامعة إسطنبول آيدن,Florya Campus (Halit Aydın Campus),Beşyol Mah. İnönü Cad. No:38 Sefaköy-Küçükçekmece / Istanbul / Turkey,الطيران المدني وخدمات المقصورة,تركيا,إسطنبول,دبلوم,التركية,متاح,#28D094,2026-2027,3000,3000,3000,1500,USD,-,3000
117,19,جامعة إسطنبول آيدن,Florya Campus (Halit Aydın Campus),Beşyol Mah. İnönü Cad. No:38 Sefaköy-Küçükçekmece / Istanbul / Turkey,إدارة النقل بالطيران المدني,تركيا,إسطنبول,دبلوم,الإنجليزية,متاح,#28D094,2026-2027,3000,3000,3000,1500,USD,-,3000
116,19,جامعة إسطنبول آيدن,Florya Campus (Halit Aydın Campus),Beşyol Mah. İnönü Cad. No:38 Sefaköy-Küçükçekmece / Istanbul / Turkey,إدارة النقل بالطيران المدني,تركيا,إسطنبول,دبلوم,التركية,متاح,#28D094,2026-2027,3000,3000,3000,1500,USD,-,3000
115,19,جامعة إسطنبول آيدن,Florya Campus (Halit Aydın Campus),Beşyol Mah. İnönü Cad. No:38 Sefaköy-Küçükçekmece / Istanbul / Turkey,الأمن السيبراني,تركيا,إسطنبول,دبلوم,التركية,متاح,#28D094,2026-2027,3000,3000,3000,1500,USD,-,3000
114,19,جامعة إسطنبول آيدن,Florya Campus (Halit Aydın Campus),Beşyol Mah. İnönü Cad. No:38 Sefaköy-Küçükçekmece / Istanbul / Turkey,خدمات العناية بالشعر والجمال,تركيا,إسطنبول,دبلوم,التركية,متاح,#28D094,2026-2027,3000,3000,3000,1500,USD,-,3000
113,19,جامعة إسطنبول آيدن,Florya Campus (Halit Aydın Campus),Beşyol Mah. İnönü Cad. No:38 Sefaköy-Küçükçekmece / Istanbul / Turkey,التسويق,تركيا,إسطنبول,دبلوم,التركية,متاح,#28D094,2026-2027,3000,3000,3000,1500,USD,-,3000
112,19,جامعة إسطنبول آيدن,Florya Campus (Halit Aydın Campus),Beşyol Mah. İnönü Cad. No:38 Sefaköy-Küçükçekmece / Istanbul / Turkey,تكنولوجيا السيارات,تركيا,إسطنبول,دبلوم,التركية,متاح,#28D094,2026-2027,3000,3000,3000,1500,USD,-,3000
111,19,جامعة إسطنبول آيدن,Florya Campus (Halit Aydın Campus),Beşyol Mah. İnönü Cad. No:38 Sefaköy-Küçükçekmece / Istanbul / Turkey,المحاسبة والضرائب,تركيا,إسطنبول,دبلوم,التركية,متاح,#28D094,2026-2027,3000,3000,3000,1500,USD,-,3000
110,19,جامعة إسطنبول آيدن,Florya Campus (Halit Aydın Campus),Beşyol Mah. İnönü Cad. No:38 Sefaköy-Küçükçekmece / Istanbul / Turkey,تصميم الأزياء,تركيا,إسطنبول,دبلوم,التركية,متاح,#28D094,2026-2027,3000,3000,3000,1500,USD,-,3000
109,19,جامعة إسطنبول آيدن,Florya Campus (Halit Aydın Campus),Beşyol Mah. İnönü Cad. No:38 Sefaköy-Küçükçekmece / Istanbul / Turkey,الترميم المعماري,تركيا,إسطنبول,دبلوم,التركية,متاح,#28D094,2026-2027,3000,3000,3000,1500,USD,-,3000
108,19,جامعة إسطنبول آيدن,Florya Campus (Halit Aydın Campus),Beşyol Mah. İnönü Cad. No:38 Sefaköy-Küçükçekmece / Istanbul / Turkey,الآلات,تركيا,إسطنبول,دبلوم,التركية,متاح,#28D094,2026-2027,3000,3000,3000,1500,USD,-,3000
107,19,جامعة إسطنبول آيدن,Florya Campus (Halit Aydın Campus),Beşyol Mah. İnönü Cad. No:38 Sefaköy-Küçükçekmece / Istanbul / Turkey,اللوجستية,تركيا,إسطنبول,دبلوم,التركية,متاح,#28D094,2026-2027,3000,3000,3000,1500,USD,-,3000
106,19,جامعة إسطنبول آيدن,Florya Campus (Halit Aydın Campus),Beşyol Mah. İnönü Cad. No:38 Sefaköy-Küçükçekmece / Istanbul / Turkey,تصميم المجوهرات,تركيا,إسطنبول,دبلوم,التركية,متاح,#28D094,2026-2027,3000,3000,3000,1500,USD,-,3000
105,19,جامعة إسطنبول آيدن,Florya Campus (Halit Aydın Campus),Beşyol Mah. İnönü Cad. No:38 Sefaköy-Küçükçekmece / Istanbul / Turkey,إدارة الأعمال,تركيا,إسطنبول,دبلوم,الإنجليزية,متاح,#28D094,2026-2027,3000,3000,3000,1500,USD,-,3000
104,19,جامعة إسطنبول آيدن,Florya Campus (Halit Aydın Campus),Beşyol Mah. İnönü Cad. No:38 Sefaköy-Küçükçekmece / Istanbul / Turkey,إدارة الأعمال,تركيا,إسطنبول,دبلوم,التركية,متاح,#28D094,2026-2027,3000,3000,3000,1500,USD,-,3000
103,19,جامعة إسطنبول آيدن,Florya Campus (Halit Aydın Campus),Beşyol Mah. İnönü Cad. No:38 Sefaköy-Küçükçekmece / Istanbul / Turkey,الصحة والسلامة المهنية,تركيا,إسطنبول,دبلوم,التركية,متاح,#28D094,2026-2027,3000,3000,3000,1500,USD,-,3000
102,19,جامعة إسطنبول آيدن,Florya Campus (Halit Aydın Campus),Beşyol Mah. İnönü Cad. No:38 Sefaköy-Küçükçekmece / Istanbul / Turkey,تقنية الإنترنت والشبكات,تركيا,إسطنبول,دبلوم,الإنجليزية,متاح,#28D094,2026-2027,3000,3000,3000,1500,USD,-,3000
101,19,جامعة إسطنبول آيدن,Florya Campus (Halit Aydın Campus),Beşyol Mah. İnönü Cad. No:38 Sefaköy-Küçükçekmece / Istanbul / Turkey,تقنيات البناء,تركيا,إسطنبول,دبلوم,التركية,متاح,#28D094,2026-2027,3000,3000,3000,1500,USD,-,3000
100,19,جامعة إسطنبول آيدن,Florya Campus (Halit Aydın Campus),Beşyol Mah. İnönü Cad. No:38 Sefaköy-Küçükçekmece / Istanbul / Turkey,إدارة الموارد البشرية,تركيا,إسطنبول,دبلوم,التركية,متاح,#28D094,2026-2027,3000,3000,3000,1500,USD,-,3000
99,19,جامعة إسطنبول آيدن,Florya Campus (Halit Aydın Campus),Beşyol Mah. İnönü Cad. No:38 Sefaköy-Küçükçekmece / Istanbul / Turkey,العلاقات العامة والترويج,تركيا,إسطنبول,دبلوم,التركية,متاح,#28D094,2026-2027,3000,3000,3000,1500,USD,-,3000
98,19,جامعة إسطنبول آيدن,Florya Campus (Halit Aydın Campus),Beşyol Mah. İnönü Cad. No:38 Sefaköy-Küçükçekmece / Istanbul / Turkey,التصميم الجرافيكي,تركيا,إسطنبول,دبلوم,التركية,متاح,#28D094,2026-2027,3000,3000,3000,1500,USD,-,3000
97,19,جامعة إسطنبول آيدن,Florya Campus (Halit Aydın Campus),Beşyol Mah. İnönü Cad. No:38 Sefaköy-Küçükçekmece / Istanbul / Turkey,تقنيات الأغذية,تركيا,إسطنبول,دبلوم,التركية,متاح,#28D094,2026-2027,3000,3000,3000,1500,USD,-,3000
96,19,جامعة إسطنبول آيدن,Florya Campus (Halit Aydın Campus),Beşyol Mah. İnönü Cad. No:38 Sefaköy-Küçükçekmece / Istanbul / Turkey,التقنيات الإلكترونية,تركيا,إسطنبول,دبلوم,التركية,متاح,#28D094,2026-2027,3000,3000,3000,1500,USD,-,3000
95,19,جامعة إسطنبول آيدن,Florya Campus (Halit Aydın Campus),Beşyol Mah. İnönü Cad. No:38 Sefaköy-Küçükçekmece / Istanbul / Turkey,الكهرباء,تركيا,إسطنبول,دبلوم,التركية,متاح,#28D094,2026-2027,3000,3000,3000,1500,USD,-,3000
94,19,جامعة إسطنبول آيدن,Florya Campus (Halit Aydın Campus),Beşyol Mah. İnönü Cad. No:38 Sefaköy-Küçükçekmece / Istanbul / Turkey,التجارة الخارجية,تركيا,إسطنبول,دبلوم,الإنجليزية,متاح,#28D094,2026-2027,3000,3000,3000,1500,USD,-,3000
93,19,جامعة إسطنبول آيدن,Florya Campus (Halit Aydın Campus),Beşyol Mah. İnönü Cad. No:38 Sefaköy-Küçükçekmece / Istanbul / Turkey,التجارة الخارجية,تركيا,إسطنبول,دبلوم,التركية,متاح,#28D094,2026-2027,3000,3000,3000,1500,USD,-,3000
92,19,جامعة إسطنبول آيدن,Florya Campus (Halit Aydın Campus),Beşyol Mah. İnönü Cad. No:38 Sefaköy-Küçükçekmece / Istanbul / Turkey,تنمية الطفل,تركيا,إسطنبول,دبلوم,التركية,متاح,#28D094,2026-2027,3000,3000,3000,1500,USD,-,3000
91,19,جامعة إسطنبول آيدن,Florya Campus (Halit Aydın Campus),Beşyol Mah. İnönü Cad. No:38 Sefaköy-Küçükçekmece / Istanbul / Turkey,إدارة المكاتب والمساعدة التنفيذية,تركيا,إسطنبول,دبلوم,التركية,متاح,#28D094,2026-2027,3000,3000,3000,1500,USD,-,3000
90,19,جامعة إسطنبول آيدن,Florya Campus (Halit Aydın Campus),Beşyol Mah. İnönü Cad. No:38 Sefaköy-Küçükçekmece / Istanbul / Turkey,تكنولوجيا المعدات الطبية الحيوية,تركيا,إسطنبول,دبلوم,التركية,متاح,#28D094,2026-2027,3000,3000,3000,1500,USD,-,3000
89,19,جامعة إسطنبول آيدن,Florya Campus (Halit Aydın Campus),Beşyol Mah. İnönü Cad. No:38 Sefaköy-Küçükçekmece / Istanbul / Turkey,برمجة الكمبيوتر,تركيا,إسطنبول,دبلوم,الإنجليزية,متاح,#28D094,2026-2027,3000,3000,3000,1500,USD,-,3000
88,19,جامعة إسطنبول آيدن,Florya Campus (Halit Aydın Campus),Beşyol Mah. İnönü Cad. No:38 Sefaköy-Küçükçekmece / Istanbul / Turkey,برمجة الكمبيوتر,تركيا,إسطنبول,دبلوم,التركية,متاح,#28D094,2026-2027,3000,3000,3000,1500,USD,-,3000
87,19,جامعة إسطنبول آيدن,Florya Campus (Halit Aydın Campus),Beşyol Mah. İnönü Cad. No:38 Sefaköy-Küçükçekmece / Istanbul / Turkey,تقنيات الطباعة والنشر,تركيا,إسطنبول,دبلوم,التركية,متاح,#28D094,2026-2027,3000,3000,3000,1500,USD,-,3000
86,19,جامعة إسطنبول آيدن,Florya Campus (Halit Aydın Campus),Beşyol Mah. İnönü Cad. No:38 Sefaköy-Küçükçekmece / Istanbul / Turkey,البنوك والتأمين,تركيا,إسطنبول,دبلوم,التركية,متاح,#28D094,2026-2027,3000,3000,3000,1500,USD,-,3000
85,19,جامعة إسطنبول آيدن,Florya Campus (Halit Aydın Campus),Beşyol Mah. İnönü Cad. No:38 Sefaköy-Küçükçekmece / Istanbul / Turkey,طبخ,تركيا,إسطنبول,دبلوم,التركية,متاح,#28D094,2026-2027,3000,3000,3000,1500,USD,-,3000
84,19,جامعة إسطنبول آيدن,Florya Campus (Halit Aydın Campus),Beşyol Mah. İnönü Cad. No:38 Sefaköy-Küçükçekmece / Istanbul / Turkey,الطيران المدني,تركيا,إسطنبول,بكالوريوس,الإنجليزية,متاح,#28D094,2026-2027,8000,8000,8000,8000,USD,رسوم دراسية سنوية. رسوم تدريب الطيران السنوية 18750 EUR.,8000
83,19,جامعة إسطنبول آيدن,Florya Campus (Halit Aydın Campus),Beşyol Mah. İnönü Cad. No:38 Sefaköy-Küçükçekmece / Istanbul / Turkey,إلكترونيات الطيران,تركيا,إسطنبول,بكالوريوس,الإنجليزية,متاح,#28D094,2026-2027,6500,6500,6500,3250,USD,-,6500
82,19,جامعة إسطنبول آيدن,Florya Campus (Halit Aydın Campus),Beşyol Mah. İnönü Cad. No:38 Sefaköy-Küçükçekmece / Istanbul / Turkey,تطوير البرمجيات,تركيا,إسطنبول,بكالوريوس,الإنجليزية,متاح,#28D094,2026-2027,6500,6500,6500,3250,USD,-,6500
81,19,جامعة إسطنبول آيدن,Florya Campus (Halit Aydın Campus),Beşyol Mah. İnönü Cad. No:38 Sefaköy-Küçükçekmece / Istanbul / Turkey,نظم المعلومات الإدارية,تركيا,إسطنبول,بكالوريوس,الإنجليزية,متاح,#28D094,2026-2027,6500,6500,6500,3250,USD,-,6500
80,19,جامعة إسطنبول آيدن,Florya Campus (Halit Aydın Campus),Beşyol Mah. İnönü Cad. No:38 Sefaköy-Küçükçekmece / Istanbul / Turkey,نظم المعلومات الإدارية,تركيا,إسطنبول,بكالوريوس,التركية,متاح,#28D094,2026-2027,5000,5000,5000,2500,USD,-,3000
79,19,جامعة إسطنبول آيدن,Florya Campus (Halit Aydın Campus),Beşyol Mah. İnönü Cad. No:38 Sefaköy-Küçükçekmece / Istanbul / Turkey,الطب البشري,تركيا,إسطنبول,بكالوريوس,الإنجليزية,متاح,#28D094,2026-2027,25000,25000,25000,12500,USD,-,7000
78,19,جامعة إسطنبول آيدن,Florya Campus (Halit Aydın Campus),Beşyol Mah. İnönü Cad. No:38 Sefaköy-Küçükçekmece / Istanbul / Turkey,الطب البشري,تركيا,إسطنبول,بكالوريوس,التركية,متاح,#28D094,2026-2027,25000,25000,25000,12500,USD,-,3000
77,19,جامعة إسطنبول آيدن,Florya Campus (Halit Aydın Campus),Beşyol Mah. İnönü Cad. No:38 Sefaköy-Küçükçekmece / Istanbul / Turkey,الإدارة الرياضية,تركيا,إسطنبول,بكالوريوس,التركية,متاح,#28D094,2026-2027,5000,5000,5000,2500,USD,-,3000
76,19,جامعة إسطنبول آيدن,Florya Campus (Halit Aydın Campus),Beşyol Mah. İnönü Cad. No:38 Sefaköy-Küçükçekmece / Istanbul / Turkey,التدريب على التدريب,تركيا,إسطنبول,بكالوريوس,التركية,متاح,#28D094,2026-2027,5000,5000,5000,2500,USD,-,3000
75,19,جامعة إسطنبول آيدن,Florya Campus (Halit Aydın Campus),Beşyol Mah. İnönü Cad. No:38 Sefaköy-Küçükçekmece / Istanbul / Turkey,الترفيه,تركيا,إسطنبول,بكالوريوس,التركية,متاح,#28D094,2026-2027,5000,5000,5000,2500,USD,-,3000
74,19,جامعة إسطنبول آيدن,Florya Campus (Halit Aydın Campus),Beşyol Mah. İnönü Cad. No:38 Sefaköy-Küçükçekmece / Istanbul / Turkey,التربية البدنية وتدريس الرياضة,تركيا,إسطنبول,بكالوريوس,التركية,متاح,#28D094,2026-2027,5000,5000,5000,2500,USD,-,3000
73,19,جامعة إسطنبول آيدن,Florya Campus (Halit Aydın Campus),Beşyol Mah. İnönü Cad. No:38 Sefaköy-Küçükçekmece / Istanbul / Turkey,الخدمات الاجتماعية,تركيا,إسطنبول,بكالوريوس,التركية,متاح,#28D094,2026-2027,6500,6500,6500,3250,USD,-,3000
72,19,جامعة إسطنبول آيدن,Florya Campus (Halit Aydın Campus),Beşyol Mah. İnönü Cad. No:38 Sefaköy-Küçükçekmece / Istanbul / Turkey,إدارة الصحة,تركيا,إسطنبول,بكالوريوس,التركية,متاح,#28D094,2026-2027,6500,6500,6500,3250,USD,-,3000
71,19,جامعة إسطنبول آيدن,Florya Campus (Halit Aydın Campus),Beşyol Mah. İnönü Cad. No:38 Sefaköy-Küçükçekmece / Istanbul / Turkey,علم السمع,تركيا,إسطنبول,بكالوريوس,التركية,متاح,#28D094,2026-2027,6500,6500,6500,3250,USD,-,3000
70,19,جامعة إسطنبول آيدن,Florya Campus (Halit Aydın Campus),Beşyol Mah. İnönü Cad. No:38 Sefaköy-Küçükçekmece / Istanbul / Turkey,تمريض,تركيا,إسطنبول,بكالوريوس,التركية,متاح,#28D094,2026-2027,6500,6500,6500,3250,USD,-,3000
69,19,جامعة إسطنبول آيدن,Florya Campus (Halit Aydın Campus),Beşyol Mah. İnönü Cad. No:38 Sefaköy-Küçükçekmece / Istanbul / Turkey,القبالة,تركيا,إسطنبول,بكالوريوس,التركية,متاح,#28D094,2026-2027,6500,6500,6500,3250,USD,-,3000
68,19,جامعة إسطنبول آيدن,Florya Campus (Halit Aydın Campus),Beşyol Mah. İnönü Cad. No:38 Sefaköy-Küçükçekmece / Istanbul / Turkey,العلاج الطبيعي والتأهيل,تركيا,إسطنبول,بكالوريوس,التركية,متاح,#28D094,2026-2027,6500,6500,6500,3250,USD,-,3000
67,19,جامعة إسطنبول آيدن,Florya Campus (Halit Aydın Campus),Beşyol Mah. İnönü Cad. No:38 Sefaköy-Küçükçekmece / Istanbul / Turkey,العلاج الطبيعي والتأهيل,تركيا,إسطنبول,بكالوريوس,الإنجليزية,متاح,#28D094,2026-2027,8000,8000,8000,4000,USD,-,8000
66,19,جامعة إسطنبول آيدن,Florya Campus (Halit Aydın Campus),Beşyol Mah. İnönü Cad. No:38 Sefaköy-Küçükçekmece / Istanbul / Turkey,تنمية الطفل,تركيا,إسطنبول,بكالوريوس,التركية,متاح,#28D094,2026-2027,6500,6500,6500,3250,USD,-,3000
65,19,جامعة إسطنبول آيدن,Florya Campus (Halit Aydın Campus),Beşyol Mah. İnönü Cad. No:38 Sefaköy-Küçükçekmece / Istanbul / Turkey,التغذية وعلم الحمية,تركيا,إسطنبول,بكالوريوس,الإنجليزية,متاح,#28D094,2026-2027,8000,8000,8000,4000,USD,-,8000
64,19,جامعة إسطنبول آيدن,Florya Campus (Halit Aydın Campus),Beşyol Mah. İnönü Cad. No:38 Sefaköy-Küçükçekmece / Istanbul / Turkey,التغذية وعلم الحمية,تركيا,إسطنبول,بكالوريوس,التركية,متاح,#28D094,2026-2027,6500,6500,6500,3250,USD,-,3000
63,19,جامعة إسطنبول آيدن,Florya Campus (Halit Aydın Campus),Beşyol Mah. İnönü Cad. No:38 Sefaköy-Küçükçekmece / Istanbul / Turkey,هندسة الذكاء الاصطناعي,تركيا,إسطنبول,بكالوريوس,الإنجليزية,متاح,#28D094,2026-2027,6500,6500,6500,3250,USD,-,6500
62,19,جامعة إسطنبول آيدن,Florya Campus (Halit Aydın Campus),Beşyol Mah. İnönü Cad. No:38 Sefaköy-Küçükçekmece / Istanbul / Turkey,هندسة البرمجيات,تركيا,إسطنبول,بكالوريوس,الإنجليزية,متاح,#28D094,2026-2027,6500,6500,6500,3250,USD,-,6500
61,19,جامعة إسطنبول آيدن,Florya Campus (Halit Aydın Campus),Beşyol Mah. İnönü Cad. No:38 Sefaköy-Küçükçekmece / Istanbul / Turkey,هندسة الطيران والفضاء,تركيا,إسطنبول,بكالوريوس,الإنجليزية,متاح,#28D094,2026-2027,6500,6500,6500,3250,USD,-,6500
60,19,جامعة إسطنبول آيدن,Florya Campus (Halit Aydın Campus),Beşyol Mah. İnönü Cad. No:38 Sefaköy-Küçükçekmece / Istanbul / Turkey,الهندسة الميكانيكية,تركيا,إسطنبول,بكالوريوس,الإنجليزية,متاح,#28D094,2026-2027,6500,6500,6500,3250,USD,-,6500
59,19,جامعة إسطنبول آيدن,Florya Campus (Halit Aydın Campus),Beşyol Mah. İnönü Cad. No:38 Sefaköy-Küçükçekmece / Istanbul / Turkey,الهندسة الميكانيكية,تركيا,إسطنبول,بكالوريوس,التركية,متاح,#28D094,2026-2027,5000,5000,5000,2500,USD,-,3000
58,19,جامعة إسطنبول آيدن,Florya Campus (Halit Aydın Campus),Beşyol Mah. İnönü Cad. No:38 Sefaköy-Küçükçekmece / Istanbul / Turkey,الهندسة المدنية,تركيا,إسطنبول,بكالوريوس,الإنجليزية,متاح,#28D094,2026-2027,6500,6500,6500,3250,USD,-,6500
57,19,جامعة إسطنبول آيدن,Florya Campus (Halit Aydın Campus),Beşyol Mah. İnönü Cad. No:38 Sefaköy-Küçükçekmece / Istanbul / Turkey,الهندسة المدنية,تركيا,إسطنبول,بكالوريوس,التركية,متاح,#28D094,2026-2027,5000,5000,5000,2500,USD,-,3000
56,19,جامعة إسطنبول آيدن,Florya Campus (Halit Aydın Campus),Beşyol Mah. İnönü Cad. No:38 Sefaköy-Küçükçekmece / Istanbul / Turkey,الهندسة الصناعية,تركيا,إسطنبول,بكالوريوس,الإنجليزية,متاح,#28D094,2026-2027,6500,6500,6500,3250,USD,-,6500
55,19,جامعة إسطنبول آيدن,Florya Campus (Halit Aydın Campus),Beşyol Mah. İnönü Cad. No:38 Sefaköy-Küçükçekmece / Istanbul / Turkey,الهندسة الكهربائية والإلكترونية,تركيا,إسطنبول,بكالوريوس,الإنجليزية,متاح,#28D094,2026-2027,6500,6500,6500,3250,USD,-,6500
54,19,جامعة إسطنبول آيدن,Florya Campus (Halit Aydın Campus),Beşyol Mah. İnönü Cad. No:38 Sefaköy-Küçükçekmece / Istanbul / Turkey,هندسة الكمبيوتر,تركيا,إسطنبول,بكالوريوس,الإنجليزية,متاح,#28D094,2026-2027,6500,6500,6500,3250,USD,-,6500
53,19,جامعة إسطنبول آيدن,Florya Campus (Halit Aydın Campus),Beşyol Mah. İnönü Cad. No:38 Sefaköy-Küçükçekmece / Istanbul / Turkey,العمارة,تركيا,إسطنبول,بكالوريوس,الإنجليزية,متاح,#28D094,2026-2027,6500,6500,6500,3250,USD,-,6500
52,19,جامعة إسطنبول آيدن,Florya Campus (Halit Aydın Campus),Beşyol Mah. İnönü Cad. No:38 Sefaköy-Küçükçekmece / Istanbul / Turkey,العمارة,تركيا,إسطنبول,بكالوريوس,التركية,متاح,#28D094,2026-2027,5000,5000,5000,2500,USD,-,3000
51,19,جامعة إسطنبول آيدن,Florya Campus (Halit Aydın Campus),Beşyol Mah. İnönü Cad. No:38 Sefaköy-Küçükçekmece / Istanbul / Turkey,العمارة الداخلية,تركيا,إسطنبول,بكالوريوس,التركية,متاح,#28D094,2026-2027,5000,5000,5000,2500,USD,-,3000
50,19,جامعة إسطنبول آيدن,Florya Campus (Halit Aydın Campus),Beşyol Mah. İnönü Cad. No:38 Sefaköy-Küçükçekmece / Istanbul / Turkey,تصميم المنتجات الصناعية,تركيا,إسطنبول,بكالوريوس,التركية,متاح,#28D094,2026-2027,5000,5000,5000,2500,USD,-,3000
49,19,جامعة إسطنبول آيدن,Florya Campus (Halit Aydın Campus),Beşyol Mah. İnönü Cad. No:38 Sefaköy-Küçükçekmece / Istanbul / Turkey,وسائل الإعلام الجديدة والاتصالات,تركيا,إسطنبول,بكالوريوس,التركية,متاح,#28D094,2026-2027,5000,5000,5000,2500,USD,-,3000
48,19,جامعة إسطنبول آيدن,Florya Campus (Halit Aydın Campus),Beşyol Mah. İnönü Cad. No:38 Sefaköy-Küçükçekmece / Istanbul / Turkey,إعداد التقارير والبرامج التلفزيونية,تركيا,إسطنبول,بكالوريوس,التركية,متاح,#28D094,2026-2027,5000,5000,5000,2500,USD,-,3000
47,19,جامعة إسطنبول آيدن,Florya Campus (Halit Aydın Campus),Beşyol Mah. İnönü Cad. No:38 Sefaköy-Küçükçekmece / Istanbul / Turkey,الإعلان,تركيا,إسطنبول,بكالوريوس,التركية,متاح,#28D094,2026-2027,5000,5000,5000,2500,USD,-,3000
46,19,جامعة إسطنبول آيدن,Florya Campus (Halit Aydın Campus),Beşyol Mah. İnönü Cad. No:38 Sefaköy-Küçükçekmece / Istanbul / Turkey,الإذاعة والتلفزيون والسينما,تركيا,إسطنبول,بكالوريوس,الإنجليزية,متاح,#28D094,2026-2027,6000,6000,6000,3000,USD,-,6000
45,19,جامعة إسطنبول آيدن,Florya Campus (Halit Aydın Campus),Beşyol Mah. İnönü Cad. No:38 Sefaköy-Küçükçekmece / Istanbul / Turkey,الإذاعة والتلفزيون والسينما,تركيا,إسطنبول,بكالوريوس,التركية,متاح,#28D094,2026-2027,5000,5000,5000,2500,USD,-,3000
44,19,جامعة إسطنبول آيدن,Florya Campus (Halit Aydın Campus),Beşyol Mah. İnönü Cad. No:38 Sefaköy-Küçükçekmece / Istanbul / Turkey,العلاقات العامة والدعاية,تركيا,إسطنبول,بكالوريوس,التركية,متاح,#28D094,2026-2027,5000,5000,5000,2500,USD,-,3000
43,19,جامعة إسطنبول آيدن,Florya Campus (Halit Aydın Campus),Beşyol Mah. İnönü Cad. No:38 Sefaköy-Küçükçekmece / Istanbul / Turkey,تصميم الاتصالات المرئية,تركيا,إسطنبول,بكالوريوس,التركية,متاح,#28D094,2026-2027,5000,5000,5000,2500,USD,-,3000
42,19,جامعة إسطنبول آيدن,Florya Campus (Halit Aydın Campus),Beşyol Mah. İnönü Cad. No:38 Sefaköy-Küçükçekmece / Istanbul / Turkey,الصحافة,تركيا,إسطنبول,بكالوريوس,التركية,متاح,#28D094,2026-2027,5000,5000,5000,2500,USD,-,3000
41,19,جامعة إسطنبول آيدن,Florya Campus (Halit Aydın Campus),Beşyol Mah. İnönü Cad. No:38 Sefaköy-Küçükçekmece / Istanbul / Turkey,التجارة الدولية,تركيا,إسطنبول,بكالوريوس,الإنجليزية,متاح,#28D094,2026-2027,6000,6000,6000,3000,USD,-,6000
40,19,جامعة إسطنبول آيدن,Florya Campus (Halit Aydın Campus),Beşyol Mah. İnönü Cad. No:38 Sefaköy-Küçükçekmece / Istanbul / Turkey,العلوم السياسية والعلاقات الدولية,تركيا,إسطنبول,بكالوريوس,التركية,متاح,#28D094,2026-2027,5000,5000,5000,2500,USD,-,3000
39,19,جامعة إسطنبول آيدن,Florya Campus (Halit Aydın Campus),Beşyol Mah. İnönü Cad. No:38 Sefaköy-Küçükçekmece / Istanbul / Turkey,العلوم السياسية والعلاقات الدولية,تركيا,إسطنبول,بكالوريوس,الإنجليزية,متاح,#28D094,2026-2027,6000,6000,6000,3000,USD,-,6000
38,19,جامعة إسطنبول آيدن,Florya Campus (Halit Aydın Campus),Beşyol Mah. İnönü Cad. No:38 Sefaköy-Küçükçekmece / Istanbul / Turkey,المحاسبة والإدارة المالية,تركيا,إسطنبول,بكالوريوس,الإنجليزية,متاح,#28D094,2026-2027,6000,6000,6000,3000,USD,-,6000
37,19,جامعة إسطنبول آيدن,Florya Campus (Halit Aydın Campus),Beşyol Mah. İnönü Cad. No:38 Sefaköy-Küçükçekmece / Istanbul / Turkey,المحاسبة والإدارة المالية,تركيا,إسطنبول,بكالوريوس,التركية,متاح,#28D094,2026-2027,5000,5000,5000,2500,USD,-,3000
36,19,جامعة إسطنبول آيدن,Florya Campus (Halit Aydın Campus),Beşyol Mah. İnönü Cad. No:38 Sefaköy-Küçükçekmece / Istanbul / Turkey,الإدارة العامة,تركيا,إسطنبول,بكالوريوس,التركية,متاح,#28D094,2026-2027,5000,5000,5000,2500,USD,-,3000
35,19,جامعة إسطنبول آيدن,Florya Campus (Halit Aydın Campus),Beşyol Mah. İnönü Cad. No:38 Sefaköy-Küçükçekmece / Istanbul / Turkey,إدارة الأعمال,تركيا,إسطنبول,بكالوريوس,التركية,متاح,#28D094,2026-2027,5000,5000,5000,2500,USD,-,3000
34,19,جامعة إسطنبول آيدن,Florya Campus (Halit Aydın Campus),Beşyol Mah. İnönü Cad. No:38 Sefaköy-Küçükçekmece / Istanbul / Turkey,إدارة الأعمال,تركيا,إسطنبول,بكالوريوس,الإنجليزية,متاح,#28D094,2026-2027,6000,6000,6000,3000,USD,-,6000
33,19,جامعة إسطنبول آيدن,Florya Campus (Halit Aydın Campus),Beşyol Mah. İnönü Cad. No:38 Sefaköy-Küçükçekmece / Istanbul / Turkey,إدارة الطيران,تركيا,إسطنبول,بكالوريوس,الإنجليزية,متاح,#28D094,2026-2027,6000,6000,6000,3000,USD,-,6000
32,19,جامعة إسطنبول آيدن,Florya Campus (Halit Aydın Campus),Beşyol Mah. İnönü Cad. No:38 Sefaköy-Küçükçekmece / Istanbul / Turkey,الاقتصاد والمالية,تركيا,إسطنبول,بكالوريوس,الإنجليزية,متاح,#28D094,2026-2027,6000,6000,6000,3000,USD,-,6000
31,19,جامعة إسطنبول آيدن,Florya Campus (Halit Aydın Campus),Beşyol Mah. İnönü Cad. No:38 Sefaköy-Küçükçekmece / Istanbul / Turkey,الاقتصاد والمالية,تركيا,إسطنبول,بكالوريوس,التركية,متاح,#28D094,2026-2027,5000,5000,5000,2500,USD,-,3000
30,19,جامعة إسطنبول آيدن,Florya Campus (Halit Aydın Campus),Beşyol Mah. İnönü Cad. No:38 Sefaköy-Küçükçekmece / Istanbul / Turkey,قانون,تركيا,إسطنبول,بكالوريوس,التركية,متاح,#28D094,2026-2027,6500,6500,6500,3250,USD,-,3000
29,19,جامعة إسطنبول آيدن,Florya Campus (Halit Aydın Campus),Beşyol Mah. İnönü Cad. No:38 Sefaköy-Küçükçekmece / Istanbul / Turkey,تصميم الأزياء والمنسوجات,تركيا,إسطنبول,بكالوريوس,التركية,متاح,#28D094,2026-2027,5000,5000,5000,2500,USD,-,3000
28,19,جامعة إسطنبول آيدن,Florya Campus (Halit Aydın Campus),Beşyol Mah. İnönü Cad. No:38 Sefaköy-Küçükçekmece / Istanbul / Turkey,التصميم الجرافيكي,تركيا,إسطنبول,بكالوريوس,التركية,متاح,#28D094,2026-2027,5000,5000,5000,2500,USD,-,3000
27,19,جامعة إسطنبول آيدن,Florya Campus (Halit Aydın Campus),Beşyol Mah. İnönü Cad. No:38 Sefaköy-Küçükçekmece / Istanbul / Turkey,الدراما والتمثيل,تركيا,إسطنبول,بكالوريوس,التركية,متاح,#28D094,2026-2027,5000,5000,5000,2500,USD,-,3000
26,19,جامعة إسطنبول آيدن,Florya Campus (Halit Aydın Campus),Beşyol Mah. İnönü Cad. No:38 Sefaköy-Küçükçekmece / Istanbul / Turkey,الرسوم المتحركة والرسوم المتحركة,تركيا,إسطنبول,بكالوريوس,التركية,متاح,#28D094,2026-2027,5000,5000,5000,2500,USD,-,3000
25,19,جامعة إسطنبول آيدن,Florya Campus (Halit Aydın Campus),Beşyol Mah. İnönü Cad. No:38 Sefaköy-Küçükçekmece / Istanbul / Turkey,تصميم الألعاب الرقمية,تركيا,إسطنبول,بكالوريوس,الإنجليزية,متاح,#28D094,2026-2027,6000,6000,6000,3000,USD,-,6000
24,19,جامعة إسطنبول آيدن,Florya Campus (Halit Aydın Campus),Beşyol Mah. İnönü Cad. No:38 Sefaköy-Küçükçekmece / Istanbul / Turkey,تصميم الألعاب الرقمية,تركيا,إسطنبول,بكالوريوس,التركية,متاح,#28D094,2026-2027,5000,5000,5000,2500,USD,-,3000
23,19,جامعة إسطنبول آيدن,Florya Campus (Halit Aydın Campus),Beşyol Mah. İnönü Cad. No:38 Sefaköy-Küçükçekmece / Istanbul / Turkey,فنون الطهي وفنون المطبخ,تركيا,إسطنبول,بكالوريوس,التركية,متاح,#28D094,2026-2027,5000,5000,5000,2500,USD,-,3000
21,19,جامعة إسطنبول آيدن,Florya Campus (Halit Aydın Campus),Beşyol Mah. İnönü Cad. No:38 Sefaköy-Küçükçekmece / Istanbul / Turkey,الترجمة والترجمة الفورية,تركيا,إسطنبول,بكالوريوس,الإنجليزية,متاح,#28D094,2026-2027,5000,5000,5000,2500,USD,-,5000
19,19,جامعة إسطنبول آيدن,Florya Campus (Halit Aydın Campus),Beşyol Mah. İnönü Cad. No:38 Sefaköy-Küçükçekmece / Istanbul / Turkey,اللغة التركية وآدابها,تركيا,إسطنبول,بكالوريوس,التركية,متاح,#28D094,2026-2027,5000,5000,5000,2500,USD,-,3000
18,19,جامعة إسطنبول آيدن,Florya Campus (Halit Aydın Campus),Beşyol Mah. İnönü Cad. No:38 Sefaköy-Küçükçekmece / Istanbul / Turkey,التاريخ,تركيا,إسطنبول,بكالوريوس,التركية,متاح,#28D094,2026-2027,5000,5000,5000,2500,USD,-,3000
17,19,جامعة إسطنبول آيدن,Florya Campus (Halit Aydın Campus),Beşyol Mah. İnönü Cad. No:38 Sefaköy-Küçükçekmece / Istanbul / Turkey,علم الاجتماع,تركيا,إسطنبول,بكالوريوس,التركية,متاح,#28D094,2026-2027,5000,5000,5000,2500,USD,-,3000
16,19,جامعة إسطنبول آيدن,Florya Campus (Halit Aydın Campus),Beşyol Mah. İnönü Cad. No:38 Sefaköy-Küçükçekmece / Istanbul / Turkey,اللغة الإنجليزية وآدابها,تركيا,إسطنبول,بكالوريوس,الإنجليزية,متاح,#28D094,2026-2027,5000,5000,5000,2500,USD,-,5000
15,19,جامعة إسطنبول آيدن,Florya Campus (Halit Aydın Campus),Beşyol Mah. İnönü Cad. No:38 Sefaköy-Küçükçekmece / Istanbul / Turkey,علم النفس,تركيا,إسطنبول,بكالوريوس,التركية,متاح,#28D094,2026-2027,5000,5000,5000,2500,USD,-,3000
14,19,جامعة إسطنبول آيدن,Florya Campus (Halit Aydın Campus),Beşyol Mah. İnönü Cad. No:38 Sefaköy-Küçükçekmece / Istanbul / Turkey,علم النفس,تركيا,إسطنبول,بكالوريوس,الإنجليزية,متاح,#28D094,2026-2027,6000,6000,6000,3000,USD,-,6000
13,19,جامعة إسطنبول آيدن,Florya Campus (Halit Aydın Campus),Beşyol Mah. İnönü Cad. No:38 Sefaköy-Küçükçekmece / Istanbul / Turkey,البيولوجيا الجزيئية وعلم الوراثة,تركيا,إسطنبول,بكالوريوس,الإنجليزية,متاح,#28D094,2026-2027,6000,6000,6000,3000,USD,-,6000
12,19,جامعة إسطنبول آيدن,Florya Campus (Halit Aydın Campus),Beşyol Mah. İnönü Cad. No:38 Sefaköy-Küçükçekmece / Istanbul / Turkey,تدريب معلمي اللغة التركية,تركيا,إسطنبول,بكالوريوس,التركية,متاح,#28D094,2026-2027,5000,5000,5000,2500,USD,-,3000
11,19,جامعة إسطنبول آيدن,Florya Campus (Halit Aydın Campus),Beşyol Mah. İnönü Cad. No:38 Sefaköy-Küçükçekmece / Istanbul / Turkey,تعليم المرحلة الابتدائية,تركيا,إسطنبول,بكالوريوس,التركية,متاح,#28D094,2026-2027,5000,5000,5000,2500,USD,-,3000
10,19,جامعة إسطنبول آيدن,Florya Campus (Halit Aydın Campus),Beşyol Mah. İnönü Cad. No:38 Sefaköy-Küçükçekmece / Istanbul / Turkey,الإرشاد والتوجيه النفسي,تركيا,إسطنبول,بكالوريوس,التركية,متاح,#28D094,2026-2027,5000,5000,5000,2500,USD,-,3000
9,19,جامعة إسطنبول آيدن,Florya Campus (Halit Aydın Campus),Beşyol Mah. İnönü Cad. No:38 Sefaköy-Küçükçekmece / Istanbul / Turkey,التعليم الخاص,تركيا,إسطنبول,بكالوريوس,التركية,متاح,#28D094,2026-2027,5000,5000,5000,2500,USD,-,3000
8,19,جامعة إسطنبول آيدن,Florya Campus (Halit Aydın Campus),Beşyol Mah. İnönü Cad. No:38 Sefaköy-Küçükçekmece / Istanbul / Turkey,تعليم ما قبل المدرسة,تركيا,إسطنبول,بكالوريوس,التركية,متاح,#28D094,2026-2027,5000,5000,5000,2500,USD,-,3000
7,19,جامعة إسطنبول آيدن,Florya Campus (Halit Aydın Campus),Beşyol Mah. İnönü Cad. No:38 Sefaköy-Küçükçekmece / Istanbul / Turkey,تدريس اللغة الإنجليزية,تركيا,إسطنبول,بكالوريوس,الإنجليزية,متاح,#28D094,2026-2027,5000,5000,5000,2500,USD,-,5000
6,19,جامعة إسطنبول آيدن,Florya Campus (Halit Aydın Campus),Beşyol Mah. İnönü Cad. No:38 Sefaköy-Küçükçekmece / Istanbul / Turkey,تعليم رياضيات المرحلة الابتدائية,تركيا,إسطنبول,بكالوريوس,التركية,متاح,#28D094,2026-2027,5000,5000,5000,2500,USD,-,3000
5,19,جامعة إسطنبول آيدن,Florya Campus (Halit Aydın Campus),Beşyol Mah. İnönü Cad. No:38 Sefaköy-Küçükçekmece / Istanbul / Turkey,تعليم اللغة العربية,تركيا,إسطنبول,بكالوريوس,التركية,متاح,#28D094,2026-2027,5000,5000,5000,2500,USD,-,3000
4,19,جامعة إسطنبول آيدن,Florya Campus (Halit Aydın Campus),Beşyol Mah. İnönü Cad. No:38 Sefaköy-Küçükçekmece / Istanbul / Turkey,الصيدلة,تركيا,إسطنبول,بكالوريوس,الإنجليزية,متاح,#28D094,2026-2027,15000,15000,15000,7500,USD,-,15000
3,19,جامعة إسطنبول آيدن,Florya Campus (Halit Aydın Campus),Beşyol Mah. İnönü Cad. No:38 Sefaköy-Küçükçekmece / Istanbul / Turkey,الصيدلة,تركيا,إسطنبول,بكالوريوس,التركية,متاح,#28D094,2026-2027,11000,11000,11000,5500,USD,-,3000
2,19,جامعة إسطنبول آيدن,Florya Campus (Halit Aydın Campus),Beşyol Mah. İnönü Cad. No:38 Sefaköy-Küçükçekmece / Istanbul / Turkey,طب الأسنان,تركيا,إسطنبول,بكالوريوس,الإنجليزية,متاح,#28D094,2026-2027,23000,23000,23000,11500,USD,-,7000
1,19,جامعة إسطنبول آيدن,Florya Campus (Halit Aydın Campus),Beşyol Mah. İnönü Cad. No:38 Sefaköy-Küçükçekmece / Istanbul / Turkey,طب الأسنان,تركيا,إسطنبول,بكالوريوس,التركية,متاح,#28D094,2026-2027,23000,23000,23000,11500,USD,-,3000
