type,id,university,campus_name,campus_address,department_or_scope,country,city,degree,language,status,years,fees,discount_fees_or_price,cash_fees,deposit_fee,currency,notes,extra
program,2387,جامعة يني يوزيل,Topkapı Dr. Azmi Ofluoğlu Campus,"Maltepe Mahallesi, Yılanlı Ayazma Caddesi, No: 26 P.K. 34010 Cevizlibağ / Zeytinburnu / İstanbul",البيولوجيا الجزيئية وعلم الوراثة,تركيا,إسطنبول,ماجستير مع أطروحة,التركية,متاح,2026-2027,4000,4000,4000,2000,USD,-,1250
program,2386,جامعة يني يوزيل,Topkapı Dr. Azmi Ofluoğlu Campus,"Maltepe Mahallesi, Yılanlı Ayazma Caddesi, No: 26 P.K. 34010 Cevizlibağ / Zeytinburnu / İstanbul",الهندسة الطبية الحيوية,تركيا,إسطنبول,ماجستير بدون أطروحة,التركية,متاح,2026-2027,3500,3500,3500,1750,USD,-,1250
program,2385,جامعة يني يوزيل,Topkapı Dr. Azmi Ofluoğlu Campus,"Maltepe Mahallesi, Yılanlı Ayazma Caddesi, No: 26 P.K. 34010 Cevizlibağ / Zeytinburnu / İstanbul",الهندسة الطبية الحيوية,تركيا,إسطنبول,ماجستير مع أطروحة,التركية,متاح,2026-2027,4000,4000,4000,2000,USD,-,1250
program,2384,جامعة يني يوزيل,Topkapı Dr. Azmi Ofluoğlu Campus,"Maltepe Mahallesi, Yılanlı Ayazma Caddesi, No: 26 P.K. 34010 Cevizlibağ / Zeytinburnu / İstanbul",العلوم السياسية والعلاقات الدولية,تركيا,إسطنبول,دكتوراه,التركية,متاح,2026-2027,9000,9000,9000,4500,USD,-,1250
program,2383,جامعة يني يوزيل,Topkapı Dr. Azmi Ofluoğlu Campus,"Maltepe Mahallesi, Yılanlı Ayazma Caddesi, No: 26 P.K. 34010 Cevizlibağ / Zeytinburnu / İstanbul",اللغة الإنجليزية وآدابها,تركيا,إسطنبول,دكتوراه,الإنجليزية,متاح,2026-2027,9000,9000,9000,4500,USD,-,9000
program,2382,جامعة يني يوزيل,Topkapı Dr. Azmi Ofluoğlu Campus,"Maltepe Mahallesi, Yılanlı Ayazma Caddesi, No: 26 P.K. 34010 Cevizlibağ / Zeytinburnu / İstanbul",دراسات الترجمة,تركيا,إسطنبول,ماجستير مع أطروحة,التركية,متاح,2026-2027,4000,4000,4000,2000,USD,-,1250
program,2381,جامعة يني يوزيل,Topkapı Dr. Azmi Ofluoğlu Campus,"Maltepe Mahallesi, Yılanlı Ayazma Caddesi, No: 26 P.K. 34010 Cevizlibağ / Zeytinburnu / İstanbul",الأدب الأنجلو أمريكي والكتابة الإبداعية,تركيا,إسطنبول,ماجستير بدون أطروحة,التركية,متاح,2026-2027,3500,3500,3500,1750,USD,-,1250
program,2380,جامعة يني يوزيل,Topkapı Dr. Azmi Ofluoğlu Campus,"Maltepe Mahallesi, Yılanlı Ayazma Caddesi, No: 26 P.K. 34010 Cevizlibağ / Zeytinburnu / İstanbul",الأدب الأنجلو أمريكي والكتابة الإبداعية,تركيا,إسطنبول,ماجستير مع أطروحة,التركية,متاح,2026-2027,4000,4000,4000,2000,USD,-,1250
program,2379,جامعة يني يوزيل,Topkapı Dr. Azmi Ofluoğlu Campus,"Maltepe Mahallesi, Yılanlı Ayazma Caddesi, No: 26 P.K. 34010 Cevizlibağ / Zeytinburnu / İstanbul",إدارة الأعمال,تركيا,إسطنبول,ماجستير بدون أطروحة,التركية,متاح,2026-2027,3500,3500,3500,1750,USD,-,1250
program,2378,جامعة يني يوزيل,Topkapı Dr. Azmi Ofluoğlu Campus,"Maltepe Mahallesi, Yılanlı Ayazma Caddesi, No: 26 P.K. 34010 Cevizlibağ / Zeytinburnu / İstanbul",إدارة الأعمال,تركيا,إسطنبول,ماجستير مع أطروحة,التركية,متاح,2026-2027,4000,4000,4000,2000,USD,-,1250
program,2377,جامعة يني يوزيل,Topkapı Dr. Azmi Ofluoğlu Campus,"Maltepe Mahallesi, Yılanlı Ayazma Caddesi, No: 26 P.K. 34010 Cevizlibağ / Zeytinburnu / İstanbul",الاقتصاد والمالية,تركيا,إسطنبول,ماجستير بدون أطروحة,التركية,متاح,2026-2027,3500,3500,3500,1750,USD,-,1250
program,2376,جامعة يني يوزيل,Topkapı Dr. Azmi Ofluoğlu Campus,"Maltepe Mahallesi, Yılanlı Ayazma Caddesi, No: 26 P.K. 34010 Cevizlibağ / Zeytinburnu / İstanbul",الاقتصاد والمالية,تركيا,إسطنبول,ماجستير مع أطروحة,التركية,متاح,2026-2027,4000,4000,4000,2000,USD,-,1250
program,2375,جامعة يني يوزيل,Topkapı Dr. Azmi Ofluoğlu Campus,"Maltepe Mahallesi, Yılanlı Ayazma Caddesi, No: 26 P.K. 34010 Cevizlibağ / Zeytinburnu / İstanbul",اللغة الإنجليزية وآدابها,تركيا,إسطنبول,ماجستير مع أطروحة,التركية,متاح,2026-2027,4000,4000,4000,2000,USD,-,1250
program,2374,جامعة يني يوزيل,Topkapı Dr. Azmi Ofluoğlu Campus,"Maltepe Mahallesi, Yılanlı Ayazma Caddesi, No: 26 P.K. 34010 Cevizlibağ / Zeytinburnu / İstanbul",القانون الخاص,تركيا,إسطنبول,ماجستير بدون أطروحة,التركية,متاح,2026-2027,3500,3500,3500,1750,USD,-,1250
program,2373,جامعة يني يوزيل,Topkapı Dr. Azmi Ofluoğlu Campus,"Maltepe Mahallesi, Yılanlı Ayazma Caddesi, No: 26 P.K. 34010 Cevizlibağ / Zeytinburnu / İstanbul",القانون العام,تركيا,إسطنبول,ماجستير بدون أطروحة,التركية,متاح,2026-2027,3500,3500,3500,1750,USD,-,1250
program,2372,جامعة يني يوزيل,Topkapı Dr. Azmi Ofluoğlu Campus,"Maltepe Mahallesi, Yılanlı Ayazma Caddesi, No: 26 P.K. 34010 Cevizlibağ / Zeytinburnu / İstanbul",وسائل الإعلام الجديدة والاتصالات,تركيا,إسطنبول,ماجستير بدون أطروحة,التركية,متاح,2026-2027,3500,3500,3500,1750,USD,-,1250
program,2371,جامعة يني يوزيل,Topkapı Dr. Azmi Ofluoğlu Campus,"Maltepe Mahallesi, Yılanlı Ayazma Caddesi, No: 26 P.K. 34010 Cevizlibağ / Zeytinburnu / İstanbul",وسائل الإعلام الجديدة والاتصالات,تركيا,إسطنبول,ماجستير مع أطروحة,التركية,متاح,2026-2027,4000,4000,4000,2000,USD,-,1250
program,2370,جامعة يني يوزيل,Topkapı Dr. Azmi Ofluoğlu Campus,"Maltepe Mahallesi, Yılanlı Ayazma Caddesi, No: 26 P.K. 34010 Cevizlibağ / Zeytinburnu / İstanbul",العلوم السياسية والعلاقات الدولية,تركيا,إسطنبول,ماجستير بدون أطروحة,التركية,متاح,2026-2027,3500,3500,3500,1750,USD,-,1250
program,2369,جامعة يني يوزيل,Topkapı Dr. Azmi Ofluoğlu Campus,"Maltepe Mahallesi, Yılanlı Ayazma Caddesi, No: 26 P.K. 34010 Cevizlibağ / Zeytinburnu / İstanbul",العلوم السياسية والعلاقات الدولية,تركيا,إسطنبول,ماجستير مع أطروحة,التركية,متاح,2026-2027,4000,4000,4000,2000,USD,-,1250
program,2368,جامعة يني يوزيل,Topkapı Dr. Azmi Ofluoğlu Campus,"Maltepe Mahallesi, Yılanlı Ayazma Caddesi, No: 26 P.K. 34010 Cevizlibağ / Zeytinburnu / İstanbul",التربية البدنية والرياضة,تركيا,إسطنبول,ماجستير مع أطروحة,التركية,متاح,2026-2027,4000,4000,4000,2000,USD,-,1250
program,2367,جامعة يني يوزيل,Topkapı Dr. Azmi Ofluoğlu Campus,"Maltepe Mahallesi, Yılanlı Ayazma Caddesi, No: 26 P.K. 34010 Cevizlibağ / Zeytinburnu / İstanbul",علم الأحياء الدقيقة الطبية,تركيا,إسطنبول,ماجستير مع أطروحة,التركية,متاح,2026-2027,4000,4000,4000,2000,USD,-,1250
program,2366,جامعة يني يوزيل,Topkapı Dr. Azmi Ofluoğlu Campus,"Maltepe Mahallesi, Yılanlı Ayazma Caddesi, No: 26 P.K. 34010 Cevizlibağ / Zeytinburnu / İstanbul",إدارة الصحة,تركيا,إسطنبول,ماجستير بدون أطروحة,التركية,متاح,2026-2027,3500,3500,3500,1750,USD,-,1250
program,2365,جامعة يني يوزيل,Topkapı Dr. Azmi Ofluoğlu Campus,"Maltepe Mahallesi, Yılanlı Ayazma Caddesi, No: 26 P.K. 34010 Cevizlibağ / Zeytinburnu / İstanbul",إدارة الصحة,تركيا,إسطنبول,ماجستير مع أطروحة,التركية,متاح,2026-2027,4000,4000,4000,2000,USD,-,1250
program,2364,جامعة يني يوزيل,Topkapı Dr. Azmi Ofluoğlu Campus,"Maltepe Mahallesi, Yılanlı Ayazma Caddesi, No: 26 P.K. 34010 Cevizlibağ / Zeytinburnu / İstanbul",علم الأجنة السريري,تركيا,إسطنبول,ماجستير مع أطروحة,التركية,متاح,2026-2027,4000,4000,4000,2000,USD,-,1250
program,2363,جامعة يني يوزيل,Topkapı Dr. Azmi Ofluoğlu Campus,"Maltepe Mahallesi, Yılanlı Ayazma Caddesi, No: 26 P.K. 34010 Cevizlibağ / Zeytinburnu / İstanbul",الصحة والسلامة المهنية,تركيا,إسطنبول,ماجستير بدون أطروحة,التركية,متاح,2026-2027,3500,3500,3500,1750,USD,-,1250
program,2362,جامعة يني يوزيل,Topkapı Dr. Azmi Ofluoğlu Campus,"Maltepe Mahallesi, Yılanlı Ayazma Caddesi, No: 26 P.K. 34010 Cevizlibağ / Zeytinburnu / İstanbul",الصحة والسلامة المهنية,تركيا,إسطنبول,ماجستير مع أطروحة,التركية,متاح,2026-2027,4000,4000,4000,2000,USD,-,1250
program,2361,جامعة يني يوزيل,Topkapı Dr. Azmi Ofluoğlu Campus,"Maltepe Mahallesi, Yılanlı Ayazma Caddesi, No: 26 P.K. 34010 Cevizlibağ / Zeytinburnu / İstanbul",برمجة الكمبيوتر,تركيا,إسطنبول,دبلوم,التركية,متاح,2026-2027,3400,1700,1700,1700,USD,-,1250
program,2360,جامعة يني يوزيل,Topkapı Dr. Azmi Ofluoğlu Campus,"Maltepe Mahallesi, Yılanlı Ayazma Caddesi, No: 26 P.K. 34010 Cevizlibağ / Zeytinburnu / İstanbul",إدارة السياحة والفنادق,تركيا,إسطنبول,دبلوم,التركية,متاح,2026-2027,3000,1500,1500,1500,USD,-,1250
program,2359,جامعة يني يوزيل,Topkapı Dr. Azmi Ofluoğlu Campus,"Maltepe Mahallesi, Yılanlı Ayazma Caddesi, No: 26 P.K. 34010 Cevizlibağ / Zeytinburnu / İstanbul",البرمجة الإذاعية والتليفزيونية,تركيا,إسطنبول,دبلوم,التركية,متاح,2026-2027,3000,1500,1500,1500,USD,-,1250
program,2358,جامعة يني يوزيل,Topkapı Dr. Azmi Ofluoğlu Campus,"Maltepe Mahallesi, Yılanlı Ayazma Caddesi, No: 26 P.K. 34010 Cevizlibağ / Zeytinburnu / İstanbul",خدمات مكتب المحكمة,تركيا,إسطنبول,دبلوم,التركية,متاح,2026-2027,3000,1500,1500,1500,USD,-,1250
program,2357,جامعة يني يوزيل,Topkapı Dr. Azmi Ofluoğlu Campus,"Maltepe Mahallesi, Yılanlı Ayazma Caddesi, No: 26 P.K. 34010 Cevizlibağ / Zeytinburnu / İstanbul",اللوجستية,تركيا,إسطنبول,دبلوم,التركية,متاح,2026-2027,3000,1500,1500,1500,USD,-,1250
program,2356,جامعة يني يوزيل,Topkapı Dr. Azmi Ofluoğlu Campus,"Maltepe Mahallesi, Yılanlı Ayazma Caddesi, No: 26 P.K. 34010 Cevizlibağ / Zeytinburnu / İstanbul",العلاقات العامة والدعاية,تركيا,إسطنبول,دبلوم,التركية,متاح,2026-2027,3000,1500,1500,1500,USD,-,1250
program,2355,جامعة يني يوزيل,Topkapı Dr. Azmi Ofluoğlu Campus,"Maltepe Mahallesi, Yılanlı Ayazma Caddesi, No: 26 P.K. 34010 Cevizlibağ / Zeytinburnu / İstanbul",التجارة الخارجية,تركيا,إسطنبول,دبلوم,التركية,متاح,2026-2027,3000,1500,1500,1500,USD,-,1250
program,2354,جامعة يني يوزيل,Topkapı Dr. Azmi Ofluoğlu Campus,"Maltepe Mahallesi, Yılanlı Ayazma Caddesi, No: 26 P.K. 34010 Cevizlibağ / Zeytinburnu / İstanbul",البنوك والتأمين,تركيا,إسطنبول,دبلوم,التركية,متاح,2026-2027,3000,1500,1500,1500,USD,-,1250
program,2353,جامعة يني يوزيل,Topkapı Dr. Azmi Ofluoğlu Campus,"Maltepe Mahallesi, Yılanlı Ayazma Caddesi, No: 26 P.K. 34010 Cevizlibağ / Zeytinburnu / İstanbul",خدمات رعاية المسنين,تركيا,إسطنبول,دبلوم,التركية,متاح,2026-2027,3000,1500,1500,1500,USD,-,1250
program,2352,جامعة يني يوزيل,Topkapı Dr. Azmi Ofluoğlu Campus,"Maltepe Mahallesi, Yılanlı Ayazma Caddesi, No: 26 P.K. 34010 Cevizlibağ / Zeytinburnu / İstanbul",تقنيات المختبرات الطبية,تركيا,إسطنبول,دبلوم,التركية,متاح,2026-2027,3000,1500,1500,1500,USD,-,1250
program,2351,جامعة يني يوزيل,Topkapı Dr. Azmi Ofluoğlu Campus,"Maltepe Mahallesi, Yılanlı Ayazma Caddesi, No: 26 P.K. 34010 Cevizlibağ / Zeytinburnu / İstanbul",تكنولوجيا معالجة البيانات الطبية,تركيا,إسطنبول,دبلوم,التركية,متاح,2026-2027,3000,1500,1500,1500,USD,-,1250
program,2350,جامعة يني يوزيل,Topkapı Dr. Azmi Ofluoğlu Campus,"Maltepe Mahallesi, Yılanlı Ayazma Caddesi, No: 26 P.K. 34010 Cevizlibağ / Zeytinburnu / İstanbul",تقنيات التصوير الطبي,تركيا,إسطنبول,دبلوم,التركية,متاح,2026-2027,3000,1500,1500,1500,USD,-,1250
program,2349,جامعة يني يوزيل,Topkapı Dr. Azmi Ofluoğlu Campus,"Maltepe Mahallesi, Yılanlı Ayazma Caddesi, No: 26 P.K. 34010 Cevizlibağ / Zeytinburnu / İstanbul",البصريات,تركيا,إسطنبول,دبلوم,التركية,متاح,2026-2027,3000,1500,1500,1500,USD,-,1250
program,2348,جامعة يني يوزيل,Topkapı Dr. Azmi Ofluoğlu Campus,"Maltepe Mahallesi, Yılanlı Ayazma Caddesi, No: 26 P.K. 34010 Cevizlibağ / Zeytinburnu / İstanbul",قياس السمع,تركيا,إسطنبول,دبلوم,التركية,متاح,2026-2027,3000,1500,1500,1500,USD,-,1250
program,2347,جامعة يني يوزيل,Topkapı Dr. Azmi Ofluoğlu Campus,"Maltepe Mahallesi, Yılanlı Ayazma Caddesi, No: 26 P.K. 34010 Cevizlibağ / Zeytinburnu / İstanbul",الإسعافات الأولية والطوارئ,تركيا,إسطنبول,دبلوم,التركية,متاح,2026-2027,3000,1500,1500,1500,USD,-,1250
program,2346,جامعة يني يوزيل,Topkapı Dr. Azmi Ofluoğlu Campus,"Maltepe Mahallesi, Yılanlı Ayazma Caddesi, No: 26 P.K. 34010 Cevizlibağ / Zeytinburnu / İstanbul",خدمات الصيدلية,تركيا,إسطنبول,دبلوم,التركية,متاح,2026-2027,3000,1500,1500,1500,USD,-,1250
program,2345,جامعة يني يوزيل,Topkapı Dr. Azmi Ofluoğlu Campus,"Maltepe Mahallesi, Yılanlı Ayazma Caddesi, No: 26 P.K. 34010 Cevizlibağ / Zeytinburnu / İstanbul",تنمية الطفل,تركيا,إسطنبول,دبلوم,التركية,متاح,2026-2027,3000,1500,1500,1500,USD,-,1250
program,2344,جامعة يني يوزيل,Topkapı Dr. Azmi Ofluoğlu Campus,"Maltepe Mahallesi, Yılanlı Ayazma Caddesi, No: 26 P.K. 34010 Cevizlibağ / Zeytinburnu / İstanbul",التخدير,تركيا,إسطنبول,دبلوم,التركية,متاح,2026-2027,3000,1500,1500,1500,USD,-,1250
program,2343,جامعة يني يوزيل,Topkapı Dr. Azmi Ofluoğlu Campus,"Maltepe Mahallesi, Yılanlı Ayazma Caddesi, No: 26 P.K. 34010 Cevizlibağ / Zeytinburnu / İstanbul",خدمات غرفة العمليات,تركيا,إسطنبول,دبلوم,التركية,متاح,2026-2027,3000,1500,1500,1500,USD,-,1250
program,2342,جامعة يني يوزيل,Topkapı Dr. Azmi Ofluoğlu Campus,"Maltepe Mahallesi, Yılanlı Ayazma Caddesi, No: 26 P.K. 34010 Cevizlibağ / Zeytinburnu / İstanbul",صحة الفم والأسنان,تركيا,إسطنبول,دبلوم,التركية,متاح,2026-2027,3000,1500,1500,1500,USD,-,1250
program,2341,جامعة يني يوزيل,Topkapı Dr. Azmi Ofluoğlu Campus,"Maltepe Mahallesi, Yılanlı Ayazma Caddesi, No: 26 P.K. 34010 Cevizlibağ / Zeytinburnu / İstanbul",التدريب على التدريب,تركيا,إسطنبول,بكالوريوس,التركية,متاح,2026-2027,5000,2500,2500,2500,USD,-,1250
program,2340,جامعة يني يوزيل,Topkapı Dr. Azmi Ofluoğlu Campus,"Maltepe Mahallesi, Yılanlı Ayazma Caddesi, No: 26 P.K. 34010 Cevizlibağ / Zeytinburnu / İstanbul",الترفيه,تركيا,إسطنبول,بكالوريوس,التركية,متاح,2026-2027,5000,2500,2500,2500,USD,-,1250
program,2339,جامعة يني يوزيل,Topkapı Dr. Azmi Ofluoğlu Campus,"Maltepe Mahallesi, Yılanlı Ayazma Caddesi, No: 26 P.K. 34010 Cevizlibağ / Zeytinburnu / İstanbul",الإعلام الجديد والصحافة,تركيا,إسطنبول,بكالوريوس,التركية,متاح,2026-2027,5000,2500,2500,2500,USD,-,1250
program,2338,جامعة يني يوزيل,Topkapı Dr. Azmi Ofluoğlu Campus,"Maltepe Mahallesi, Yılanlı Ayazma Caddesi, No: 26 P.K. 34010 Cevizlibağ / Zeytinburnu / İstanbul",الإذاعة والتلفزيون والسينما,تركيا,إسطنبول,بكالوريوس,التركية,متاح,2026-2027,5000,2500,2500,2500,USD,-,1250
program,2337,جامعة يني يوزيل,Topkapı Dr. Azmi Ofluoğlu Campus,"Maltepe Mahallesi, Yılanlı Ayazma Caddesi, No: 26 P.K. 34010 Cevizlibağ / Zeytinburnu / İstanbul",العلاقات العامة والإعلان,تركيا,إسطنبول,بكالوريوس,التركية,متاح,2026-2027,5000,2500,2500,2500,USD,-,1250
program,2336,جامعة يني يوزيل,Topkapı Dr. Azmi Ofluoğlu Campus,"Maltepe Mahallesi, Yılanlı Ayazma Caddesi, No: 26 P.K. 34010 Cevizlibağ / Zeytinburnu / İstanbul",تصميم الاتصالات المرئية,تركيا,إسطنبول,بكالوريوس,التركية,متاح,2026-2027,5000,2500,2500,2500,USD,-,1250
program,2335,جامعة يني يوزيل,Topkapı Dr. Azmi Ofluoğlu Campus,"Maltepe Mahallesi, Yılanlı Ayazma Caddesi, No: 26 P.K. 34010 Cevizlibağ / Zeytinburnu / İstanbul",الفنون المسرحية,تركيا,إسطنبول,بكالوريوس,التركية,متاح,2026-2027,5000,2500,2500,2500,USD,-,1250
program,2334,جامعة يني يوزيل,Topkapı Dr. Azmi Ofluoğlu Campus,"Maltepe Mahallesi, Yılanlı Ayazma Caddesi, No: 26 P.K. 34010 Cevizlibağ / Zeytinburnu / İstanbul",التصميم الجرافيكي,تركيا,إسطنبول,بكالوريوس,التركية,متاح,2026-2027,5000,2500,2500,2500,USD,-,1250
program,2333,جامعة يني يوزيل,Topkapı Dr. Azmi Ofluoğlu Campus,"Maltepe Mahallesi, Yılanlı Ayazma Caddesi, No: 26 P.K. 34010 Cevizlibağ / Zeytinburnu / İstanbul",اللغة التركية وآدابها,تركيا,إسطنبول,بكالوريوس,التركية,متاح,2026-2027,5000,2500,2500,2500,USD,-,1250
program,2332,جامعة يني يوزيل,Topkapı Dr. Azmi Ofluoğlu Campus,"Maltepe Mahallesi, Yılanlı Ayazma Caddesi, No: 26 P.K. 34010 Cevizlibağ / Zeytinburnu / İstanbul",علم النفس,تركيا,إسطنبول,بكالوريوس,التركية,متاح,2026-2027,5000,2500,2500,2500,USD,-,1250
program,2331,جامعة يني يوزيل,Topkapı Dr. Azmi Ofluoğlu Campus,"Maltepe Mahallesi, Yılanlı Ayazma Caddesi, No: 26 P.K. 34010 Cevizlibağ / Zeytinburnu / İstanbul",البيولوجيا الجزيئية وعلم الوراثة,تركيا,إسطنبول,بكالوريوس,التركية,متاح,2026-2027,5000,2500,2500,2500,USD,-,1250
program,2330,جامعة يني يوزيل,Topkapı Dr. Azmi Ofluoğlu Campus,"Maltepe Mahallesi, Yılanlı Ayazma Caddesi, No: 26 P.K. 34010 Cevizlibağ / Zeytinburnu / İstanbul",الترجمة والترجمة الفورية,تركيا,إسطنبول,بكالوريوس,الإنجليزية / التركية,متاح,2026-2027,5000,2500,2500,2500,USD,-,5000
program,2329,جامعة يني يوزيل,Topkapı Dr. Azmi Ofluoğlu Campus,"Maltepe Mahallesi, Yılanlı Ayazma Caddesi, No: 26 P.K. 34010 Cevizlibağ / Zeytinburnu / İstanbul",اللغة الإنجليزية وآدابها,تركيا,إسطنبول,بكالوريوس,الإنجليزية,متاح,2026-2027,5000,2500,2500,2500,USD,-,5000
program,2328,جامعة يني يوزيل,Topkapı Dr. Azmi Ofluoğlu Campus,"Maltepe Mahallesi, Yılanlı Ayazma Caddesi, No: 26 P.K. 34010 Cevizlibağ / Zeytinburnu / İstanbul",إدارة الصحة,تركيا,إسطنبول,بكالوريوس,التركية,متاح,2026-2027,5000,2500,2500,2500,USD,-,1250
program,2327,جامعة يني يوزيل,Topkapı Dr. Azmi Ofluoğlu Campus,"Maltepe Mahallesi, Yılanlı Ayazma Caddesi, No: 26 P.K. 34010 Cevizlibağ / Zeytinburnu / İstanbul",الصحة والسلامة المهنية,تركيا,إسطنبول,بكالوريوس,التركية,متاح,2026-2027,5000,2500,2500,2500,USD,-,1250
program,2326,جامعة يني يوزيل,Topkapı Dr. Azmi Ofluoğlu Campus,"Maltepe Mahallesi, Yılanlı Ayazma Caddesi, No: 26 P.K. 34010 Cevizlibağ / Zeytinburnu / İstanbul",تمريض,تركيا,إسطنبول,بكالوريوس,التركية,متاح,2026-2027,5000,2500,2500,2500,USD,-,1250
program,2325,جامعة يني يوزيل,Topkapı Dr. Azmi Ofluoğlu Campus,"Maltepe Mahallesi, Yılanlı Ayazma Caddesi, No: 26 P.K. 34010 Cevizlibağ / Zeytinburnu / İstanbul",العلاج الطبيعي والتأهيل,تركيا,إسطنبول,بكالوريوس,التركية,متاح,2026-2027,5000,2500,2500,2500,USD,-,1250
program,2324,جامعة يني يوزيل,Topkapı Dr. Azmi Ofluoğlu Campus,"Maltepe Mahallesi, Yılanlı Ayazma Caddesi, No: 26 P.K. 34010 Cevizlibağ / Zeytinburnu / İstanbul",التغذية وعلم الحمية,تركيا,إسطنبول,بكالوريوس,الإنجليزية,متاح,2026-2027,5000,2500,2500,2500,USD,-,5000
program,2323,جامعة يني يوزيل,Topkapı Dr. Azmi Ofluoğlu Campus,"Maltepe Mahallesi, Yılanlı Ayazma Caddesi, No: 26 P.K. 34010 Cevizlibağ / Zeytinburnu / İstanbul",العمارة,تركيا,إسطنبول,بكالوريوس,التركية,متاح,2026-2027,5000,2500,2500,2500,USD,-,1250
program,2322,جامعة يني يوزيل,Topkapı Dr. Azmi Ofluoğlu Campus,"Maltepe Mahallesi, Yılanlı Ayazma Caddesi, No: 26 P.K. 34010 Cevizlibağ / Zeytinburnu / İstanbul",الهندسة المعمارية الداخلية والتصميم البيئي,تركيا,إسطنبول,بكالوريوس,التركية,متاح,2026-2027,5000,2500,2500,2500,USD,-,1250
program,2321,جامعة يني يوزيل,Topkapı Dr. Azmi Ofluoğlu Campus,"Maltepe Mahallesi, Yılanlı Ayazma Caddesi, No: 26 P.K. 34010 Cevizlibağ / Zeytinburnu / İstanbul",الهندسة الكهربائية والإلكترونية,تركيا,إسطنبول,بكالوريوس,التركية,متاح,2026-2027,5000,2500,2500,2500,USD,-,1250
program,2320,جامعة يني يوزيل,Topkapı Dr. Azmi Ofluoğlu Campus,"Maltepe Mahallesi, Yılanlı Ayazma Caddesi, No: 26 P.K. 34010 Cevizlibağ / Zeytinburnu / İstanbul",الهندسة الطبية الحيوية,تركيا,إسطنبول,بكالوريوس,التركية,متاح,2026-2027,5000,2500,2500,2500,USD,-,1250
program,2319,جامعة يني يوزيل,Topkapı Dr. Azmi Ofluoğlu Campus,"Maltepe Mahallesi, Yılanlı Ayazma Caddesi, No: 26 P.K. 34010 Cevizlibağ / Zeytinburnu / İstanbul",التجارة الدولية واللوجستيات,تركيا,إسطنبول,بكالوريوس,التركية,متاح,2026-2027,5000,2500,2500,2500,USD,-,1250
program,2318,جامعة يني يوزيل,Topkapı Dr. Azmi Ofluoğlu Campus,"Maltepe Mahallesi, Yılanlı Ayazma Caddesi, No: 26 P.K. 34010 Cevizlibağ / Zeytinburnu / İstanbul",العلوم السياسية والعلاقات الدولية,تركيا,إسطنبول,بكالوريوس,التركية,متاح,2026-2027,5000,2500,2500,2500,USD,-,1250
program,2317,جامعة يني يوزيل,Topkapı Dr. Azmi Ofluoğlu Campus,"Maltepe Mahallesi, Yılanlı Ayazma Caddesi, No: 26 P.K. 34010 Cevizlibağ / Zeytinburnu / İstanbul",إدارة الأعمال,تركيا,إسطنبول,بكالوريوس,التركية,متاح,2026-2027,5000,2500,2500,2500,USD,-,1250
program,2316,جامعة يني يوزيل,Topkapı Dr. Azmi Ofluoğlu Campus,"Maltepe Mahallesi, Yılanlı Ayazma Caddesi, No: 26 P.K. 34010 Cevizlibağ / Zeytinburnu / İstanbul",قانون,تركيا,إسطنبول,بكالوريوس,التركية,متاح,2026-2027,5000,2500,2500,2500,USD,-,1250
program,2315,جامعة يني يوزيل,Topkapı Dr. Azmi Ofluoğlu Campus,"Maltepe Mahallesi, Yılanlı Ayazma Caddesi, No: 26 P.K. 34010 Cevizlibağ / Zeytinburnu / İstanbul",الصيدلة,تركيا,إسطنبول,بكالوريوس,التركية,متاح,2026-2027,10000,7500,7125,5000,USD,-,1250
program,2314,جامعة يني يوزيل,Topkapı Dr. Azmi Ofluoğlu Campus,"Maltepe Mahallesi, Yılanlı Ayazma Caddesi, No: 26 P.K. 34010 Cevizlibağ / Zeytinburnu / İstanbul",طب الأسنان,تركيا,إسطنبول,بكالوريوس,التركية,متاح,2026-2027,17000,13000,12350,8500,USD,-,1250
program,2313,جامعة يني يوزيل,Topkapı Dr. Azmi Ofluoğlu Campus,"Maltepe Mahallesi, Yılanlı Ayazma Caddesi, No: 26 P.K. 34010 Cevizlibağ / Zeytinburnu / İstanbul",الطب البشري,تركيا,إسطنبول,بكالوريوس,التركية,متاح,2026-2027,17000,13000,12350,8500,USD,-,1250
program,2312,جامعة إسطنبول بيلغي,Istanbul Bilgi University Campuses,santralistanbul: Eski Silahtarağa Elektrik Santralı Kazım Karabekir Cad. No: 2/13 34060 Eyüpsultan İstanbul | Kuştepe: İnönü Cad. No: 72 Kuştepe 34387 Şişli / İstanbul | Dolapdere: Hacıahmet Mahallesi Pir Hüsamettin Sokak No:20 34440 Beyoğlu İstanbul,العلاقات العامة,تركيا,إسطنبول,دبلوم,الإنجليزية,متاح,2026-2027,3500,3500,3500,1750,USD,-,0
program,2311,جامعة إسطنبول بيلغي,Istanbul Bilgi University Campuses,santralistanbul: Eski Silahtarağa Elektrik Santralı Kazım Karabekir Cad. No: 2/13 34060 Eyüpsultan İstanbul | Kuştepe: İnönü Cad. No: 72 Kuştepe 34387 Şişli / İstanbul | Dolapdere: Hacıahmet Mahallesi Pir Hüsamettin Sokak No:20 34440 Beyoğlu İstanbul,التجارة الدولية,تركيا,إسطنبول,دبلوم,الإنجليزية,متاح,2026-2027,3500,3500,3500,1750,USD,-,0
program,2310,جامعة إسطنبول بيلغي,Istanbul Bilgi University Campuses,santralistanbul: Eski Silahtarağa Elektrik Santralı Kazım Karabekir Cad. No: 2/13 34060 Eyüpsultan İstanbul | Kuştepe: İnönü Cad. No: 72 Kuştepe 34387 Şişli / İstanbul | Dolapdere: Hacıahmet Mahallesi Pir Hüsamettin Sokak No:20 34440 Beyoğlu İstanbul,تطوير البرمجيات,تركيا,إسطنبول,بكالوريوس,التركية,متاح,2026-2027,12000,6600,6600,6000,USD,-,0
program,2309,جامعة إسطنبول بيلغي,Istanbul Bilgi University Campuses,santralistanbul: Eski Silahtarağa Elektrik Santralı Kazım Karabekir Cad. No: 2/13 34060 Eyüpsultan İstanbul | Kuştepe: İnönü Cad. No: 72 Kuştepe 34387 Şişli / İstanbul | Dolapdere: Hacıahmet Mahallesi Pir Hüsamettin Sokak No:20 34440 Beyoğlu İstanbul,تصميم الأزياء والمنسوجات,تركيا,إسطنبول,بكالوريوس,الإنجليزية,متاح,2026-2027,12000,6000,6000,6000,USD,-,0
program,2308,جامعة إسطنبول بيلغي,Istanbul Bilgi University Campuses,santralistanbul: Eski Silahtarağa Elektrik Santralı Kazım Karabekir Cad. No: 2/13 34060 Eyüpsultan İstanbul | Kuştepe: İnönü Cad. No: 72 Kuştepe 34387 Şişli / İstanbul | Dolapdere: Hacıahmet Mahallesi Pir Hüsamettin Sokak No:20 34440 Beyoğlu İstanbul,إدارة اللوجستيات,تركيا,إسطنبول,بكالوريوس,الإنجليزية,متاح,2026-2027,12000,6000,6000,6000,USD,-,0
program,2307,جامعة إسطنبول بيلغي,Istanbul Bilgi University Campuses,santralistanbul: Eski Silahtarağa Elektrik Santralı Kazım Karabekir Cad. No: 2/13 34060 Eyüpsultan İstanbul | Kuştepe: İnönü Cad. No: 72 Kuştepe 34387 Şişli / İstanbul | Dolapdere: Hacıahmet Mahallesi Pir Hüsamettin Sokak No:20 34440 Beyoğlu İstanbul,إدارة الطيران,تركيا,إسطنبول,بكالوريوس,الإنجليزية,متاح,2026-2027,12000,6000,6000,6000,USD,-,0
program,2306,جامعة إسطنبول بيلغي,Istanbul Bilgi University Campuses,santralistanbul: Eski Silahtarağa Elektrik Santralı Kazım Karabekir Cad. No: 2/13 34060 Eyüpsultan İstanbul | Kuştepe: İnönü Cad. No: 72 Kuştepe 34387 Şişli / İstanbul | Dolapdere: Hacıahmet Mahallesi Pir Hüsamettin Sokak No:20 34440 Beyoğlu İstanbul,إدارة السياحة,تركيا,إسطنبول,بكالوريوس,الإنجليزية,متاح,2026-2027,12000,6000,6000,6000,USD,-,0
program,2305,جامعة إسطنبول بيلغي,Istanbul Bilgi University Campuses,santralistanbul: Eski Silahtarağa Elektrik Santralı Kazım Karabekir Cad. No: 2/13 34060 Eyüpsultan İstanbul | Kuştepe: İnönü Cad. No: 72 Kuştepe 34387 Şişli / İstanbul | Dolapdere: Hacıahmet Mahallesi Pir Hüsamettin Sokak No:20 34440 Beyoğlu İstanbul,فنون الطهي وفنون المطبخ,تركيا,إسطنبول,بكالوريوس,الإنجليزية,متاح,2026-2027,12000,6000,6000,6000,USD,-,0
program,2304,جامعة إسطنبول بيلغي,Istanbul Bilgi University Campuses,santralistanbul: Eski Silahtarağa Elektrik Santralı Kazım Karabekir Cad. No: 2/13 34060 Eyüpsultan İstanbul | Kuştepe: İnönü Cad. No: 72 Kuştepe 34387 Şişli / İstanbul | Dolapdere: Hacıahmet Mahallesi Pir Hüsamettin Sokak No:20 34440 Beyoğlu İstanbul,تنمية الطفل,تركيا,إسطنبول,بكالوريوس,التركية,متاح,2026-2027,12000,6000,6000,6000,USD,-,0
program,2303,جامعة إسطنبول بيلغي,Istanbul Bilgi University Campuses,santralistanbul: Eski Silahtarağa Elektrik Santralı Kazım Karabekir Cad. No: 2/13 34060 Eyüpsultan İstanbul | Kuştepe: İnönü Cad. No: 72 Kuştepe 34387 Şişli / İstanbul | Dolapdere: Hacıahmet Mahallesi Pir Hüsamettin Sokak No:20 34440 Beyoğlu İstanbul,العلاج الطبيعي والتأهيل,تركيا,إسطنبول,بكالوريوس,التركية,متاح,2026-2027,12000,6000,6000,6000,USD,-,0
program,2302,جامعة إسطنبول بيلغي,Istanbul Bilgi University Campuses,santralistanbul: Eski Silahtarağa Elektrik Santralı Kazım Karabekir Cad. No: 2/13 34060 Eyüpsultan İstanbul | Kuştepe: İnönü Cad. No: 72 Kuştepe 34387 Şişli / İstanbul | Dolapdere: Hacıahmet Mahallesi Pir Hüsamettin Sokak No:20 34440 Beyoğlu İstanbul,تمريض,تركيا,إسطنبول,بكالوريوس,التركية,متاح,2026-2027,12000,6000,6000,6000,USD,-,0
program,2301,جامعة إسطنبول بيلغي,Istanbul Bilgi University Campuses,santralistanbul: Eski Silahtarağa Elektrik Santralı Kazım Karabekir Cad. No: 2/13 34060 Eyüpsultan İstanbul | Kuştepe: İnönü Cad. No: 72 Kuştepe 34387 Şişli / İstanbul | Dolapdere: Hacıahmet Mahallesi Pir Hüsamettin Sokak No:20 34440 Beyoğlu İstanbul,التغذية وعلم الحمية,تركيا,إسطنبول,بكالوريوس,التركية,متاح,2026-2027,12000,6000,6000,6000,USD,-,0
program,2300,جامعة إسطنبول بيلغي,Istanbul Bilgi University Campuses,santralistanbul: Eski Silahtarağa Elektrik Santralı Kazım Karabekir Cad. No: 2/13 34060 Eyüpsultan İstanbul | Kuştepe: İnönü Cad. No: 72 Kuştepe 34387 Şişli / İstanbul | Dolapdere: Hacıahmet Mahallesi Pir Hüsamettin Sokak No:20 34440 Beyoğlu İstanbul,هندسة الميكاترونكس,تركيا,إسطنبول,بكالوريوس,الإنجليزية,متاح,2026-2027,12000,6000,6000,6000,USD,-,0
program,2299,جامعة إسطنبول بيلغي,Istanbul Bilgi University Campuses,santralistanbul: Eski Silahtarağa Elektrik Santralı Kazım Karabekir Cad. No: 2/13 34060 Eyüpsultan İstanbul | Kuştepe: İnönü Cad. No: 72 Kuştepe 34387 Şişli / İstanbul | Dolapdere: Hacıahmet Mahallesi Pir Hüsamettin Sokak No:20 34440 Beyoğlu İstanbul,الهندسة المدنية,تركيا,إسطنبول,بكالوريوس,الإنجليزية,متاح,2026-2027,12000,4800,4800,6000,USD,-,0
program,2298,جامعة إسطنبول بيلغي,Istanbul Bilgi University Campuses,santralistanbul: Eski Silahtarağa Elektrik Santralı Kazım Karabekir Cad. No: 2/13 34060 Eyüpsultan İstanbul | Kuştepe: İnönü Cad. No: 72 Kuştepe 34387 Şişli / İstanbul | Dolapdere: Hacıahmet Mahallesi Pir Hüsamettin Sokak No:20 34440 Beyoğlu İstanbul,الهندسة الميكانيكية,تركيا,إسطنبول,بكالوريوس,الإنجليزية,متاح,2026-2027,12000,4800,4800,6000,USD,-,0
program,2297,جامعة إسطنبول بيلغي,Istanbul Bilgi University Campuses,santralistanbul: Eski Silahtarağa Elektrik Santralı Kazım Karabekir Cad. No: 2/13 34060 Eyüpsultan İstanbul | Kuştepe: İnönü Cad. No: 72 Kuştepe 34387 Şişli / İstanbul | Dolapdere: Hacıahmet Mahallesi Pir Hüsamettin Sokak No:20 34440 Beyoğlu İstanbul,الهندسة الصناعية,تركيا,إسطنبول,بكالوريوس,الإنجليزية,متاح,2026-2027,12000,7800,7800,6000,USD,-,0
program,2296,جامعة إسطنبول بيلغي,Istanbul Bilgi University Campuses,santralistanbul: Eski Silahtarağa Elektrik Santralı Kazım Karabekir Cad. No: 2/13 34060 Eyüpsultan İstanbul | Kuştepe: İnönü Cad. No: 72 Kuştepe 34387 Şişli / İstanbul | Dolapdere: Hacıahmet Mahallesi Pir Hüsamettin Sokak No:20 34440 Beyoğlu İstanbul,الهندسة الكهربائية والإلكترونية,تركيا,إسطنبول,بكالوريوس,الإنجليزية,متاح,2026-2027,12000,4800,4800,6000,USD,-,0
program,2295,جامعة إسطنبول بيلغي,Istanbul Bilgi University Campuses,santralistanbul: Eski Silahtarağa Elektrik Santralı Kazım Karabekir Cad. No: 2/13 34060 Eyüpsultan İstanbul | Kuştepe: İnönü Cad. No: 72 Kuştepe 34387 Şişli / İstanbul | Dolapdere: Hacıahmet Mahallesi Pir Hüsamettin Sokak No:20 34440 Beyoğlu İstanbul,علم الوراثة والهندسة الحيوية,تركيا,إسطنبول,بكالوريوس,الإنجليزية,متاح,2026-2027,12000,4800,4800,6000,USD,-,0
program,2294,جامعة إسطنبول بيلغي,Istanbul Bilgi University Campuses,santralistanbul: Eski Silahtarağa Elektrik Santralı Kazım Karabekir Cad. No: 2/13 34060 Eyüpsultan İstanbul | Kuştepe: İnönü Cad. No: 72 Kuştepe 34387 Şişli / İstanbul | Dolapdere: Hacıahmet Mahallesi Pir Hüsamettin Sokak No:20 34440 Beyoğlu İstanbul,هندسة الكمبيوتر,تركيا,إسطنبول,بكالوريوس,الإنجليزية,متاح,2026-2027,12000,7800,7800,6000,USD,-,0
program,2293,جامعة إسطنبول بيلغي,Istanbul Bilgi University Campuses,santralistanbul: Eski Silahtarağa Elektrik Santralı Kazım Karabekir Cad. No: 2/13 34060 Eyüpsultan İstanbul | Kuştepe: İnönü Cad. No: 72 Kuştepe 34387 Şişli / İstanbul | Dolapdere: Hacıahmet Mahallesi Pir Hüsamettin Sokak No:20 34440 Beyoğlu İstanbul,الرياضيات,تركيا,إسطنبول,بكالوريوس,الإنجليزية,متاح,2026-2027,12000,4800,4800,6000,USD,-,0
program,2292,جامعة إسطنبول بيلغي,Istanbul Bilgi University Campuses,santralistanbul: Eski Silahtarağa Elektrik Santralı Kazım Karabekir Cad. No: 2/13 34060 Eyüpsultan İstanbul | Kuştepe: İnönü Cad. No: 72 Kuştepe 34387 Şişli / İstanbul | Dolapdere: Hacıahmet Mahallesi Pir Hüsamettin Sokak No:20 34440 Beyoğlu İstanbul,التصميم الصناعي,تركيا,إسطنبول,بكالوريوس,الإنجليزية,متاح,2026-2027,12000,7200,7200,6000,USD,-,0
program,2291,جامعة إسطنبول بيلغي,Istanbul Bilgi University Campuses,santralistanbul: Eski Silahtarağa Elektrik Santralı Kazım Karabekir Cad. No: 2/13 34060 Eyüpsultan İstanbul | Kuştepe: İnönü Cad. No: 72 Kuştepe 34387 Şişli / İstanbul | Dolapdere: Hacıahmet Mahallesi Pir Hüsamettin Sokak No:20 34440 Beyoğlu İstanbul,التصميم الداخلي,تركيا,إسطنبول,بكالوريوس,الإنجليزية,متاح,2026-2027,12000,7200,7200,6000,USD,-,0
program,2290,جامعة إسطنبول بيلغي,Istanbul Bilgi University Campuses,santralistanbul: Eski Silahtarağa Elektrik Santralı Kazım Karabekir Cad. No: 2/13 34060 Eyüpsultan İstanbul | Kuştepe: İnönü Cad. No: 72 Kuştepe 34387 Şişli / İstanbul | Dolapdere: Hacıahmet Mahallesi Pir Hüsamettin Sokak No:20 34440 Beyoğlu İstanbul,العمارة,تركيا,إسطنبول,بكالوريوس,الإنجليزية,متاح,2026-2027,12000,4800,4800,6000,USD,-,0
program,2289,جامعة إسطنبول بيلغي,Istanbul Bilgi University Campuses,santralistanbul: Eski Silahtarağa Elektrik Santralı Kazım Karabekir Cad. No: 2/13 34060 Eyüpsultan İstanbul | Kuştepe: İnönü Cad. No: 72 Kuştepe 34387 Şişli / İstanbul | Dolapdere: Hacıahmet Mahallesi Pir Hüsamettin Sokak No:20 34440 Beyoğlu İstanbul,تصميم وإدارة الاتصال,تركيا,إسطنبول,بكالوريوس,الإنجليزية,متاح,2026-2027,12000,6000,6000,6000,USD,-,0
program,2288,جامعة إسطنبول بيلغي,Istanbul Bilgi University Campuses,santralistanbul: Eski Silahtarağa Elektrik Santralı Kazım Karabekir Cad. No: 2/13 34060 Eyüpsultan İstanbul | Kuştepe: İnönü Cad. No: 72 Kuştepe 34387 Şişli / İstanbul | Dolapdere: Hacıahmet Mahallesi Pir Hüsamettin Sokak No:20 34440 Beyoğlu İstanbul,تصميم الألعاب الرقمية,تركيا,إسطنبول,بكالوريوس,الإنجليزية,متاح,2026-2027,12000,7200,7200,6000,USD,-,0
program,2287,جامعة إسطنبول بيلغي,Istanbul Bilgi University Campuses,santralistanbul: Eski Silahtarağa Elektrik Santralı Kazım Karabekir Cad. No: 2/13 34060 Eyüpsultan İstanbul | Kuştepe: İnönü Cad. No: 72 Kuştepe 34387 Şişli / İstanbul | Dolapdere: Hacıahmet Mahallesi Pir Hüsamettin Sokak No:20 34440 Beyoğlu İstanbul,إدارة الفنون الأدائية,تركيا,إسطنبول,بكالوريوس,الإنجليزية,متاح,2026-2027,12000,6000,6000,6000,USD,-,0
program,2286,جامعة إسطنبول بيلغي,Istanbul Bilgi University Campuses,santralistanbul: Eski Silahtarağa Elektrik Santralı Kazım Karabekir Cad. No: 2/13 34060 Eyüpsultan İstanbul | Kuştepe: İnönü Cad. No: 72 Kuştepe 34387 Şişli / İstanbul | Dolapdere: Hacıahmet Mahallesi Pir Hüsamettin Sokak No:20 34440 Beyoğlu İstanbul,إعداد التقارير والبرامج التلفزيونية,تركيا,إسطنبول,بكالوريوس,الإنجليزية,متاح,2026-2027,12000,6000,6000,6000,USD,-,0
program,2285,جامعة إسطنبول بيلغي,Istanbul Bilgi University Campuses,santralistanbul: Eski Silahtarağa Elektrik Santralı Kazım Karabekir Cad. No: 2/13 34060 Eyüpsultan İstanbul | Kuştepe: İnönü Cad. No: 72 Kuştepe 34387 Şişli / İstanbul | Dolapdere: Hacıahmet Mahallesi Pir Hüsamettin Sokak No:20 34440 Beyoğlu İstanbul,تصميم الاتصالات المرئية,تركيا,إسطنبول,بكالوريوس,الإنجليزية,متاح,2026-2027,12000,6000,6000,6000,USD,-,0
program,2284,جامعة إسطنبول بيلغي,Istanbul Bilgi University Campuses,santralistanbul: Eski Silahtarağa Elektrik Santralı Kazım Karabekir Cad. No: 2/13 34060 Eyüpsultan İstanbul | Kuştepe: İnönü Cad. No: 72 Kuştepe 34387 Şişli / İstanbul | Dolapdere: Hacıahmet Mahallesi Pir Hüsamettin Sokak No:20 34440 Beyoğlu İstanbul,الراديو والتلفزيون والسينما,تركيا,إسطنبول,بكالوريوس,الإنجليزية,متاح,2026-2027,12000,6000,6000,6000,USD,-,0
program,2283,جامعة إسطنبول بيلغي,Istanbul Bilgi University Campuses,santralistanbul: Eski Silahtarağa Elektrik Santralı Kazım Karabekir Cad. No: 2/13 34060 Eyüpsultan İstanbul | Kuştepe: İnönü Cad. No: 72 Kuştepe 34387 Şişli / İstanbul | Dolapdere: Hacıahmet Mahallesi Pir Hüsamettin Sokak No:20 34440 Beyoğlu İstanbul,العلاقات العامة والدعاية,تركيا,إسطنبول,بكالوريوس,الإنجليزية,متاح,2026-2027,12000,6000,6000,6000,USD,-,0
program,2282,جامعة إسطنبول بيلغي,Istanbul Bilgi University Campuses,santralistanbul: Eski Silahtarağa Elektrik Santralı Kazım Karabekir Cad. No: 2/13 34060 Eyüpsultan İstanbul | Kuştepe: İnönü Cad. No: 72 Kuştepe 34387 Şişli / İstanbul | Dolapdere: Hacıahmet Mahallesi Pir Hüsamettin Sokak No:20 34440 Beyoğlu İstanbul,الإعلان,تركيا,إسطنبول,بكالوريوس,الإنجليزية,متاح,2026-2027,12000,6000,6000,6000,USD,-,0
program,2281,جامعة إسطنبول بيلغي,Istanbul Bilgi University Campuses,santralistanbul: Eski Silahtarağa Elektrik Santralı Kazım Karabekir Cad. No: 2/13 34060 Eyüpsultan İstanbul | Kuştepe: İnönü Cad. No: 72 Kuştepe 34387 Şişli / İstanbul | Dolapdere: Hacıahmet Mahallesi Pir Hüsamettin Sokak No:20 34440 Beyoğlu İstanbul,وسائل الإعلام الجديدة والاتصالات,تركيا,إسطنبول,بكالوريوس,الإنجليزية,متاح,2026-2027,12000,6000,6000,6000,USD,-,0
program,2280,جامعة إسطنبول بيلغي,Istanbul Bilgi University Campuses,santralistanbul: Eski Silahtarağa Elektrik Santralı Kazım Karabekir Cad. No: 2/13 34060 Eyüpsultan İstanbul | Kuştepe: İnönü Cad. No: 72 Kuştepe 34387 Şişli / İstanbul | Dolapdere: Hacıahmet Mahallesi Pir Hüsamettin Sokak No:20 34440 Beyoğlu İstanbul,التسويق,تركيا,إسطنبول,بكالوريوس,الإنجليزية,متاح,2026-2027,12000,7200,7200,6000,USD,-,0
program,2279,جامعة إسطنبول بيلغي,Istanbul Bilgi University Campuses,santralistanbul: Eski Silahtarağa Elektrik Santralı Kazım Karabekir Cad. No: 2/13 34060 Eyüpsultan İstanbul | Kuştepe: İnönü Cad. No: 72 Kuştepe 34387 Şişli / İstanbul | Dolapdere: Hacıahmet Mahallesi Pir Hüsamettin Sokak No:20 34440 Beyoğlu İstanbul,التجارة الدولية والأعمال,تركيا,إسطنبول,بكالوريوس,الإنجليزية,متاح,2026-2027,12000,7200,7200,6000,USD,-,0
program,2278,جامعة إسطنبول بيلغي,Istanbul Bilgi University Campuses,santralistanbul: Eski Silahtarağa Elektrik Santralı Kazım Karabekir Cad. No: 2/13 34060 Eyüpsultan İstanbul | Kuştepe: İnönü Cad. No: 72 Kuştepe 34387 Şişli / İstanbul | Dolapdere: Hacıahmet Mahallesi Pir Hüsamettin Sokak No:20 34440 Beyoğlu İstanbul,نظم المعلومات الإدارية,تركيا,إسطنبول,بكالوريوس,الإنجليزية,متاح,2026-2027,12000,7200,7200,6000,USD,-,0
program,2277,جامعة إسطنبول بيلغي,Istanbul Bilgi University Campuses,santralistanbul: Eski Silahtarağa Elektrik Santralı Kazım Karabekir Cad. No: 2/13 34060 Eyüpsultan İstanbul | Kuştepe: İnönü Cad. No: 72 Kuştepe 34387 Şişli / İstanbul | Dolapdere: Hacıahmet Mahallesi Pir Hüsamettin Sokak No:20 34440 Beyoğlu İstanbul,التمويل الدولي,تركيا,إسطنبول,بكالوريوس,الإنجليزية,متاح,2026-2027,12000,7200,7200,6000,USD,-,0
program,2276,جامعة إسطنبول بيلغي,Istanbul Bilgi University Campuses,santralistanbul: Eski Silahtarağa Elektrik Santralı Kazım Karabekir Cad. No: 2/13 34060 Eyüpsultan İstanbul | Kuştepe: İnönü Cad. No: 72 Kuştepe 34387 Şişli / İstanbul | Dolapdere: Hacıahmet Mahallesi Pir Hüsamettin Sokak No:20 34440 Beyoğlu İstanbul,الاقتصاد والمالية,تركيا,إسطنبول,بكالوريوس,الإنجليزية,متاح,2026-2027,12000,7200,7200,6000,USD,-,0
program,2275,جامعة إسطنبول بيلغي,Istanbul Bilgi University Campuses,santralistanbul: Eski Silahtarağa Elektrik Santralı Kazım Karabekir Cad. No: 2/13 34060 Eyüpsultan İstanbul | Kuştepe: İnönü Cad. No: 72 Kuştepe 34387 Şişli / İstanbul | Dolapdere: Hacıahmet Mahallesi Pir Hüsamettin Sokak No:20 34440 Beyoğlu İstanbul,إدارة الأعمال,تركيا,إسطنبول,بكالوريوس,الإنجليزية,متاح,2026-2027,12000,7200,7200,6000,USD,-,0
program,2274,جامعة إسطنبول بيلغي,Istanbul Bilgi University Campuses,santralistanbul: Eski Silahtarağa Elektrik Santralı Kazım Karabekir Cad. No: 2/13 34060 Eyüpsultan İstanbul | Kuştepe: İnönü Cad. No: 72 Kuştepe 34387 Şişli / İstanbul | Dolapdere: Hacıahmet Mahallesi Pir Hüsamettin Sokak No:20 34440 Beyoğlu İstanbul,الاقتصاد,تركيا,إسطنبول,بكالوريوس,الإنجليزية,متاح,2026-2027,12000,7200,7200,6000,USD,-,0
program,2273,جامعة إسطنبول بيلغي,Istanbul Bilgi University Campuses,santralistanbul: Eski Silahtarağa Elektrik Santralı Kazım Karabekir Cad. No: 2/13 34060 Eyüpsultan İstanbul | Kuştepe: İnönü Cad. No: 72 Kuştepe 34387 Şişli / İstanbul | Dolapdere: Hacıahmet Mahallesi Pir Hüsamettin Sokak No:20 34440 Beyoğlu İstanbul,قانون,تركيا,إسطنبول,بكالوريوس,التركية / الإنجليزية,متاح,2026-2027,12000,9600,9600,6000,USD,-,0
program,2272,جامعة إسطنبول بيلغي,Istanbul Bilgi University Campuses,santralistanbul: Eski Silahtarağa Elektrik Santralı Kazım Karabekir Cad. No: 2/13 34060 Eyüpsultan İstanbul | Kuştepe: İnönü Cad. No: 72 Kuştepe 34387 Şişli / İstanbul | Dolapdere: Hacıahmet Mahallesi Pir Hüsamettin Sokak No:20 34440 Beyoğlu İstanbul,اللغة الإنجليزية وآدابها,تركيا,إسطنبول,بكالوريوس,الإنجليزية,متاح,2026-2027,12000,4800,4800,6000,USD,-,0
program,2271,جامعة إسطنبول بيلغي,Istanbul Bilgi University Campuses,santralistanbul: Eski Silahtarağa Elektrik Santralı Kazım Karabekir Cad. No: 2/13 34060 Eyüpsultan İstanbul | Kuştepe: İnönü Cad. No: 72 Kuştepe 34387 Şişli / İstanbul | Dolapdere: Hacıahmet Mahallesi Pir Hüsamettin Sokak No:20 34440 Beyoğlu İstanbul,الموسيقى,تركيا,إسطنبول,بكالوريوس,الإنجليزية,متاح,2026-2027,12000,6600,6600,6000,USD,-,0
program,2270,جامعة إسطنبول بيلغي,Istanbul Bilgi University Campuses,santralistanbul: Eski Silahtarağa Elektrik Santralı Kazım Karabekir Cad. No: 2/13 34060 Eyüpsultan İstanbul | Kuştepe: İnönü Cad. No: 72 Kuştepe 34387 Şişli / İstanbul | Dolapdere: Hacıahmet Mahallesi Pir Hüsamettin Sokak No:20 34440 Beyoğlu İstanbul,التاريخ,تركيا,إسطنبول,بكالوريوس,الإنجليزية,متاح,2026-2027,12000,4800,4800,6000,USD,-,0
program,2269,جامعة إسطنبول بيلغي,Istanbul Bilgi University Campuses,santralistanbul: Eski Silahtarağa Elektrik Santralı Kazım Karabekir Cad. No: 2/13 34060 Eyüpsultan İstanbul | Kuştepe: İnönü Cad. No: 72 Kuştepe 34387 Şişli / İstanbul | Dolapdere: Hacıahmet Mahallesi Pir Hüsamettin Sokak No:20 34440 Beyoğlu İstanbul,علم النفس,تركيا,إسطنبول,بكالوريوس,الإنجليزية,متاح,2026-2027,12000,7800,7800,6000,USD,-,0
program,2268,جامعة إسطنبول بيلغي,Istanbul Bilgi University Campuses,santralistanbul: Eski Silahtarağa Elektrik Santralı Kazım Karabekir Cad. No: 2/13 34060 Eyüpsultan İstanbul | Kuştepe: İnönü Cad. No: 72 Kuştepe 34387 Şişli / İstanbul | Dolapdere: Hacıahmet Mahallesi Pir Hüsamettin Sokak No:20 34440 Beyoğlu İstanbul,علم الاجتماع,تركيا,إسطنبول,بكالوريوس,الإنجليزية,متاح,2026-2027,12000,4800,4800,6000,USD,-,0
program,2267,جامعة إسطنبول بيلغي,Istanbul Bilgi University Campuses,santralistanbul: Eski Silahtarağa Elektrik Santralı Kazım Karabekir Cad. No: 2/13 34060 Eyüpsultan İstanbul | Kuştepe: İnönü Cad. No: 72 Kuştepe 34387 Şişli / İstanbul | Dolapdere: Hacıahmet Mahallesi Pir Hüsamettin Sokak No:20 34440 Beyoğlu İstanbul,الأدب المقارن,تركيا,إسطنبول,بكالوريوس,الإنجليزية,متاح,2026-2027,12000,4800,4800,6000,USD,-,0
program,2266,جامعة إسطنبول بيلغي,Istanbul Bilgi University Campuses,santralistanbul: Eski Silahtarağa Elektrik Santralı Kazım Karabekir Cad. No: 2/13 34060 Eyüpsultan İstanbul | Kuştepe: İnönü Cad. No: 72 Kuştepe 34387 Şişli / İstanbul | Dolapdere: Hacıahmet Mahallesi Pir Hüsamettin Sokak No:20 34440 Beyoğlu İstanbul,العلوم السياسية والإدارة العامة,تركيا,إسطنبول,بكالوريوس,الإنجليزية,متاح,2026-2027,12000,6600,6600,6000,USD,-,0
program,2265,جامعة إسطنبول بيلغي,Istanbul Bilgi University Campuses,santralistanbul: Eski Silahtarağa Elektrik Santralı Kazım Karabekir Cad. No: 2/13 34060 Eyüpsultan İstanbul | Kuştepe: İnönü Cad. No: 72 Kuştepe 34387 Şişli / İstanbul | Dolapdere: Hacıahmet Mahallesi Pir Hüsamettin Sokak No:20 34440 Beyoğlu İstanbul,العلاقات الدولية,تركيا,إسطنبول,بكالوريوس,الإنجليزية,متاح,2026-2027,12000,6600,6600,6000,USD,-,0
program,2264,جامعة تيد,TED University Main Campus,"Ziya Gökalp Caddesi No:48 06420, Kolej Çankaya ANKARA",هندسة البرمجيات,تركيا,أنقرة,بكالوريوس,التركية,متاح,2026-2027,11800,5900,5900,5900,USD,-,0
program,2263,جامعة تيد,TED University Main Campus,"Ziya Gökalp Caddesi No:48 06420, Kolej Çankaya ANKARA",الهندسة الميكانيكية,تركيا,أنقرة,بكالوريوس,التركية,متاح,2026-2027,11800,5900,5900,5900,USD,-,0
program,2262,جامعة تيد,TED University Main Campus,"Ziya Gökalp Caddesi No:48 06420, Kolej Çankaya ANKARA",الهندسة الصناعية,تركيا,أنقرة,بكالوريوس,التركية,متاح,2026-2027,11800,5900,5900,5900,USD,-,0
program,2261,جامعة تيد,TED University Main Campus,"Ziya Gökalp Caddesi No:48 06420, Kolej Çankaya ANKARA",الهندسة الكهربائية والإلكترونية,تركيا,أنقرة,بكالوريوس,التركية,متاح,2026-2027,11800,5900,5900,5900,USD,-,0
program,2260,جامعة تيد,TED University Main Campus,"Ziya Gökalp Caddesi No:48 06420, Kolej Çankaya ANKARA",هندسة الكمبيوتر,تركيا,أنقرة,بكالوريوس,التركية,متاح,2026-2027,11800,5900,5900,5900,USD,-,0
program,2259,جامعة تيد,TED University Main Campus,"Ziya Gökalp Caddesi No:48 06420, Kolej Çankaya ANKARA",الهندسة المدنية,تركيا,أنقرة,بكالوريوس,التركية,متاح,2026-2027,11800,5900,5900,5900,USD,-,0
program,2258,جامعة تيد,TED University Main Campus,"Ziya Gökalp Caddesi No:48 06420, Kolej Çankaya ANKARA",تعليم المرحلة الابتدائية,تركيا,أنقرة,بكالوريوس,التركية,متاح,2026-2027,7500,3750,3750,3750,USD,-,0
program,2257,جامعة تيد,TED University Main Campus,"Ziya Gökalp Caddesi No:48 06420, Kolej Çankaya ANKARA",تعليم الرياضيات,تركيا,أنقرة,بكالوريوس,التركية,متاح,2026-2027,7500,3750,3750,3750,USD,-,0
program,2256,جامعة تيد,TED University Main Campus,"Ziya Gökalp Caddesi No:48 06420, Kolej Çankaya ANKARA",الإرشاد والتوجيه النفسي,تركيا,أنقرة,بكالوريوس,التركية,متاح,2026-2027,7500,3750,3750,3750,USD,-,0
program,2255,جامعة تيد,TED University Main Campus,"Ziya Gökalp Caddesi No:48 06420, Kolej Çankaya ANKARA",تدريس اللغة الإنجليزية,تركيا,أنقرة,بكالوريوس,التركية,متاح,2026-2027,7500,3750,3750,3750,USD,-,0
program,2254,جامعة تيد,TED University Main Campus,"Ziya Gökalp Caddesi No:48 06420, Kolej Çankaya ANKARA",تعليم ما قبل المدرسة,تركيا,أنقرة,بكالوريوس,التركية,متاح,2026-2027,7500,3750,3750,3750,USD,-,0
program,2253,جامعة تيد,TED University Main Campus,"Ziya Gökalp Caddesi No:48 06420, Kolej Çankaya ANKARA",العلوم السياسية والعلاقات الدولية,تركيا,أنقرة,بكالوريوس,التركية,متاح,2026-2027,11800,5900,5900,5900,USD,-,0
program,2252,جامعة تيد,TED University Main Campus,"Ziya Gökalp Caddesi No:48 06420, Kolej Çankaya ANKARA",الاقتصاد,تركيا,أنقرة,بكالوريوس,التركية,متاح,2026-2027,11800,5900,5900,5900,USD,-,0
program,2251,جامعة تيد,TED University Main Campus,"Ziya Gökalp Caddesi No:48 06420, Kolej Çankaya ANKARA",إدارة الأعمال,تركيا,أنقرة,بكالوريوس,التركية,متاح,2026-2027,11800,5900,5900,5900,USD,-,0
program,2250,جامعة تيد,TED University Main Campus,"Ziya Gökalp Caddesi No:48 06420, Kolej Çankaya ANKARA",علم الاجتماع,تركيا,أنقرة,بكالوريوس,التركية,متاح,2026-2027,11800,5900,5900,5900,USD,-,0
program,2249,جامعة تيد,TED University Main Campus,"Ziya Gökalp Caddesi No:48 06420, Kolej Çankaya ANKARA",علم النفس,تركيا,أنقرة,بكالوريوس,التركية,متاح,2026-2027,11800,5900,5900,5900,USD,-,0
program,2248,جامعة تيد,TED University Main Campus,"Ziya Gökalp Caddesi No:48 06420, Kolej Çankaya ANKARA",الرياضيات,تركيا,أنقرة,بكالوريوس,التركية,متاح,2026-2027,11800,5900,5900,5900,USD,-,0
program,2247,جامعة تيد,TED University Main Campus,"Ziya Gökalp Caddesi No:48 06420, Kolej Çankaya ANKARA",اللغة الإنجليزية وآدابها,تركيا,أنقرة,بكالوريوس,التركية,متاح,2026-2027,11800,5900,5900,5900,USD,-,0
program,2246,جامعة تيد,TED University Main Campus,"Ziya Gökalp Caddesi No:48 06420, Kolej Çankaya ANKARA",تصميم الاتصالات المرئية,تركيا,أنقرة,بكالوريوس,التركية,متاح,2026-2027,11800,5900,5900,5900,USD,-,0
program,2245,جامعة تيد,TED University Main Campus,"Ziya Gökalp Caddesi No:48 06420, Kolej Çankaya ANKARA",الهندسة المعمارية الداخلية والتصميم البيئي,تركيا,أنقرة,بكالوريوس,التركية,متاح,2026-2027,11800,5900,5900,5900,USD,-,0
program,2244,جامعة تيد,TED University Main Campus,"Ziya Gökalp Caddesi No:48 06420, Kolej Çankaya ANKARA",التصميم الصناعي,تركيا,أنقرة,بكالوريوس,التركية,متاح,2026-2027,11800,5900,5900,5900,USD,-,0
program,2243,جامعة تيد,TED University Main Campus,"Ziya Gökalp Caddesi No:48 06420, Kolej Çankaya ANKARA",تخطيط المدن والأقاليم,تركيا,أنقرة,بكالوريوس,التركية,متاح,2026-2027,11800,5900,5900,5900,USD,-,0
program,2242,جامعة تيد,TED University Main Campus,"Ziya Gökalp Caddesi No:48 06420, Kolej Çankaya ANKARA",العمارة,تركيا,أنقرة,بكالوريوس,التركية,متاح,2026-2027,11800,5900,5900,5900,USD,-,0
program,2241,جامعة إسطنبول غلطة,Istanbul Galata University Galata Campus,"Evliya Çelebi Mahallesi, Meşrutiyet Caddesi, No:62 Beyoğlu / İstanbul",نظم المعلومات الإدارية,تركيا,إسطنبول,ماجستير بدون أطروحة,التركية,متاح,2026-2027,4000,3000,2250,2000,USD,-,1250
program,2240,جامعة إسطنبول غلطة,Istanbul Galata University Galata Campus,"Evliya Çelebi Mahallesi, Meşrutiyet Caddesi, No:62 Beyoğlu / İstanbul",نظم المعلومات الإدارية,تركيا,إسطنبول,ماجستير مع أطروحة,التركية,متاح,2026-2027,5000,4000,3250,2500,USD,-,1250
program,2239,جامعة إسطنبول غلطة,Istanbul Galata University Galata Campus,"Evliya Çelebi Mahallesi, Meşrutiyet Caddesi, No:62 Beyoğlu / İstanbul",التسويق وإدارة العلامة التجارية,تركيا,إسطنبول,ماجستير بدون أطروحة,التركية,متاح,2026-2027,4000,3000,2250,2000,USD,-,1250
program,2238,جامعة إسطنبول غلطة,Istanbul Galata University Galata Campus,"Evliya Çelebi Mahallesi, Meşrutiyet Caddesi, No:62 Beyoğlu / İstanbul",التسويق وإدارة العلامة التجارية,تركيا,إسطنبول,ماجستير مع أطروحة,التركية,متاح,2026-2027,5000,4000,3250,2500,USD,-,1250
program,2237,جامعة إسطنبول غلطة,Istanbul Galata University Galata Campus,"Evliya Çelebi Mahallesi, Meşrutiyet Caddesi, No:62 Beyoğlu / İstanbul",دراسات الإعلام والاتصال,تركيا,إسطنبول,ماجستير بدون أطروحة,التركية,متاح,2026-2027,4000,3000,2250,2000,USD,-,1250
program,2236,جامعة إسطنبول غلطة,Istanbul Galata University Galata Campus,"Evliya Çelebi Mahallesi, Meşrutiyet Caddesi, No:62 Beyoğlu / İstanbul",دراسات الإعلام والاتصال,تركيا,إسطنبول,ماجستير مع أطروحة,التركية,متاح,2026-2027,5000,4000,3250,2500,USD,-,1250
program,2235,جامعة إسطنبول غلطة,Istanbul Galata University Galata Campus,"Evliya Çelebi Mahallesi, Meşrutiyet Caddesi, No:62 Beyoğlu / İstanbul",إدارة الأعمال,تركيا,إسطنبول,ماجستير بدون أطروحة,الإنجليزية,متاح,2026-2027,5000,4000,3250,2500,USD,-,3000
program,2234,جامعة إسطنبول غلطة,Istanbul Galata University Galata Campus,"Evliya Çelebi Mahallesi, Meşrutiyet Caddesi, No:62 Beyoğlu / İstanbul",إدارة الأعمال,تركيا,إسطنبول,ماجستير بدون أطروحة,التركية,متاح,2026-2027,4000,3000,2250,2000,USD,-,1250
program,2233,جامعة إسطنبول غلطة,Istanbul Galata University Galata Campus,"Evliya Çelebi Mahallesi, Meşrutiyet Caddesi, No:62 Beyoğlu / İstanbul",إدارة الأعمال,تركيا,إسطنبول,ماجستير مع أطروحة,التركية,متاح,2026-2027,5000,4000,3250,2500,USD,-,1250
program,2232,جامعة إسطنبول غلطة,Istanbul Galata University Galata Campus,"Evliya Çelebi Mahallesi, Meşrutiyet Caddesi, No:62 Beyoğlu / İstanbul",الهندسة المعمارية الداخلية والتصميم البيئي,تركيا,إسطنبول,ماجستير بدون أطروحة,التركية,متاح,2026-2027,4000,3000,2250,2000,USD,-,1250
program,2231,جامعة إسطنبول غلطة,Istanbul Galata University Galata Campus,"Evliya Çelebi Mahallesi, Meşrutiyet Caddesi, No:62 Beyoğlu / İstanbul",الهندسة المعمارية الداخلية والتصميم البيئي,تركيا,إسطنبول,ماجستير مع أطروحة,التركية,متاح,2026-2027,5000,4000,3250,2500,USD,-,1250
program,2230,جامعة إسطنبول غلطة,Istanbul Galata University Galata Campus,"Evliya Çelebi Mahallesi, Meşrutiyet Caddesi, No:62 Beyoğlu / İstanbul",تطوير وبرمجة الألعاب,تركيا,إسطنبول,دبلوم,التركية,متاح,2026-2027,3000,3000,1700,1500,USD,-,1250
program,2229,جامعة إسطنبول غلطة,Istanbul Galata University Galata Campus,"Evliya Çelebi Mahallesi, Meşrutiyet Caddesi, No:62 Beyoğlu / İstanbul",تطوير واجهات البرمجيات,تركيا,إسطنبول,دبلوم,التركية,متاح,2026-2027,3000,3000,1700,1500,USD,-,1250
program,2228,جامعة إسطنبول غلطة,Istanbul Galata University Galata Campus,"Evliya Çelebi Mahallesi, Meşrutiyet Caddesi, No:62 Beyoğlu / İstanbul",التجارة الإلكترونية والتسويق,تركيا,إسطنبول,دبلوم,التركية,متاح,2026-2027,3000,3000,1700,1500,USD,-,1250
program,2227,جامعة إسطنبول غلطة,Istanbul Galata University Galata Campus,"Evliya Çelebi Mahallesi, Meşrutiyet Caddesi, No:62 Beyoğlu / İstanbul",إلكترونيات التحول الرقمي,تركيا,إسطنبول,دبلوم,التركية,متاح,2026-2027,3000,3000,1700,1500,USD,-,1250
program,2226,جامعة إسطنبول غلطة,Istanbul Galata University Galata Campus,"Evliya Çelebi Mahallesi, Meşrutiyet Caddesi, No:62 Beyoğlu / İstanbul",التجارة الخارجية,تركيا,إسطنبول,دبلوم,التركية,متاح,2026-2027,3000,3000,1700,1500,USD,-,1250
program,2225,جامعة إسطنبول غلطة,Istanbul Galata University Galata Campus,"Evliya Çelebi Mahallesi, Meşrutiyet Caddesi, No:62 Beyoğlu / İstanbul",تكنولوجيا معالجة البيانات الطبية,تركيا,إسطنبول,دبلوم,التركية,متاح,2026-2027,3000,3000,1700,1500,USD,-,1250
program,2224,جامعة إسطنبول غلطة,Istanbul Galata University Galata Campus,"Evliya Çelebi Mahallesi, Meşrutiyet Caddesi, No:62 Beyoğlu / İstanbul",تقنيات التصوير الطبي,تركيا,إسطنبول,دبلوم,التركية,متاح,2026-2027,3000,3000,1700,1500,USD,-,1250
program,2223,جامعة إسطنبول غلطة,Istanbul Galata University Galata Campus,"Evliya Çelebi Mahallesi, Meşrutiyet Caddesi, No:62 Beyoğlu / İstanbul",الإسعافات الأولية والطوارئ,تركيا,إسطنبول,دبلوم,التركية,متاح,2026-2027,3000,3000,1700,1500,USD,-,1250
program,2222,جامعة إسطنبول غلطة,Istanbul Galata University Galata Campus,"Evliya Çelebi Mahallesi, Meşrutiyet Caddesi, No:62 Beyoğlu / İstanbul",العلاج الطبيعي,تركيا,إسطنبول,دبلوم,التركية,متاح,2026-2027,3000,3000,1700,1500,USD,-,1250
program,2221,جامعة إسطنبول غلطة,Istanbul Galata University Galata Campus,"Evliya Çelebi Mahallesi, Meşrutiyet Caddesi, No:62 Beyoğlu / İstanbul",خدمات الصيدلية,تركيا,إسطنبول,دبلوم,التركية,متاح,2026-2027,3000,3000,1700,1500,USD,-,1250
program,2220,جامعة إسطنبول غلطة,Istanbul Galata University Galata Campus,"Evliya Çelebi Mahallesi, Meşrutiyet Caddesi, No:62 Beyoğlu / İstanbul",التخدير,تركيا,إسطنبول,دبلوم,التركية,متاح,2026-2027,3000,3000,1700,1500,USD,-,1250
program,2219,جامعة إسطنبول غلطة,Istanbul Galata University Galata Campus,"Evliya Çelebi Mahallesi, Meşrutiyet Caddesi, No:62 Beyoğlu / İstanbul",صحة الفم والأسنان,تركيا,إسطنبول,دبلوم,التركية,متاح,2026-2027,3000,3000,1700,1500,USD,-,1250
program,2218,جامعة إسطنبول غلطة,Istanbul Galata University Galata Campus,"Evliya Çelebi Mahallesi, Meşrutiyet Caddesi, No:62 Beyoğlu / İstanbul",طبخ,تركيا,إسطنبول,دبلوم,التركية,متاح,2026-2027,3000,3000,1700,1500,USD,-,1250
program,2217,جامعة إسطنبول غلطة,Istanbul Galata University Galata Campus,"Evliya Çelebi Mahallesi, Meşrutiyet Caddesi, No:62 Beyoğlu / İstanbul",التدريب على التدريب,تركيا,إسطنبول,بكالوريوس,التركية,متاح,2026-2027,4000,3200,2600,2000,USD,-,1250
program,2216,جامعة إسطنبول غلطة,Istanbul Galata University Galata Campus,"Evliya Çelebi Mahallesi, Meşrutiyet Caddesi, No:62 Beyoğlu / İstanbul",تمريض,تركيا,إسطنبول,بكالوريوس,التركية,متاح,2026-2027,4000,3200,2800,2000,USD,-,1250
program,2215,جامعة إسطنبول غلطة,Istanbul Galata University Galata Campus,"Evliya Çelebi Mahallesi, Meşrutiyet Caddesi, No:62 Beyoğlu / İstanbul",العلاج الطبيعي والتأهيل,تركيا,إسطنبول,بكالوريوس,التركية,متاح,2026-2027,4000,3200,2800,2000,USD,-,1250
program,2214,جامعة إسطنبول غلطة,Istanbul Galata University Galata Campus,"Evliya Çelebi Mahallesi, Meşrutiyet Caddesi, No:62 Beyoğlu / İstanbul",التغذية وعلم الحمية,تركيا,إسطنبول,بكالوريوس,التركية,متاح,2026-2027,4000,3200,2600,2000,USD,-,1250
program,2213,جامعة إسطنبول غلطة,Istanbul Galata University Galata Campus,"Evliya Çelebi Mahallesi, Meşrutiyet Caddesi, No:62 Beyoğlu / İstanbul",علم البيانات والتحليلات,تركيا,إسطنبول,بكالوريوس,التركية,متاح,2026-2027,4000,3200,2600,2000,USD,-,1250
program,2212,جامعة إسطنبول غلطة,Istanbul Galata University Galata Campus,"Evliya Çelebi Mahallesi, Meşrutiyet Caddesi, No:62 Beyoğlu / İstanbul",هندسة الكمبيوتر,تركيا,إسطنبول,بكالوريوس,التركية,متاح,2026-2027,4000,3200,2600,2000,USD,-,1250
program,2211,جامعة إسطنبول غلطة,Istanbul Galata University Galata Campus,"Evliya Çelebi Mahallesi, Meşrutiyet Caddesi, No:62 Beyoğlu / İstanbul",علم النفس,تركيا,إسطنبول,بكالوريوس,الإنجليزية,متاح,2026-2027,5000,4000,3500,2500,USD,-,3000
program,2210,جامعة إسطنبول غلطة,Istanbul Galata University Galata Campus,"Evliya Çelebi Mahallesi, Meşrutiyet Caddesi, No:62 Beyoğlu / İstanbul",علم النفس,تركيا,إسطنبول,بكالوريوس,التركية,متاح,2026-2027,4000,3500,3000,2000,USD,-,1250
program,2209,جامعة إسطنبول غلطة,Istanbul Galata University Galata Campus,"Evliya Çelebi Mahallesi, Meşrutiyet Caddesi, No:62 Beyoğlu / İstanbul",نظم المعلومات الإدارية,تركيا,إسطنبول,بكالوريوس,التركية,متاح,2026-2027,4000,3200,2600,2000,USD,-,1250
program,2208,جامعة إسطنبول غلطة,Istanbul Galata University Galata Campus,"Evliya Çelebi Mahallesi, Meşrutiyet Caddesi, No:62 Beyoğlu / İstanbul",إدارة اللوجستيات,تركيا,إسطنبول,بكالوريوس,التركية,متاح,2026-2027,4000,3200,2600,2000,USD,-,1250
program,2207,جامعة إسطنبول غلطة,Istanbul Galata University Galata Campus,"Evliya Çelebi Mahallesi, Meşrutiyet Caddesi, No:62 Beyoğlu / İstanbul",إدارة الأعمال,تركيا,إسطنبول,بكالوريوس,الإنجليزية,متاح,2026-2027,5000,3500,3000,2500,USD,-,3000
program,2206,جامعة إسطنبول غلطة,Istanbul Galata University Galata Campus,"Evliya Çelebi Mahallesi, Meşrutiyet Caddesi, No:62 Beyoğlu / İstanbul",إدارة الأعمال,تركيا,إسطنبول,بكالوريوس,التركية,متاح,2026-2027,4000,3200,2600,2000,USD,-,1250
program,2205,جامعة إسطنبول غلطة,Istanbul Galata University Galata Campus,"Evliya Çelebi Mahallesi, Meşrutiyet Caddesi, No:62 Beyoğlu / İstanbul",تصميم الاتصال,تركيا,إسطنبول,بكالوريوس,التركية,متاح,2026-2027,4000,3200,2600,2000,USD,-,1250
program,2204,جامعة إسطنبول غلطة,Istanbul Galata University Galata Campus,"Evliya Çelebi Mahallesi, Meşrutiyet Caddesi, No:62 Beyoğlu / İstanbul",العلاقات العامة والإعلان,تركيا,إسطنبول,بكالوريوس,التركية,متاح,2026-2027,4000,3200,2600,2000,USD,-,1250
program,2203,جامعة إسطنبول غلطة,Istanbul Galata University Galata Campus,"Evliya Çelebi Mahallesi, Meşrutiyet Caddesi, No:62 Beyoğlu / İstanbul",اللغة الإنجليزية وآدابها,تركيا,إسطنبول,بكالوريوس,الإنجليزية,متاح,2026-2027,5000,3500,3000,2500,USD,-,3000
program,2202,جامعة إسطنبول غلطة,Istanbul Galata University Galata Campus,"Evliya Çelebi Mahallesi, Meşrutiyet Caddesi, No:62 Beyoğlu / İstanbul",الهندسة المعمارية الداخلية والتصميم البيئي,تركيا,إسطنبول,بكالوريوس,الإنجليزية,متاح,2026-2027,5000,3500,3000,2500,USD,-,3000
program,2201,جامعة إسطنبول غلطة,Istanbul Galata University Galata Campus,"Evliya Çelebi Mahallesi, Meşrutiyet Caddesi, No:62 Beyoğlu / İstanbul",الهندسة المعمارية الداخلية والتصميم البيئي,تركيا,إسطنبول,بكالوريوس,التركية,متاح,2026-2027,4000,3200,2600,2000,USD,-,1250
program,2200,جامعة إسطنبول غلطة,Istanbul Galata University Galata Campus,"Evliya Çelebi Mahallesi, Meşrutiyet Caddesi, No:62 Beyoğlu / İstanbul",فنون الطهي وفنون المطبخ,تركيا,إسطنبول,بكالوريوس,التركية,متاح,2026-2027,4000,3500,3000,2000,USD,-,1250
program,2199,جامعة إسطنبول غلطة,Istanbul Galata University Galata Campus,"Evliya Çelebi Mahallesi, Meşrutiyet Caddesi, No:62 Beyoğlu / İstanbul",طب الأسنان,تركيا,إسطنبول,بكالوريوس,الإنجليزية,متاح,2026-2027,16000,14500,13500,8000,USD,-,3000
program,2198,جامعة إسطنبول غلطة,Istanbul Galata University Galata Campus,"Evliya Çelebi Mahallesi, Meşrutiyet Caddesi, No:62 Beyoğlu / İstanbul",طب الأسنان,تركيا,إسطنبول,بكالوريوس,التركية,متاح,2026-2027,16000,14000,13000,8000,USD,-,1250
program,2197,جامعة إسطنبول توبكابي,Altunizade Campus,"Kuşbakışı Caddesi No:2, 34662 Üsküdar / İstanbul",العمارة,تركيا,إسطنبول,دكتوراه,التركية,متاح,2026-2027,5000,5000,5000,1000,USD,-,0
program,2196,جامعة إسطنبول توبكابي,Altunizade Campus,"Kuşbakışı Caddesi No:2, 34662 Üsküdar / İstanbul",نظم المعلومات الإدارية,تركيا,إسطنبول,دكتوراه,التركية,متاح,2026-2027,5000,5000,5000,1000,USD,-,0
program,2195,جامعة إسطنبول توبكابي,Altunizade Campus,"Kuşbakışı Caddesi No:2, 34662 Üsküdar / İstanbul",نظم المعلومات الإدارية,تركيا,إسطنبول,ماجستير بدون أطروحة,الإنجليزية,متاح,2026-2027,3250,3250,3250,1000,USD,-,0
program,2194,جامعة إسطنبول توبكابي,Altunizade Campus,"Kuşbakışı Caddesi No:2, 34662 Üsküdar / İstanbul",نظم المعلومات الإدارية,تركيا,إسطنبول,ماجستير بدون أطروحة,التركية,متاح,2026-2027,2750,2750,2750,1000,USD,-,0
program,2193,جامعة إسطنبول توبكابي,Altunizade Campus,"Kuşbakışı Caddesi No:2, 34662 Üsküdar / İstanbul",نظم المعلومات الإدارية,تركيا,إسطنبول,ماجستير مع أطروحة,الإنجليزية,متاح,2026-2027,3750,3750,3750,1000,USD,-,0
program,2192,جامعة إسطنبول توبكابي,Altunizade Campus,"Kuşbakışı Caddesi No:2, 34662 Üsküdar / İstanbul",نظم المعلومات الإدارية,تركيا,إسطنبول,ماجستير مع أطروحة,التركية,متاح,2026-2027,3250,3250,3250,1000,USD,-,0
program,2191,جامعة إسطنبول توبكابي,Altunizade Campus,"Kuşbakışı Caddesi No:2, 34662 Üsküdar / İstanbul",الذكاء الاصطناعي,تركيا,إسطنبول,ماجستير بدون أطروحة,التركية,متاح,2026-2027,2750,2750,2750,1000,USD,-,0
program,2190,جامعة إسطنبول توبكابي,Altunizade Campus,"Kuşbakışı Caddesi No:2, 34662 Üsküdar / İstanbul",الذكاء الاصطناعي,تركيا,إسطنبول,ماجستير مع أطروحة,التركية,متاح,2026-2027,3250,3250,3250,1000,USD,-,0
program,2189,جامعة إسطنبول توبكابي,Altunizade Campus,"Kuşbakışı Caddesi No:2, 34662 Üsküdar / İstanbul",التاريخ,تركيا,إسطنبول,ماجستير بدون أطروحة,التركية,متاح,2026-2027,2750,2750,2750,1000,USD,-,0
program,2188,جامعة إسطنبول توبكابي,Altunizade Campus,"Kuşbakışı Caddesi No:2, 34662 Üsküdar / İstanbul",التاريخ,تركيا,إسطنبول,ماجستير مع أطروحة,التركية,متاح,2026-2027,3250,3250,3250,1000,USD,-,0
program,2187,جامعة إسطنبول توبكابي,Altunizade Campus,"Kuşbakışı Caddesi No:2, 34662 Üsküdar / İstanbul",الإدارة الرياضية,تركيا,إسطنبول,ماجستير بدون أطروحة,التركية,متاح,2026-2027,2750,2750,2750,1000,USD,-,0
program,2186,جامعة إسطنبول توبكابي,Altunizade Campus,"Kuşbakışı Caddesi No:2, 34662 Üsküdar / İstanbul",الإدارة الرياضية,تركيا,إسطنبول,ماجستير مع أطروحة,التركية,متاح,2026-2027,3250,3250,3250,1000,USD,-,0
program,2185,جامعة إسطنبول توبكابي,Altunizade Campus,"Kuşbakışı Caddesi No:2, 34662 Üsküdar / İstanbul",العلوم السياسية والعلاقات الدولية,تركيا,إسطنبول,ماجستير بدون أطروحة,التركية,متاح,2026-2027,2750,2750,2750,1000,USD,-,0
program,2184,جامعة إسطنبول توبكابي,Altunizade Campus,"Kuşbakışı Caddesi No:2, 34662 Üsküdar / İstanbul",العلوم السياسية والعلاقات الدولية,تركيا,إسطنبول,ماجستير مع أطروحة,التركية,متاح,2026-2027,3250,3250,3250,1000,USD,-,0
program,2183,جامعة إسطنبول توبكابي,Altunizade Campus,"Kuşbakışı Caddesi No:2, 34662 Üsküdar / İstanbul",الأمن السيبراني,تركيا,إسطنبول,ماجستير بدون أطروحة,التركية,متاح,2026-2027,2250,2250,2250,1000,USD,-,0
program,2182,جامعة إسطنبول توبكابي,Altunizade Campus,"Kuşbakışı Caddesi No:2, 34662 Üsküdar / İstanbul",الأمن السيبراني,تركيا,إسطنبول,ماجستير مع أطروحة,التركية,متاح,2026-2027,2500,2500,2500,1000,USD,-,0
program,2181,جامعة إسطنبول توبكابي,Altunizade Campus,"Kuşbakışı Caddesi No:2, 34662 Üsküdar / İstanbul",الفنون المسرحية,تركيا,إسطنبول,ماجستير بدون أطروحة,التركية,متاح,2026-2027,2750,2750,2750,1000,USD,-,0
program,2180,جامعة إسطنبول توبكابي,Altunizade Campus,"Kuşbakışı Caddesi No:2, 34662 Üsküdar / İstanbul",الفنون المسرحية,تركيا,إسطنبول,ماجستير مع أطروحة,التركية,متاح,2026-2027,3250,3250,3250,1000,USD,-,0
program,2179,جامعة إسطنبول توبكابي,Altunizade Campus,"Kuşbakışı Caddesi No:2, 34662 Üsküdar / İstanbul",تلوين,تركيا,إسطنبول,ماجستير بدون أطروحة,التركية,متاح,2026-2027,2250,2250,2250,1000,USD,-,0
program,2178,جامعة إسطنبول توبكابي,Altunizade Campus,"Kuşbakışı Caddesi No:2, 34662 Üsküdar / İstanbul",تلوين,تركيا,إسطنبول,ماجستير مع أطروحة,التركية,متاح,2026-2027,2500,2500,2500,1000,USD,-,0
program,2177,جامعة إسطنبول توبكابي,Altunizade Campus,"Kuşbakışı Caddesi No:2, 34662 Üsküdar / İstanbul",علم النفس,تركيا,إسطنبول,ماجستير بدون أطروحة,التركية,متاح,2026-2027,7000,7000,7000,1000,USD,-,0
program,2176,جامعة إسطنبول توبكابي,Altunizade Campus,"Kuşbakışı Caddesi No:2, 34662 Üsküdar / İstanbul",علم النفس,تركيا,إسطنبول,ماجستير مع أطروحة,التركية,متاح,2026-2027,8500,8500,8500,1000,USD,-,0
program,2175,جامعة إسطنبول توبكابي,Altunizade Campus,"Kuşbakışı Caddesi No:2, 34662 Üsküdar / İstanbul",اتصالات التسويق,تركيا,إسطنبول,ماجستير بدون أطروحة,التركية,متاح,2026-2027,2750,2750,2750,1000,USD,-,0
program,2174,جامعة إسطنبول توبكابي,Altunizade Campus,"Kuşbakışı Caddesi No:2, 34662 Üsküdar / İstanbul",اتصالات التسويق,تركيا,إسطنبول,ماجستير مع أطروحة,التركية,متاح,2026-2027,3250,3250,3250,1000,USD,-,0
program,2173,جامعة إسطنبول توبكابي,Altunizade Campus,"Kuşbakışı Caddesi No:2, 34662 Üsküdar / İstanbul",التمثيل,تركيا,إسطنبول,ماجستير بدون أطروحة,التركية,متاح,2026-2027,2750,2750,2750,1000,USD,-,0
program,2172,جامعة إسطنبول توبكابي,Altunizade Campus,"Kuşbakışı Caddesi No:2, 34662 Üsküdar / İstanbul",التمثيل,تركيا,إسطنبول,ماجستير مع أطروحة,التركية,متاح,2026-2027,3250,3250,3250,1000,USD,-,0
program,2171,جامعة إسطنبول توبكابي,Altunizade Campus,"Kuşbakışı Caddesi No:2, 34662 Üsküdar / İstanbul",العمارة,تركيا,إسطنبول,ماجستير بدون أطروحة,التركية,متاح,2026-2027,2750,2750,2750,1000,USD,-,0
program,2170,جامعة إسطنبول توبكابي,Altunizade Campus,"Kuşbakışı Caddesi No:2, 34662 Üsküdar / İstanbul",العمارة,تركيا,إسطنبول,ماجستير مع أطروحة,التركية,متاح,2026-2027,3250,3250,3250,1000,USD,-,0
program,2169,جامعة إسطنبول توبكابي,Altunizade Campus,"Kuşbakışı Caddesi No:2, 34662 Üsküdar / İstanbul",دراسات الإعلام والاتصال,تركيا,إسطنبول,ماجستير بدون أطروحة,التركية,متاح,2026-2027,2250,2250,2250,1000,USD,-,0
program,2168,جامعة إسطنبول توبكابي,Altunizade Campus,"Kuşbakışı Caddesi No:2, 34662 Üsküdar / İstanbul",دراسات الإعلام والاتصال,تركيا,إسطنبول,ماجستير مع أطروحة,التركية,متاح,2026-2027,2500,2500,2500,1000,USD,-,0
program,2167,جامعة إسطنبول توبكابي,Altunizade Campus,"Kuşbakışı Caddesi No:2, 34662 Üsküdar / İstanbul",إدارة الأعمال,تركيا,إسطنبول,ماجستير بدون أطروحة,الإنجليزية,متاح,2026-2027,3250,3250,3250,1000,USD,-,0
program,2166,جامعة إسطنبول توبكابي,Altunizade Campus,"Kuşbakışı Caddesi No:2, 34662 Üsküdar / İstanbul",إدارة الأعمال,تركيا,إسطنبول,ماجستير بدون أطروحة,التركية,متاح,2026-2027,2750,2750,2750,1000,USD,-,0
program,2165,جامعة إسطنبول توبكابي,Altunizade Campus,"Kuşbakışı Caddesi No:2, 34662 Üsküdar / İstanbul",إدارة الأعمال,تركيا,إسطنبول,ماجستير مع أطروحة,الإنجليزية,متاح,2026-2027,3750,3750,3750,1000,USD,-,0
program,2164,جامعة إسطنبول توبكابي,Altunizade Campus,"Kuşbakışı Caddesi No:2, 34662 Üsküdar / İstanbul",إدارة الأعمال,تركيا,إسطنبول,ماجستير مع أطروحة,التركية,متاح,2026-2027,3250,3250,3250,1000,USD,-,0
program,2163,جامعة إسطنبول توبكابي,Altunizade Campus,"Kuşbakışı Caddesi No:2, 34662 Üsküdar / İstanbul",علوم الحركة والتدريب في الرياضة,تركيا,إسطنبول,ماجستير مع أطروحة,التركية,متاح,2026-2027,2500,2500,2500,1000,USD,-,0
program,2162,جامعة إسطنبول توبكابي,Altunizade Campus,"Kuşbakışı Caddesi No:2, 34662 Üsküdar / İstanbul",علوم الحركة والتدريب في الرياضة,تركيا,إسطنبول,ماجستير بدون أطروحة,التركية,متاح,2026-2027,2250,2250,2250,1000,USD,-,0
program,2161,جامعة إسطنبول توبكابي,Altunizade Campus,"Kuşbakışı Caddesi No:2, 34662 Üsküdar / İstanbul",علوم الأمن وتطبيقاته,تركيا,إسطنبول,ماجستير بدون أطروحة,التركية,متاح,2026-2027,2750,2750,2750,1000,USD,-,0
program,2160,جامعة إسطنبول توبكابي,Altunizade Campus,"Kuşbakışı Caddesi No:2, 34662 Üsküdar / İstanbul",علوم الأمن وتطبيقاته,تركيا,إسطنبول,ماجستير مع أطروحة,التركية,متاح,2026-2027,3250,3250,3250,1000,USD,-,0
program,2159,جامعة إسطنبول توبكابي,Altunizade Campus,"Kuşbakışı Caddesi No:2, 34662 Üsküdar / İstanbul",التصميم الجرافيكي,تركيا,إسطنبول,ماجستير بدون أطروحة,التركية,متاح,2026-2027,2750,2750,2750,1000,USD,-,0
program,2158,جامعة إسطنبول توبكابي,Altunizade Campus,"Kuşbakışı Caddesi No:2, 34662 Üsküdar / İstanbul",التصميم الجرافيكي,تركيا,إسطنبول,ماجستير مع أطروحة,التركية,متاح,2026-2027,3250,3250,3250,1000,USD,-,0
program,2157,جامعة إسطنبول توبكابي,Altunizade Campus,"Kuşbakışı Caddesi No:2, 34662 Üsküdar / İstanbul",تصميم الاتصالات المرئية,تركيا,إسطنبول,ماجستير بدون أطروحة,التركية,متاح,2026-2027,2750,2750,2750,1000,USD,-,0
program,2156,جامعة إسطنبول توبكابي,Altunizade Campus,"Kuşbakışı Caddesi No:2, 34662 Üsküdar / İstanbul",تصميم الاتصالات المرئية,تركيا,إسطنبول,ماجستير مع أطروحة,التركية,متاح,2026-2027,3250,3250,3250,1000,USD,-,0
program,2155,جامعة إسطنبول توبكابي,Altunizade Campus,"Kuşbakışı Caddesi No:2, 34662 Üsküdar / İstanbul",فنون الطهي وفنون المطبخ,تركيا,إسطنبول,ماجستير بدون أطروحة,التركية,متاح,2026-2027,2750,2750,2750,1000,USD,-,0
program,2154,جامعة إسطنبول توبكابي,Altunizade Campus,"Kuşbakışı Caddesi No:2, 34662 Üsküdar / İstanbul",فنون الطهي وفنون المطبخ,تركيا,إسطنبول,ماجستير مع أطروحة,التركية,متاح,2026-2027,3250,3250,3250,1000,USD,-,0
program,2153,جامعة إسطنبول توبكابي,Altunizade Campus,"Kuşbakışı Caddesi No:2, 34662 Üsküdar / İstanbul",الهندسة الكهربائية والإلكترونية,تركيا,إسطنبول,ماجستير بدون أطروحة,التركية,متاح,2026-2027,2750,2750,2750,1000,USD,-,0
program,2152,جامعة إسطنبول توبكابي,Altunizade Campus,"Kuşbakışı Caddesi No:2, 34662 Üsküdar / İstanbul",الهندسة الكهربائية والإلكترونية,تركيا,إسطنبول,ماجستير مع أطروحة,التركية,متاح,2026-2027,3250,3250,3250,1000,USD,-,0
program,2151,جامعة إسطنبول توبكابي,Altunizade Campus,"Kuşbakışı Caddesi No:2, 34662 Üsküdar / İstanbul",الهندسة الكهربائية والإلكترونية,تركيا,إسطنبول,ماجستير بدون أطروحة,الإنجليزية,متاح,2026-2027,3250,3250,3250,1000,USD,-,0
program,2150,جامعة إسطنبول توبكابي,Altunizade Campus,"Kuşbakışı Caddesi No:2, 34662 Üsküdar / İstanbul",الهندسة الكهربائية والإلكترونية,تركيا,إسطنبول,ماجستير مع أطروحة,الإنجليزية,متاح,2026-2027,3750,3750,3750,1000,USD,-,0
program,2149,جامعة إسطنبول توبكابي,Altunizade Campus,"Kuşbakışı Caddesi No:2, 34662 Üsküdar / İstanbul",الاقتصاد,تركيا,إسطنبول,ماجستير بدون أطروحة,التركية,متاح,2026-2027,2750,2750,2750,1000,USD,-,0
program,2148,جامعة إسطنبول توبكابي,Altunizade Campus,"Kuşbakışı Caddesi No:2, 34662 Üsküdar / İstanbul",الاقتصاد,تركيا,إسطنبول,ماجستير مع أطروحة,التركية,متاح,2026-2027,3250,3250,3250,1000,USD,-,0
program,2147,جامعة إسطنبول توبكابي,Altunizade Campus,"Kuşbakışı Caddesi No:2, 34662 Üsküdar / İstanbul",السياسات والاستراتيجيات البحرية,تركيا,إسطنبول,ماجستير مع أطروحة,التركية,متاح,2026-2027,3250,3250,3250,1000,USD,-,0
program,2146,جامعة إسطنبول توبكابي,Altunizade Campus,"Kuşbakışı Caddesi No:2, 34662 Üsküdar / İstanbul",هندسة الكمبيوتر,تركيا,إسطنبول,ماجستير بدون أطروحة,التركية,متاح,2026-2027,2750,2750,2750,1000,USD,-,0
program,2145,جامعة إسطنبول توبكابي,Altunizade Campus,"Kuşbakışı Caddesi No:2, 34662 Üsküdar / İstanbul",هندسة الكمبيوتر,تركيا,إسطنبول,ماجستير مع أطروحة,التركية,متاح,2026-2027,3250,3250,3250,1000,USD,-,0
program,2144,جامعة إسطنبول توبكابي,Bahçeşehir Campus,"Orhan Gazi, Hoşdere-Esenyurt Yolu No:37, 34538 Esenyurt/İstanbul",فني المباني الخضراء والبيئية,تركيا,إسطنبول,دبلوم,التركية,متاح,2026-2027,1500,1500,1500,1000,USD,-,0
program,2143,جامعة إسطنبول توبكابي,Bahçeşehir Campus,"Orhan Gazi, Hoşdere-Esenyurt Yolu No:37, 34538 Esenyurt/İstanbul",خدمات رعاية المسنين,تركيا,إسطنبول,دبلوم,التركية,متاح,2026-2027,1500,1500,1500,1000,USD,-,0
program,2142,جامعة إسطنبول توبكابي,Bahçeşehir Campus,"Orhan Gazi, Hoşdere-Esenyurt Yolu No:37, 34538 Esenyurt/İstanbul",تصميم وتطوير الويب,تركيا,إسطنبول,دبلوم,التركية,متاح,2026-2027,1500,1500,1500,1000,USD,-,0
program,2141,جامعة إسطنبول توبكابي,Bahçeşehir Campus,"Orhan Gazi, Hoşdere-Esenyurt Yolu No:37, 34538 Esenyurt/İstanbul",تكنولوجيا الطائرات,تركيا,إسطنبول,دبلوم,التركية,متاح,2026-2027,1500,1500,1500,1000,USD,-,0
program,2140,جامعة إسطنبول توبكابي,Bahçeşehir Campus,"Orhan Gazi, Hoşdere-Esenyurt Yolu No:37, 34538 Esenyurt/İstanbul",الإرشاد السياحي (تعليم عن بعد),تركيا,إسطنبول,دبلوم,التركية,متاح,2026-2027,2000,2000,2000,1000,USD,-,0
program,2139,جامعة إسطنبول توبكابي,Bahçeşehir Campus,"Orhan Gazi, Hoşdere-Esenyurt Yolu No:37, 34538 Esenyurt/İstanbul",الإرشاد السياحي,تركيا,إسطنبول,دبلوم,التركية,متاح,2026-2027,2000,2000,2000,1000,USD,-,0
program,2138,جامعة إسطنبول توبكابي,Bahçeşehir Campus,"Orhan Gazi, Hoşdere-Esenyurt Yolu No:37, 34538 Esenyurt/İstanbul",تكنولوجيا معالجة البيانات الطبية,تركيا,إسطنبول,دبلوم,التركية,متاح,2026-2027,1500,1500,1500,1000,USD,-,0
program,2137,جامعة إسطنبول توبكابي,Bahçeşehir Campus,"Orhan Gazi, Hoşdere-Esenyurt Yolu No:37, 34538 Esenyurt/İstanbul",تقنيات المختبرات الطبية,تركيا,إسطنبول,دبلوم,التركية,متاح,2026-2027,1500,1500,1500,1000,USD,-,0
program,2136,جامعة إسطنبول توبكابي,Bahçeşehir Campus,"Orhan Gazi, Hoşdere-Esenyurt Yolu No:37, 34538 Esenyurt/İstanbul",تقنيات التصوير الطبي,تركيا,إسطنبول,دبلوم,التركية,متاح,2026-2027,1500,1500,1500,1000,USD,-,0
program,2135,جامعة إسطنبول توبكابي,Bahçeşehir Campus,"Orhan Gazi, Hoşdere-Esenyurt Yolu No:37, 34538 Esenyurt/İstanbul",التوثيق الطبي والسكرتارية,تركيا,إسطنبول,دبلوم,التركية,متاح,2026-2027,1500,1500,1500,1000,USD,-,0
program,2134,جامعة إسطنبول توبكابي,Bahçeşehir Campus,"Orhan Gazi, Hoşdere-Esenyurt Yolu No:37, 34538 Esenyurt/İstanbul",تكنولوجيا الصحة عن بعد,تركيا,إسطنبول,دبلوم,التركية,متاح,2026-2027,1500,1500,1500,1000,USD,-,0
program,2133,جامعة إسطنبول توبكابي,Bahçeşehir Campus,"Orhan Gazi, Hoşdere-Esenyurt Yolu No:37, 34538 Esenyurt/İstanbul",الطيران المدني وخدمات المقصورة,تركيا,إسطنبول,دبلوم,التركية,متاح,2026-2027,1500,1500,1500,1000,USD,-,0
program,2132,جامعة إسطنبول توبكابي,Bahçeşehir Campus,"Orhan Gazi, Hoşdere-Esenyurt Yolu No:37, 34538 Esenyurt/İstanbul",إدارة النقل بالطيران المدني,تركيا,إسطنبول,دبلوم,التركية,متاح,2026-2027,1500,1500,1500,1000,USD,-,0
program,2131,جامعة إسطنبول توبكابي,Bahçeşehir Campus,"Orhan Gazi, Hoşdere-Esenyurt Yolu No:37, 34538 Esenyurt/İstanbul",الأمن السيبراني,تركيا,إسطنبول,دبلوم,التركية,متاح,2026-2027,1750,1750,1750,1000,USD,-,0
program,2130,جامعة إسطنبول توبكابي,Bahçeşehir Campus,"Orhan Gazi, Hoşdere-Esenyurt Yolu No:37, 34538 Esenyurt/İstanbul",تقنيات مختبر علم الأمراض,تركيا,إسطنبول,دبلوم,التركية,متاح,2026-2027,1500,1500,1500,1000,USD,-,0
program,2129,جامعة إسطنبول توبكابي,Bahçeşehir Campus,"Orhan Gazi, Hoşdere-Esenyurt Yolu No:37, 34538 Esenyurt/İstanbul",تكنولوجيا السيارات,تركيا,إسطنبول,دبلوم,التركية,متاح,2026-2027,1500,1500,1500,1000,USD,-,0
program,2128,جامعة إسطنبول توبكابي,Bahçeşehir Campus,"Orhan Gazi, Hoşdere-Esenyurt Yolu No:37, 34538 Esenyurt/İstanbul",البصريات,تركيا,إسطنبول,دبلوم,التركية,متاح,2026-2027,1500,1500,1500,1000,USD,-,0
program,2127,جامعة إسطنبول توبكابي,Bahçeşehir Campus,"Orhan Gazi, Hoşdere-Esenyurt Yolu No:37, 34538 Esenyurt/İstanbul",قياس السمع,تركيا,إسطنبول,دبلوم,التركية,متاح,2026-2027,1500,1500,1500,1000,USD,-,0
program,2126,جامعة إسطنبول توبكابي,Bahçeşehir Campus,"Orhan Gazi, Hoşdere-Esenyurt Yolu No:37, 34538 Esenyurt/İstanbul",تصميم الأزياء (تعليم عن بعد),تركيا,إسطنبول,دبلوم,التركية,متاح,2026-2027,1500,1500,1500,1000,USD,-,0
program,2125,جامعة إسطنبول توبكابي,Bahçeşehir Campus,"Orhan Gazi, Hoşdere-Esenyurt Yolu No:37, 34538 Esenyurt/İstanbul",تصميم الأزياء,تركيا,إسطنبول,دبلوم,التركية,متاح,2026-2027,1500,1500,1500,1000,USD,-,0
program,2124,جامعة إسطنبول توبكابي,Bahçeşehir Campus,"Orhan Gazi, Hoşdere-Esenyurt Yolu No:37, 34538 Esenyurt/İstanbul",تقنيات الهاتف المحمول,تركيا,إسطنبول,دبلوم,التركية,متاح,2026-2027,1500,1500,1500,1000,USD,-,0
program,2123,جامعة إسطنبول توبكابي,Bahçeşehir Campus,"Orhan Gazi, Hoşdere-Esenyurt Yolu No:37, 34538 Esenyurt/İstanbul",الترميم المعماري,تركيا,إسطنبول,دبلوم,التركية,متاح,2026-2027,1500,1500,1500,1000,USD,-,0
program,2122,جامعة إسطنبول توبكابي,Bahçeşehir Campus,"Orhan Gazi, Hoşdere-Esenyurt Yolu No:37, 34538 Esenyurt/İstanbul",تقنية الإنترنت والشبكات (تعليم عن بعد),تركيا,إسطنبول,دبلوم,التركية,متاح,2026-2027,1500,1500,1500,1000,USD,-,0
program,2121,جامعة إسطنبول توبكابي,Bahçeşehir Campus,"Orhan Gazi, Hoşdere-Esenyurt Yolu No:37, 34538 Esenyurt/İstanbul",تقنية الإنترنت والشبكات,تركيا,إسطنبول,دبلوم,التركية,متاح,2026-2027,1750,1750,1750,1000,USD,-,0
program,2120,جامعة إسطنبول توبكابي,Bahçeşehir Campus,"Orhan Gazi, Hoşdere-Esenyurt Yolu No:37, 34538 Esenyurt/İstanbul",الإسعافات الأولية والطوارئ,تركيا,إسطنبول,دبلوم,التركية,متاح,2026-2027,1750,1750,1750,1000,USD,-,0
program,2119,جامعة إسطنبول توبكابي,Bahçeşehir Campus,"Orhan Gazi, Hoşdere-Esenyurt Yolu No:37, 34538 Esenyurt/İstanbul",التصميم الداخلي,تركيا,إسطنبول,دبلوم,التركية,متاح,2026-2027,1500,1500,1500,1000,USD,-,0
program,2118,جامعة إسطنبول توبكابي,Bahçeşehir Campus,"Orhan Gazi, Hoşdere-Esenyurt Yolu No:37, 34538 Esenyurt/İstanbul",الخرائط والسجل العقاري,تركيا,إسطنبول,دبلوم,التركية,متاح,2026-2027,1500,1500,1500,1000,USD,-,0
program,2117,جامعة إسطنبول توبكابي,Bahçeşehir Campus,"Orhan Gazi, Hoşdere-Esenyurt Yolu No:37, 34538 Esenyurt/İstanbul",التصميم الجرافيكي,تركيا,إسطنبول,دبلوم,الإنجليزية,متاح,2026-2027,1750,1750,1750,1000,USD,-,0
program,2116,جامعة إسطنبول توبكابي,Bahçeşehir Campus,"Orhan Gazi, Hoşdere-Esenyurt Yolu No:37, 34538 Esenyurt/İstanbul",التصميم الجرافيكي (تعليم عن بعد),تركيا,إسطنبول,دبلوم,التركية,متاح,2026-2027,1500,1500,1500,1000,USD,-,0
program,2115,جامعة إسطنبول توبكابي,Bahçeşehir Campus,"Orhan Gazi, Hoşdere-Esenyurt Yolu No:37, 34538 Esenyurt/İstanbul",التصميم الجرافيكي,تركيا,إسطنبول,دبلوم,التركية,متاح,2026-2027,1500,1500,1500,1000,USD,-,0
program,2114,جامعة إسطنبول توبكابي,Bahçeşehir Campus,"Orhan Gazi, Hoşdere-Esenyurt Yolu No:37, 34538 Esenyurt/İstanbul",العلاج الطبيعي,تركيا,إسطنبول,دبلوم,التركية,متاح,2026-2027,1500,1500,1500,1000,USD,-,0
program,2113,جامعة إسطنبول توبكابي,Bahçeşehir Campus,"Orhan Gazi, Hoşdere-Esenyurt Yolu No:37, 34538 Esenyurt/İstanbul",التجارة الإلكترونية والتسويق,تركيا,إسطنبول,دبلوم,التركية,متاح,2026-2027,1750,1750,1750,1000,USD,-,0
program,2112,جامعة إسطنبول توبكابي,Bahçeşehir Campus,"Orhan Gazi, Hoşdere-Esenyurt Yolu No:37, 34538 Esenyurt/İstanbul",الكهرباء,تركيا,إسطنبول,دبلوم,التركية,متاح,2026-2027,1500,1500,1500,1000,USD,-,0
program,2111,جامعة إسطنبول توبكابي,Bahçeşehir Campus,"Orhan Gazi, Hoşdere-Esenyurt Yolu No:37, 34538 Esenyurt/İstanbul",خدمات الصيدلية,تركيا,إسطنبول,دبلوم,التركية,متاح,2026-2027,1500,1500,1500,1000,USD,-,0
program,2110,جامعة إسطنبول توبكابي,Bahçeşehir Campus,"Orhan Gazi, Hoşdere-Esenyurt Yolu No:37, 34538 Esenyurt/İstanbul",تقنية التعويضات السنية,تركيا,إسطنبول,دبلوم,التركية,متاح,2026-2027,1500,1500,1500,1000,USD,-,0
program,2109,جامعة إسطنبول توبكابي,Bahçeşehir Campus,"Orhan Gazi, Hoşdere-Esenyurt Yolu No:37, 34538 Esenyurt/İstanbul",تنمية الطفل,تركيا,إسطنبول,دبلوم,التركية,متاح,2026-2027,1500,1500,1500,1000,USD,-,0
program,2108,جامعة إسطنبول توبكابي,Bahçeşehir Campus,"Orhan Gazi, Hoşdere-Esenyurt Yolu No:37, 34538 Esenyurt/İstanbul",تكنولوجيا الحاسوب,تركيا,إسطنبول,دبلوم,التركية,متاح,2026-2027,1750,1750,1750,1000,USD,-,0
program,2107,جامعة إسطنبول توبكابي,Bahçeşehir Campus,"Orhan Gazi, Hoşdere-Esenyurt Yolu No:37, 34538 Esenyurt/İstanbul",برمجة الكمبيوتر (تعليم عن بعد),تركيا,إسطنبول,دبلوم,التركية,متاح,2026-2027,1500,1500,1500,1000,USD,-,0
program,2106,جامعة إسطنبول توبكابي,Bahçeşehir Campus,"Orhan Gazi, Hoşdere-Esenyurt Yolu No:37, 34538 Esenyurt/İstanbul",برمجة الكمبيوتر,تركيا,إسطنبول,دبلوم,التركية,متاح,2026-2027,1750,1750,1750,1000,USD,-,0
program,2105,جامعة إسطنبول توبكابي,Bahçeşehir Campus,"Orhan Gazi, Hoşdere-Esenyurt Yolu No:37, 34538 Esenyurt/İstanbul",التصميم والرسوم المتحركة بمساعدة الحاسوب (تعليم عن بعد),تركيا,إسطنبول,دبلوم,التركية,متاح,2026-2027,1500,1500,1500,1000,USD,-,0
program,2104,جامعة إسطنبول توبكابي,Bahçeşehir Campus,"Orhan Gazi, Hoşdere-Esenyurt Yolu No:37, 34538 Esenyurt/İstanbul",التصميم والرسوم المتحركة بمساعدة الحاسوب,تركيا,إسطنبول,دبلوم,التركية,متاح,2026-2027,1750,1750,1750,1000,USD,-,0
program,2103,جامعة إسطنبول توبكابي,Bahçeşehir Campus,"Orhan Gazi, Hoşdere-Esenyurt Yolu No:37, 34538 Esenyurt/İstanbul",طبخ (تعليم عن بعد),تركيا,إسطنبول,دبلوم,التركية,متاح,2026-2027,1500,1500,1500,1000,USD,-,0
program,2102,جامعة إسطنبول توبكابي,Bahçeşehir Campus,"Orhan Gazi, Hoşdere-Esenyurt Yolu No:37, 34538 Esenyurt/İstanbul",طبخ,تركيا,إسطنبول,دبلوم,التركية,متاح,2026-2027,1500,1500,1500,1000,USD,-,0
program,2101,جامعة إسطنبول توبكابي,Bahçeşehir Campus,"Orhan Gazi, Hoşdere-Esenyurt Yolu No:37, 34538 Esenyurt/İstanbul",التخدير,تركيا,إسطنبول,دبلوم,التركية,متاح,2026-2027,1500,1500,1500,1000,USD,-,0
program,2100,جامعة إسطنبول توبكابي,Bahçeşehir Campus,"Orhan Gazi, Hoşdere-Esenyurt Yolu No:37, 34538 Esenyurt/İstanbul",خدمات غرفة العمليات,تركيا,إسطنبول,دبلوم,التركية,متاح,2026-2027,1500,1500,1500,1000,USD,-,0
program,2099,جامعة إسطنبول توبكابي,Bahçeşehir Campus,"Orhan Gazi, Hoşdere-Esenyurt Yolu No:37, 34538 Esenyurt/İstanbul",صحة الفم والأسنان,تركيا,إسطنبول,دبلوم,التركية,متاح,2026-2027,1500,1500,1500,1000,USD,-,0
program,2098,جامعة إسطنبول توبكابي,Levent TSYD Campus,"Levent, Levent Cd. No:51, 34330 Beşiktaş/İstanbul",الإدارة الرياضية,تركيا,إسطنبول,بكالوريوس,التركية,متاح,2026-2027,2000,2000,2000,1000,USD,-,0
program,2097,جامعة إسطنبول توبكابي,Levent TSYD Campus,"Levent, Levent Cd. No:51, 34330 Beşiktaş/İstanbul",الترفيه,تركيا,إسطنبول,بكالوريوس,التركية,متاح,2026-2027,2000,2000,2000,1000,USD,-,0
program,2096,جامعة إسطنبول توبكابي,Levent TSYD Campus,"Levent, Levent Cd. No:51, 34330 Beşiktaş/İstanbul",التدريب على التدريب,تركيا,إسطنبول,بكالوريوس,التركية,متاح,2026-2027,2000,2000,2000,1000,USD,-,0
program,2095,جامعة إسطنبول توبكابي,Kazlıçeşme Campus,Profesör Muammer Aksoy Caddesi No:10 Kazlıçeşme/Zeytinburnu/İstanbul,العلاج الوظيفي,تركيا,إسطنبول,بكالوريوس,التركية,متاح,2026-2027,2500,2500,2500,1000,USD,-,0
program,2094,جامعة إسطنبول توبكابي,Kazlıçeşme Campus,Profesör Muammer Aksoy Caddesi No:10 Kazlıçeşme/Zeytinburnu/İstanbul,القبالة,تركيا,إسطنبول,بكالوريوس,التركية,متاح,2026-2027,2500,2500,2500,1000,USD,-,0
program,2093,جامعة إسطنبول توبكابي,Kazlıçeşme Campus,Profesör Muammer Aksoy Caddesi No:10 Kazlıçeşme/Zeytinburnu/İstanbul,تمريض,تركيا,إسطنبول,بكالوريوس,التركية,متاح,2026-2027,2500,2500,2500,1000,USD,-,0
program,2092,جامعة إسطنبول توبكابي,Kazlıçeşme Campus,Profesör Muammer Aksoy Caddesi No:10 Kazlıçeşme/Zeytinburnu/İstanbul,هندسة البرمجيات,تركيا,إسطنبول,بكالوريوس,التركية,متاح,2026-2027,2250,2250,2250,1000,USD,-,0
program,2091,جامعة إسطنبول توبكابي,Kazlıçeşme Campus,Profesör Muammer Aksoy Caddesi No:10 Kazlıçeşme/Zeytinburnu/İstanbul,الهندسة الصناعية,تركيا,إسطنبول,بكالوريوس,التركية,متاح,2026-2027,2250,2250,2250,1000,USD,-,0
program,2090,جامعة إسطنبول توبكابي,Kazlıçeşme Campus,Profesör Muammer Aksoy Caddesi No:10 Kazlıçeşme/Zeytinburnu/İstanbul,الهندسة الكهربائية والإلكترونية,تركيا,إسطنبول,بكالوريوس,التركية,متاح,2026-2027,2250,2250,2250,1000,USD,-,0
program,2089,جامعة إسطنبول توبكابي,Kazlıçeşme Campus,Profesör Muammer Aksoy Caddesi No:10 Kazlıçeşme/Zeytinburnu/İstanbul,الهندسة الكهربائية والإلكترونية,تركيا,إسطنبول,بكالوريوس,الإنجليزية,متاح,2026-2027,2500,2500,2500,1000,USD,-,0
program,2088,جامعة إسطنبول توبكابي,Kazlıçeşme Campus,Profesör Muammer Aksoy Caddesi No:10 Kazlıçeşme/Zeytinburnu/İstanbul,هندسة نظم المعلومات,تركيا,إسطنبول,بكالوريوس,التركية,متاح,2026-2027,2250,2250,2250,1000,USD,-,0
program,2087,جامعة إسطنبول توبكابي,Kazlıçeşme Campus,Profesör Muammer Aksoy Caddesi No:10 Kazlıçeşme/Zeytinburnu/İstanbul,هندسة الكمبيوتر,تركيا,إسطنبول,بكالوريوس,التركية,متاح,2026-2027,2250,2250,2250,1000,USD,-,0
program,2086,جامعة إسطنبول توبكابي,Kazlıçeşme Campus,Profesör Muammer Aksoy Caddesi No:10 Kazlıçeşme/Zeytinburnu/İstanbul,هندسة الكمبيوتر,تركيا,إسطنبول,بكالوريوس,الإنجليزية,متاح,2026-2027,2500,2500,2500,1000,USD,-,0
program,2085,جامعة إسطنبول توبكابي,Kazlıçeşme Campus,Profesör Muammer Aksoy Caddesi No:10 Kazlıçeşme/Zeytinburnu/İstanbul,التاريخ,تركيا,إسطنبول,بكالوريوس,التركية,متاح,2026-2027,2000,2000,2000,1000,USD,-,0
program,2084,جامعة إسطنبول توبكابي,Kazlıçeşme Campus,Profesör Muammer Aksoy Caddesi No:10 Kazlıçeşme/Zeytinburnu/İstanbul,علم الاجتماع,تركيا,إسطنبول,بكالوريوس,الإنجليزية,متاح,2026-2027,1950,1950,1950,1000,USD,-,0
program,2083,جامعة إسطنبول توبكابي,Kazlıçeşme Campus,Profesör Muammer Aksoy Caddesi No:10 Kazlıçeşme/Zeytinburnu/İstanbul,علم النفس,تركيا,إسطنبول,بكالوريوس,التركية,متاح,2026-2027,2250,2250,2250,1000,USD,-,0
program,2082,جامعة إسطنبول توبكابي,Kazlıçeşme Campus,Profesör Muammer Aksoy Caddesi No:10 Kazlıçeşme/Zeytinburnu/İstanbul,علم النفس,تركيا,إسطنبول,بكالوريوس,الإنجليزية,متاح,2026-2027,2500,2500,2500,1000,USD,-,0
program,2081,جامعة إسطنبول توبكابي,Kazlıçeşme Campus,Profesör Muammer Aksoy Caddesi No:10 Kazlıçeşme/Zeytinburnu/İstanbul,الترجمة التحريرية والفورية الإنجليزية,تركيا,إسطنبول,بكالوريوس,التركية,متاح,2026-2027,2500,2500,2500,1000,USD,-,0
program,2080,جامعة إسطنبول توبكابي,Kazlıçeşme Campus,Profesör Muammer Aksoy Caddesi No:10 Kazlıçeşme/Zeytinburnu/İstanbul,اللغة الإنجليزية وآدابها,تركيا,إسطنبول,بكالوريوس,الإنجليزية,متاح,2026-2027,2500,2500,2500,1000,USD,-,0
program,2079,جامعة إسطنبول توبكابي,Kazlıçeşme Campus,Profesör Muammer Aksoy Caddesi No:10 Kazlıçeşme/Zeytinburnu/İstanbul,فلسفة,تركيا,إسطنبول,بكالوريوس,الإنجليزية,متاح,2026-2027,1950,1950,1950,1000,USD,-,0
program,2078,جامعة إسطنبول توبكابي,Kazlıçeşme Campus,Profesör Muammer Aksoy Caddesi No:10 Kazlıçeşme/Zeytinburnu/İstanbul,البنوك والتأمين,تركيا,إسطنبول,بكالوريوس,التركية,متاح,2026-2027,2250,2250,2250,1000,USD,-,0
program,2077,جامعة إسطنبول توبكابي,Kazlıçeşme Campus,Profesör Muammer Aksoy Caddesi No:10 Kazlıçeşme/Zeytinburnu/İstanbul,وسائل الإعلام الجديدة والاتصالات,تركيا,إسطنبول,بكالوريوس,التركية,متاح,2026-2027,2000,2000,2000,1000,USD,-,0
program,2076,جامعة إسطنبول توبكابي,Kazlıçeşme Campus,Profesör Muammer Aksoy Caddesi No:10 Kazlıçeşme/Zeytinburnu/İstanbul,الإذاعة والتلفزيون والسينما,تركيا,إسطنبول,بكالوريوس,التركية,متاح,2026-2027,2000,2000,2000,1000,USD,-,0
program,2075,جامعة إسطنبول توبكابي,Kazlıçeşme Campus,Profesör Muammer Aksoy Caddesi No:10 Kazlıçeşme/Zeytinburnu/İstanbul,العلاقات العامة والإعلان,تركيا,إسطنبول,بكالوريوس,التركية,متاح,2026-2027,2000,2000,2000,1000,USD,-,0
program,2074,جامعة إسطنبول توبكابي,Kazlıçeşme Campus,Profesör Muammer Aksoy Caddesi No:10 Kazlıçeşme/Zeytinburnu/İstanbul,تصميم الاتصالات المرئية,تركيا,إسطنبول,بكالوريوس,التركية,متاح,2026-2027,1950,1950,1950,1000,USD,-,0
program,2073,جامعة إسطنبول توبكابي,Kazlıçeşme Campus,Profesör Muammer Aksoy Caddesi No:10 Kazlıçeşme/Zeytinburnu/İstanbul,تصميم وإدارة الأفلام,تركيا,إسطنبول,بكالوريوس,التركية,متاح,2026-2027,1950,1950,1950,1000,USD,-,0
program,2072,جامعة إسطنبول توبكابي,Kazlıçeşme Campus,Profesör Muammer Aksoy Caddesi No:10 Kazlıçeşme/Zeytinburnu/İstanbul,نظم المعلومات الإدارية,تركيا,إسطنبول,بكالوريوس,التركية,متاح,2026-2027,2250,2250,2250,1000,USD,-,0
program,2071,جامعة إسطنبول توبكابي,Kazlıçeşme Campus,Profesör Muammer Aksoy Caddesi No:10 Kazlıçeşme/Zeytinburnu/İstanbul,نظم المعلومات الإدارية,تركيا,إسطنبول,بكالوريوس,الإنجليزية,متاح,2026-2027,2500,2500,2500,1000,USD,-,0
program,2070,جامعة إسطنبول توبكابي,Kazlıçeşme Campus,Profesör Muammer Aksoy Caddesi No:10 Kazlıçeşme/Zeytinburnu/İstanbul,علم البيانات والتحليلات,تركيا,إسطنبول,بكالوريوس,التركية,متاح,2026-2027,2250,2250,2250,1000,USD,-,0
program,2069,جامعة إسطنبول توبكابي,Kazlıçeşme Campus,Profesör Muammer Aksoy Caddesi No:10 Kazlıçeşme/Zeytinburnu/İstanbul,التجارة الدولية والأعمال,تركيا,إسطنبول,بكالوريوس,التركية,متاح,2026-2027,2250,2250,2250,1000,USD,-,0
program,2068,جامعة إسطنبول توبكابي,Kazlıçeşme Campus,Profesör Muammer Aksoy Caddesi No:10 Kazlıçeşme/Zeytinburnu/İstanbul,التجارة الدولية والأعمال,تركيا,إسطنبول,بكالوريوس,الإنجليزية,متاح,2026-2027,2500,2500,2500,1000,USD,-,0
program,2067,جامعة إسطنبول توبكابي,Kazlıçeşme Campus,Profesör Muammer Aksoy Caddesi No:10 Kazlıçeşme/Zeytinburnu/İstanbul,العلوم السياسية والعلاقات الدولية,تركيا,إسطنبول,بكالوريوس,الإنجليزية,متاح,2026-2027,2500,2500,2500,1000,USD,-,0
program,2066,جامعة إسطنبول توبكابي,Kazlıçeşme Campus,Profesör Muammer Aksoy Caddesi No:10 Kazlıçeşme/Zeytinburnu/İstanbul,إدارة الأعمال,تركيا,إسطنبول,بكالوريوس,التركية,متاح,2026-2027,2250,2250,2250,1000,USD,-,0
program,2065,جامعة إسطنبول توبكابي,Kazlıçeşme Campus,Profesör Muammer Aksoy Caddesi No:10 Kazlıçeşme/Zeytinburnu/İstanbul,إدارة الأعمال,تركيا,إسطنبول,بكالوريوس,الإنجليزية,متاح,2026-2027,2500,2500,2500,1000,USD,-,0
program,2064,جامعة إسطنبول توبكابي,Kazlıçeşme Campus,Profesör Muammer Aksoy Caddesi No:10 Kazlıçeşme/Zeytinburnu/İstanbul,إدارة الطيران,تركيا,إسطنبول,بكالوريوس,التركية,متاح,2026-2027,2000,2000,2000,1000,USD,-,0
program,2063,جامعة إسطنبول توبكابي,Kazlıçeşme Campus,Profesör Muammer Aksoy Caddesi No:10 Kazlıçeşme/Zeytinburnu/İstanbul,الاقتصاد,تركيا,إسطنبول,بكالوريوس,التركية,متاح,2026-2027,2250,2250,2250,1000,USD,-,0
program,2062,جامعة إسطنبول توبكابي,Kazlıçeşme Campus,Profesör Muammer Aksoy Caddesi No:10 Kazlıçeşme/Zeytinburnu/İstanbul,الاقتصاد,تركيا,إسطنبول,بكالوريوس,الإنجليزية,متاح,2026-2027,2500,2500,2500,1000,USD,-,0
program,2061,جامعة إسطنبول توبكابي,Kazlıçeşme Campus,Profesör Muammer Aksoy Caddesi No:10 Kazlıçeşme/Zeytinburnu/İstanbul,المسرح,تركيا,إسطنبول,بكالوريوس,التركية,متاح,2026-2027,2000,2000,2000,1000,USD,-,0
program,2060,جامعة إسطنبول توبكابي,Kazlıçeşme Campus,Profesör Muammer Aksoy Caddesi No:10 Kazlıçeşme/Zeytinburnu/İstanbul,تصميم الأزياء والمنسوجات,تركيا,إسطنبول,بكالوريوس,التركية,متاح,2026-2027,2000,2000,2000,1000,USD,-,0
program,2059,جامعة إسطنبول توبكابي,Kazlıçeşme Campus,Profesör Muammer Aksoy Caddesi No:10 Kazlıçeşme/Zeytinburnu/İstanbul,تلوين,تركيا,إسطنبول,بكالوريوس,التركية,متاح,2026-2027,1950,1950,1950,1000,USD,-,0
program,2058,جامعة إسطنبول توبكابي,Kazlıçeşme Campus,Profesör Muammer Aksoy Caddesi No:10 Kazlıçeşme/Zeytinburnu/İstanbul,الموسيقى,تركيا,إسطنبول,بكالوريوس,التركية,متاح,2026-2027,2000,2000,2000,1000,USD,-,0
program,2057,جامعة إسطنبول توبكابي,Kazlıçeşme Campus,Profesör Muammer Aksoy Caddesi No:10 Kazlıçeşme/Zeytinburnu/İstanbul,التصميم الجرافيكي,تركيا,إسطنبول,بكالوريوس,التركية,متاح,2026-2027,2250,2250,2250,1000,USD,-,0
program,2056,جامعة إسطنبول توبكابي,Kazlıçeşme Campus,Profesör Muammer Aksoy Caddesi No:10 Kazlıçeşme/Zeytinburnu/İstanbul,العمارة,تركيا,إسطنبول,بكالوريوس,التركية,متاح,2026-2027,2500,2500,2500,1000,USD,-,0
program,2055,جامعة إسطنبول توبكابي,Kazlıçeşme Campus,Profesör Muammer Aksoy Caddesi No:10 Kazlıçeşme/Zeytinburnu/İstanbul,الرسوم المتحركة والرسوم المتحركة,تركيا,إسطنبول,بكالوريوس,التركية,متاح,2026-2027,2000,2000,2000,1000,USD,-,0
program,2054,جامعة إسطنبول توبكابي,Kazlıçeşme Campus,Profesör Muammer Aksoy Caddesi No:10 Kazlıçeşme/Zeytinburnu/İstanbul,الهندسة المعمارية الداخلية والتصميم البيئي,تركيا,إسطنبول,بكالوريوس,التركية,متاح,2026-2027,2500,2500,2500,1000,USD,-,0
program,2053,جامعة إسطنبول توبكابي,Kazlıçeşme Campus,Profesör Muammer Aksoy Caddesi No:10 Kazlıçeşme/Zeytinburnu/İstanbul,فنون الطهي وفنون المطبخ,تركيا,إسطنبول,بكالوريوس,التركية,متاح,2026-2027,2500,2500,2500,1000,USD,-,0
program,2052,جامعة إسطنبول توبكابي,Kazlıçeşme Campus,Profesör Muammer Aksoy Caddesi No:10 Kazlıçeşme/Zeytinburnu/İstanbul,تصميم الألعاب الرقمية,تركيا,إسطنبول,بكالوريوس,التركية,متاح,2026-2027,2000,2000,2000,1000,USD,-,0
program,2051,جامعة إسطنبول بهتشه شهير,Beşiktaş North Campus,"Ihlamur Yıldız Caddesi No:8 Gayrettepe 34353 Beşiktaş, Istanbul, Turkey",تنمية الطفل,تركيا,إسطنبول,دبلوم,التركية,متاح,2026-2027,3500,3500,3500,1750,USD,-,0
program,2050,جامعة إسطنبول بهتشه شهير,Beşiktaş North Campus,"Ihlamur Yıldız Caddesi No:8 Gayrettepe 34353 Beşiktaş, Istanbul, Turkey",الإسعافات الأولية والطوارئ,تركيا,إسطنبول,دبلوم,الإنجليزية,متاح,2026-2027,3500,3500,3500,1750,USD,-,0
program,2049,جامعة إسطنبول بهتشه شهير,Beşiktaş North Campus,"Ihlamur Yıldız Caddesi No:8 Gayrettepe 34353 Beşiktaş, Istanbul, Turkey",تقنية التعويضات السنية,تركيا,إسطنبول,دبلوم,التركية,متاح,2026-2027,3500,3500,3500,1750,USD,-,0
program,2048,جامعة إسطنبول بهتشه شهير,Beşiktaş North Campus,"Ihlamur Yıldız Caddesi No:8 Gayrettepe 34353 Beşiktaş, Istanbul, Turkey",صحة الفم والأسنان,تركيا,إسطنبول,دبلوم,التركية,متاح,2026-2027,3500,3500,3500,1750,USD,-,0
program,2047,جامعة إسطنبول بهتشه شهير,Beşiktaş North Campus,"Ihlamur Yıldız Caddesi No:8 Gayrettepe 34353 Beşiktaş, Istanbul, Turkey",البصريات,تركيا,إسطنبول,دبلوم,التركية,متاح,2026-2027,3500,3500,3500,1750,USD,-,0
program,2046,جامعة إسطنبول بهتشه شهير,Beşiktaş North Campus,"Ihlamur Yıldız Caddesi No:8 Gayrettepe 34353 Beşiktaş, Istanbul, Turkey",العلاج الإشعاعي,تركيا,إسطنبول,دبلوم,التركية,متاح,2026-2027,3500,3500,3500,1750,USD,-,0
program,2045,جامعة إسطنبول بهتشه شهير,Beşiktaş North Campus,"Ihlamur Yıldız Caddesi No:8 Gayrettepe 34353 Beşiktaş, Istanbul, Turkey",خدمات غرفة العمليات,تركيا,إسطنبول,دبلوم,التركية,متاح,2026-2027,3500,3500,3500,1750,USD,-,0
program,2044,جامعة إسطنبول بهتشه شهير,Beşiktaş North Campus,"Ihlamur Yıldız Caddesi No:8 Gayrettepe 34353 Beşiktaş, Istanbul, Turkey",العلاج الطبيعي,تركيا,إسطنبول,دبلوم,التركية,متاح,2026-2027,3500,3500,3500,1750,USD,-,0
program,2043,جامعة إسطنبول بهتشه شهير,Beşiktaş North Campus,"Ihlamur Yıldız Caddesi No:8 Gayrettepe 34353 Beşiktaş, Istanbul, Turkey",قياس السمع,تركيا,إسطنبول,دبلوم,التركية,متاح,2026-2027,3500,3500,3500,1750,USD,-,0
program,2042,جامعة إسطنبول بهتشه شهير,Beşiktaş North Campus,"Ihlamur Yıldız Caddesi No:8 Gayrettepe 34353 Beşiktaş, Istanbul, Turkey",الإسعافات الأولية والطوارئ,تركيا,إسطنبول,دبلوم,التركية,متاح,2026-2027,3500,3500,3500,1750,USD,-,0
program,2041,جامعة إسطنبول بهتشه شهير,Beşiktaş North Campus,"Ihlamur Yıldız Caddesi No:8 Gayrettepe 34353 Beşiktaş, Istanbul, Turkey",التخدير,تركيا,إسطنبول,دبلوم,التركية,متاح,2026-2027,3500,3500,3500,1750,USD,-,0
program,2040,جامعة إسطنبول بهتشه شهير,Beşiktaş North Campus,"Ihlamur Yıldız Caddesi No:8 Gayrettepe 34353 Beşiktaş, Istanbul, Turkey",غسيل الكلى,تركيا,إسطنبول,دبلوم,التركية,متاح,2026-2027,3500,3500,3500,1750,USD,-,0
program,2039,جامعة إسطنبول بهتشه شهير,Beşiktaş North Campus,"Ihlamur Yıldız Caddesi No:8 Gayrettepe 34353 Beşiktaş, Istanbul, Turkey",تقنيات المختبرات الطبية,تركيا,إسطنبول,دبلوم,التركية,متاح,2026-2027,3500,3500,3500,1750,USD,-,0
program,2038,جامعة إسطنبول بهتشه شهير,Beşiktaş North Campus,"Ihlamur Yıldız Caddesi No:8 Gayrettepe 34353 Beşiktaş, Istanbul, Turkey",التوثيق الطبي والسكرتارية,تركيا,إسطنبول,دبلوم,التركية,متاح,2026-2027,3500,3500,3500,1750,USD,-,0
program,2037,جامعة إسطنبول بهتشه شهير,Beşiktaş North Campus,"Ihlamur Yıldız Caddesi No:8 Gayrettepe 34353 Beşiktaş, Istanbul, Turkey",تقنيات التصوير الطبي,تركيا,إسطنبول,دبلوم,التركية,متاح,2026-2027,3500,3500,3500,1750,USD,-,0
program,2036,جامعة إسطنبول بهتشه شهير,Beşiktaş South Campus,"Çırağan Caddesi Osmanpaşa Mektebi Sokak No: 4 - 6 34353 Beşiktaş, Istanbul, Turkey",الصيدلة,تركيا,إسطنبول,بكالوريوس,الإنجليزية,متاح,2026-2027,15000,15000,15000,7500,USD,-,0
program,2035,جامعة إسطنبول بهتشه شهير,Göztepe Campus,"Sahrayı Cedid Mahallesi Batman Sokak No: 66 - 68 Yenisahra/Kadıköy Istanbul, Turkey",الطب البشري,تركيا,إسطنبول,بكالوريوس,الإنجليزية,متاح,2026-2027,28000,28000,28000,14000,USD,-,0
program,2034,جامعة إسطنبول بهتشه شهير,Beşiktaş South Campus,"Çırağan Caddesi Osmanpaşa Mektebi Sokak No: 4 - 6 34353 Beşiktaş, Istanbul, Turkey",قانون,تركيا,إسطنبول,بكالوريوس,التركية,متاح,2026-2027,10000,10000,10000,5000,USD,-,0
program,2033,جامعة إسطنبول بهتشه شهير,Beşiktaş North Campus,"Ihlamur Yıldız Caddesi No:8 Gayrettepe 34353 Beşiktaş, Istanbul, Turkey",علم السمع,تركيا,إسطنبول,بكالوريوس,التركية,متاح,2026-2027,6375,6375,6375,3188,USD,-,0
program,2032,جامعة إسطنبول بهتشه شهير,Beşiktaş North Campus,"Ihlamur Yıldız Caddesi No:8 Gayrettepe 34353 Beşiktaş, Istanbul, Turkey",علاج النطق واللغة,تركيا,إسطنبول,بكالوريوس,التركية,متاح,2026-2027,6375,6375,6375,3188,USD,-,0
program,2031,جامعة إسطنبول بهتشه شهير,Beşiktaş North Campus,"Ihlamur Yıldız Caddesi No:8 Gayrettepe 34353 Beşiktaş, Istanbul, Turkey",تمريض,تركيا,إسطنبول,بكالوريوس,الإنجليزية,متاح,2026-2027,6375,6375,6375,3188,USD,-,0
program,2030,جامعة إسطنبول بهتشه شهير,Beşiktaş North Campus,"Ihlamur Yıldız Caddesi No:8 Gayrettepe 34353 Beşiktaş, Istanbul, Turkey",التغذية وعلم الحمية,تركيا,إسطنبول,بكالوريوس,الإنجليزية,متاح,2026-2027,6375,6375,6375,3188,USD,-,0
program,2029,جامعة إسطنبول بهتشه شهير,Beşiktaş North Campus,"Ihlamur Yıldız Caddesi No:8 Gayrettepe 34353 Beşiktaş, Istanbul, Turkey",التغذية وعلم الحمية,تركيا,إسطنبول,بكالوريوس,التركية,متاح,2026-2027,6375,6375,6375,3188,USD,-,0
program,2028,جامعة إسطنبول بهتشه شهير,Beşiktaş North Campus,"Ihlamur Yıldız Caddesi No:8 Gayrettepe 34353 Beşiktaş, Istanbul, Turkey",العلاج الطبيعي والتأهيل,تركيا,إسطنبول,بكالوريوس,التركية,متاح,2026-2027,6375,6375,6375,3188,USD,-,0
program,2027,جامعة إسطنبول بهتشه شهير,Beşiktaş North Campus,"Ihlamur Yıldız Caddesi No:8 Gayrettepe 34353 Beşiktaş, Istanbul, Turkey",العلاج الطبيعي والتأهيل,تركيا,إسطنبول,بكالوريوس,الإنجليزية,متاح,2026-2027,6375,6375,6375,3188,USD,-,0
program,2026,جامعة إسطنبول بهتشه شهير,Beşiktaş North Campus,"Ihlamur Yıldız Caddesi No:8 Gayrettepe 34353 Beşiktaş, Istanbul, Turkey",تمريض,تركيا,إسطنبول,بكالوريوس,التركية,متاح,2026-2027,6375,6375,6375,3188,USD,-,0
program,2025,جامعة إسطنبول بهتشه شهير,Beşiktaş South Campus,"Çırağan Caddesi Osmanpaşa Mektebi Sokak No: 4 - 6 34353 Beşiktaş, Istanbul, Turkey",تقنية أمن المعلومات,تركيا,إسطنبول,بكالوريوس,الإنجليزية,متاح,2026-2027,9000,9000,9000,4500,USD,-,0
program,2024,جامعة إسطنبول بهتشه شهير,Beşiktaş South Campus,"Çırağan Caddesi Osmanpaşa Mektebi Sokak No: 4 - 6 34353 Beşiktaş, Istanbul, Turkey",هندسة الذكاء الاصطناعي,تركيا,إسطنبول,بكالوريوس,الإنجليزية,متاح,2026-2027,12000,12000,12000,6000,USD,-,0
program,2023,جامعة إسطنبول بهتشه شهير,Beşiktaş South Campus,"Çırağan Caddesi Osmanpaşa Mektebi Sokak No: 4 - 6 34353 Beşiktaş, Istanbul, Turkey",البيولوجيا الجزيئية وعلم الوراثة,تركيا,إسطنبول,بكالوريوس,الإنجليزية,متاح,2026-2027,9000,9000,9000,4500,USD,-,0
program,2022,جامعة إسطنبول بهتشه شهير,Beşiktaş South Campus,"Çırağan Caddesi Osmanpaşa Mektebi Sokak No: 4 - 6 34353 Beşiktaş, Istanbul, Turkey",الهندسة المدنية,تركيا,إسطنبول,بكالوريوس,الإنجليزية,متاح,2026-2027,9000,9000,9000,4500,USD,-,0
program,2021,جامعة إسطنبول بهتشه شهير,Beşiktaş South Campus,"Çırağan Caddesi Osmanpaşa Mektebi Sokak No: 4 - 6 34353 Beşiktaş, Istanbul, Turkey",هندسة الإدارة,تركيا,إسطنبول,بكالوريوس,الإنجليزية,متاح,2026-2027,9000,9000,9000,4500,USD,-,0
program,2020,جامعة إسطنبول بهتشه شهير,Beşiktaş South Campus,"Çırağan Caddesi Osmanpaşa Mektebi Sokak No: 4 - 6 34353 Beşiktaş, Istanbul, Turkey",الهندسة الطبية الحيوية,تركيا,إسطنبول,بكالوريوس,الإنجليزية,متاح,2026-2027,9000,9000,9000,4500,USD,-,0
program,2019,جامعة إسطنبول بهتشه شهير,Beşiktaş South Campus,"Çırağan Caddesi Osmanpaşa Mektebi Sokak No: 4 - 6 34353 Beşiktaş, Istanbul, Turkey",هندسة نظم الطاقة,تركيا,إسطنبول,بكالوريوس,الإنجليزية,متاح,2026-2027,9000,9000,9000,4500,USD,-,0
program,2018,جامعة إسطنبول بهتشه شهير,Beşiktaş South Campus,"Çırağan Caddesi Osmanpaşa Mektebi Sokak No: 4 - 6 34353 Beşiktaş, Istanbul, Turkey",هندسة البرمجيات,تركيا,إسطنبول,بكالوريوس,الإنجليزية,متاح,2026-2027,9000,9000,9000,4500,USD,-,0
program,2017,جامعة إسطنبول بهتشه شهير,Beşiktaş South Campus,"Çırağan Caddesi Osmanpaşa Mektebi Sokak No: 4 - 6 34353 Beşiktaş, Istanbul, Turkey",هندسة الميكاترونكس,تركيا,إسطنبول,بكالوريوس,الإنجليزية,متاح,2026-2027,9000,9000,9000,4500,USD,-,0
program,2016,جامعة إسطنبول بهتشه شهير,Beşiktaş South Campus,"Çırağan Caddesi Osmanpaşa Mektebi Sokak No: 4 - 6 34353 Beşiktaş, Istanbul, Turkey",الهندسة الصناعية,تركيا,إسطنبول,بكالوريوس,الإنجليزية,متاح,2026-2027,9000,9000,9000,4500,USD,-,0
program,2015,جامعة إسطنبول بهتشه شهير,Beşiktaş South Campus,"Çırağan Caddesi Osmanpaşa Mektebi Sokak No: 4 - 6 34353 Beşiktaş, Istanbul, Turkey",الهندسة الكهربائية والإلكترونية,تركيا,إسطنبول,بكالوريوس,الإنجليزية,متاح,2026-2027,9000,9000,9000,4500,USD,-,0
program,2014,جامعة إسطنبول بهتشه شهير,Beşiktaş South Campus,"Çırağan Caddesi Osmanpaşa Mektebi Sokak No: 4 - 6 34353 Beşiktaş, Istanbul, Turkey",هندسة الكمبيوتر,تركيا,إسطنبول,بكالوريوس,الإنجليزية,متاح,2026-2027,9000,9000,9000,4500,USD,-,0
program,2013,جامعة إسطنبول بهتشه شهير,Beşiktaş South Campus,"Çırağan Caddesi Osmanpaşa Mektebi Sokak No: 4 - 6 34353 Beşiktaş, Istanbul, Turkey",تعليم ما قبل المدرسة,تركيا,إسطنبول,بكالوريوس,الإنجليزية,متاح,2026-2027,5950,5950,5950,2975,USD,-,0
program,2012,جامعة إسطنبول بهتشه شهير,Beşiktaş South Campus,"Çırağan Caddesi Osmanpaşa Mektebi Sokak No: 4 - 6 34353 Beşiktaş, Istanbul, Turkey",الإرشاد والتوجيه النفسي,تركيا,إسطنبول,بكالوريوس,الإنجليزية,متاح,2026-2027,5950,5950,5950,2975,USD,-,0
program,2011,جامعة إسطنبول بهتشه شهير,Beşiktaş South Campus,"Çırağan Caddesi Osmanpaşa Mektebi Sokak No: 4 - 6 34353 Beşiktaş, Istanbul, Turkey",تدريس اللغة الإنجليزية,تركيا,إسطنبول,بكالوريوس,الإنجليزية,متاح,2026-2027,5950,5950,5950,2975,USD,-,0
program,2010,جامعة إسطنبول بهتشه شهير,Beşiktaş South Campus,"Çırağan Caddesi Osmanpaşa Mektebi Sokak No: 4 - 6 34353 Beşiktaş, Istanbul, Turkey",الترجمة التحريرية والفورية الإنجليزية,تركيا,إسطنبول,بكالوريوس,الإنجليزية,متاح,2026-2027,8500,8500,8500,4250,USD,-,0
program,2009,جامعة إسطنبول بهتشه شهير,Beşiktaş South Campus,"Çırağan Caddesi Osmanpaşa Mektebi Sokak No: 4 - 6 34353 Beşiktaş, Istanbul, Turkey",التمويل الدولي,تركيا,إسطنبول,بكالوريوس,الإنجليزية,متاح,2026-2027,8500,8500,8500,4250,USD,-,0
program,2008,جامعة إسطنبول بهتشه شهير,Beşiktaş South Campus,"Çırağan Caddesi Osmanpaşa Mektebi Sokak No: 4 - 6 34353 Beşiktaş, Istanbul, Turkey",علم النفس,تركيا,إسطنبول,بكالوريوس,الإنجليزية,متاح,2026-2027,8500,8500,8500,4250,USD,-,0
program,2007,جامعة إسطنبول بهتشه شهير,Beşiktaş South Campus,"Çırağan Caddesi Osmanpaşa Mektebi Sokak No: 4 - 6 34353 Beşiktaş, Istanbul, Turkey",علم الاجتماع,تركيا,إسطنبول,بكالوريوس,الإنجليزية,متاح,2026-2027,8500,8500,8500,4250,USD,-,0
program,2006,جامعة إسطنبول بهتشه شهير,Beşiktaş South Campus,"Çırağan Caddesi Osmanpaşa Mektebi Sokak No: 4 - 6 34353 Beşiktaş, Istanbul, Turkey",إدارة اللوجستيات,تركيا,إسطنبول,بكالوريوس,الإنجليزية,متاح,2026-2027,8500,8500,8500,4250,USD,-,0
program,2005,جامعة إسطنبول بهتشه شهير,Beşiktaş South Campus,"Çırağan Caddesi Osmanpaşa Mektebi Sokak No: 4 - 6 34353 Beşiktaş, Istanbul, Turkey",الاقتصاد والمالية,تركيا,إسطنبول,بكالوريوس,الإنجليزية,متاح,2026-2027,8500,8500,8500,4250,USD,-,0
program,2004,جامعة إسطنبول بهتشه شهير,Beşiktaş South Campus,"Çırağan Caddesi Osmanpaşa Mektebi Sokak No: 4 - 6 34353 Beşiktaş, Istanbul, Turkey",التجارة الدولية والأعمال,تركيا,إسطنبول,بكالوريوس,الإنجليزية,متاح,2026-2027,8500,8500,8500,4250,USD,-,0
program,2003,جامعة إسطنبول بهتشه شهير,Beşiktaş South Campus,"Çırağan Caddesi Osmanpaşa Mektebi Sokak No: 4 - 6 34353 Beşiktaş, Istanbul, Turkey",الاقتصاد,تركيا,إسطنبول,بكالوريوس,الإنجليزية,متاح,2026-2027,8500,8500,8500,4250,USD,-,0
program,2002,جامعة إسطنبول بهتشه شهير,Beşiktaş South Campus,"Çırağan Caddesi Osmanpaşa Mektebi Sokak No: 4 - 6 34353 Beşiktaş, Istanbul, Turkey",العلوم السياسية والعلاقات الدولية,تركيا,إسطنبول,بكالوريوس,الإنجليزية,متاح,2026-2027,8500,8500,8500,4250,USD,-,0
program,2001,جامعة إسطنبول بهتشه شهير,Beşiktaş South Campus,"Çırağan Caddesi Osmanpaşa Mektebi Sokak No: 4 - 6 34353 Beşiktaş, Istanbul, Turkey",إدارة الأعمال,تركيا,إسطنبول,بكالوريوس,الإنجليزية,متاح,2026-2027,8500,8500,8500,4250,USD,-,0
program,2000,جامعة إسطنبول بهتشه شهير,Beşiktaş Balmumcu Campus,"Barbaros Blv. No:153 Gayrettepe 34357 Beşiktaş, Istanbul, Turkey",طب الأسنان,تركيا,إسطنبول,بكالوريوس,الإنجليزية,متاح,2026-2027,24000,24000,24000,12000,USD,-,0
program,1999,جامعة إسطنبول بهتشه شهير,Galata Campus,"Müeyyetzade Mahallesi Kemeraltı Caddesi Karaoğlan Sokağı No: 24/a Galata/Karaköy Istanbul, Turkey",تصميم الاتصالات المرئية,تركيا,إسطنبول,بكالوريوس,الإنجليزية,متاح,2026-2027,6800,6800,6800,3400,USD,-,0
program,1998,جامعة إسطنبول بهتشه شهير,Galata Campus,"Müeyyetzade Mahallesi Kemeraltı Caddesi Karaoğlan Sokağı No: 24/a Galata/Karaköy Istanbul, Turkey",العلاقات العامة والدعاية,تركيا,إسطنبول,بكالوريوس,الإنجليزية,متاح,2026-2027,6800,6800,6800,3400,USD,-,0
program,1997,جامعة إسطنبول بهتشه شهير,Galata Campus,"Müeyyetzade Mahallesi Kemeraltı Caddesi Karaoğlan Sokağı No: 24/a Galata/Karaköy Istanbul, Turkey",الرسوم المتحركة والرسوم المتحركة,تركيا,إسطنبول,بكالوريوس,الإنجليزية,متاح,2026-2027,6800,6800,6800,3400,USD,-,0
program,1996,جامعة إسطنبول بهتشه شهير,Galata Campus,"Müeyyetzade Mahallesi Kemeraltı Caddesi Karaoğlan Sokağı No: 24/a Galata/Karaköy Istanbul, Turkey",تصميم الألعاب الرقمية,تركيا,إسطنبول,بكالوريوس,الإنجليزية,متاح,2026-2027,6800,6800,6800,3400,USD,-,0
program,1995,جامعة إسطنبول بهتشه شهير,Galata Campus,"Müeyyetzade Mahallesi Kemeraltı Caddesi Karaoğlan Sokağı No: 24/a Galata/Karaköy Istanbul, Turkey",وسائل الإعلام الجديدة,تركيا,إسطنبول,بكالوريوس,الإنجليزية,متاح,2026-2027,6800,6800,6800,3400,USD,-,0
program,1994,جامعة إسطنبول بهتشه شهير,Galata Campus,"Müeyyetzade Mahallesi Kemeraltı Caddesi Karaoğlan Sokağı No: 24/a Galata/Karaköy Istanbul, Turkey",الإعلان,تركيا,إسطنبول,بكالوريوس,الإنجليزية,متاح,2026-2027,6800,6800,6800,3400,USD,-,0
program,1993,جامعة إسطنبول بهتشه شهير,Galata Campus,"Müeyyetzade Mahallesi Kemeraltı Caddesi Karaoğlan Sokağı No: 24/a Galata/Karaköy Istanbul, Turkey",السينما والتلفزيون,تركيا,إسطنبول,بكالوريوس,الإنجليزية,متاح,2026-2027,6800,6800,6800,3400,USD,-,0
program,1992,جامعة إسطنبول بهتشه شهير,Beşiktaş North Campus,"Ihlamur Yıldız Caddesi No:8 Gayrettepe 34353 Beşiktaş, Istanbul, Turkey",تصميم الأزياء والمنسوجات,تركيا,إسطنبول,بكالوريوس,الإنجليزية,متاح,2026-2027,8500,8500,8500,4250,USD,-,0
program,1991,جامعة إسطنبول بهتشه شهير,Beşiktaş North Campus,"Ihlamur Yıldız Caddesi No:8 Gayrettepe 34353 Beşiktaş, Istanbul, Turkey",التصميم الصناعي,تركيا,إسطنبول,بكالوريوس,الإنجليزية,متاح,2026-2027,8500,8500,8500,4250,USD,-,0
program,1990,جامعة إسطنبول بهتشه شهير,Beşiktaş North Campus,"Ihlamur Yıldız Caddesi No:8 Gayrettepe 34353 Beşiktaş, Istanbul, Turkey",العمارة,تركيا,إسطنبول,بكالوريوس,الإنجليزية,متاح,2026-2027,8500,8500,8500,4250,USD,-,0
program,1989,جامعة إسطنبول بهتشه شهير,Beşiktaş North Campus,"Ihlamur Yıldız Caddesi No:8 Gayrettepe 34353 Beşiktaş, Istanbul, Turkey",الهندسة المعمارية الداخلية والتصميم البيئي,تركيا,إسطنبول,بكالوريوس,الإنجليزية,متاح,2026-2027,8500,8500,8500,4250,USD,-,0
program,1988,جامعة إسطنبول بهتشه شهير,Beşiktaş North Campus,"Ihlamur Yıldız Caddesi No:8 Gayrettepe 34353 Beşiktaş, Istanbul, Turkey",فنون الطهي وفنون المطبخ,تركيا,إسطنبول,بكالوريوس,الإنجليزية,متاح,2026-2027,5950,5950,5950,2975,USD,-,0
program,1987,جامعة إسطنبول بهتشه شهير,Beşiktaş South Campus,"Çırağan Caddesi Osmanpaşa Mektebi Sokak No: 4 - 6 34353 Beşiktaş, Istanbul, Turkey",الطيران المدني,تركيا,إسطنبول,بكالوريوس,الإنجليزية,متاح,2026-2027,9000,9000,9000,4500,USD,-,0
program,1986,جامعة إسطنبول بهتشه شهير,Pera Campus,"Emekyemez Mah. Şişhane Sk. No:17 34420 Beyoğlu Istanbul, Turkey",التدريب الصوتي,تركيا,إسطنبول,بكالوريوس,التركية,متاح,2026-2027,5950,5950,5950,2975,USD,-,0
program,1985,جامعة إسطنبول بهتشه شهير,Pera Campus,"Emekyemez Mah. Şişhane Sk. No:17 34420 Beyoğlu Istanbul, Turkey",تكنولوجيا الموسيقى,تركيا,إسطنبول,بكالوريوس,التركية,متاح,2026-2027,5950,5950,5950,2975,USD,-,0
program,1984,جامعة إسطنبول بهتشه شهير,Pera Campus,"Emekyemez Mah. Şişhane Sk. No:17 34420 Beyoğlu Istanbul, Turkey",الموسيقى,تركيا,إسطنبول,بكالوريوس,التركية,متاح,2026-2027,5950,5950,5950,2975,USD,-,0
program,1983,جامعة إسطنبول بهتشه شهير,Pera Campus,"Emekyemez Mah. Şişhane Sk. No:17 34420 Beyoğlu Istanbul, Turkey",الفنون المسرحية,تركيا,إسطنبول,بكالوريوس,التركية,متاح,2026-2027,5950,5950,5950,2975,USD,-,0
program,1982,جامعة إسطنبول ميديبول,Kavacık South Campus,"Kavacık Mah. Ekinciler Cad. No:19 Kavacık Kavşağı, 34810 Beykoz / Istanbul / Turkey",اللغة الإنجليزية التطبيقية والترجمة,تركيا,إسطنبول,دبلوم,50% الإنجليزية و50% التركية,متاح,2026-2027,3250,3250,2925,1625,USD,-,3250
program,1981,جامعة إسطنبول ميديبول,Kavacık South Campus,"Kavacık Mah. Ekinciler Cad. No:19 Kavacık Kavşağı, 34810 Beykoz / Istanbul / Turkey",الإدارة الرياضية,تركيا,إسطنبول,دبلوم,التركية,متاح,2026-2027,3250,3250,2925,1625,USD,-,1390
program,1980,جامعة إسطنبول ميديبول,Kavacık South Campus,"Kavacık Mah. Ekinciler Cad. No:19 Kavacık Kavşağı, 34810 Beykoz / Istanbul / Turkey",الخدمات الاجتماعية,تركيا,إسطنبول,دبلوم,التركية,متاح,2026-2027,3250,3250,2925,1625,USD,-,1390
program,1979,جامعة إسطنبول ميديبول,Kavacık South Campus,"Kavacık Mah. Ekinciler Cad. No:19 Kavacık Kavşağı, 34810 Beykoz / Istanbul / Turkey",الطيران المدني وخدمات المقصورة,تركيا,إسطنبول,دبلوم,التركية,متاح,2026-2027,3250,3250,2925,1625,USD,-,1390
program,1978,جامعة إسطنبول ميديبول,Kavacık South Campus,"Kavacık Mah. Ekinciler Cad. No:19 Kavacık Kavşağı, 34810 Beykoz / Istanbul / Turkey",البرمجة الإذاعية والتليفزيونية,تركيا,إسطنبول,دبلوم,التركية,متاح,2026-2027,3250,3250,2925,1625,USD,-,1390
program,1977,جامعة إسطنبول ميديبول,Kavacık South Campus,"Kavacık Mah. Ekinciler Cad. No:19 Kavacık Kavşağı, 34810 Beykoz / Istanbul / Turkey",المحاسبة والضرائب,تركيا,إسطنبول,دبلوم,التركية,متاح,2026-2027,3250,3250,2925,1625,USD,-,1390
program,1976,جامعة إسطنبول ميديبول,Kavacık South Campus,"Kavacık Mah. Ekinciler Cad. No:19 Kavacık Kavşağı, 34810 Beykoz / Istanbul / Turkey",المالية,تركيا,إسطنبول,دبلوم,التركية,متاح,2026-2027,3250,3250,2925,1625,USD,-,1390
program,1975,جامعة إسطنبول ميديبول,Kavacık South Campus,"Kavacık Mah. Ekinciler Cad. No:19 Kavacık Kavşağı, 34810 Beykoz / Istanbul / Turkey",اللوجستية,تركيا,إسطنبول,دبلوم,التركية,متاح,2026-2027,3250,3250,2925,1625,USD,-,1390
program,1974,جامعة إسطنبول ميديبول,Kavacık South Campus,"Kavacık Mah. Ekinciler Cad. No:19 Kavacık Kavşağı, 34810 Beykoz / Istanbul / Turkey",إدارة الأعمال,تركيا,إسطنبول,دبلوم,التركية,متاح,2026-2027,3250,3250,2925,1625,USD,-,1390
program,1973,جامعة إسطنبول ميديبول,Kavacık South Campus,"Kavacık Mah. Ekinciler Cad. No:19 Kavacık Kavşağı, 34810 Beykoz / Istanbul / Turkey",إدارة الموارد البشرية,تركيا,إسطنبول,دبلوم,التركية,متاح,2026-2027,3250,3250,2925,1625,USD,-,1390
program,1972,جامعة إسطنبول ميديبول,Kavacık South Campus,"Kavacık Mah. Ekinciler Cad. No:19 Kavacık Kavşağı, 34810 Beykoz / Istanbul / Turkey",العلاقات العامة والدعاية,تركيا,إسطنبول,دبلوم,التركية,متاح,2026-2027,3250,3250,2925,1625,USD,-,1390
program,1971,جامعة إسطنبول ميديبول,Kavacık South Campus,"Kavacık Mah. Ekinciler Cad. No:19 Kavacık Kavşağı, 34810 Beykoz / Istanbul / Turkey",التجارة الخارجية,تركيا,إسطنبول,دبلوم,التركية,متاح,2026-2027,3250,3250,2925,1625,USD,-,1390
program,1970,جامعة إسطنبول ميديبول,Kavacık South Campus,"Kavacık Mah. Ekinciler Cad. No:19 Kavacık Kavşağı, 34810 Beykoz / Istanbul / Turkey",البنوك والتأمين,تركيا,إسطنبول,دبلوم,التركية,متاح,2026-2027,3250,3250,2925,1625,USD,-,1390
program,1969,جامعة إسطنبول ميديبول,Haliç Campus,Unkapanı Mah. Atatürk Bulvarı No:27 34083 Fatih / Istanbul / Turkey,تقنيات المختبرات الطبية,تركيا,إسطنبول,دبلوم,التركية,متاح,2026-2027,3250,3250,2925,1625,USD,-,1390
program,1968,جامعة إسطنبول ميديبول,Haliç Campus,Unkapanı Mah. Atatürk Bulvarı No:27 34083 Fatih / Istanbul / Turkey,تقنيات التصوير الطبي,تركيا,إسطنبول,دبلوم,التركية,متاح,2026-2027,3250,3250,2925,1625,USD,-,1390
program,1967,جامعة إسطنبول ميديبول,Haliç Campus,Unkapanı Mah. Atatürk Bulvarı No:27 34083 Fatih / Istanbul / Turkey,التوثيق الطبي والسكرتارية,تركيا,إسطنبول,دبلوم,التركية,متاح,2026-2027,3250,3250,2925,1625,USD,-,1390
program,1966,جامعة إسطنبول ميديبول,Haliç Campus,Unkapanı Mah. Atatürk Bulvarı No:27 34083 Fatih / Istanbul / Turkey,إدارة النقل بالطيران المدني,تركيا,إسطنبول,دبلوم,التركية,متاح,2026-2027,3250,3250,2925,1625,USD,-,1390
program,1965,جامعة إسطنبول ميديبول,Haliç Campus,Unkapanı Mah. Atatürk Bulvarı No:27 34083 Fatih / Istanbul / Turkey,إدارة المؤسسات الصحية,تركيا,إسطنبول,دبلوم,التركية,متاح,2026-2027,3250,3250,2925,1625,USD,-,1390
program,1964,جامعة إسطنبول ميديبول,Haliç Campus,Unkapanı Mah. Atatürk Bulvarı No:27 34083 Fatih / Istanbul / Turkey,العلاج الإشعاعي,تركيا,إسطنبول,دبلوم,التركية,متاح,2026-2027,3250,3250,2925,1625,USD,-,1390
program,1963,جامعة إسطنبول ميديبول,Haliç Campus,Unkapanı Mah. Atatürk Bulvarı No:27 34083 Fatih / Istanbul / Turkey,البصريات,تركيا,إسطنبول,دبلوم,التركية,متاح,2026-2027,3250,3250,2925,1625,USD,-,1390
program,1962,جامعة إسطنبول ميديبول,Haliç Campus,Unkapanı Mah. Atatürk Bulvarı No:27 34083 Fatih / Istanbul / Turkey,قياس السمع,تركيا,إسطنبول,دبلوم,التركية,متاح,2026-2027,3250,3250,2925,1625,USD,-,1390
program,1961,جامعة إسطنبول ميديبول,Haliç Campus,Unkapanı Mah. Atatürk Bulvarı No:27 34083 Fatih / Istanbul / Turkey,الترميم المعماري,تركيا,إسطنبول,دبلوم,التركية,متاح,2026-2027,3250,3250,2925,1625,USD,-,1390
program,1960,جامعة إسطنبول ميديبول,Haliç Campus,Unkapanı Mah. Atatürk Bulvarı No:27 34083 Fatih / Istanbul / Turkey,الصحة والسلامة المهنية,تركيا,إسطنبول,دبلوم,التركية,متاح,2026-2027,3250,3250,2925,1625,USD,-,1390
program,1959,جامعة إسطنبول ميديبول,Haliç Campus,Unkapanı Mah. Atatürk Bulvarı No:27 34083 Fatih / Istanbul / Turkey,تقنيات البناء,تركيا,إسطنبول,دبلوم,التركية,متاح,2026-2027,3250,3250,2925,1625,USD,-,1390
program,1958,جامعة إسطنبول ميديبول,Haliç Campus,Unkapanı Mah. Atatürk Bulvarı No:27 34083 Fatih / Istanbul / Turkey,الإسعافات الأولية والطوارئ,تركيا,إسطنبول,دبلوم,التركية,متاح,2026-2027,3250,3250,2925,1625,USD,-,1390
program,1957,جامعة إسطنبول ميديبول,Haliç Campus,Unkapanı Mah. Atatürk Bulvarı No:27 34083 Fatih / Istanbul / Turkey,التصميم الداخلي,تركيا,إسطنبول,دبلوم,التركية,متاح,2026-2027,3250,3250,2925,1625,USD,-,1390
program,1956,جامعة إسطنبول ميديبول,Haliç Campus,Unkapanı Mah. Atatürk Bulvarı No:27 34083 Fatih / Istanbul / Turkey,العلاج الطبيعي,تركيا,إسطنبول,دبلوم,التركية,متاح,2026-2027,3250,3250,2925,1625,USD,-,1390
program,1955,جامعة إسطنبول ميديبول,Haliç Campus,Unkapanı Mah. Atatürk Bulvarı No:27 34083 Fatih / Istanbul / Turkey,تخطيط كهربائية الأعصاب,تركيا,إسطنبول,دبلوم,التركية,متاح,2026-2027,3250,3250,2925,1625,USD,-,1390
program,1954,جامعة إسطنبول ميديبول,Haliç Campus,Unkapanı Mah. Atatürk Bulvarı No:27 34083 Fatih / Istanbul / Turkey,غسيل الكلى,تركيا,إسطنبول,دبلوم,التركية,متاح,2026-2027,3250,3250,2925,1625,USD,-,1390
program,1953,جامعة إسطنبول ميديبول,Haliç Campus,Unkapanı Mah. Atatürk Bulvarı No:27 34083 Fatih / Istanbul / Turkey,تقنية التعويضات السنية,تركيا,إسطنبول,دبلوم,التركية,متاح,2026-2027,3500,3500,3150,1750,USD,-,1390
program,1952,جامعة إسطنبول ميديبول,Haliç Campus,Unkapanı Mah. Atatürk Bulvarı No:27 34083 Fatih / Istanbul / Turkey,تنمية الطفل,تركيا,إسطنبول,دبلوم,التركية,متاح,2026-2027,3250,3250,2925,1625,USD,-,1390
program,1951,جامعة إسطنبول ميديبول,Haliç Campus,Unkapanı Mah. Atatürk Bulvarı No:27 34083 Fatih / Istanbul / Turkey,تقنيات الأجهزة الطبية الحيوية,تركيا,إسطنبول,دبلوم,التركية,متاح,2026-2027,3250,3250,2925,1625,USD,-,1390
program,1950,جامعة إسطنبول ميديبول,Haliç Campus,Unkapanı Mah. Atatürk Bulvarı No:27 34083 Fatih / Istanbul / Turkey,تطوير برمجيات الواجهة الخلفية,تركيا,إسطنبول,دبلوم,الإنجليزية,متاح,2026-2027,3500,3500,3150,1750,USD,-,3500
program,1949,جامعة إسطنبول ميديبول,Haliç Campus,Unkapanı Mah. Atatürk Bulvarı No:27 34083 Fatih / Istanbul / Turkey,الأمن السيبراني,تركيا,إسطنبول,دبلوم,الإنجليزية,متاح,2026-2027,3500,3500,3150,1750,USD,-,3500
program,1948,جامعة إسطنبول ميديبول,Haliç Campus,Unkapanı Mah. Atatürk Bulvarı No:27 34083 Fatih / Istanbul / Turkey,الروبوتات والذكاء الاصطناعي,تركيا,إسطنبول,دبلوم,الإنجليزية,متاح,2026-2027,3500,3500,3150,1750,USD,-,3500
program,1947,جامعة إسطنبول ميديبول,Haliç Campus,Unkapanı Mah. Atatürk Bulvarı No:27 34083 Fatih / Istanbul / Turkey,برمجة الكمبيوتر,تركيا,إسطنبول,دبلوم,التركية,متاح,2026-2027,3500,3500,3150,1750,USD,-,1390
program,1946,جامعة إسطنبول ميديبول,Haliç Campus,Unkapanı Mah. Atatürk Bulvarı No:27 34083 Fatih / Istanbul / Turkey,برمجة الكمبيوتر,تركيا,إسطنبول,دبلوم,الإنجليزية,متاح,2026-2027,3500,3500,3150,1750,USD,-,3500
program,1945,جامعة إسطنبول ميديبول,Haliç Campus,Unkapanı Mah. Atatürk Bulvarı No:27 34083 Fatih / Istanbul / Turkey,التخدير,تركيا,إسطنبول,دبلوم,التركية,متاح,2026-2027,3250,3250,2925,1625,USD,-,1390
program,1944,جامعة إسطنبول ميديبول,Haliç Campus,Unkapanı Mah. Atatürk Bulvarı No:27 34083 Fatih / Istanbul / Turkey,خدمات غرفة العمليات,تركيا,إسطنبول,دبلوم,التركية,متاح,2026-2027,3250,3250,2925,1625,USD,-,1390
program,1943,جامعة إسطنبول ميديبول,Haliç Campus,Unkapanı Mah. Atatürk Bulvarı No:27 34083 Fatih / Istanbul / Turkey,تقنية التعويضات السنية,تركيا,إسطنبول,دبلوم,الإنجليزية,متاح,2026-2027,4500,4500,4050,2250,USD,-,4500
program,1942,جامعة إسطنبول ميديبول,Haliç Campus,Unkapanı Mah. Atatürk Bulvarı No:27 34083 Fatih / Istanbul / Turkey,صحة الفم والأسنان,تركيا,إسطنبول,دبلوم,التركية,متاح,2026-2027,3250,3250,2925,1625,USD,-,1390
program,1941,جامعة إسطنبول ميديبول,Kavacık South Campus,"Kavacık Mah. Ekinciler Cad. No:19 Kavacık Kavşağı, 34810 Beykoz / Istanbul / Turkey",تقنيات المختبرات الطبية,تركيا,إسطنبول,دبلوم,التركية,متاح,2026-2027,3250,3250,2925,1625,USD,-,1390
program,1940,جامعة إسطنبول ميديبول,Kavacık South Campus,"Kavacık Mah. Ekinciler Cad. No:19 Kavacık Kavşağı, 34810 Beykoz / Istanbul / Turkey",تقنيات التصوير الطبي,تركيا,إسطنبول,دبلوم,التركية,متاح,2026-2027,3250,3250,2925,1625,USD,-,1390
program,1939,جامعة إسطنبول ميديبول,Kavacık South Campus,"Kavacık Mah. Ekinciler Cad. No:19 Kavacık Kavşağı, 34810 Beykoz / Istanbul / Turkey",التوثيق الطبي والسكرتارية,تركيا,إسطنبول,دبلوم,التركية,متاح,2026-2027,3250,3250,2925,1625,USD,-,1390
program,1938,جامعة إسطنبول ميديبول,Kavacık South Campus,"Kavacık Mah. Ekinciler Cad. No:19 Kavacık Kavşağı, 34810 Beykoz / Istanbul / Turkey",إدارة المؤسسات الصحية,تركيا,إسطنبول,دبلوم,التركية,متاح,2026-2027,3250,3250,2925,1625,USD,-,1390
program,1937,جامعة إسطنبول ميديبول,Kavacık South Campus,"Kavacık Mah. Ekinciler Cad. No:19 Kavacık Kavşağı, 34810 Beykoz / Istanbul / Turkey",العلاج الإشعاعي,تركيا,إسطنبول,دبلوم,التركية,متاح,2026-2027,3250,3250,2925,1625,USD,-,1390
program,1936,جامعة إسطنبول ميديبول,Kavacık South Campus,"Kavacık Mah. Ekinciler Cad. No:19 Kavacık Kavşağı, 34810 Beykoz / Istanbul / Turkey",تقنيات مختبر علم الأمراض,تركيا,إسطنبول,دبلوم,التركية,متاح,2026-2027,3250,3250,2925,1625,USD,-,1390
program,1935,جامعة إسطنبول ميديبول,Kavacık South Campus,"Kavacık Mah. Ekinciler Cad. No:19 Kavacık Kavşağı, 34810 Beykoz / Istanbul / Turkey",البصريات,تركيا,إسطنبول,دبلوم,التركية,متاح,2026-2027,3250,3250,2925,1625,USD,-,1390
program,1934,جامعة إسطنبول ميديبول,Kavacık South Campus,"Kavacık Mah. Ekinciler Cad. No:19 Kavacık Kavşağı, 34810 Beykoz / Istanbul / Turkey",قياس السمع,تركيا,إسطنبول,دبلوم,التركية,متاح,2026-2027,3250,3250,2925,1625,USD,-,1390
program,1933,جامعة إسطنبول ميديبول,Kavacık South Campus,"Kavacık Mah. Ekinciler Cad. No:19 Kavacık Kavşağı, 34810 Beykoz / Istanbul / Turkey",الصحة والسلامة المهنية,تركيا,إسطنبول,دبلوم,التركية,متاح,2026-2027,3250,3250,2925,1625,USD,-,1390
program,1932,جامعة إسطنبول ميديبول,Kavacık South Campus,"Kavacık Mah. Ekinciler Cad. No:19 Kavacık Kavşağı, 34810 Beykoz / Istanbul / Turkey",الإسعافات الأولية والطوارئ,تركيا,إسطنبول,دبلوم,التركية,متاح,2026-2027,3250,3250,2925,1625,USD,-,1390
program,1931,جامعة إسطنبول ميديبول,Kavacık South Campus,"Kavacık Mah. Ekinciler Cad. No:19 Kavacık Kavşağı, 34810 Beykoz / Istanbul / Turkey",الإسعافات الأولية والطوارئ,تركيا,إسطنبول,دبلوم,الإنجليزية,متاح,2026-2027,3500,3500,3150,1750,USD,-,3500
program,1930,جامعة إسطنبول ميديبول,Kavacık South Campus,"Kavacık Mah. Ekinciler Cad. No:19 Kavacık Kavşağı, 34810 Beykoz / Istanbul / Turkey",العلاج الطبيعي,تركيا,إسطنبول,دبلوم,التركية,متاح,2026-2027,3500,3500,3150,1750,USD,-,1390
program,1929,جامعة إسطنبول ميديبول,Kavacık South Campus,"Kavacık Mah. Ekinciler Cad. No:19 Kavacık Kavşağı, 34810 Beykoz / Istanbul / Turkey",العلاج الطبيعي,تركيا,إسطنبول,دبلوم,الإنجليزية,متاح,2026-2027,3500,3500,3150,1750,USD,-,3500
program,1928,جامعة إسطنبول ميديبول,Kavacık South Campus,"Kavacık Mah. Ekinciler Cad. No:19 Kavacık Kavşağı, 34810 Beykoz / Istanbul / Turkey",تخطيط كهربائية الأعصاب,تركيا,إسطنبول,دبلوم,التركية,متاح,2026-2027,3250,3250,2925,1625,USD,-,1390
program,1927,جامعة إسطنبول ميديبول,Kavacık South Campus,"Kavacık Mah. Ekinciler Cad. No:19 Kavacık Kavşağı, 34810 Beykoz / Istanbul / Turkey",خدمات الصيدلية,تركيا,إسطنبول,دبلوم,التركية,متاح,2026-2027,3250,3250,2925,1625,USD,-,1390
program,1926,جامعة إسطنبول ميديبول,Kavacık South Campus,"Kavacık Mah. Ekinciler Cad. No:19 Kavacık Kavşağı, 34810 Beykoz / Istanbul / Turkey",غسيل الكلى,تركيا,إسطنبول,دبلوم,التركية,متاح,2026-2027,3250,3250,2925,1625,USD,-,1390
program,1925,جامعة إسطنبول ميديبول,Kavacık South Campus,"Kavacık Mah. Ekinciler Cad. No:19 Kavacık Kavşağı, 34810 Beykoz / Istanbul / Turkey",تقنية التعويضات السنية,تركيا,إسطنبول,دبلوم,التركية,متاح,2026-2027,3500,3500,3150,1750,USD,-,1390
program,1924,جامعة إسطنبول ميديبول,Kavacık South Campus,"Kavacık Mah. Ekinciler Cad. No:19 Kavacık Kavşağı, 34810 Beykoz / Istanbul / Turkey",تنمية الطفل,تركيا,إسطنبول,دبلوم,التركية,متاح,2026-2027,3250,3250,2925,1625,USD,-,1390
program,1923,جامعة إسطنبول ميديبول,Kavacık South Campus,"Kavacık Mah. Ekinciler Cad. No:19 Kavacık Kavşağı, 34810 Beykoz / Istanbul / Turkey",التخدير,تركيا,إسطنبول,دبلوم,التركية,متاح,2026-2027,3250,3250,2925,1625,USD,-,1390
program,1922,جامعة إسطنبول ميديبول,Kavacık South Campus,"Kavacık Mah. Ekinciler Cad. No:19 Kavacık Kavşağı, 34810 Beykoz / Istanbul / Turkey",التخدير,تركيا,إسطنبول,دبلوم,الإنجليزية,متاح,2026-2027,3500,3500,3150,1750,USD,-,3500
program,1921,جامعة إسطنبول ميديبول,Kavacık South Campus,"Kavacık Mah. Ekinciler Cad. No:19 Kavacık Kavşağı, 34810 Beykoz / Istanbul / Turkey",خدمات غرفة العمليات,تركيا,إسطنبول,دبلوم,التركية,متاح,2026-2027,3250,3250,2925,1625,USD,-,1390
program,1920,جامعة إسطنبول ميديبول,Kavacık South Campus,"Kavacık Mah. Ekinciler Cad. No:19 Kavacık Kavşağı, 34810 Beykoz / Istanbul / Turkey",صحة الفم والأسنان,تركيا,إسطنبول,دبلوم,التركية,متاح,2026-2027,3250,3250,2925,1625,USD,-,1390
program,1919,جامعة إسطنبول ميديبول,Kavacık South Campus,"Kavacık Mah. Ekinciler Cad. No:19 Kavacık Kavşağı, 34810 Beykoz / Istanbul / Turkey",العدالة,تركيا,إسطنبول,دبلوم,التركية,متاح,2026-2027,3250,3250,2925,1625,USD,-,1390
program,1918,جامعة إسطنبول ميديبول,Haliç Campus,Unkapanı Mah. Atatürk Bulvarı No:27 34083 Fatih / Istanbul / Turkey,الخدمات الاجتماعية,تركيا,إسطنبول,بكالوريوس,التركية,متاح,2026-2027,4000,4000,3600,2000,USD,-,1390
program,1917,جامعة إسطنبول ميديبول,Haliç Campus,Unkapanı Mah. Atatürk Bulvarı No:27 34083 Fatih / Istanbul / Turkey,علم السمع,تركيا,إسطنبول,بكالوريوس,التركية,متاح,2026-2027,5000,5000,4500,2500,USD,-,1390
program,1916,جامعة إسطنبول ميديبول,Haliç Campus,Unkapanı Mah. Atatürk Bulvarı No:27 34083 Fatih / Istanbul / Turkey,العلاج الطبيعي والتأهيل,تركيا,إسطنبول,بكالوريوس,التركية,متاح,2026-2027,7000,7000,6300,3500,USD,-,1390
program,1915,جامعة إسطنبول ميديبول,Haliç Campus,Unkapanı Mah. Atatürk Bulvarı No:27 34083 Fatih / Istanbul / Turkey,تمريض,تركيا,إسطنبول,بكالوريوس,التركية,متاح,2026-2027,7000,7000,6300,3500,USD,-,1390
program,1914,جامعة إسطنبول ميديبول,Haliç Campus,Unkapanı Mah. Atatürk Bulvarı No:27 34083 Fatih / Istanbul / Turkey,القبالة,تركيا,إسطنبول,بكالوريوس,التركية,متاح,2026-2027,8000,8000,7200,4000,USD,-,1390
program,1913,جامعة إسطنبول ميديبول,Haliç Campus,Unkapanı Mah. Atatürk Bulvarı No:27 34083 Fatih / Istanbul / Turkey,تنمية الطفل,تركيا,إسطنبول,بكالوريوس,التركية,متاح,2026-2027,5500,5500,4950,2750,USD,-,1390
program,1912,جامعة إسطنبول ميديبول,Haliç Campus,Unkapanı Mah. Atatürk Bulvarı No:27 34083 Fatih / Istanbul / Turkey,التغذية وعلم الحمية,تركيا,إسطنبول,بكالوريوس,التركية,متاح,2026-2027,4000,4000,3600,2000,USD,-,1390
program,1911,جامعة إسطنبول ميديبول,Kavacık South Campus,"Kavacık Mah. Ekinciler Cad. No:19 Kavacık Kavşağı, 34810 Beykoz / Istanbul / Turkey",الإذاعة والتلفزيون والسينما,تركيا,إسطنبول,بكالوريوس,التركية,متاح,2026-2027,5500,5500,4950,2750,USD,-,1390
program,1910,جامعة إسطنبول ميديبول,Kavacık South Campus,"Kavacık Mah. Ekinciler Cad. No:19 Kavacık Kavşağı, 34810 Beykoz / Istanbul / Turkey",وسائل الإعلام الجديدة والاتصالات,تركيا,إسطنبول,بكالوريوس,التركية,متاح,2026-2027,5500,5500,4950,2750,USD,-,1390
program,1909,جامعة إسطنبول ميديبول,Kavacık South Campus,"Kavacık Mah. Ekinciler Cad. No:19 Kavacık Kavşağı, 34810 Beykoz / Istanbul / Turkey",الإعلام والفنون البصرية,تركيا,إسطنبول,بكالوريوس,التركية,متاح,2026-2027,4500,4500,4050,2250,USD,-,1390
program,1908,جامعة إسطنبول ميديبول,Kavacık South Campus,"Kavacık Mah. Ekinciler Cad. No:19 Kavacık Kavşağı, 34810 Beykoz / Istanbul / Turkey",العلاقات العامة والإعلان,تركيا,إسطنبول,بكالوريوس,التركية,متاح,2026-2027,5500,5500,4950,2750,USD,-,1390
program,1907,جامعة إسطنبول ميديبول,Kavacık South Campus,"Kavacık Mah. Ekinciler Cad. No:19 Kavacık Kavşağı, 34810 Beykoz / Istanbul / Turkey",العلاقات العامة والإعلان,تركيا,إسطنبول,بكالوريوس,الإنجليزية,متاح,2026-2027,4500,4500,4050,2250,USD,-,4500
program,1906,جامعة إسطنبول ميديبول,Kavacık South Campus,"Kavacık Mah. Ekinciler Cad. No:19 Kavacık Kavşağı, 34810 Beykoz / Istanbul / Turkey",الصحافة,تركيا,إسطنبول,بكالوريوس,التركية,متاح,2026-2027,4500,4500,4050,2250,USD,-,1390
program,1905,جامعة إسطنبول ميديبول,Kavacık South Campus,"Kavacık Mah. Ekinciler Cad. No:19 Kavacık Kavşağı, 34810 Beykoz / Istanbul / Turkey",إدارة الأعمال,تركيا,إسطنبول,بكالوريوس,الإنجليزية,متاح,2026-2027,5500,5500,4950,2750,USD,-,5500
program,1904,جامعة إسطنبول ميديبول,Kavacık South Campus,"Kavacık Mah. Ekinciler Cad. No:19 Kavacık Kavşağı, 34810 Beykoz / Istanbul / Turkey",تعليم ما قبل المدرسة,تركيا,إسطنبول,بكالوريوس,التركية,متاح,2026-2027,5500,5500,4950,2750,USD,-,1390
program,1903,جامعة إسطنبول ميديبول,Kavacık South Campus,"Kavacık Mah. Ekinciler Cad. No:19 Kavacık Kavşağı, 34810 Beykoz / Istanbul / Turkey",تدريس التربية الخاصة,تركيا,إسطنبول,بكالوريوس,التركية,متاح,2026-2027,5500,5500,4950,2750,USD,-,1390
program,1902,جامعة إسطنبول ميديبول,Kavacık South Campus,"Kavacık Mah. Ekinciler Cad. No:19 Kavacık Kavşağı, 34810 Beykoz / Istanbul / Turkey",تعليم رياضيات المرحلة الابتدائية,تركيا,إسطنبول,بكالوريوس,التركية,متاح,2026-2027,5500,5500,4950,2750,USD,-,1390
program,1901,جامعة إسطنبول ميديبول,Kavacık South Campus,"Kavacık Mah. Ekinciler Cad. No:19 Kavacık Kavşağı, 34810 Beykoz / Istanbul / Turkey",تدريس اللغة الإنجليزية,تركيا,إسطنبول,بكالوريوس,الإنجليزية,متاح,2026-2027,5500,5500,4950,2750,USD,-,5500
program,1900,جامعة إسطنبول ميديبول,Kavacık South Campus,"Kavacık Mah. Ekinciler Cad. No:19 Kavacık Kavşağı, 34810 Beykoz / Istanbul / Turkey",الإرشاد والتوجيه النفسي,تركيا,إسطنبول,بكالوريوس,التركية,متاح,2026-2027,5500,5500,4950,2750,USD,-,1390
program,1899,جامعة إسطنبول ميديبول,Kavacık South Campus,"Kavacık Mah. Ekinciler Cad. No:19 Kavacık Kavşağı, 34810 Beykoz / Istanbul / Turkey",الإرشاد والتوجيه النفسي,تركيا,إسطنبول,بكالوريوس,الإنجليزية,متاح,2026-2027,4500,4500,4050,2250,USD,-,4500
program,1898,جامعة إسطنبول ميديبول,Kavacık South Campus,"Kavacık Mah. Ekinciler Cad. No:19 Kavacık Kavşağı, 34810 Beykoz / Istanbul / Turkey",التصميم الحضري وعمارة المناظر الطبيعية,تركيا,إسطنبول,بكالوريوس,التركية,متاح,2026-2027,4500,4500,4050,2250,USD,-,1390
program,1897,جامعة إسطنبول ميديبول,Kavacık South Campus,"Kavacık Mah. Ekinciler Cad. No:19 Kavacık Kavşağı, 34810 Beykoz / Istanbul / Turkey",فنون الطهي وفنون المطبخ,تركيا,إسطنبول,بكالوريوس,التركية,متاح,2026-2027,6000,6000,5400,3000,USD,-,1390
program,1896,جامعة إسطنبول ميديبول,Kavacık South Campus,"Kavacık Mah. Ekinciler Cad. No:19 Kavacık Kavşağı, 34810 Beykoz / Istanbul / Turkey",فنون الطهي وفنون المطبخ,تركيا,إسطنبول,بكالوريوس,الإنجليزية,متاح,2026-2027,4750,4750,4250,2375,USD,-,4750
program,1895,جامعة إسطنبول ميديبول,Kavacık South Campus,"Kavacık Mah. Ekinciler Cad. No:19 Kavacık Kavşağı, 34810 Beykoz / Istanbul / Turkey",الموسيقى التركية الكلاسيكية,تركيا,إسطنبول,بكالوريوس,التركية,متاح,2026-2027,5000,5000,4500,2500,USD,-,1390
program,1894,جامعة إسطنبول ميديبول,Kavacık South Campus,"Kavacık Mah. Ekinciler Cad. No:19 Kavacık Kavşağı, 34810 Beykoz / Istanbul / Turkey",تصميم الاتصالات المرئية,تركيا,إسطنبول,بكالوريوس,التركية,متاح,2026-2027,4500,4500,4050,2250,USD,-,1390
program,1893,جامعة إسطنبول ميديبول,Kavacık South Campus,"Kavacık Mah. Ekinciler Cad. No:19 Kavacık Kavşağı, 34810 Beykoz / Istanbul / Turkey",الهندسة المعمارية الداخلية والتصميم البيئي,تركيا,إسطنبول,بكالوريوس,التركية,متاح,2026-2027,6500,6500,5850,3250,USD,-,1390
program,1892,جامعة إسطنبول ميديبول,Kavacık South Campus,"Kavacık Mah. Ekinciler Cad. No:19 Kavacık Kavşağı, 34810 Beykoz / Istanbul / Turkey",الهندسة المعمارية الداخلية والتصميم البيئي,تركيا,إسطنبول,بكالوريوس,الإنجليزية,متاح,2026-2027,5000,5000,4500,2500,USD,-,5000
program,1891,جامعة إسطنبول ميديبول,Kavacık South Campus,"Kavacık Mah. Ekinciler Cad. No:19 Kavacık Kavşağı, 34810 Beykoz / Istanbul / Turkey",التصميم الصناعي,تركيا,إسطنبول,بكالوريوس,التركية,متاح,2026-2027,5000,5000,4500,2500,USD,-,1390
program,1890,جامعة إسطنبول ميديبول,Kavacık South Campus,"Kavacık Mah. Ekinciler Cad. No:19 Kavacık Kavşağı, 34810 Beykoz / Istanbul / Turkey",العمارة,تركيا,إسطنبول,بكالوريوس,التركية,متاح,2026-2027,6500,6500,5850,3250,USD,-,1390
program,1889,جامعة إسطنبول ميديبول,Kavacık South Campus,"Kavacık Mah. Ekinciler Cad. No:19 Kavacık Kavşağı, 34810 Beykoz / Istanbul / Turkey",العمارة,تركيا,إسطنبول,بكالوريوس,الإنجليزية,متاح,2026-2027,5000,5000,4950,2500,USD,-,5000
program,1888,جامعة إسطنبول ميديبول,Kavacık South Campus,"Kavacık Mah. Ekinciler Cad. No:19 Kavacık Kavşağı, 34810 Beykoz / Istanbul / Turkey",التاريخ,تركيا,إسطنبول,بكالوريوس,الإنجليزية,متاح,2026-2027,6500,6500,5850,3250,USD,-,6500
program,1887,جامعة إسطنبول ميديبول,Kavacık South Campus,"Kavacık Mah. Ekinciler Cad. No:19 Kavacık Kavşağı, 34810 Beykoz / Istanbul / Turkey",العلوم السياسية والإدارة العامة,تركيا,إسطنبول,بكالوريوس,التركية,متاح,2026-2027,6000,6000,5400,3000,USD,-,1390
program,1886,جامعة إسطنبول ميديبول,Kavacık South Campus,"Kavacık Mah. Ekinciler Cad. No:19 Kavacık Kavşağı, 34810 Beykoz / Istanbul / Turkey",العلوم السياسية والإدارة العامة,تركيا,إسطنبول,بكالوريوس,الإنجليزية,متاح,2026-2027,5500,5500,4950,2750,USD,-,5500
program,1885,جامعة إسطنبول ميديبول,Kavacık South Campus,"Kavacık Mah. Ekinciler Cad. No:19 Kavacık Kavşağı, 34810 Beykoz / Istanbul / Turkey",العلوم السياسية والعلاقات الدولية,تركيا,إسطنبول,بكالوريوس,الإنجليزية,متاح,2026-2027,5500,5500,4950,2750,USD,-,5500
program,1884,جامعة إسطنبول ميديبول,Kavacık South Campus,"Kavacık Mah. Ekinciler Cad. No:19 Kavacık Kavşağı, 34810 Beykoz / Istanbul / Turkey",علم النفس,تركيا,إسطنبول,بكالوريوس,التركية,متاح,2026-2027,6500,6500,5850,3250,USD,-,1390
program,1883,جامعة إسطنبول ميديبول,Kavacık South Campus,"Kavacık Mah. Ekinciler Cad. No:19 Kavacık Kavşağı, 34810 Beykoz / Istanbul / Turkey",علم النفس,تركيا,إسطنبول,بكالوريوس,الإنجليزية,متاح,2026-2027,5500,5500,4950,2750,USD,-,5500
program,1882,جامعة إسطنبول ميديبول,Kavacık South Campus,"Kavacık Mah. Ekinciler Cad. No:19 Kavacık Kavşağı, 34810 Beykoz / Istanbul / Turkey",البنوك والتأمين,تركيا,إسطنبول,بكالوريوس,التركية,متاح,2026-2027,6500,6500,5850,3250,USD,-,1390
program,1881,جامعة إسطنبول ميديبول,Kavacık South Campus,"Kavacık Mah. Ekinciler Cad. No:19 Kavacık Kavşağı, 34810 Beykoz / Istanbul / Turkey",إدارة الطيران,تركيا,إسطنبول,بكالوريوس,التركية,متاح,2026-2027,6500,6500,5850,3250,USD,-,1390
program,1880,جامعة إسطنبول ميديبول,Kavacık South Campus,"Kavacık Mah. Ekinciler Cad. No:19 Kavacık Kavşağı, 34810 Beykoz / Istanbul / Turkey",إدارة الطيران,تركيا,إسطنبول,بكالوريوس,الإنجليزية,متاح,2026-2027,4500,4500,4050,2250,USD,-,4500
program,1879,جامعة إسطنبول ميديبول,Kavacık South Campus,"Kavacık Mah. Ekinciler Cad. No:19 Kavacık Kavşağı, 34810 Beykoz / Istanbul / Turkey",إدارة الموارد البشرية,تركيا,إسطنبول,بكالوريوس,التركية,متاح,2026-2027,5500,5500,4950,2750,USD,-,1390
program,1878,جامعة إسطنبول ميديبول,Kavacık South Campus,"Kavacık Mah. Ekinciler Cad. No:19 Kavacık Kavşağı, 34810 Beykoz / Istanbul / Turkey",إدارة اللوجستيات,تركيا,إسطنبول,بكالوريوس,التركية,متاح,2026-2027,6500,6500,5850,3250,USD,-,1390
program,1877,جامعة إسطنبول ميديبول,Kavacık South Campus,"Kavacık Mah. Ekinciler Cad. No:19 Kavacık Kavşağı, 34810 Beykoz / Istanbul / Turkey",إدارة اللوجستيات,تركيا,إسطنبول,بكالوريوس,الإنجليزية,متاح,2026-2027,4500,4500,4050,2250,USD,-,4500
program,1876,جامعة إسطنبول ميديبول,Kavacık South Campus,"Kavacık Mah. Ekinciler Cad. No:19 Kavacık Kavşağı, 34810 Beykoz / Istanbul / Turkey",نظم المعلومات الإدارية,تركيا,إسطنبول,بكالوريوس,التركية,متاح,2026-2027,6500,6500,5850,3250,USD,-,1390
program,1875,جامعة إسطنبول ميديبول,Kavacık South Campus,"Kavacık Mah. Ekinciler Cad. No:19 Kavacık Kavşağı, 34810 Beykoz / Istanbul / Turkey",نظم المعلومات الإدارية,تركيا,إسطنبول,بكالوريوس,الإنجليزية,متاح,2026-2027,4500,4500,4050,2250,USD,-,4500
program,1874,جامعة إسطنبول ميديبول,Kavacık South Campus,"Kavacık Mah. Ekinciler Cad. No:19 Kavacık Kavşağı, 34810 Beykoz / Istanbul / Turkey",التجارة الدولية والتمويل,تركيا,إسطنبول,بكالوريوس,التركية,متاح,2026-2027,6500,6500,5850,3250,USD,-,1390
program,1873,جامعة إسطنبول ميديبول,Kavacık South Campus,"Kavacık Mah. Ekinciler Cad. No:19 Kavacık Kavşağı, 34810 Beykoz / Istanbul / Turkey",التجارة الدولية والتمويل,تركيا,إسطنبول,بكالوريوس,الإنجليزية,متاح,2026-2027,4500,4500,4050,2250,USD,-,4500
program,1872,جامعة إسطنبول ميديبول,Kavacık South Campus,"Kavacık Mah. Ekinciler Cad. No:19 Kavacık Kavşağı, 34810 Beykoz / Istanbul / Turkey",الاقتصاد والمالية,تركيا,إسطنبول,بكالوريوس,الإنجليزية,متاح,2026-2027,4500,4500,4050,2250,USD,-,4500
program,1871,جامعة إسطنبول ميديبول,Kavacık South Campus,"Kavacık Mah. Ekinciler Cad. No:19 Kavacık Kavşağı, 34810 Beykoz / Istanbul / Turkey",الهندسة المدنية,تركيا,إسطنبول,بكالوريوس,التركية,متاح,2026-2027,7000,7000,6300,3500,USD,-,1390
program,1870,جامعة إسطنبول ميديبول,Kavacık South Campus,"Kavacık Mah. Ekinciler Cad. No:19 Kavacık Kavşağı, 34810 Beykoz / Istanbul / Turkey",الهندسة المدنية,تركيا,إسطنبول,بكالوريوس,الإنجليزية,متاح,2026-2027,5000,5000,4500,2500,USD,-,5000
program,1869,جامعة إسطنبول ميديبول,Kavacık South Campus,"Kavacık Mah. Ekinciler Cad. No:19 Kavacık Kavşağı, 34810 Beykoz / Istanbul / Turkey",هندسة الكمبيوتر,تركيا,إسطنبول,بكالوريوس,الإنجليزية,متاح,2026-2027,6500,6500,5850,3250,USD,-,6500
program,1868,جامعة إسطنبول ميديبول,Kavacık South Campus,"Kavacık Mah. Ekinciler Cad. No:19 Kavacık Kavşağı, 34810 Beykoz / Istanbul / Turkey",الهندسة الصناعية,تركيا,إسطنبول,بكالوريوس,الإنجليزية,متاح,2026-2027,4750,4750,4250,2375,USD,-,4750
program,1867,جامعة إسطنبول ميديبول,Kavacık South Campus,"Kavacık Mah. Ekinciler Cad. No:19 Kavacık Kavşağı, 34810 Beykoz / Istanbul / Turkey",الهندسة الطبية الحيوية,تركيا,إسطنبول,بكالوريوس,الإنجليزية,متاح,2026-2027,6500,6500,5850,3250,USD,-,6500
program,1866,جامعة إسطنبول ميديبول,Kavacık South Campus,"Kavacık Mah. Ekinciler Cad. No:19 Kavacık Kavşağı, 34810 Beykoz / Istanbul / Turkey",الهندسة الكهربائية والإلكترونية,تركيا,إسطنبول,بكالوريوس,الإنجليزية,متاح,2026-2027,6000,6000,5400,3000,USD,-,6000
program,1865,جامعة إسطنبول ميديبول,Kavacık South Campus,"Kavacık Mah. Ekinciler Cad. No:19 Kavacık Kavşağı, 34810 Beykoz / Istanbul / Turkey",هندسة الذكاء الاصطناعي,تركيا,إسطنبول,بكالوريوس,الإنجليزية,متاح,2026-2027,10000,10000,9000,5000,USD,-,10000
program,1864,جامعة إسطنبول ميديبول,Kavacık South Campus,"Kavacık Mah. Ekinciler Cad. No:19 Kavacık Kavşağı, 34810 Beykoz / Istanbul / Turkey",علاج النطق واللغة,تركيا,إسطنبول,بكالوريوس,التركية,متاح,2026-2027,4500,4500,4050,2250,USD,-,1390
program,1863,جامعة إسطنبول ميديبول,Kavacık South Campus,"Kavacık Mah. Ekinciler Cad. No:19 Kavacık Kavşağı, 34810 Beykoz / Istanbul / Turkey",علاج النطق واللغة,تركيا,إسطنبول,بكالوريوس,الإنجليزية,متاح,2026-2027,4750,4750,4275,2375,USD,-,4750
program,1862,جامعة إسطنبول ميديبول,Kavacık South Campus,"Kavacık Mah. Ekinciler Cad. No:19 Kavacık Kavşağı, 34810 Beykoz / Istanbul / Turkey",الخدمات الاجتماعية,تركيا,إسطنبول,بكالوريوس,التركية,متاح,2026-2027,4500,4500,4050,2250,USD,-,1390
program,1861,جامعة إسطنبول ميديبول,Kavacık South Campus,"Kavacık Mah. Ekinciler Cad. No:19 Kavacık Kavşağı, 34810 Beykoz / Istanbul / Turkey",العلاج الوظيفي,تركيا,إسطنبول,بكالوريوس,التركية,متاح,2026-2027,4500,4500,4050,2250,USD,-,1390
program,1860,جامعة إسطنبول ميديبول,Kavacık South Campus,"Kavacık Mah. Ekinciler Cad. No:19 Kavacık Kavşağı, 34810 Beykoz / Istanbul / Turkey",القبالة,تركيا,إسطنبول,بكالوريوس,التركية,متاح,2026-2027,8000,8000,7200,4000,USD,-,1390
program,1859,جامعة إسطنبول ميديبول,Kavacık South Campus,"Kavacık Mah. Ekinciler Cad. No:19 Kavacık Kavşağı, 34810 Beykoz / Istanbul / Turkey",تنمية الطفل,تركيا,إسطنبول,بكالوريوس,التركية,متاح,2026-2027,6000,6000,5400,3000,USD,-,1390
program,1858,جامعة إسطنبول ميديبول,Kavacık South Campus,"Kavacık Mah. Ekinciler Cad. No:19 Kavacık Kavşağı, 34810 Beykoz / Istanbul / Turkey",الأجهزة التقويمية والتعويضية,تركيا,إسطنبول,بكالوريوس,التركية,متاح,2026-2027,5000,5000,4500,2500,USD,-,1390
program,1857,جامعة إسطنبول ميديبول,Kavacık South Campus,"Kavacık Mah. Ekinciler Cad. No:19 Kavacık Kavşağı, 34810 Beykoz / Istanbul / Turkey",علم السمع,تركيا,إسطنبول,بكالوريوس,التركية,متاح,2026-2027,6500,6500,5850,3250,USD,-,1390
program,1856,جامعة إسطنبول ميديبول,Kavacık South Campus,"Kavacık Mah. Ekinciler Cad. No:19 Kavacık Kavşağı, 34810 Beykoz / Istanbul / Turkey",إدارة الصحة,تركيا,إسطنبول,بكالوريوس,التركية,متاح,2026-2027,6500,6500,5850,3250,USD,-,1390
program,1855,جامعة إسطنبول ميديبول,Kavacık South Campus,"Kavacık Mah. Ekinciler Cad. No:19 Kavacık Kavşağı, 34810 Beykoz / Istanbul / Turkey",إدارة الصحة,تركيا,إسطنبول,بكالوريوس,الإنجليزية,متاح,2026-2027,4500,4500,4050,2250,USD,-,4500
program,1854,جامعة إسطنبول ميديبول,Kavacık South Campus,"Kavacık Mah. Ekinciler Cad. No:19 Kavacık Kavşağı, 34810 Beykoz / Istanbul / Turkey",التغذية وعلم الحمية,تركيا,إسطنبول,بكالوريوس,التركية,متاح,2026-2027,4500,4500,4050,2250,USD,-,1390
program,1853,جامعة إسطنبول ميديبول,Kavacık South Campus,"Kavacık Mah. Ekinciler Cad. No:19 Kavacık Kavşağı, 34810 Beykoz / Istanbul / Turkey",العلاج الطبيعي والتأهيل,تركيا,إسطنبول,بكالوريوس,التركية,متاح,2026-2027,8500,8500,7650,4250,USD,-,1390
program,1852,جامعة إسطنبول ميديبول,Kavacık South Campus,"Kavacık Mah. Ekinciler Cad. No:19 Kavacık Kavşağı, 34810 Beykoz / Istanbul / Turkey",العلاج الطبيعي والتأهيل,تركيا,إسطنبول,بكالوريوس,الإنجليزية,متاح,2026-2027,9000,9000,8100,4500,USD,-,9000
program,1851,جامعة إسطنبول ميديبول,Kavacık South Campus,"Kavacık Mah. Ekinciler Cad. No:19 Kavacık Kavşağı, 34810 Beykoz / Istanbul / Turkey",تمريض,تركيا,إسطنبول,بكالوريوس,التركية,متاح,2026-2027,8750,8750,7875,4375,USD,-,1390
program,1850,جامعة إسطنبول ميديبول,Kavacık South Campus,"Kavacık Mah. Ekinciler Cad. No:19 Kavacık Kavşağı, 34810 Beykoz / Istanbul / Turkey",تمريض,تركيا,إسطنبول,بكالوريوس,الإنجليزية,متاح,2026-2027,6000,6000,5400,3000,USD,-,6000
program,1849,جامعة إسطنبول ميديبول,Kavacık South Campus,"Kavacık Mah. Ekinciler Cad. No:19 Kavacık Kavşağı, 34810 Beykoz / Istanbul / Turkey",قانون,تركيا,إسطنبول,بكالوريوس,30% الإنجليزية و70% التركية,متاح,2026-2027,8000,8000,7200,4000,USD,-,8000
program,1848,جامعة إسطنبول ميديبول,Kavacık South Campus,"Kavacık Mah. Ekinciler Cad. No:19 Kavacık Kavşağı, 34810 Beykoz / Istanbul / Turkey",الصيدلة,تركيا,إسطنبول,بكالوريوس,التركية,متاح,2026-2027,15000,15000,13500,7500,USD,-,1390
program,1847,جامعة إسطنبول ميديبول,Kavacık South Campus,"Kavacık Mah. Ekinciler Cad. No:19 Kavacık Kavşağı, 34810 Beykoz / Istanbul / Turkey",الصيدلة,تركيا,إسطنبول,بكالوريوس,الإنجليزية,متاح,2026-2027,18000,18000,16200,9000,USD,-,17000
program,1846,جامعة إسطنبول ميديبول,Kavacık South Campus,"Kavacık Mah. Ekinciler Cad. No:19 Kavacık Kavşağı, 34810 Beykoz / Istanbul / Turkey",طب الأسنان,تركيا,إسطنبول,بكالوريوس,30% الإنجليزية و70% التركية,متاح,2026-2027,33000,33000,29700,16500,USD,-,33000
program,1845,جامعة إسطنبول ميديبول,Kavacık South Campus,"Kavacık Mah. Ekinciler Cad. No:19 Kavacık Kavşağı, 34810 Beykoz / Istanbul / Turkey",طب الأسنان,تركيا,إسطنبول,بكالوريوس,الإنجليزية,متاح,2026-2027,36000,36000,32400,18000,USD,-,17000
program,1844,جامعة إسطنبول ميديبول,Kavacık South Campus,"Kavacık Mah. Ekinciler Cad. No:19 Kavacık Kavşağı, 34810 Beykoz / Istanbul / Turkey",الطب البشري,تركيا,إسطنبول,بكالوريوس,30% الإنجليزية و70% التركية,متاح,2026-2027,34000,34000,30600,17000,USD,-,34000
program,1843,جامعة إسطنبول ميديبول,Kavacık South Campus,"Kavacık Mah. Ekinciler Cad. No:19 Kavacık Kavşağı, 34810 Beykoz / Istanbul / Turkey",الطب البشري,تركيا,إسطنبول,بكالوريوس,الإنجليزية,متاح,2026-2027,40000,40000,36000,20000,USD,-,17000
program,1842,جامعة بيكوز,Kavacık Schools of Higher Education Campus,Vatan Caddesi No: 69 PK: 34805 Kavacık - Beykoz / İstanbul,برمجة الكمبيوتر,تركيا,إسطنبول,دبلوم,التركية,متاح,2026-2027,3400,1700,1700,1000,USD,-,1700
program,1841,جامعة بيكوز,Kavacık Schools of Higher Education Campus,Vatan Caddesi No: 69 PK: 34805 Kavacık - Beykoz / İstanbul,تقنية أمن المعلومات,تركيا,إسطنبول,دبلوم,التركية,متاح,2026-2027,3400,1700,1700,1000,USD,-,1700
program,1840,جامعة بيكوز,Kavacık Schools of Higher Education Campus,Vatan Caddesi No: 69 PK: 34805 Kavacık - Beykoz / İstanbul,إدارة أنظمة السكك الحديدية,تركيا,إسطنبول,دبلوم,التركية,متاح,2026-2027,3400,1700,1700,1000,USD,-,1700
program,1839,جامعة بيكوز,Kavacık Schools of Higher Education Campus,Vatan Caddesi No: 69 PK: 34805 Kavacık - Beykoz / İstanbul,الطيران المدني وخدمات المقصورة,تركيا,إسطنبول,دبلوم,التركية,متاح,2026-2027,3400,1700,1700,1000,USD,-,1700
program,1838,جامعة بيكوز,Kavacık Schools of Higher Education Campus,Vatan Caddesi No: 69 PK: 34805 Kavacık - Beykoz / İstanbul,الطيران المدني وخدمات المقصورة,تركيا,إسطنبول,دبلوم,الإنجليزية,متاح,2026-2027,3800,1900,1900,1000,USD,-,1900
program,1837,جامعة بيكوز,Kavacık Schools of Higher Education Campus,Vatan Caddesi No: 69 PK: 34805 Kavacık - Beykoz / İstanbul,اللوجستية (تعليم عن بعد),تركيا,إسطنبول,دبلوم,التركية,متاح,2026-2027,3400,1700,1700,1000,USD,-,1700
program,1836,جامعة بيكوز,Kavacık Schools of Higher Education Campus,Vatan Caddesi No: 69 PK: 34805 Kavacık - Beykoz / İstanbul,اللوجستية,تركيا,إسطنبول,دبلوم,التركية,متاح,2026-2027,3400,1700,1700,1000,USD,-,1700
program,1835,جامعة بيكوز,Kavacık Schools of Higher Education Campus,Vatan Caddesi No: 69 PK: 34805 Kavacık - Beykoz / İstanbul,التجارة الإلكترونية والتسويق,تركيا,إسطنبول,دبلوم,التركية,متاح,2026-2027,3400,1700,1700,1000,USD,-,1700
program,1834,جامعة بيكوز,Kavacık Schools of Higher Education Campus,Vatan Caddesi No: 69 PK: 34805 Kavacık - Beykoz / İstanbul,التجارة الخارجية (تعليم عن بعد),تركيا,إسطنبول,دبلوم,التركية,متاح,2026-2027,3400,1700,1700,1000,USD,-,1700
program,1833,جامعة بيكوز,Kavacık Schools of Higher Education Campus,Vatan Caddesi No: 69 PK: 34805 Kavacık - Beykoz / İstanbul,التجارة الخارجية,تركيا,إسطنبول,دبلوم,التركية,متاح,2026-2027,3400,1700,1700,1000,USD,-,1700
program,1832,جامعة بيكوز,Kavacık Schools of Higher Education Campus,Vatan Caddesi No: 69 PK: 34805 Kavacık - Beykoz / İstanbul,إدارة الملاحة البحرية والموانئ,تركيا,إسطنبول,دبلوم,التركية,متاح,2026-2027,3400,1700,1700,1000,USD,-,1700
program,1831,جامعة بيكوز,Kavacık Schools of Higher Education Campus,Vatan Caddesi No: 69 PK: 34805 Kavacık - Beykoz / İstanbul,تحليل البيانات الضخمة,تركيا,إسطنبول,دبلوم,التركية,متاح,2026-2027,3400,1700,1700,1000,USD,-,1700
program,1830,جامعة بيكوز,Kavacık Schools of Higher Education Campus,Vatan Caddesi No: 69 PK: 34805 Kavacık - Beykoz / İstanbul,إدارة الطيران,تركيا,إسطنبول,بكالوريوس,الإنجليزية,متاح,2026-2027,6000,3000,3000,1000,USD,-,1900
program,1829,جامعة بيكوز,Faculty of Art and Design Campus / Faculty of Engineering and Architecture Campus,Muhtar Sokak No: 3 Kavacık - Beykoz / İstanbul,هندسة البرمجيات,تركيا,إسطنبول,بكالوريوس,التركية,متاح,2026-2027,4600,2300,2300,1000,USD,-,1700
program,1828,جامعة بيكوز,Faculty of Art and Design Campus / Faculty of Engineering and Architecture Campus,Muhtar Sokak No: 3 Kavacık - Beykoz / İstanbul,العمارة,تركيا,إسطنبول,بكالوريوس,التركية,متاح,2026-2027,4600,2300,2300,1000,USD,-,1700
program,1827,جامعة بيكوز,Faculty of Art and Design Campus / Faculty of Engineering and Architecture Campus,Muhtar Sokak No: 3 Kavacık - Beykoz / İstanbul,الهندسة الصناعية,تركيا,إسطنبول,بكالوريوس,الإنجليزية,متاح,2026-2027,6000,3000,3000,1000,USD,-,1900
program,1826,جامعة بيكوز,Faculty of Art and Design Campus / Faculty of Engineering and Architecture Campus,Muhtar Sokak No: 3 Kavacık - Beykoz / İstanbul,هندسة الكمبيوتر,تركيا,إسطنبول,بكالوريوس,الإنجليزية,متاح,2026-2027,6600,3300,3300,1000,USD,-,1900
program,1825,جامعة بيكوز,Faculty of Social Sciences Campus,Ertürk Sokak No: 6 Kavacık - Beykoz / İstanbul,العلوم السياسية والعلاقات الدولية,تركيا,إسطنبول,بكالوريوس,الإنجليزية,متاح,2026-2027,6000,3000,3000,1000,USD,-,1900
program,1824,جامعة بيكوز,Faculty of Social Sciences Campus,Ertürk Sokak No: 6 Kavacık - Beykoz / İstanbul,علم النفس,تركيا,إسطنبول,بكالوريوس,الإنجليزية,متاح,2026-2027,6000,3000,3000,1000,USD,-,1900
program,1823,جامعة بيكوز,Faculty of Social Sciences Campus,Ertürk Sokak No: 6 Kavacık - Beykoz / İstanbul,علم النفس,تركيا,إسطنبول,بكالوريوس,التركية,متاح,2026-2027,4600,2300,2300,1000,USD,-,1700
program,1822,جامعة بيكوز,Faculty of Art and Design Campus / Faculty of Engineering and Architecture Campus,Muhtar Sokak No: 3 Kavacık - Beykoz / İstanbul,الإذاعة والتلفزيون والسينما,تركيا,إسطنبول,بكالوريوس,التركية,متاح,2026-2027,4600,2300,2300,1000,USD,-,1700
program,1821,جامعة بيكوز,Faculty of Art and Design Campus / Faculty of Engineering and Architecture Campus,Muhtar Sokak No: 3 Kavacık - Beykoz / İstanbul,الرسوم المتحركة والرسوم المتحركة,تركيا,إسطنبول,بكالوريوس,التركية,متاح,2026-2027,4600,2300,2300,1000,USD,-,1700
program,1820,جامعة بيكوز,School of Foreign Languages Campus,Fatih Sultan Mehmet Caddesi Şehit Er Cengiz Karcıoğlu Sokak No: 7 Kavacık - Beykoz/İstanbul,فنون الطهي وفنون المطبخ,تركيا,إسطنبول,بكالوريوس,التركية,متاح,2026-2027,4600,2300,2300,1000,USD,-,1700
program,1819,جامعة بيكوز,Faculty of Art and Design Campus / Faculty of Engineering and Architecture Campus,Muhtar Sokak No: 3 Kavacık - Beykoz / İstanbul,العلاقات العامة والإعلان,تركيا,إسطنبول,بكالوريوس,التركية,متاح,2026-2027,4600,2300,2300,1000,USD,-,1700
program,1818,جامعة بيكوز,Faculty of Art and Design Campus / Faculty of Engineering and Architecture Campus,Muhtar Sokak No: 3 Kavacık - Beykoz / İstanbul,الهندسة المعمارية الداخلية والتصميم البيئي,تركيا,إسطنبول,بكالوريوس,التركية,متاح,2026-2027,4600,2300,2300,1000,USD,-,1700
program,1817,جامعة بيكوز,Faculty of Art and Design Campus / Faculty of Engineering and Architecture Campus,Muhtar Sokak No: 3 Kavacık - Beykoz / İstanbul,التصميم الجرافيكي,تركيا,إسطنبول,بكالوريوس,التركية,متاح,2026-2027,4600,2300,2300,1000,USD,-,1700
program,1816,جامعة بيكوز,Faculty of Art and Design Campus / Faculty of Engineering and Architecture Campus,Muhtar Sokak No: 3 Kavacık - Beykoz / İstanbul,تصميم الألعاب الرقمية,تركيا,إسطنبول,بكالوريوس,التركية,متاح,2026-2027,4600,2300,2300,1000,USD,-,1700
program,1815,جامعة بيكوز,Faculty of Art and Design Campus / Faculty of Engineering and Architecture Campus,Muhtar Sokak No: 3 Kavacık - Beykoz / İstanbul,تصميم الاتصال,تركيا,إسطنبول,بكالوريوس,التركية,متاح,2026-2027,4600,2300,2300,1000,USD,-,1700
program,1814,جامعة بيكوز,Faculty of Business and Administrative Sciences Campus,Orhan Veli Kanık Caddesi Ruhi Esmer Sk. No: 2 Kavacık - Beykoz/İstanbul,التجارة الدولية والتمويل,تركيا,إسطنبول,بكالوريوس,الإنجليزية,متاح,2026-2027,6000,3000,3000,1000,USD,-,1900
program,1813,جامعة بيكوز,Faculty of Business and Administrative Sciences Campus,Orhan Veli Kanık Caddesi Ruhi Esmer Sk. No: 2 Kavacık - Beykoz/İstanbul,إدارة اللوجستيات,تركيا,إسطنبول,بكالوريوس,الإنجليزية,متاح,2026-2027,6000,3000,3000,1000,USD,-,1900
program,1812,جامعة بيكوز,Faculty of Business and Administrative Sciences Campus,Orhan Veli Kanık Caddesi Ruhi Esmer Sk. No: 2 Kavacık - Beykoz/İstanbul,إدارة الأعمال,تركيا,إسطنبول,بكالوريوس,الإنجليزية,متاح,2026-2027,6000,3000,3000,1000,USD,-,1900
program,1811,جامعة بيكوز,Faculty of Business and Administrative Sciences Campus,Orhan Veli Kanık Caddesi Ruhi Esmer Sk. No: 2 Kavacık - Beykoz/İstanbul,إدارة الأعمال,تركيا,إسطنبول,بكالوريوس,التركية,متاح,2026-2027,4600,2300,2300,1000,USD,-,1700
program,1810,جامعة بيكوز,Faculty of Business and Administrative Sciences Campus,Orhan Veli Kanık Caddesi Ruhi Esmer Sk. No: 2 Kavacık - Beykoz/İstanbul,إدارة الموارد البشرية,تركيا,إسطنبول,ماجستير مع أطروحة,التركية,متاح,2026-2027,6000,3000,3000,1000,USD,-,1700
program,1809,جامعة بيكوز,Faculty of Business and Administrative Sciences Campus,Orhan Veli Kanık Caddesi Ruhi Esmer Sk. No: 2 Kavacık - Beykoz/İstanbul,إدارة التقنيات والابتكار,تركيا,إسطنبول,ماجستير بدون أطروحة,الإنجليزية,متاح,2026-2027,6000,3000,3000,1000,USD,-,1900
program,1808,جامعة بيكوز,Faculty of Business and Administrative Sciences Campus,Orhan Veli Kanık Caddesi Ruhi Esmer Sk. No: 2 Kavacık - Beykoz/İstanbul,إدارة التقنيات والابتكار,تركيا,إسطنبول,ماجستير مع أطروحة,الإنجليزية,متاح,2026-2027,7000,3500,3500,1000,USD,-,1900
program,1807,جامعة بيكوز,Faculty of Business and Administrative Sciences Campus,Orhan Veli Kanık Caddesi Ruhi Esmer Sk. No: 2 Kavacık - Beykoz/İstanbul,الذكاء الاصطناعي,تركيا,إسطنبول,ماجستير بدون أطروحة,الإنجليزية,متاح,2026-2027,6000,3000,3000,1000,USD,-,1900
program,1806,جامعة بيكوز,Faculty of Business and Administrative Sciences Campus,Orhan Veli Kanık Caddesi Ruhi Esmer Sk. No: 2 Kavacık - Beykoz/İstanbul,الذكاء الاصطناعي,تركيا,إسطنبول,ماجستير مع أطروحة,الإنجليزية,متاح,2026-2027,7000,3500,3500,1000,USD,-,1900
program,1805,جامعة بيكوز,Faculty of Business and Administrative Sciences Campus,Orhan Veli Kanık Caddesi Ruhi Esmer Sk. No: 2 Kavacık - Beykoz/İstanbul,التسويق وإدارة العلامة التجارية,تركيا,إسطنبول,ماجستير بدون أطروحة,الإنجليزية,متاح,2026-2027,6000,3000,3000,1000,USD,-,1900
program,1804,جامعة بيكوز,Faculty of Business and Administrative Sciences Campus,Orhan Veli Kanık Caddesi Ruhi Esmer Sk. No: 2 Kavacık - Beykoz/İstanbul,التسويق وإدارة العلامة التجارية,تركيا,إسطنبول,ماجستير بدون أطروحة,التركية,متاح,2026-2027,5200,2600,2600,1000,USD,-,1700
program,1803,جامعة بيكوز,Faculty of Business and Administrative Sciences Campus,Orhan Veli Kanık Caddesi Ruhi Esmer Sk. No: 2 Kavacık - Beykoz/İstanbul,إدارة ريادة الأعمال والابتكار,تركيا,إسطنبول,ماجستير بدون أطروحة,الإنجليزية,متاح,2026-2027,6000,3000,3000,1000,USD,-,1900
program,1802,جامعة بيكوز,Faculty of Business and Administrative Sciences Campus,Orhan Veli Kanık Caddesi Ruhi Esmer Sk. No: 2 Kavacık - Beykoz/İstanbul,المحاسبة والتدقيق,تركيا,إسطنبول,ماجستير بدون أطروحة,التركية,متاح,2026-2027,5200,2600,2600,1000,USD,-,1700
program,1801,جامعة بيكوز,Faculty of Business and Administrative Sciences Campus,Orhan Veli Kanık Caddesi Ruhi Esmer Sk. No: 2 Kavacık - Beykoz/İstanbul,الاقتصاد المالي,تركيا,إسطنبول,ماجستير بدون أطروحة,التركية,متاح,2026-2027,5200,2600,2600,1000,USD,-,1700
program,1800,جامعة بيكوز,Faculty of Business and Administrative Sciences Campus,Orhan Veli Kanık Caddesi Ruhi Esmer Sk. No: 2 Kavacık - Beykoz/İstanbul,الاقتصاد المالي,تركيا,إسطنبول,ماجستير مع أطروحة,التركية,متاح,2026-2027,6000,3000,3000,1000,USD,-,1700
program,1799,جامعة بيكوز,Faculty of Business and Administrative Sciences Campus,Orhan Veli Kanık Caddesi Ruhi Esmer Sk. No: 2 Kavacık - Beykoz/İstanbul,الفنون البصرية وتصميم الاتصال المرئي,تركيا,إسطنبول,ماجستير بدون أطروحة,التركية,متاح,2026-2027,5200,2600,2600,1000,USD,-,1700
program,1798,جامعة بيكوز,Faculty of Business and Administrative Sciences Campus,Orhan Veli Kanık Caddesi Ruhi Esmer Sk. No: 2 Kavacık - Beykoz/İstanbul,الفنون البصرية وتصميم الاتصال المرئي,تركيا,إسطنبول,ماجستير مع أطروحة,التركية,متاح,2026-2027,6000,3000,3000,1000,USD,-,1700
program,1797,جامعة بيكوز,Faculty of Business and Administrative Sciences Campus,Orhan Veli Kanık Caddesi Ruhi Esmer Sk. No: 2 Kavacık - Beykoz/İstanbul,علم النفس,تركيا,إسطنبول,ماجستير بدون أطروحة,التركية,متاح,2026-2027,5200,2600,2600,1000,USD,-,1700
program,1796,جامعة بيكوز,Faculty of Business and Administrative Sciences Campus,Orhan Veli Kanık Caddesi Ruhi Esmer Sk. No: 2 Kavacık - Beykoz/İstanbul,علم النفس,تركيا,إسطنبول,ماجستير مع أطروحة,التركية,متاح,2026-2027,6000,3000,3000,1000,USD,-,1700
program,1795,جامعة بيكوز,Faculty of Business and Administrative Sciences Campus,Orhan Veli Kanık Caddesi Ruhi Esmer Sk. No: 2 Kavacık - Beykoz/İstanbul,علم نفس العمل والتنظيم,تركيا,إسطنبول,ماجستير بدون أطروحة,التركية,متاح,2026-2027,5200,2600,2600,1000,USD,-,1700
program,1794,جامعة بيكوز,Faculty of Business and Administrative Sciences Campus,Orhan Veli Kanık Caddesi Ruhi Esmer Sk. No: 2 Kavacık - Beykoz/İstanbul,السياسة العالمية والعلاقات الدولية,تركيا,إسطنبول,ماجستير بدون أطروحة,الإنجليزية,متاح,2026-2027,6000,3000,3000,1000,USD,-,1900
program,1793,جامعة بيكوز,Faculty of Business and Administrative Sciences Campus,Orhan Veli Kanık Caddesi Ruhi Esmer Sk. No: 2 Kavacık - Beykoz/İstanbul,السياسة العالمية والعلاقات الدولية,تركيا,إسطنبول,ماجستير مع أطروحة,الإنجليزية,متاح,2026-2027,7000,3500,3500,1000,USD,-,1900
program,1792,جامعة بيكوز,Faculty of Business and Administrative Sciences Campus,Orhan Veli Kanık Caddesi Ruhi Esmer Sk. No: 2 Kavacık - Beykoz/İstanbul,التجارة الدولية واللوجستيات (تعليم عن بعد),تركيا,إسطنبول,ماجستير بدون أطروحة,التركية,متاح,2026-2027,4200,2100,2100,1000,USD,-,1700
program,1791,جامعة بيكوز,Faculty of Business and Administrative Sciences Campus,Orhan Veli Kanık Caddesi Ruhi Esmer Sk. No: 2 Kavacık - Beykoz/İstanbul,التجارة الدولية واللوجستيات,تركيا,إسطنبول,ماجستير بدون أطروحة,التركية,متاح,2026-2027,5200,2600,2600,1000,USD,-,1700
program,1790,جامعة بيكوز,Faculty of Business and Administrative Sciences Campus,Orhan Veli Kanık Caddesi Ruhi Esmer Sk. No: 2 Kavacık - Beykoz/İstanbul,التجارة الدولية واللوجستيات,تركيا,إسطنبول,ماجستير مع أطروحة,التركية,متاح,2026-2027,6000,3000,3000,1000,USD,-,1700
program,1789,جامعة بيكوز,Faculty of Business and Administrative Sciences Campus,Orhan Veli Kanık Caddesi Ruhi Esmer Sk. No: 2 Kavacık - Beykoz/İstanbul,هندسة الكمبيوتر,تركيا,إسطنبول,ماجستير بدون أطروحة,الإنجليزية,متاح,2026-2027,6000,3000,3000,1000,USD,-,1900
program,1788,جامعة بيكوز,Faculty of Business and Administrative Sciences Campus,Orhan Veli Kanık Caddesi Ruhi Esmer Sk. No: 2 Kavacık - Beykoz/İstanbul,هندسة الكمبيوتر,تركيا,إسطنبول,ماجستير مع أطروحة,الإنجليزية,متاح,2026-2027,7000,3500,3500,1000,USD,-,1900
program,1787,جامعة بيكوز,Faculty of Business and Administrative Sciences Campus,Orhan Veli Kanık Caddesi Ruhi Esmer Sk. No: 2 Kavacık - Beykoz/İstanbul,ماجستير إدارة الأعمال (MBA) (تعليم عن بعد),تركيا,إسطنبول,ماجستير بدون أطروحة,التركية,متاح,2026-2027,4200,2100,2100,1000,USD,-,1700
program,1786,جامعة بيكوز,Faculty of Business and Administrative Sciences Campus,Orhan Veli Kanık Caddesi Ruhi Esmer Sk. No: 2 Kavacık - Beykoz/İstanbul,ماجستير إدارة الأعمال (MBA),تركيا,إسطنبول,ماجستير بدون أطروحة,التركية,متاح,2026-2027,5200,2600,2600,1000,USD,-,1700
program,1785,جامعة بيكوز,Faculty of Business and Administrative Sciences Campus,Orhan Veli Kanık Caddesi Ruhi Esmer Sk. No: 2 Kavacık - Beykoz/İstanbul,ماجستير إدارة الأعمال (MBA),تركيا,إسطنبول,ماجستير مع أطروحة,التركية,متاح,2026-2027,6000,3000,3000,1000,USD,-,1700
program,1784,جامعة بيكوز,Faculty of Business and Administrative Sciences Campus,Orhan Veli Kanık Caddesi Ruhi Esmer Sk. No: 2 Kavacık - Beykoz/İstanbul,ماجستير إدارة الأعمال (MBA) (تعليم عن بعد),تركيا,إسطنبول,ماجستير بدون أطروحة,الإنجليزية,متاح,2026-2027,4200,2100,2100,1000,USD,-,1900
program,1783,جامعة بيكوز,Faculty of Business and Administrative Sciences Campus,Orhan Veli Kanık Caddesi Ruhi Esmer Sk. No: 2 Kavacık - Beykoz/İstanbul,ماجستير إدارة الأعمال (MBA),تركيا,إسطنبول,ماجستير بدون أطروحة,الإنجليزية,متاح,2026-2027,6000,3000,3000,1000,USD,-,1900
program,1782,جامعة بيكوز,Faculty of Business and Administrative Sciences Campus,Orhan Veli Kanık Caddesi Ruhi Esmer Sk. No: 2 Kavacık - Beykoz/İstanbul,ماجستير إدارة الأعمال (MBA),تركيا,إسطنبول,ماجستير مع أطروحة,الإنجليزية,متاح,2026-2027,7000,3500,3500,1000,USD,-,1900
program,1781,جامعة أسكودار,Çarşı Campus,Mimar Sinan Mah. Selman-ı Pak Cad. İsmail Dümbüllü Sok. No:4 34664 Üsküdar / Istanbul,التخدير,تركيا,إسطنبول,دبلوم,التركية,متاح,2026-2027,2800,2800,2660,1000,USD,-,1500
program,1780,جامعة أسكودار,Çarşı Campus,Mimar Sinan Mah. Selman-ı Pak Cad. İsmail Dümbüllü Sok. No:4 34664 Üsküdar / Istanbul,قياس السمع,تركيا,إسطنبول,دبلوم,التركية,متاح,2026-2027,2800,2800,2660,1000,USD,-,1500
program,1779,جامعة أسكودار,Çarşı Campus,Mimar Sinan Mah. Selman-ı Pak Cad. İsmail Dümbüllü Sok. No:4 34664 Üsküdar / Istanbul,مساعدة التشريح,تركيا,إسطنبول,دبلوم,التركية,متاح,2026-2027,2800,2800,2660,1000,USD,-,1500
program,1778,جامعة أسكودار,Çarşı Campus,Mimar Sinan Mah. Selman-ı Pak Cad. İsmail Dümbüllü Sok. No:4 34664 Üsküdar / Istanbul,تقنيات الأجهزة الطبية الحيوية,تركيا,إسطنبول,دبلوم,التركية,متاح,2026-2027,2800,2800,2660,1000,USD,-,1500
program,1777,جامعة أسكودار,Çarşı Campus,Mimar Sinan Mah. Selman-ı Pak Cad. İsmail Dümbüllü Sok. No:4 34664 Üsküdar / Istanbul,رعاية وتأهيل ذوي الإعاقة,تركيا,إسطنبول,دبلوم,التركية,متاح,2026-2027,2800,2800,2660,1000,USD,-,1500
program,1776,جامعة أسكودار,Çarşı Campus,Mimar Sinan Mah. Selman-ı Pak Cad. İsmail Dümbüllü Sok. No:4 34664 Üsküdar / Istanbul,تنمية الطفل,تركيا,إسطنبول,دبلوم,التركية,متاح,2026-2027,2800,2800,2660,1000,USD,-,1500
program,1775,جامعة أسكودار,Çarşı Campus,Mimar Sinan Mah. Selman-ı Pak Cad. İsmail Dümbüllü Sok. No:4 34664 Üsküdar / Istanbul,خدمات حماية ورعاية الطفل,تركيا,إسطنبول,دبلوم,التركية,متاح,2026-2027,2800,2800,2660,1000,USD,-,1500
program,1774,جامعة أسكودار,Çarşı Campus,Mimar Sinan Mah. Selman-ı Pak Cad. İsmail Dümbüllü Sok. No:4 34664 Üsküdar / Istanbul,تقنية الأسنان,تركيا,إسطنبول,دبلوم,التركية,متاح,2026-2027,2800,2800,2660,1000,USD,-,1500
program,1773,جامعة أسكودار,Çarşı Campus,Mimar Sinan Mah. Selman-ı Pak Cad. İsmail Dümbüllü Sok. No:4 34664 Üsküdar / Istanbul,غسيل الكلى,تركيا,إسطنبول,دبلوم,التركية,متاح,2026-2027,2800,2800,2660,1000,USD,-,1500
program,1772,جامعة أسكودار,Çarşı Campus,Mimar Sinan Mah. Selman-ı Pak Cad. İsmail Dümbüllü Sok. No:4 34664 Üsküdar / Istanbul,خدمات رعاية المسنين,تركيا,إسطنبول,دبلوم,التركية,متاح,2026-2027,2800,2800,2660,1000,USD,-,1500
program,1771,جامعة أسكودار,Çarşı Campus,Mimar Sinan Mah. Selman-ı Pak Cad. İsmail Dümbüllü Sok. No:4 34664 Üsküdar / Istanbul,تخطيط كهربائية الأعصاب,تركيا,إسطنبول,دبلوم,التركية,متاح,2026-2027,2800,2800,2660,1000,USD,-,1500
program,1770,جامعة أسكودار,Çarşı Campus,Mimar Sinan Mah. Selman-ı Pak Cad. İsmail Dümbüllü Sok. No:4 34664 Üsküdar / Istanbul,إدارة الطوارئ والكوارث,تركيا,إسطنبول,دبلوم,التركية,متاح,2026-2027,2800,2800,2660,1000,USD,-,1500
program,1769,جامعة أسكودار,Çarşı Campus,Mimar Sinan Mah. Selman-ı Pak Cad. İsmail Dümbüllü Sok. No:4 34664 Üsküdar / Istanbul,الإسعافات الأولية والطوارئ,تركيا,إسطنبول,دبلوم,التركية,متاح,2026-2027,2800,2800,2660,1000,USD,-,1500
program,1768,جامعة أسكودار,Çarşı Campus,Mimar Sinan Mah. Selman-ı Pak Cad. İsmail Dümbüllü Sok. No:4 34664 Üsküdar / Istanbul,صحة البيئة,تركيا,إسطنبول,دبلوم,التركية,متاح,2026-2027,2800,2800,2660,1000,USD,-,1500
program,1767,جامعة أسكودار,Çarşı Campus,Mimar Sinan Mah. Selman-ı Pak Cad. İsmail Dümbüllü Sok. No:4 34664 Üsküdar / Istanbul,تقنيات الأغذية,تركيا,إسطنبول,دبلوم,التركية,متاح,2026-2027,2800,2800,2660,1000,USD,-,1500
program,1766,جامعة أسكودار,Çarşı Campus,Mimar Sinan Mah. Selman-ı Pak Cad. İsmail Dümbüllü Sok. No:4 34664 Üsküdar / Istanbul,تقنيات نظم المعلومات الصحية,تركيا,إسطنبول,دبلوم,التركية,متاح,2026-2027,2800,2800,2660,1000,USD,-,1500
program,1765,جامعة أسكودار,Çarşı Campus,Mimar Sinan Mah. Selman-ı Pak Cad. İsmail Dümbüllü Sok. No:4 34664 Üsküdar / Istanbul,خدمة الرعاية المنزلية,تركيا,إسطنبول,دبلوم,التركية,متاح,2026-2027,2800,2800,2660,1000,USD,-,1500
program,1764,جامعة أسكودار,Çarşı Campus,Mimar Sinan Mah. Selman-ı Pak Cad. İsmail Dümbüllü Sok. No:4 34664 Üsküdar / Istanbul,تكنولوجيا المختبرات,تركيا,إسطنبول,دبلوم,التركية,متاح,2026-2027,2800,2800,2660,1000,USD,-,1500
program,1763,جامعة أسكودار,Çarşı Campus,Mimar Sinan Mah. Selman-ı Pak Cad. İsmail Dümbüllü Sok. No:4 34664 Üsküdar / Istanbul,إدارة المؤسسات الصحية,تركيا,إسطنبول,دبلوم,التركية,متاح,2026-2027,2800,2800,2660,1000,USD,-,1500
program,1762,جامعة أسكودار,Çarşı Campus,Mimar Sinan Mah. Selman-ı Pak Cad. İsmail Dümbüllü Sok. No:4 34664 Üsküdar / Istanbul,التوثيق الطبي والسكرتارية,تركيا,إسطنبول,دبلوم,التركية,متاح,2026-2027,2800,2800,2660,1000,USD,-,1500
program,1761,جامعة أسكودار,Çarşı Campus,Mimar Sinan Mah. Selman-ı Pak Cad. İsmail Dümbüllü Sok. No:4 34664 Üsküdar / Istanbul,تقنيات التصوير الطبي,تركيا,إسطنبول,دبلوم,التركية,متاح,2026-2027,2800,2800,2660,1000,USD,-,1500
program,1760,جامعة أسكودار,Çarşı Campus,Mimar Sinan Mah. Selman-ı Pak Cad. İsmail Dümbüllü Sok. No:4 34664 Üsküdar / Istanbul,المختبر الطبي,تركيا,إسطنبول,دبلوم,التركية,متاح,2026-2027,2800,2800,2660,1000,USD,-,1500
program,1759,جامعة أسكودار,Çarşı Campus,Mimar Sinan Mah. Selman-ı Pak Cad. İsmail Dümbüllü Sok. No:4 34664 Üsküdar / Istanbul,الترويج والتسويق الطبي,تركيا,إسطنبول,دبلوم,التركية,متاح,2026-2027,2800,2800,2660,1000,USD,-,1500
program,1758,جامعة أسكودار,Çarşı Campus,Mimar Sinan Mah. Selman-ı Pak Cad. İsmail Dümbüllü Sok. No:4 34664 Üsküdar / Istanbul,النباتات الطبية والعطرية,تركيا,إسطنبول,دبلوم,التركية,متاح,2026-2027,2800,2800,2660,1000,USD,-,1500
program,1757,جامعة أسكودار,Çarşı Campus,Mimar Sinan Mah. Selman-ı Pak Cad. İsmail Dümbüllü Sok. No:4 34664 Üsküdar / Istanbul,صحة الفم والأسنان,تركيا,إسطنبول,دبلوم,التركية,متاح,2026-2027,2800,2800,2660,1000,USD,-,1500
program,1756,جامعة أسكودار,Çarşı Campus,Mimar Sinan Mah. Selman-ı Pak Cad. İsmail Dümbüllü Sok. No:4 34664 Üsküdar / Istanbul,التكنولوجيا النووية والسلامة الإشعاعية,تركيا,إسطنبول,دبلوم,التركية,متاح,2026-2027,2800,2800,2660,1000,USD,-,1500
program,1755,جامعة أسكودار,Çarşı Campus,Mimar Sinan Mah. Selman-ı Pak Cad. İsmail Dümbüllü Sok. No:4 34664 Üsküdar / Istanbul,خدمات غرفة العمليات,تركيا,إسطنبول,دبلوم,التركية,متاح,2026-2027,2800,2800,2660,1000,USD,-,1500
program,1754,جامعة أسكودار,Çarşı Campus,Mimar Sinan Mah. Selman-ı Pak Cad. İsmail Dümbüllü Sok. No:4 34664 Üsküdar / Istanbul,البصريات,تركيا,إسطنبول,دبلوم,التركية,متاح,2026-2027,2800,2800,2660,1000,USD,-,1500
program,1753,جامعة أسكودار,Çarşı Campus,Mimar Sinan Mah. Selman-ı Pak Cad. İsmail Dümbüllü Sok. No:4 34664 Üsküdar / Istanbul,الأطراف الاصطناعية وتقويم العظام,تركيا,إسطنبول,دبلوم,التركية,متاح,2026-2027,2800,2800,2660,1000,USD,-,1500
program,1752,جامعة أسكودار,Çarşı Campus,Mimar Sinan Mah. Selman-ı Pak Cad. İsmail Dümbüllü Sok. No:4 34664 Üsküdar / Istanbul,تقنيات مختبر علم الأمراض,تركيا,إسطنبول,دبلوم,التركية,متاح,2026-2027,2800,2800,2660,1000,USD,-,1500
program,1751,جامعة أسكودار,Çarşı Campus,Mimar Sinan Mah. Selman-ı Pak Cad. İsmail Dümbüllü Sok. No:4 34664 Üsküdar / Istanbul,خدمات الصيدلية,تركيا,إسطنبول,دبلوم,التركية,متاح,2026-2027,2800,2800,2660,1000,USD,-,1500
program,1750,جامعة أسكودار,Çarşı Campus,Mimar Sinan Mah. Selman-ı Pak Cad. İsmail Dümbüllü Sok. No:4 34664 Üsküdar / Istanbul,العلاج الطبيعي,تركيا,إسطنبول,دبلوم,التركية,متاح,2026-2027,2800,2800,2660,1000,USD,-,1500
program,1749,جامعة أسكودار,Çarşı Campus,Mimar Sinan Mah. Selman-ı Pak Cad. İsmail Dümbüllü Sok. No:4 34664 Üsküdar / Istanbul,العلاج الإشعاعي,تركيا,إسطنبول,دبلوم,التركية,متاح,2026-2027,2800,2800,2660,1000,USD,-,1500
program,1748,جامعة أسكودار,Çarşı Campus,Mimar Sinan Mah. Selman-ı Pak Cad. İsmail Dümbüllü Sok. No:4 34664 Üsküdar / Istanbul,الضمان الاجتماعي,تركيا,إسطنبول,دبلوم,التركية,متاح,2026-2027,2800,2800,2660,1000,USD,-,1500
program,1747,جامعة أسكودار,Çarşı Campus,Mimar Sinan Mah. Selman-ı Pak Cad. İsmail Dümbüllü Sok. No:4 34664 Üsküdar / Istanbul,العمل الاجتماعي,تركيا,إسطنبول,دبلوم,التركية,متاح,2026-2027,2800,2800,2660,1000,USD,-,1500
program,1746,جامعة أسكودار,Çarşı Campus,Mimar Sinan Mah. Selman-ı Pak Cad. İsmail Dümbüllü Sok. No:4 34664 Üsküdar / Istanbul,صحة وسلامة العمل,تركيا,إسطنبول,دبلوم,التركية,متاح,2026-2027,2800,2800,2660,1000,USD,-,1500
program,1745,جامعة أسكودار,Çarşı Campus,Mimar Sinan Mah. Selman-ı Pak Cad. İsmail Dümbüllü Sok. No:4 34664 Üsküdar / Istanbul,علم الأقدام,تركيا,إسطنبول,دبلوم,التركية,متاح,2026-2027,2800,2800,2660,1000,USD,-,1500
program,1744,جامعة أسكودار,Altunizade Main Campus,Altunizade Mh. University Street No:14 34662 Üsküdar / Istanbul / Turkey,علوم الطب الشرعي,تركيا,إسطنبول,دكتوراه,التركية,متاح,2026-2027,7800,7800,7020,1000,USD,-,1500
program,1743,جامعة أسكودار,Altunizade Main Campus,Altunizade Mh. University Street No:14 34662 Üsküdar / Istanbul / Turkey,علوم الطب الشرعي,تركيا,إسطنبول,ماجستير بدون أطروحة,التركية,متاح,2026-2027,4400,4400,3960,1000,USD,-,1500
program,1742,جامعة أسكودار,Altunizade Main Campus,Altunizade Mh. University Street No:14 34662 Üsküdar / Istanbul / Turkey,علوم الطب الشرعي,تركيا,إسطنبول,ماجستير مع أطروحة,التركية,متاح,2026-2027,5100,5100,4590,1000,USD,-,1500
program,1741,جامعة أسكودار,Altunizade Main Campus,Altunizade Mh. University Street No:14 34662 Üsküdar / Istanbul / Turkey,الكيمياء الجنائية وعلم السموم,تركيا,إسطنبول,ماجستير بدون أطروحة,التركية,متاح,2026-2027,4400,4400,3960,1000,USD,-,1500
program,1740,جامعة أسكودار,Altunizade Main Campus,Altunizade Mh. University Street No:14 34662 Üsküdar / Istanbul / Turkey,الكيمياء الجنائية وعلم السموم,تركيا,إسطنبول,ماجستير مع أطروحة,التركية,متاح,2026-2027,4800,4800,4320,1000,USD,-,1500
program,1739,جامعة أسكودار,Altunizade Main Campus,Altunizade Mh. University Street No:14 34662 Üsküdar / Istanbul / Turkey,العدالة الجنائية,تركيا,إسطنبول,ماجستير بدون أطروحة,التركية,متاح,2026-2027,4400,4400,3960,1000,USD,-,1500
program,1738,جامعة أسكودار,Altunizade Main Campus,Altunizade Mh. University Street No:14 34662 Üsküdar / Istanbul / Turkey,العدالة الجنائية,تركيا,إسطنبول,ماجستير مع أطروحة,التركية,متاح,2026-2027,4800,4800,4320,1000,USD,-,1500
program,1737,جامعة أسكودار,Altunizade Main Campus,Altunizade Mh. University Street No:14 34662 Üsküdar / Istanbul / Turkey,الأمن الحيوي,تركيا,إسطنبول,ماجستير مع أطروحة,التركية,متاح,2026-2027,4800,4800,4320,1000,USD,-,1500
program,1736,جامعة أسكودار,Altunizade Main Campus,Altunizade Mh. University Street No:14 34662 Üsküdar / Istanbul / Turkey,البيولوجيا الجزيئية,تركيا,إسطنبول,ماجستير بدون أطروحة,التركية,متاح,2026-2027,4400,4400,3960,1000,USD,-,1500
program,1735,جامعة أسكودار,Altunizade Main Campus,Altunizade Mh. University Street No:14 34662 Üsküdar / Istanbul / Turkey,البيولوجيا الجزيئية,تركيا,إسطنبول,ماجستير بدون أطروحة,الإنجليزية,متاح,2026-2027,4400,4400,3960,1000,USD,-,4400
program,1734,جامعة أسكودار,Altunizade Main Campus,Altunizade Mh. University Street No:14 34662 Üsküdar / Istanbul / Turkey,البيولوجيا الجزيئية,تركيا,إسطنبول,ماجستير مع أطروحة,التركية,متاح,2026-2027,4800,4800,4320,1000,USD,-,1500
program,1733,جامعة أسكودار,Altunizade Main Campus,Altunizade Mh. University Street No:14 34662 Üsküdar / Istanbul / Turkey,البيولوجيا الجزيئية,تركيا,إسطنبول,ماجستير مع أطروحة,الإنجليزية,متاح,2026-2027,4800,4800,4320,1000,USD,-,4400
program,1732,جامعة أسكودار,Altunizade Main Campus,Altunizade Mh. University Street No:14 34662 Üsküdar / Istanbul / Turkey,الإدارة الهندسية,تركيا,إسطنبول,ماجستير بدون أطروحة,الإنجليزية,متاح,2026-2027,4400,4400,3960,1000,USD,-,4400
program,1731,جامعة أسكودار,Altunizade Main Campus,Altunizade Mh. University Street No:14 34662 Üsküdar / Istanbul / Turkey,الإدارة الهندسية,تركيا,إسطنبول,ماجستير مع أطروحة,الإنجليزية,متاح,2026-2027,4800,4800,4320,1000,USD,-,4400
program,1730,جامعة أسكودار,Altunizade Main Campus,Altunizade Mh. University Street No:14 34662 Üsküdar / Istanbul / Turkey,الهندسة الكهربائية والإلكترونية,تركيا,إسطنبول,ماجستير بدون أطروحة,الإنجليزية,متاح,2026-2027,5100,5100,4590,1000,USD,-,4400
program,1729,جامعة أسكودار,Altunizade Main Campus,Altunizade Mh. University Street No:14 34662 Üsküdar / Istanbul / Turkey,الهندسة الكهربائية والإلكترونية,تركيا,إسطنبول,ماجستير مع أطروحة,الإنجليزية,متاح,2026-2027,5700,5700,5130,1000,USD,-,4400
program,1728,جامعة أسكودار,Altunizade Main Campus,Altunizade Mh. University Street No:14 34662 Üsküdar / Istanbul / Turkey,الأمن السيبراني,تركيا,إسطنبول,ماجستير بدون أطروحة,التركية,متاح,2026-2027,4400,4400,3960,1000,USD,-,1500
program,1727,جامعة أسكودار,Altunizade Main Campus,Altunizade Mh. University Street No:14 34662 Üsküdar / Istanbul / Turkey,الأمن السيبراني,تركيا,إسطنبول,ماجستير مع أطروحة,التركية,متاح,2026-2027,4800,4800,4320,1000,USD,-,1500
program,1726,جامعة أسكودار,Altunizade Main Campus,Altunizade Mh. University Street No:14 34662 Üsküdar / Istanbul / Turkey,الأمن السيبراني,تركيا,إسطنبول,ماجستير بدون أطروحة,الإنجليزية,متاح,2026-2027,4400,4400,3960,1000,USD,-,4400
program,1725,جامعة أسكودار,Altunizade Main Campus,Altunizade Mh. University Street No:14 34662 Üsküdar / Istanbul / Turkey,الأمن السيبراني,تركيا,إسطنبول,ماجستير مع أطروحة,الإنجليزية,متاح,2026-2027,5700,5700,5130,1000,USD,-,4400
program,1724,جامعة أسكودار,Altunizade Main Campus,Altunizade Mh. University Street No:14 34662 Üsküdar / Istanbul / Turkey,هندسة الكمبيوتر,تركيا,إسطنبول,ماجستير بدون أطروحة,التركية,متاح,2026-2027,4400,4400,3960,1000,USD,-,1500
program,1723,جامعة أسكودار,Altunizade Main Campus,Altunizade Mh. University Street No:14 34662 Üsküdar / Istanbul / Turkey,هندسة الكمبيوتر,تركيا,إسطنبول,ماجستير مع أطروحة,التركية,متاح,2026-2027,4800,4800,4320,1000,USD,-,1500
program,1722,جامعة أسكودار,Altunizade Main Campus,Altunizade Mh. University Street No:14 34662 Üsküdar / Istanbul / Turkey,هندسة الكمبيوتر,تركيا,إسطنبول,ماجستير بدون أطروحة,الإنجليزية,متاح,2026-2027,5100,5100,4590,1000,USD,-,4400
program,1721,جامعة أسكودار,Altunizade Main Campus,Altunizade Mh. University Street No:14 34662 Üsküdar / Istanbul / Turkey,هندسة الكمبيوتر,تركيا,إسطنبول,ماجستير مع أطروحة,الإنجليزية,متاح,2026-2027,5700,5700,5130,1000,USD,-,4400
program,1720,جامعة أسكودار,Altunizade Main Campus,Altunizade Mh. University Street No:14 34662 Üsküdar / Istanbul / Turkey,الهندسة الكيميائية,تركيا,إسطنبول,ماجستير بدون أطروحة,الإنجليزية,متاح,2026-2027,4400,4400,3960,1000,USD,-,4400
program,1719,جامعة أسكودار,Altunizade Main Campus,Altunizade Mh. University Street No:14 34662 Üsküdar / Istanbul / Turkey,الهندسة الكيميائية,تركيا,إسطنبول,ماجستير مع أطروحة,الإنجليزية,متاح,2026-2027,4800,4800,4320,1000,USD,-,4400
program,1718,جامعة أسكودار,Altunizade Main Campus,Altunizade Mh. University Street No:14 34662 Üsküdar / Istanbul / Turkey,المعلوماتية الحيوية,تركيا,إسطنبول,ماجستير مع أطروحة,التركية,متاح,2026-2027,4800,4800,4320,1000,USD,-,1500
program,1717,جامعة أسكودار,Altunizade Main Campus,Altunizade Mh. University Street No:14 34662 Üsküdar / Istanbul / Turkey,التكنولوجيا الحيوية,تركيا,إسطنبول,ماجستير بدون أطروحة,التركية,متاح,2026-2027,4400,4400,3960,1000,USD,-,1500
program,1716,جامعة أسكودار,Altunizade Main Campus,Altunizade Mh. University Street No:14 34662 Üsküdar / Istanbul / Turkey,التكنولوجيا الحيوية,تركيا,إسطنبول,ماجستير مع أطروحة,التركية,متاح,2026-2027,4800,4800,4320,1000,USD,-,1500
program,1715,جامعة أسكودار,Altunizade Main Campus,Altunizade Mh. University Street No:14 34662 Üsküdar / Istanbul / Turkey,الهندسة الحيوية,تركيا,إسطنبول,ماجستير بدون أطروحة,التركية,متاح,2026-2027,4400,4400,3960,1000,USD,-,1500
program,1714,جامعة أسكودار,Altunizade Main Campus,Altunizade Mh. University Street No:14 34662 Üsküdar / Istanbul / Turkey,الهندسة الحيوية,تركيا,إسطنبول,ماجستير بدون أطروحة,الإنجليزية,متاح,2026-2027,4400,4400,3960,1000,USD,-,4400
program,1713,جامعة أسكودار,Altunizade Main Campus,Altunizade Mh. University Street No:14 34662 Üsküdar / Istanbul / Turkey,الهندسة الحيوية,تركيا,إسطنبول,ماجستير مع أطروحة,التركية,متاح,2026-2027,4800,4800,4320,1000,USD,-,1500
program,1712,جامعة أسكودار,Altunizade Main Campus,Altunizade Mh. University Street No:14 34662 Üsküdar / Istanbul / Turkey,الهندسة الحيوية,تركيا,إسطنبول,ماجستير مع أطروحة,الإنجليزية,متاح,2026-2027,4800,4800,4320,1000,USD,-,4400
program,1711,جامعة أسكودار,Altunizade Main Campus,Altunizade Mh. University Street No:14 34662 Üsküdar / Istanbul / Turkey,هندسة الذكاء الاصطناعي,تركيا,إسطنبول,ماجستير بدون أطروحة,التركية,متاح,2026-2027,4400,4400,3960,1000,USD,-,1500
program,1710,جامعة أسكودار,Altunizade Main Campus,Altunizade Mh. University Street No:14 34662 Üsküdar / Istanbul / Turkey,هندسة الذكاء الاصطناعي,تركيا,إسطنبول,ماجستير مع أطروحة,التركية,متاح,2026-2027,4800,4800,4320,1000,USD,-,1500
program,1709,جامعة أسكودار,Altunizade Main Campus,Altunizade Mh. University Street No:14 34662 Üsküdar / Istanbul / Turkey,علاج النطق واللغة,تركيا,إسطنبول,دكتوراه,التركية,متاح,2026-2027,9000,9000,8100,1000,USD,-,1500
program,1708,جامعة أسكودار,Altunizade Main Campus,Altunizade Mh. University Street No:14 34662 Üsküdar / Istanbul / Turkey,علم الوراثة الطبية,تركيا,إسطنبول,دكتوراه,التركية,متاح,2026-2027,9000,9000,8100,1000,USD,-,1500
program,1707,جامعة أسكودار,Altunizade Main Campus,Altunizade Mh. University Street No:14 34662 Üsküdar / Istanbul / Turkey,علم وظائف الأعضاء,تركيا,إسطنبول,دكتوراه,التركية,متاح,2026-2027,9000,9000,8100,1000,USD,-,1500
program,1706,جامعة أسكودار,Altunizade Main Campus,Altunizade Mh. University Street No:14 34662 Üsküdar / Istanbul / Turkey,الصحة والسلامة المهنية,تركيا,إسطنبول,دكتوراه,التركية,متاح,2026-2027,7800,7800,7020,1000,USD,-,1500
program,1705,جامعة أسكودار,Altunizade Main Campus,Altunizade Mh. University Street No:14 34662 Üsküdar / Istanbul / Turkey,تمريض,تركيا,إسطنبول,دكتوراه,التركية,متاح,2026-2027,9000,9000,8100,1000,USD,-,1500
program,1704,جامعة أسكودار,Altunizade Main Campus,Altunizade Mh. University Street No:14 34662 Üsküdar / Istanbul / Turkey,علم الأعصاب,تركيا,إسطنبول,دكتوراه,التركية,متاح,2026-2027,9000,9000,8100,1000,USD,-,1500
program,1703,جامعة أسكودار,Altunizade Main Campus,Altunizade Mh. University Street No:14 34662 Üsküdar / Istanbul / Turkey,إدارة الصحة,تركيا,إسطنبول,دكتوراه,التركية,متاح,2026-2027,7800,7800,7020,1000,USD,-,1500
program,1702,جامعة أسكودار,Altunizade Main Campus,Altunizade Mh. University Street No:14 34662 Üsküdar / Istanbul / Turkey,التشريح السريري,تركيا,إسطنبول,دكتوراه,التركية,متاح,2026-2027,9000,9000,8100,1000,USD,-,1500
program,1701,جامعة أسكودار,Altunizade Main Campus,Altunizade Mh. University Street No:14 34662 Üsküdar / Istanbul / Turkey,علاج النطق واللغة,تركيا,إسطنبول,ماجستير بدون أطروحة,التركية,متاح,2026-2027,4400,4400,3960,1000,USD,-,1500
program,1700,جامعة أسكودار,Altunizade Main Campus,Altunizade Mh. University Street No:14 34662 Üsküdar / Istanbul / Turkey,علاج النطق واللغة,تركيا,إسطنبول,ماجستير مع أطروحة,التركية,متاح,2026-2027,4800,4800,4320,1000,USD,-,1500
program,1699,جامعة أسكودار,Altunizade Main Campus,Altunizade Mh. University Street No:14 34662 Üsküdar / Istanbul / Turkey,العمل الاجتماعي,تركيا,إسطنبول,ماجستير بدون أطروحة,التركية,متاح,2026-2027,4400,4400,3960,1000,USD,-,1500
program,1698,جامعة أسكودار,Altunizade Main Campus,Altunizade Mh. University Street No:14 34662 Üsküdar / Istanbul / Turkey,العمل الاجتماعي,تركيا,إسطنبول,ماجستير مع أطروحة,التركية,متاح,2026-2027,4800,4800,4320,1000,USD,-,1500
program,1697,جامعة أسكودار,Altunizade Main Campus,Altunizade Mh. University Street No:14 34662 Üsküdar / Istanbul / Turkey,العلاج الطبيعي والتأهيل,تركيا,إسطنبول,ماجستير بدون أطروحة,التركية,متاح,2026-2027,4400,4400,3960,1000,USD,-,1500
program,1696,جامعة أسكودار,Altunizade Main Campus,Altunizade Mh. University Street No:14 34662 Üsküdar / Istanbul / Turkey,العلاج الطبيعي والتأهيل,تركيا,إسطنبول,ماجستير مع أطروحة,التركية,متاح,2026-2027,4800,4800,4320,1000,USD,-,1500
program,1695,جامعة أسكودار,Altunizade Main Campus,Altunizade Mh. University Street No:14 34662 Üsküdar / Istanbul / Turkey,نضح,تركيا,إسطنبول,ماجستير بدون أطروحة,التركية,متاح,2026-2027,4400,4400,3960,1000,USD,-,1500
program,1694,جامعة أسكودار,Altunizade Main Campus,Altunizade Mh. University Street No:14 34662 Üsküdar / Istanbul / Turkey,نضح,تركيا,إسطنبول,ماجستير مع أطروحة,التركية,متاح,2026-2027,4800,4800,4320,1000,USD,-,1500
program,1693,جامعة أسكودار,Altunizade Main Campus,Altunizade Mh. University Street No:14 34662 Üsküdar / Istanbul / Turkey,العلاج الوظيفي,تركيا,إسطنبول,ماجستير بدون أطروحة,التركية,متاح,2026-2027,4400,4400,3960,1000,USD,-,1500
program,1692,جامعة أسكودار,Altunizade Main Campus,Altunizade Mh. University Street No:14 34662 Üsküdar / Istanbul / Turkey,العلاج الوظيفي,تركيا,إسطنبول,ماجستير مع أطروحة,التركية,متاح,2026-2027,4800,4800,4320,1000,USD,-,1500
program,1691,جامعة أسكودار,Altunizade Main Campus,Altunizade Mh. University Street No:14 34662 Üsküdar / Istanbul / Turkey,الصحة والسلامة المهنية,تركيا,إسطنبول,ماجستير بدون أطروحة,التركية,متاح,2026-2027,4400,4400,3960,1000,USD,-,1500
program,1690,جامعة أسكودار,Altunizade Main Campus,Altunizade Mh. University Street No:14 34662 Üsküdar / Istanbul / Turkey,الصحة والسلامة المهنية,تركيا,إسطنبول,ماجستير مع أطروحة,التركية,متاح,2026-2027,4800,4800,4320,1000,USD,-,1500
program,1689,جامعة أسكودار,Altunizade Main Campus,Altunizade Mh. University Street No:14 34662 Üsküdar / Istanbul / Turkey,التغذية وعلم الحمية,تركيا,إسطنبول,ماجستير بدون أطروحة,التركية,متاح,2026-2027,4400,4400,3960,1000,USD,-,1500
program,1688,جامعة أسكودار,Altunizade Main Campus,Altunizade Mh. University Street No:14 34662 Üsküdar / Istanbul / Turkey,التغذية وعلم الحمية,تركيا,إسطنبول,ماجستير مع أطروحة,التركية,متاح,2026-2027,4800,4800,4320,1000,USD,-,1500
program,1687,جامعة أسكودار,Altunizade Main Campus,Altunizade Mh. University Street No:14 34662 Üsküdar / Istanbul / Turkey,علم الأعصاب,تركيا,إسطنبول,ماجستير مع أطروحة,التركية,متاح,2026-2027,4800,4800,4320,1000,USD,-,1500
program,1686,جامعة أسكودار,Altunizade Main Campus,Altunizade Mh. University Street No:14 34662 Üsküdar / Istanbul / Turkey,علم الأعصاب,تركيا,إسطنبول,ماجستير بدون أطروحة,التركية,متاح,2026-2027,4400,4400,3960,1000,USD,-,1500
program,1685,جامعة أسكودار,Altunizade Main Campus,Altunizade Mh. University Street No:14 34662 Üsküdar / Istanbul / Turkey,علم الأعصاب,تركيا,إسطنبول,ماجستير بدون أطروحة,الإنجليزية,متاح,2026-2027,4400,4400,3960,1000,USD,-,4400
program,1684,جامعة أسكودار,Altunizade Main Campus,Altunizade Mh. University Street No:14 34662 Üsküdar / Istanbul / Turkey,علم الأعصاب,تركيا,إسطنبول,ماجستير مع أطروحة,الإنجليزية,متاح,2026-2027,4800,4800,4320,1000,USD,-,4400
program,1683,جامعة أسكودار,Altunizade Main Campus,Altunizade Mh. University Street No:14 34662 Üsküdar / Istanbul / Turkey,القبالة,تركيا,إسطنبول,ماجستير بدون أطروحة,التركية,متاح,2026-2027,4400,4400,3960,1000,USD,-,1500
program,1682,جامعة أسكودار,Altunizade Main Campus,Altunizade Mh. University Street No:14 34662 Üsküdar / Istanbul / Turkey,القبالة,تركيا,إسطنبول,ماجستير مع أطروحة,التركية,متاح,2026-2027,4800,4800,4320,1000,USD,-,1500
program,1681,جامعة أسكودار,Altunizade Main Campus,Altunizade Mh. University Street No:14 34662 Üsküdar / Istanbul / Turkey,إدارة الصحة,تركيا,إسطنبول,ماجستير بدون أطروحة,التركية,متاح,2026-2027,4400,4400,3960,1000,USD,-,1500
program,1680,جامعة أسكودار,Altunizade Main Campus,Altunizade Mh. University Street No:14 34662 Üsküdar / Istanbul / Turkey,إدارة الصحة,تركيا,إسطنبول,ماجستير مع أطروحة,التركية,متاح,2026-2027,4800,4800,4320,1000,USD,-,1500
program,1679,جامعة أسكودار,Altunizade Main Campus,Altunizade Mh. University Street No:14 34662 Üsküdar / Istanbul / Turkey,المعلوماتية الصحية,تركيا,إسطنبول,ماجستير بدون أطروحة,التركية,متاح,2026-2027,4400,4400,3960,1000,USD,-,1500
program,1678,جامعة أسكودار,Altunizade Main Campus,Altunizade Mh. University Street No:14 34662 Üsküdar / Istanbul / Turkey,المعلوماتية الصحية,تركيا,إسطنبول,ماجستير مع أطروحة,التركية,متاح,2026-2027,4800,4800,4320,1000,USD,-,1500
program,1677,جامعة أسكودار,Altunizade Main Campus,Altunizade Mh. University Street No:14 34662 Üsküdar / Istanbul / Turkey,تمريض,تركيا,إسطنبول,ماجستير بدون أطروحة,التركية,متاح,2026-2027,4400,4400,3960,1000,USD,-,1500
program,1676,جامعة أسكودار,Altunizade Main Campus,Altunizade Mh. University Street No:14 34662 Üsküdar / Istanbul / Turkey,تمريض,تركيا,إسطنبول,ماجستير مع أطروحة,التركية,متاح,2026-2027,4800,4800,4320,1000,USD,-,1500
program,1675,جامعة أسكودار,Altunizade Main Campus,Altunizade Mh. University Street No:14 34662 Üsküdar / Istanbul / Turkey,تنمية الطفل,تركيا,إسطنبول,ماجستير بدون أطروحة,التركية,متاح,2026-2027,4400,4400,3960,1000,USD,-,1500
program,1674,جامعة أسكودار,Altunizade Main Campus,Altunizade Mh. University Street No:14 34662 Üsküdar / Istanbul / Turkey,تنمية الطفل,تركيا,إسطنبول,ماجستير مع أطروحة,التركية,متاح,2026-2027,4800,4800,4320,1000,USD,-,1500
program,1673,جامعة أسكودار,Altunizade Main Campus,Altunizade Mh. University Street No:14 34662 Üsküdar / Istanbul / Turkey,استشارات الإدمان وإعادة التأهيل,تركيا,إسطنبول,ماجستير بدون أطروحة,التركية,متاح,2026-2027,4400,4400,3960,1000,USD,-,1500
program,1672,جامعة أسكودار,Altunizade Main Campus,Altunizade Mh. University Street No:14 34662 Üsküdar / Istanbul / Turkey,استشارات الإدمان وإعادة التأهيل,تركيا,إسطنبول,ماجستير مع أطروحة,التركية,متاح,2026-2027,4800,4800,4320,1000,USD,-,1500
program,1671,جامعة أسكودار,Altunizade Main Campus,Altunizade Mh. University Street No:14 34662 Üsküdar / Istanbul / Turkey,فكر وتاريخ وأدب الحضارة الإسلامية,تركيا,إسطنبول,دكتوراه,التركية,متاح,2026-2027,13300,13300,11970,1000,USD,-,1500
program,1670,جامعة أسكودار,Altunizade Main Campus,Altunizade Mh. University Street No:14 34662 Üsküdar / Istanbul / Turkey,الثقافة والأدب الصوفي,تركيا,إسطنبول,ماجستير بدون أطروحة,التركية,متاح,2026-2027,7500,7500,6750,1000,USD,-,1500
program,1669,جامعة أسكودار,Altunizade Main Campus,Altunizade Mh. University Street No:14 34662 Üsküdar / Istanbul / Turkey,الثقافة والأدب الصوفي,تركيا,إسطنبول,ماجستير مع أطروحة,التركية,متاح,2026-2027,9150,9150,8235,1000,USD,-,1500
program,1668,جامعة أسكودار,Altunizade Main Campus,Altunizade Mh. University Street No:14 34662 Üsküdar / Istanbul / Turkey,تصميم الاتصالات المرئية,تركيا,إسطنبول,دكتوراه,التركية,متاح,2026-2027,7800,7800,7020,1000,USD,-,1500
program,1667,جامعة أسكودار,Altunizade Main Campus,Altunizade Mh. University Street No:14 34662 Üsküdar / Istanbul / Turkey,علم النفس,تركيا,إسطنبول,دكتوراه,التركية,متاح,2026-2027,19100,19100,17190,1000,USD,-,1500
program,1666,جامعة أسكودار,Altunizade Main Campus,Altunizade Mh. University Street No:14 34662 Üsküdar / Istanbul / Turkey,وسائل الإعلام الجديدة والاتصالات,تركيا,إسطنبول,دكتوراه,التركية,متاح,2026-2027,7800,7800,7020,1000,USD,-,1500
program,1665,جامعة أسكودار,Altunizade Main Campus,Altunizade Mh. University Street No:14 34662 Üsküdar / Istanbul / Turkey,العلاقات الدولية,تركيا,إسطنبول,دكتوراه,التركية,متاح,2026-2027,7800,7800,7020,1000,USD,-,1500
program,1664,جامعة أسكودار,Altunizade Main Campus,Altunizade Mh. University Street No:14 34662 Üsküdar / Istanbul / Turkey,تصميم الاتصالات المرئية,تركيا,إسطنبول,ماجستير بدون أطروحة,التركية,متاح,2026-2027,4400,4400,3960,1000,USD,-,1500
program,1663,جامعة أسكودار,Altunizade Main Campus,Altunizade Mh. University Street No:14 34662 Üsküdar / Istanbul / Turkey,تصميم الاتصالات المرئية,تركيا,إسطنبول,ماجستير مع أطروحة,التركية,متاح,2026-2027,4800,4800,4320,1000,USD,-,1500
program,1662,جامعة أسكودار,Altunizade Main Campus,Altunizade Mh. University Street No:14 34662 Üsküdar / Istanbul / Turkey,علم الاجتماع,تركيا,إسطنبول,ماجستير بدون أطروحة,التركية,متاح,2026-2027,4400,4400,3960,1000,USD,-,1500
program,1661,جامعة أسكودار,Altunizade Main Campus,Altunizade Mh. University Street No:14 34662 Üsküdar / Istanbul / Turkey,علم الاجتماع,تركيا,إسطنبول,ماجستير مع أطروحة,التركية,متاح,2026-2027,4800,4800,4320,1000,USD,-,1500
program,1660,جامعة أسكودار,Altunizade Main Campus,Altunizade Mh. University Street No:14 34662 Üsküdar / Istanbul / Turkey,العلاقات العامة والإعلان,تركيا,إسطنبول,ماجستير بدون أطروحة,التركية,متاح,2026-2027,4400,4400,3960,1000,USD,-,1500
program,1659,جامعة أسكودار,Altunizade Main Campus,Altunizade Mh. University Street No:14 34662 Üsküdar / Istanbul / Turkey,العلاقات العامة والإعلان,تركيا,إسطنبول,ماجستير مع أطروحة,التركية,متاح,2026-2027,4800,4800,4320,1000,USD,-,1500
program,1658,جامعة أسكودار,Altunizade Main Campus,Altunizade Mh. University Street No:14 34662 Üsküdar / Istanbul / Turkey,فلسفة,تركيا,إسطنبول,ماجستير بدون أطروحة,التركية,متاح,2026-2027,4400,4400,3960,1000,USD,-,1500
program,1657,جامعة أسكودار,Altunizade Main Campus,Altunizade Mh. University Street No:14 34662 Üsküdar / Istanbul / Turkey,فلسفة,تركيا,إسطنبول,ماجستير مع أطروحة,التركية,متاح,2026-2027,4800,4800,4320,1000,USD,-,1500
program,1656,جامعة أسكودار,Altunizade Main Campus,Altunizade Mh. University Street No:14 34662 Üsküdar / Istanbul / Turkey,الإعلام الجديد والصحافة,تركيا,إسطنبول,ماجستير بدون أطروحة,التركية,متاح,2026-2027,4400,4400,3960,1000,USD,-,1500
program,1655,جامعة أسكودار,Altunizade Main Campus,Altunizade Mh. University Street No:14 34662 Üsküdar / Istanbul / Turkey,الإعلام الجديد والصحافة,تركيا,إسطنبول,ماجستير مع أطروحة,التركية,متاح,2026-2027,4800,4800,4320,1000,USD,-,1500
program,1654,جامعة أسكودار,Altunizade Main Campus,Altunizade Mh. University Street No:14 34662 Üsküdar / Istanbul / Turkey,التسويق العصبي,تركيا,إسطنبول,ماجستير بدون أطروحة,التركية,متاح,2026-2027,4400,4400,3960,1000,USD,-,1500
program,1653,جامعة أسكودار,Altunizade Main Campus,Altunizade Mh. University Street No:14 34662 Üsküdar / Istanbul / Turkey,التسويق العصبي,تركيا,إسطنبول,ماجستير مع أطروحة,التركية,متاح,2026-2027,4800,4800,4320,1000,USD,-,1500
program,1652,جامعة أسكودار,Altunizade Main Campus,Altunizade Mh. University Street No:14 34662 Üsküdar / Istanbul / Turkey,دراسات الإعلام والثقافة,تركيا,إسطنبول,ماجستير بدون أطروحة,التركية,متاح,2026-2027,4400,4400,3960,1000,USD,-,1500
program,1651,جامعة أسكودار,Altunizade Main Campus,Altunizade Mh. University Street No:14 34662 Üsküdar / Istanbul / Turkey,دراسات الإعلام والثقافة,تركيا,إسطنبول,ماجستير مع أطروحة,التركية,متاح,2026-2027,4800,4800,4320,1000,USD,-,1500
program,1650,جامعة أسكودار,Altunizade Main Campus,Altunizade Mh. University Street No:14 34662 Üsküdar / Istanbul / Turkey,العلاقات الدولية,تركيا,إسطنبول,ماجستير بدون أطروحة,التركية,متاح,2026-2027,4400,4400,3960,1000,USD,-,1500
program,1649,جامعة أسكودار,Altunizade Main Campus,Altunizade Mh. University Street No:14 34662 Üsküdar / Istanbul / Turkey,العلاقات الدولية,تركيا,إسطنبول,ماجستير مع أطروحة,التركية,متاح,2026-2027,4800,4800,4320,1000,USD,-,1500
program,1648,جامعة أسكودار,Altunizade Main Campus,Altunizade Mh. University Street No:14 34662 Üsküdar / Istanbul / Turkey,استشارات عائلية,تركيا,إسطنبول,ماجستير بدون أطروحة,التركية,متاح,2026-2027,4400,4400,3960,1000,USD,-,1500
program,1647,جامعة أسكودار,Altunizade Main Campus,Altunizade Mh. University Street No:14 34662 Üsküdar / Istanbul / Turkey,استشارات عائلية,تركيا,إسطنبول,ماجستير مع أطروحة,التركية,متاح,2026-2027,4800,4800,4320,1000,USD,-,1500
program,1646,جامعة أسكودار,Altunizade Main Campus,Altunizade Mh. University Street No:14 34662 Üsküdar / Istanbul / Turkey,علم النفس العيادي,تركيا,إسطنبول,ماجستير بدون أطروحة,التركية,متاح,2026-2027,15200,15200,13680,1000,USD,-,1500
program,1645,جامعة أسكودار,Altunizade Main Campus,Altunizade Mh. University Street No:14 34662 Üsküdar / Istanbul / Turkey,علم النفس العيادي,تركيا,إسطنبول,ماجستير مع أطروحة,التركية,متاح,2026-2027,17400,17400,15660,1000,USD,-,1500
program,1644,جامعة أسكودار,Altunizade Main Campus,Altunizade Mh. University Street No:14 34662 Üsküdar / Istanbul / Turkey,علم النفس التطبيقي,تركيا,إسطنبول,ماجستير بدون أطروحة,التركية,متاح,2026-2027,6300,6300,5670,1000,USD,-,1500
program,1643,جامعة أسكودار,Altunizade Main Campus,Altunizade Mh. University Street No:14 34662 Üsküdar / Istanbul / Turkey,علم النفس التطبيقي,تركيا,إسطنبول,ماجستير مع أطروحة,التركية,متاح,2026-2027,7300,7300,6570,1000,USD,-,1500
program,1642,جامعة أسكودار,NP Health Campus,Saray Mahallesi Ahmet Tevfik İleri Caddesi No:5 Ümraniye / Istanbul,علاج النطق واللغة,تركيا,إسطنبول,بكالوريوس,التركية,متاح,2026-2027,4200,4200,3800,1000,USD,-,1500
program,1641,جامعة أسكودار,Çarşı Campus,Mimar Sinan Mah. Selman-ı Pak Cad. İsmail Dümbüllü Sok. No:4 34664 Üsküdar / Istanbul,العمل الاجتماعي,تركيا,إسطنبول,بكالوريوس,التركية,متاح,2026-2027,4200,4200,3800,1000,USD,-,1500
program,1640,جامعة أسكودار,NP Health Campus,Saray Mahallesi Ahmet Tevfik İleri Caddesi No:5 Ümraniye / Istanbul,العلاج الطبيعي والتأهيل,تركيا,إسطنبول,بكالوريوس,التركية,متاح,2026-2027,4200,4200,3800,1000,USD,-,1500
program,1639,جامعة أسكودار,NP Health Campus,Saray Mahallesi Ahmet Tevfik İleri Caddesi No:5 Ümraniye / Istanbul,نضح,تركيا,إسطنبول,بكالوريوس,التركية,متاح,2026-2027,4200,4200,3800,1000,USD,-,1500
program,1638,جامعة أسكودار,NP Health Campus,Saray Mahallesi Ahmet Tevfik İleri Caddesi No:5 Ümraniye / Istanbul,العلاج الوظيفي,تركيا,إسطنبول,بكالوريوس,التركية,متاح,2026-2027,4200,4200,3800,1000,USD,-,1500
program,1637,جامعة أسكودار,Çarşı Campus,Mimar Sinan Mah. Selman-ı Pak Cad. İsmail Dümbüllü Sok. No:4 34664 Üsküdar / Istanbul,الصحة والسلامة المهنية,تركيا,إسطنبول,بكالوريوس,التركية,متاح,2026-2027,4200,4200,3800,1000,USD,-,1500
program,1636,جامعة أسكودار,NP Health Campus,Saray Mahallesi Ahmet Tevfik İleri Caddesi No:5 Ümraniye / Istanbul,التغذية وعلم الحمية,تركيا,إسطنبول,بكالوريوس,التركية,متاح,2026-2027,4200,4200,3800,1000,USD,-,1500
program,1635,جامعة أسكودار,NP Health Campus,Saray Mahallesi Ahmet Tevfik İleri Caddesi No:5 Ümraniye / Istanbul,تمريض,تركيا,إسطنبول,بكالوريوس,التركية,متاح,2026-2027,4200,4200,3800,1000,USD,-,1500
program,1634,جامعة أسكودار,NP Health Campus,Saray Mahallesi Ahmet Tevfik İleri Caddesi No:5 Ümraniye / Istanbul,القبالة,تركيا,إسطنبول,بكالوريوس,التركية,متاح,2026-2027,4200,4200,3800,1000,USD,-,1500
program,1633,جامعة أسكودار,Çarşı Campus,Mimar Sinan Mah. Selman-ı Pak Cad. İsmail Dümbüllü Sok. No:4 34664 Üsküdar / Istanbul,إدارة الصحة,تركيا,إسطنبول,بكالوريوس,التركية,متاح,2026-2027,4200,4200,3800,1000,USD,-,1500
program,1632,جامعة أسكودار,Çarşı Campus,Mimar Sinan Mah. Selman-ı Pak Cad. İsmail Dümbüllü Sok. No:4 34664 Üsküdar / Istanbul,تنمية الطفل,تركيا,إسطنبول,بكالوريوس,التركية,متاح,2026-2027,4200,4200,3800,1000,USD,-,1500
program,1631,جامعة أسكودار,NP Health Campus,Saray Mahallesi Ahmet Tevfik İleri Caddesi No:5 Ümraniye / Istanbul,علم السمع,تركيا,إسطنبول,بكالوريوس,التركية,متاح,2026-2027,4200,4200,3800,1000,USD,-,1500
program,1630,جامعة أسكودار,Altunizade Main Campus,Altunizade Mh. University Street No:14 34662 Üsküdar / Istanbul / Turkey,هندسة البرمجيات,تركيا,إسطنبول,بكالوريوس,الإنجليزية,متاح,2026-2027,5600,5600,5000,1000,USD,-,4400
program,1629,جامعة أسكودار,Altunizade Main Campus,Altunizade Mh. University Street No:14 34662 Üsküdar / Istanbul / Turkey,البيولوجيا الجزيئية وعلم الوراثة,تركيا,إسطنبول,بكالوريوس,التركية,متاح,2026-2027,4200,4200,3800,1000,USD,-,1500
program,1628,جامعة أسكودار,Altunizade Main Campus,Altunizade Mh. University Street No:14 34662 Üsküdar / Istanbul / Turkey,البيولوجيا الجزيئية وعلم الوراثة,تركيا,إسطنبول,بكالوريوس,الإنجليزية,متاح,2026-2027,5000,5000,4500,1000,USD,-,4400
program,1627,جامعة أسكودار,Altunizade Main Campus,Altunizade Mh. University Street No:14 34662 Üsküdar / Istanbul / Turkey,الهندسة الصناعية,تركيا,إسطنبول,بكالوريوس,الإنجليزية,متاح,2026-2027,4400,4400,3960,1000,USD,-,4400
program,1626,جامعة أسكودار,Altunizade Main Campus,Altunizade Mh. University Street No:14 34662 Üsküdar / Istanbul / Turkey,علم الطب الشرعي,تركيا,إسطنبول,بكالوريوس,التركية,متاح,2026-2027,4200,4200,3800,1000,USD,-,1500
program,1625,جامعة أسكودار,Altunizade Main Campus,Altunizade Mh. University Street No:14 34662 Üsküdar / Istanbul / Turkey,الهندسة الكهربائية والإلكترونية,تركيا,إسطنبول,بكالوريوس,الإنجليزية,متاح,2026-2027,5000,5000,4500,1000,USD,-,4400
program,1624,جامعة أسكودار,Altunizade Main Campus,Altunizade Mh. University Street No:14 34662 Üsküdar / Istanbul / Turkey,هندسة الكمبيوتر,تركيا,إسطنبول,بكالوريوس,الإنجليزية,متاح,2026-2027,5600,5600,5000,1000,USD,-,4400
program,1623,جامعة أسكودار,Altunizade Main Campus,Altunizade Mh. University Street No:14 34662 Üsküdar / Istanbul / Turkey,الهندسة الكيميائية,تركيا,إسطنبول,بكالوريوس,الإنجليزية,متاح,2026-2027,5000,5000,4500,1000,USD,-,4400
program,1622,جامعة أسكودار,Altunizade Main Campus,Altunizade Mh. University Street No:14 34662 Üsküdar / Istanbul / Turkey,الهندسة الحيوية,تركيا,إسطنبول,بكالوريوس,الإنجليزية,متاح,2026-2027,5000,5000,4500,1000,USD,-,4400
program,1621,جامعة أسكودار,Altunizade South Campus,Altunizade Mh. Mahir Iz Cd. No:23 34674 Üsküdar / Istanbul / Turkey,علم الاجتماع,تركيا,إسطنبول,بكالوريوس,التركية,متاح,2026-2027,4200,4200,3800,1000,USD,-,1500
program,1620,جامعة أسكودار,Altunizade South Campus,Altunizade Mh. Mahir Iz Cd. No:23 34674 Üsküdar / Istanbul / Turkey,علم النفس,تركيا,إسطنبول,بكالوريوس,التركية,متاح,2026-2027,4200,4200,3800,1000,USD,-,1500
program,1619,جامعة أسكودار,Altunizade South Campus,Altunizade Mh. Mahir Iz Cd. No:23 34674 Üsküdar / Istanbul / Turkey,علم النفس,تركيا,إسطنبول,بكالوريوس,الإنجليزية,متاح,2026-2027,5600,5600,5000,1000,USD,-,4400
program,1618,جامعة أسكودار,Altunizade South Campus,Altunizade Mh. Mahir Iz Cd. No:23 34674 Üsküdar / Istanbul / Turkey,العلوم السياسية والعلاقات الدولية,تركيا,إسطنبول,بكالوريوس,التركية,متاح,2026-2027,4200,4200,3800,1000,USD,-,1500
program,1617,جامعة أسكودار,Altunizade South Campus,Altunizade Mh. Mahir Iz Cd. No:23 34674 Üsküdar / Istanbul / Turkey,العلوم السياسية والعلاقات الدولية,تركيا,إسطنبول,بكالوريوس,الإنجليزية,متاح,2026-2027,4400,4400,3960,1000,USD,-,4400
program,1616,جامعة أسكودار,Altunizade South Campus,Altunizade Mh. Mahir Iz Cd. No:23 34674 Üsküdar / Istanbul / Turkey,فلسفة,تركيا,إسطنبول,بكالوريوس,التركية,متاح,2026-2027,4200,4200,3800,1000,USD,-,1500
program,1615,جامعة أسكودار,Altunizade South Campus,Altunizade Mh. Mahir Iz Cd. No:23 34674 Üsküdar / Istanbul / Turkey,نظم المعلومات الإدارية,تركيا,إسطنبول,بكالوريوس,التركية,متاح,2026-2027,4200,4200,3800,1000,USD,-,1500
program,1614,جامعة أسكودار,Altunizade South Campus,Altunizade Mh. Mahir Iz Cd. No:23 34674 Üsküdar / Istanbul / Turkey,التاريخ,تركيا,إسطنبول,بكالوريوس,التركية,متاح,2026-2027,4200,4200,3800,1000,USD,-,1500
program,1613,جامعة أسكودار,Altunizade South Campus,Altunizade Mh. Mahir Iz Cd. No:23 34674 Üsküdar / Istanbul / Turkey,الترجمة التحريرية والفورية الإنجليزية,تركيا,إسطنبول,بكالوريوس,الإنجليزية,متاح,2026-2027,4400,4400,3960,1000,USD,-,4400
program,1612,جامعة أسكودار,Altunizade South Campus,Altunizade Mh. Mahir Iz Cd. No:23 34674 Üsküdar / Istanbul / Turkey,تصميم الاتصالات المرئية,تركيا,إسطنبول,بكالوريوس,التركية,متاح,2026-2027,4200,4200,3800,1000,USD,-,1500
program,1611,جامعة أسكودار,Altunizade South Campus,Altunizade Mh. Mahir Iz Cd. No:23 34674 Üsküdar / Istanbul / Turkey,الإذاعة والتلفزيون والسينما,تركيا,إسطنبول,بكالوريوس,التركية,متاح,2026-2027,4200,4200,3800,1000,USD,-,1500
program,1610,جامعة أسكودار,Altunizade South Campus,Altunizade Mh. Mahir Iz Cd. No:23 34674 Üsküdar / Istanbul / Turkey,العلاقات العامة والدعاية,تركيا,إسطنبول,بكالوريوس,التركية,متاح,2026-2027,4200,4200,3800,1000,USD,-,1500
program,1609,جامعة أسكودار,Altunizade South Campus,Altunizade Mh. Mahir Iz Cd. No:23 34674 Üsküdar / Istanbul / Turkey,وسائل الإعلام الجديدة والاتصالات,تركيا,إسطنبول,بكالوريوس,التركية,متاح,2026-2027,4200,4200,3800,1000,USD,-,1500
program,1608,جامعة أسكودار,Altunizade South Campus,Altunizade Mh. Mahir Iz Cd. No:23 34674 Üsküdar / Istanbul / Turkey,وسائل الإعلام الجديدة والاتصالات,تركيا,إسطنبول,بكالوريوس,الإنجليزية,متاح,2026-2027,4400,4400,3960,1000,USD,-,4400
program,1607,جامعة أسكودار,Altunizade South Campus,Altunizade Mh. Mahir Iz Cd. No:23 34674 Üsküdar / Istanbul / Turkey,الصحافة,تركيا,إسطنبول,بكالوريوس,التركية,متاح,2026-2027,4200,4200,3800,1000,USD,-,1500
program,1606,جامعة أسكودار,Altunizade South Campus,Altunizade Mh. Mahir Iz Cd. No:23 34674 Üsküdar / Istanbul / Turkey,الرسوم المتحركة والرسوم المتحركة,تركيا,إسطنبول,بكالوريوس,التركية,متاح,2026-2027,4200,4200,3800,1000,USD,-,1500
program,1605,جامعة أسكودار,Altunizade South Campus,Altunizade Mh. Mahir Iz Cd. No:23 34674 Üsküdar / Istanbul / Turkey,الإعلان,تركيا,إسطنبول,بكالوريوس,التركية,متاح,2026-2027,4200,4200,3800,1000,USD,-,1500
program,1604,جامعة أسكودار,NP Health Campus,Saray Mahallesi Ahmet Tevfik İleri Caddesi No:5 Ümraniye / Istanbul,طب الأسنان,تركيا,إسطنبول,بكالوريوس,التركية,متاح,2026-2027,16000,16000,14400,5000,USD,-,1500
program,1603,جامعة أسكودار,NP Health Campus,Saray Mahallesi Ahmet Tevfik İleri Caddesi No:5 Ümraniye / Istanbul,طب الأسنان,تركيا,إسطنبول,بكالوريوس,الإنجليزية,متاح,2026-2027,22000,22000,19800,5000,USD,-,4400
program,1602,جامعة أسكودار,Faculty of Medicine NP Campus,Saray Mahallesi Siteyolu Cd. No:10-13 Ümraniye / Istanbul / Turkey,الطب البشري,تركيا,إسطنبول,بكالوريوس,التركية,متاح,2026-2027,18000,18000,16200,5000,USD,-,1500
program,1601,جامعة أسكودار,Faculty of Medicine NP Campus,Saray Mahallesi Siteyolu Cd. No:10-13 Ümraniye / Istanbul / Turkey,الطب البشري,تركيا,إسطنبول,بكالوريوس,الإنجليزية,متاح,2026-2027,24000,24000,21600,5000,USD,-,4400
program,1600,جامعة إسطنبول أوكان,Mecidiyekoy Campus,Avni Dilligil Sok. No:18 34394 Mecidiyeköy / İstanbul,القانون العام,تركيا,إسطنبول,دكتوراه,التركية,متاح,2026-2027,7000,6650,6650,2500,USD,-,2000
program,1599,جامعة إسطنبول أوكان,Mecidiyekoy Campus,Avni Dilligil Sok. No:18 34394 Mecidiyeköy / İstanbul,القانون الخاص,تركيا,إسطنبول,دكتوراه,التركية,متاح,2026-2027,7000,6650,6650,2500,USD,-,2000
program,1598,جامعة إسطنبول أوكان,Mecidiyekoy Campus,Avni Dilligil Sok. No:18 34394 Mecidiyeköy / İstanbul,طب اللثة,تركيا,إسطنبول,دكتوراه,التركية,متاح,2026-2027,15000,14250,14250,2500,USD,-,2000
program,1597,جامعة إسطنبول أوكان,Mecidiyekoy Campus,Avni Dilligil Sok. No:18 34394 Mecidiyeköy / İstanbul,تقويم الأسنان,تركيا,إسطنبول,دكتوراه,التركية,متاح,2026-2027,15000,14250,14250,2500,USD,-,2000
program,1596,جامعة إسطنبول أوكان,Mecidiyekoy Campus,Avni Dilligil Sok. No:18 34394 Mecidiyeköy / İstanbul,التغذية وعلم الحمية,تركيا,إسطنبول,دكتوراه,التركية,متاح,2026-2027,7000,6650,6650,2500,USD,-,2000
program,1595,جامعة إسطنبول أوكان,Mecidiyekoy Campus,Avni Dilligil Sok. No:18 34394 Mecidiyeköy / İstanbul,تمريض,تركيا,إسطنبول,دكتوراه,التركية,متاح,2026-2027,7000,6650,6650,2500,USD,-,2000
program,1594,جامعة إسطنبول أوكان,Mecidiyekoy Campus,Avni Dilligil Sok. No:18 34394 Mecidiyeköy / İstanbul,الموسيقى,تركيا,إسطنبول,دكتوراه,التركية,متاح,2026-2027,7000,6650,6650,2500,USD,-,2000
program,1593,جامعة إسطنبول أوكان,Mecidiyekoy Campus,Avni Dilligil Sok. No:18 34394 Mecidiyeköy / İstanbul,هندسة الميكاترونكس,تركيا,إسطنبول,دكتوراه,الإنجليزية,متاح,2026-2027,9000,8550,8550,2500,USD,-,3000
program,1592,جامعة إسطنبول أوكان,Mecidiyekoy Campus,Avni Dilligil Sok. No:18 34394 Mecidiyeköy / İstanbul,تخطيط وإدارة الأراضي,تركيا,إسطنبول,دكتوراه,التركية,متاح,2026-2027,7000,6650,6650,2500,USD,-,2000
program,1591,جامعة إسطنبول أوكان,Mecidiyekoy Campus,Avni Dilligil Sok. No:18 34394 Mecidiyeköy / İstanbul,إدارة الصحة,تركيا,إسطنبول,دكتوراه,التركية,متاح,2026-2027,7000,6650,6650,2500,USD,-,2000
program,1590,جامعة إسطنبول أوكان,Mecidiyekoy Campus,Avni Dilligil Sok. No:18 34394 Mecidiyeköy / İstanbul,علاج جذور الأسنان,تركيا,إسطنبول,دكتوراه,التركية,متاح,2026-2027,15000,14250,14250,2500,USD,-,2000
program,1589,جامعة إسطنبول أوكان,Mecidiyekoy Campus,Avni Dilligil Sok. No:18 34394 Mecidiyeköy / İstanbul,الإدارة والإشراف التربوي,تركيا,إسطنبول,دكتوراه,التركية,متاح,2026-2027,7000,6650,6650,2500,USD,-,2000
program,1588,جامعة إسطنبول أوكان,Mecidiyekoy Campus,Avni Dilligil Sok. No:18 34394 Mecidiyeköy / İstanbul,هندسة الكمبيوتر,تركيا,إسطنبول,دكتوراه,التركية,متاح,2026-2027,7000,6650,6650,2500,USD,-,2000
program,1587,جامعة إسطنبول أوكان,Mecidiyekoy Campus,Avni Dilligil Sok. No:18 34394 Mecidiyeköy / İstanbul,السينما والتلفزيون,تركيا,إسطنبول,دكتوراه,التركية,متاح,2026-2027,7000,6650,6650,2500,USD,-,2000
program,1586,جامعة إسطنبول أوكان,Mecidiyekoy Campus,Avni Dilligil Sok. No:18 34394 Mecidiyeköy / İstanbul,إدارة الأعمال,تركيا,إسطنبول,دكتوراه,التركية,متاح,2026-2027,7000,6650,6650,2500,USD,-,2000
program,1585,جامعة إسطنبول أوكان,Mecidiyekoy Campus,Avni Dilligil Sok. No:18 34394 Mecidiyeköy / İstanbul,إدارة الأعمال,تركيا,إسطنبول,دكتوراه,الإنجليزية,متاح,2026-2027,9000,8550,8550,2500,USD,-,3000
program,1584,جامعة إسطنبول أوكان,Mecidiyekoy Campus,Avni Dilligil Sok. No:18 34394 Mecidiyeköy / İstanbul,الخدمات المصرفية,تركيا,إسطنبول,دكتوراه,التركية,متاح,2026-2027,7000,6650,6650,2500,USD,-,2000
program,1583,جامعة إسطنبول أوكان,Mecidiyekoy Campus,Avni Dilligil Sok. No:18 34394 Mecidiyeköy / İstanbul,العمارة,تركيا,إسطنبول,دكتوراه,التركية,متاح,2026-2027,7000,6650,6650,2500,USD,-,2000
program,1582,جامعة إسطنبول أوكان,Mecidiyekoy Campus,Avni Dilligil Sok. No:18 34394 Mecidiyeköy / İstanbul,العمارة,تركيا,إسطنبول,دكتوراه,الإنجليزية,متاح,2026-2027,9000,8550,8550,2500,USD,-,3000
program,1581,جامعة إسطنبول أوكان,Mecidiyekoy Campus,Avni Dilligil Sok. No:18 34394 Mecidiyeköy / İstanbul,علم النفس التطبيقي,تركيا,إسطنبول,دكتوراه,التركية,متاح,2026-2027,7000,6650,6650,2500,USD,-,2000
program,1580,جامعة إسطنبول أوكان,Mecidiyekoy Campus,Avni Dilligil Sok. No:18 34394 Mecidiyeköy / İstanbul,المحاسبة والتدقيق,تركيا,إسطنبول,دكتوراه,التركية,متاح,2026-2027,7000,6650,6650,2500,USD,-,2000
program,1579,جامعة إسطنبول أوكان,Mecidiyekoy Campus,Avni Dilligil Sok. No:18 34394 Mecidiyeköy / İstanbul,التجديد الحضري,تركيا,إسطنبول,ماجستير بدون أطروحة,التركية,متاح,2026-2027,3500,3325,3325,1000,USD,-,2000
program,1578,جامعة إسطنبول أوكان,Mecidiyekoy Campus,Avni Dilligil Sok. No:18 34394 Mecidiyeköy / İstanbul,التجديد الحضري,تركيا,إسطنبول,ماجستير مع أطروحة,التركية,متاح,2026-2027,4500,4275,4275,1000,USD,-,2000
program,1577,جامعة إسطنبول أوكان,Mecidiyekoy Campus,Avni Dilligil Sok. No:18 34394 Mecidiyeköy / İstanbul,دراسات الترجمة,تركيا,إسطنبول,ماجستير بدون أطروحة,التركية,متاح,2026-2027,3500,3325,3325,1000,USD,-,2000
program,1576,جامعة إسطنبول أوكان,Mecidiyekoy Campus,Avni Dilligil Sok. No:18 34394 Mecidiyeköy / İstanbul,دراسات الترجمة,تركيا,إسطنبول,ماجستير مع أطروحة,التركية,متاح,2026-2027,4500,4275,4275,1000,USD,-,2000
program,1575,جامعة إسطنبول أوكان,Mecidiyekoy Campus,Avni Dilligil Sok. No:18 34394 Mecidiyeköy / İstanbul,السياحة والضيافة,تركيا,إسطنبول,ماجستير بدون أطروحة,التركية,متاح,2026-2027,3500,3325,3325,1000,USD,-,2000
program,1574,جامعة إسطنبول أوكان,Mecidiyekoy Campus,Avni Dilligil Sok. No:18 34394 Mecidiyeköy / İstanbul,السياحة والضيافة,تركيا,إسطنبول,ماجستير مع أطروحة,التركية,متاح,2026-2027,4500,4275,4275,1000,USD,-,2000
program,1573,جامعة إسطنبول أوكان,Mecidiyekoy Campus,Avni Dilligil Sok. No:18 34394 Mecidiyeköy / İstanbul,إدارة السياحة,تركيا,إسطنبول,ماجستير مع أطروحة,التركية,متاح,2026-2027,4500,4275,4275,1000,USD,-,2000
program,1572,جامعة إسطنبول أوكان,Mecidiyekoy Campus,Avni Dilligil Sok. No:18 34394 Mecidiyeköy / İstanbul,فسيولوجيا الرياضة,تركيا,إسطنبول,ماجستير بدون أطروحة,التركية,متاح,2026-2027,3500,3325,3325,1000,USD,-,2000
program,1571,جامعة إسطنبول أوكان,Mecidiyekoy Campus,Avni Dilligil Sok. No:18 34394 Mecidiyeköy / İstanbul,فسيولوجيا الرياضة,تركيا,إسطنبول,ماجستير مع أطروحة,التركية,متاح,2026-2027,4500,4275,4275,1000,USD,-,2000
program,1570,جامعة إسطنبول أوكان,Mecidiyekoy Campus,Avni Dilligil Sok. No:18 34394 Mecidiyeköy / İstanbul,الإدارة الرياضية,تركيا,إسطنبول,ماجستير بدون أطروحة,التركية,متاح,2026-2027,3500,3325,3325,1000,USD,-,2000
program,1569,جامعة إسطنبول أوكان,Mecidiyekoy Campus,Avni Dilligil Sok. No:18 34394 Mecidiyeköy / İstanbul,الإدارة الرياضية,تركيا,إسطنبول,ماجستير مع أطروحة,التركية,متاح,2026-2027,4500,4275,4275,1000,USD,-,2000
program,1568,جامعة إسطنبول أوكان,Mecidiyekoy Campus,Avni Dilligil Sok. No:18 34394 Mecidiyeköy / İstanbul,الدراسات الاجتماعية والثقافية,تركيا,إسطنبول,ماجستير بدون أطروحة,التركية,متاح,2026-2027,3500,3325,3325,1000,USD,-,2000
program,1567,جامعة إسطنبول أوكان,Mecidiyekoy Campus,Avni Dilligil Sok. No:18 34394 Mecidiyeköy / İstanbul,الدراسات الاجتماعية والثقافية,تركيا,إسطنبول,ماجستير مع أطروحة,التركية,متاح,2026-2027,4500,4275,4275,1000,USD,-,2000
program,1566,جامعة إسطنبول أوكان,Mecidiyekoy Campus,Avni Dilligil Sok. No:18 34394 Mecidiyeköy / İstanbul,المبيعات والتسويق,تركيا,إسطنبول,ماجستير بدون أطروحة,التركية,متاح,2026-2027,3500,3325,3325,1000,USD,-,2000
program,1565,جامعة إسطنبول أوكان,Mecidiyekoy Campus,Avni Dilligil Sok. No:18 34394 Mecidiyeköy / İstanbul,المبيعات والتسويق,تركيا,إسطنبول,ماجستير مع أطروحة,التركية,متاح,2026-2027,4500,4275,4275,1000,USD,-,2000
program,1564,جامعة إسطنبول أوكان,Mecidiyekoy Campus,Avni Dilligil Sok. No:18 34394 Mecidiyeköy / İstanbul,التمويل العقاري والتقييم (تعليم عن بعد),تركيا,إسطنبول,ماجستير بدون أطروحة,التركية,متاح,2026-2027,3500,3325,3325,1000,USD,-,2000
program,1563,جامعة إسطنبول أوكان,Mecidiyekoy Campus,Avni Dilligil Sok. No:18 34394 Mecidiyeköy / İstanbul,التمويل العقاري والتقييم,تركيا,إسطنبول,ماجستير بدون أطروحة,التركية,متاح,2026-2027,3500,3325,3325,1000,USD,-,2000
program,1562,جامعة إسطنبول أوكان,Mecidiyekoy Campus,Avni Dilligil Sok. No:18 34394 Mecidiyeköy / İstanbul,التمويل العقاري والتقييم,تركيا,إسطنبول,ماجستير مع أطروحة,التركية,متاح,2026-2027,4500,4275,4275,1000,USD,-,2000
program,1561,جامعة إسطنبول أوكان,Mecidiyekoy Campus,Avni Dilligil Sok. No:18 34394 Mecidiyeköy / İstanbul,إدارة الجودة في الصحة,تركيا,إسطنبول,ماجستير بدون أطروحة,التركية,متاح,2026-2027,3500,3325,3325,1000,USD,-,2000
program,1560,جامعة إسطنبول أوكان,Mecidiyekoy Campus,Avni Dilligil Sok. No:18 34394 Mecidiyeköy / İstanbul,إدارة الجودة في الصحة,تركيا,إسطنبول,ماجستير مع أطروحة,التركية,متاح,2026-2027,4500,4275,4275,1000,USD,-,2000
program,1559,جامعة إسطنبول أوكان,Mecidiyekoy Campus,Avni Dilligil Sok. No:18 34394 Mecidiyeköy / İstanbul,القانون العام,تركيا,إسطنبول,ماجستير بدون أطروحة,التركية,متاح,2026-2027,3500,3325,3325,1000,USD,-,2000
program,1558,جامعة إسطنبول أوكان,Mecidiyekoy Campus,Avni Dilligil Sok. No:18 34394 Mecidiyeköy / İstanbul,القانون العام,تركيا,إسطنبول,ماجستير مع أطروحة,التركية,متاح,2026-2027,4500,4275,4275,1000,USD,-,2000
program,1557,جامعة إسطنبول أوكان,Mecidiyekoy Campus,Avni Dilligil Sok. No:18 34394 Mecidiyeköy / İstanbul,علم النفس,تركيا,إسطنبول,ماجستير بدون أطروحة,التركية,متاح,2026-2027,3500,3325,3325,1000,USD,-,2000
program,1556,جامعة إسطنبول أوكان,Mecidiyekoy Campus,Avni Dilligil Sok. No:18 34394 Mecidiyeköy / İstanbul,علم النفس,تركيا,إسطنبول,ماجستير مع أطروحة,التركية,متاح,2026-2027,4500,4275,4275,1000,USD,-,2000
program,1555,جامعة إسطنبول أوكان,Mecidiyekoy Campus,Avni Dilligil Sok. No:18 34394 Mecidiyeköy / İstanbul,القانون الخاص,تركيا,إسطنبول,ماجستير بدون أطروحة,التركية,متاح,2026-2027,3500,3325,3325,1000,USD,-,2000
program,1554,جامعة إسطنبول أوكان,Mecidiyekoy Campus,Avni Dilligil Sok. No:18 34394 Mecidiyeköy / İstanbul,القانون الخاص,تركيا,إسطنبول,ماجستير مع أطروحة,التركية,متاح,2026-2027,4500,4275,4275,1000,USD,-,2000
program,1553,جامعة إسطنبول أوكان,Mecidiyekoy Campus,Avni Dilligil Sok. No:18 34394 Mecidiyeköy / İstanbul,تعليم ما قبل المدرسة,تركيا,إسطنبول,ماجستير بدون أطروحة,التركية,متاح,2026-2027,3500,3325,3325,1000,USD,-,2000
program,1552,جامعة إسطنبول أوكان,Mecidiyekoy Campus,Avni Dilligil Sok. No:18 34394 Mecidiyeköy / İstanbul,تعليم ما قبل المدرسة,تركيا,إسطنبول,ماجستير مع أطروحة,التركية,متاح,2026-2027,4500,4275,4275,1000,USD,-,2000
program,1551,جامعة إسطنبول أوكان,Mecidiyekoy Campus,Avni Dilligil Sok. No:18 34394 Mecidiyeköy / İstanbul,إلكترونيات الطاقة وأنظمة الطاقة النظيفة,تركيا,إسطنبول,ماجستير مع أطروحة,الإنجليزية,متاح,2026-2027,6000,5700,5700,1000,USD,-,3000
program,1550,جامعة إسطنبول أوكان,Mecidiyekoy Campus,Avni Dilligil Sok. No:18 34394 Mecidiyeköy / İstanbul,العلاج الطبيعي والتأهيل,تركيا,إسطنبول,ماجستير بدون أطروحة,التركية,متاح,2026-2027,3500,3325,3325,1000,USD,-,2000
program,1549,جامعة إسطنبول أوكان,Mecidiyekoy Campus,Avni Dilligil Sok. No:18 34394 Mecidiyeköy / İstanbul,العلاج الطبيعي والتأهيل,تركيا,إسطنبول,ماجستير مع أطروحة,التركية,متاح,2026-2027,4500,4275,4275,1000,USD,-,2000
program,1548,جامعة إسطنبول أوكان,Mecidiyekoy Campus,Avni Dilligil Sok. No:18 34394 Mecidiyeköy / İstanbul,تلوين,تركيا,إسطنبول,ماجستير بدون أطروحة,التركية,متاح,2026-2027,3500,3325,3325,1000,USD,-,2000
program,1547,جامعة إسطنبول أوكان,Mecidiyekoy Campus,Avni Dilligil Sok. No:18 34394 Mecidiyeköy / İstanbul,تلوين,تركيا,إسطنبول,ماجستير مع أطروحة,التركية,متاح,2026-2027,4500,4275,4275,1000,USD,-,2000
program,1546,جامعة إسطنبول أوكان,Mecidiyekoy Campus,Avni Dilligil Sok. No:18 34394 Mecidiyeköy / İstanbul,جراحة الفم والوجه والفكين,تركيا,إسطنبول,ماجستير مع أطروحة,التركية,متاح,2026-2027,4500,4275,4275,1000,USD,-,2000
program,1545,جامعة إسطنبول أوكان,Mecidiyekoy Campus,Avni Dilligil Sok. No:18 34394 Mecidiyeköy / İstanbul,الصحة والسلامة المهنية,تركيا,إسطنبول,ماجستير بدون أطروحة,التركية,متاح,2026-2027,3500,3325,3325,1000,USD,-,2000
program,1544,جامعة إسطنبول أوكان,Mecidiyekoy Campus,Avni Dilligil Sok. No:18 34394 Mecidiyeköy / İstanbul,الصحة والسلامة المهنية,تركيا,إسطنبول,ماجستير مع أطروحة,التركية,متاح,2026-2027,4500,4275,4275,1000,USD,-,2000
program,1543,جامعة إسطنبول أوكان,Mecidiyekoy Campus,Avni Dilligil Sok. No:18 34394 Mecidiyeköy / İstanbul,التغذية وعلم الحمية,تركيا,إسطنبول,ماجستير بدون أطروحة,التركية,متاح,2026-2027,3500,3325,3325,1000,USD,-,2000
program,1542,جامعة إسطنبول أوكان,Mecidiyekoy Campus,Avni Dilligil Sok. No:18 34394 Mecidiyeköy / İstanbul,التغذية وعلم الحمية,تركيا,إسطنبول,ماجستير مع أطروحة,التركية,متاح,2026-2027,4500,4275,4275,1000,USD,-,2000
program,1541,جامعة إسطنبول أوكان,Mecidiyekoy Campus,Avni Dilligil Sok. No:18 34394 Mecidiyeköy / İstanbul,تمريض,تركيا,إسطنبول,ماجستير بدون أطروحة,التركية,متاح,2026-2027,3500,3325,3325,1000,USD,-,2000
program,1540,جامعة إسطنبول أوكان,Mecidiyekoy Campus,Avni Dilligil Sok. No:18 34394 Mecidiyeköy / İstanbul,تمريض,تركيا,إسطنبول,ماجستير مع أطروحة,التركية,متاح,2026-2027,4500,4275,4275,1000,USD,-,2000
program,1539,جامعة إسطنبول أوكان,Mecidiyekoy Campus,Avni Dilligil Sok. No:18 34394 Mecidiyeköy / İstanbul,الموسيقى,تركيا,إسطنبول,ماجستير بدون أطروحة,التركية,متاح,2026-2027,3500,3325,3325,1000,USD,-,2000
program,1538,جامعة إسطنبول أوكان,Mecidiyekoy Campus,Avni Dilligil Sok. No:18 34394 Mecidiyeköy / İstanbul,الموسيقى,تركيا,إسطنبول,ماجستير مع أطروحة,التركية,متاح,2026-2027,4500,4275,4275,1000,USD,-,2000
program,1537,جامعة إسطنبول أوكان,Mecidiyekoy Campus,Avni Dilligil Sok. No:18 34394 Mecidiyeköy / İstanbul,ماجستير إدارة الأعمال (MBA) (تعليم عن بعد),تركيا,إسطنبول,ماجستير بدون أطروحة,التركية,متاح,2026-2027,3500,3325,3325,1000,USD,-,2000
program,1536,جامعة إسطنبول أوكان,Mecidiyekoy Campus,Avni Dilligil Sok. No:18 34394 Mecidiyeköy / İstanbul,ماجستير إدارة الأعمال (MBA),تركيا,إسطنبول,ماجستير بدون أطروحة,التركية,متاح,2026-2027,3500,3325,3325,1000,USD,-,2000
program,1535,جامعة إسطنبول أوكان,Mecidiyekoy Campus,Avni Dilligil Sok. No:18 34394 Mecidiyeköy / İstanbul,ماجستير إدارة الأعمال (MBA),تركيا,إسطنبول,ماجستير بدون أطروحة,الإنجليزية,متاح,2026-2027,5000,4750,4750,1000,USD,-,3000
program,1534,جامعة إسطنبول أوكان,Mecidiyekoy Campus,Avni Dilligil Sok. No:18 34394 Mecidiyeköy / İstanbul,ماجستير إدارة الأعمال (MBA),تركيا,إسطنبول,ماجستير مع أطروحة,التركية,متاح,2026-2027,4500,4275,4275,1000,USD,-,2000
program,1533,جامعة إسطنبول أوكان,Mecidiyekoy Campus,Avni Dilligil Sok. No:18 34394 Mecidiyeköy / İstanbul,ماجستير إدارة الأعمال (MBA),تركيا,إسطنبول,ماجستير مع أطروحة,الإنجليزية,متاح,2026-2027,6000,5700,5700,1000,USD,-,3000
program,1532,جامعة إسطنبول أوكان,Mecidiyekoy Campus,Avni Dilligil Sok. No:18 34394 Mecidiyeköy / İstanbul,اتصالات التسويق,تركيا,إسطنبول,ماجستير مع أطروحة,التركية,متاح,2026-2027,4500,4275,4275,1000,USD,-,2000
program,1531,جامعة إسطنبول أوكان,Mecidiyekoy Campus,Avni Dilligil Sok. No:18 34394 Mecidiyeköy / İstanbul,التسويق,تركيا,إسطنبول,ماجستير بدون أطروحة,الإنجليزية,متاح,2026-2027,5000,4750,4750,1000,USD,-,3000
program,1530,جامعة إسطنبول أوكان,Mecidiyekoy Campus,Avni Dilligil Sok. No:18 34394 Mecidiyeköy / İstanbul,التسويق,تركيا,إسطنبول,ماجستير مع أطروحة,الإنجليزية,متاح,2026-2027,6000,5700,5700,1000,USD,-,3000
program,1529,جامعة إسطنبول أوكان,Mecidiyekoy Campus,Avni Dilligil Sok. No:18 34394 Mecidiyeköy / İstanbul,إدارة اللوجستيات (تعليم عن بعد),تركيا,إسطنبول,ماجستير بدون أطروحة,التركية,متاح,2026-2027,3500,3325,3325,1000,USD,-,2000
program,1528,جامعة إسطنبول أوكان,Mecidiyekoy Campus,Avni Dilligil Sok. No:18 34394 Mecidiyeköy / İstanbul,إدارة اللوجستيات,تركيا,إسطنبول,ماجستير بدون أطروحة,التركية,متاح,2026-2027,3500,3325,3325,1000,USD,-,2000
program,1527,جامعة إسطنبول أوكان,Mecidiyekoy Campus,Avni Dilligil Sok. No:18 34394 Mecidiyeköy / İstanbul,إدارة اللوجستيات,تركيا,إسطنبول,ماجستير مع أطروحة,التركية,متاح,2026-2027,4500,4275,4275,1000,USD,-,2000
program,1526,جامعة إسطنبول أوكان,Mecidiyekoy Campus,Avni Dilligil Sok. No:18 34394 Mecidiyeköy / İstanbul,الإدارات المحلية,تركيا,إسطنبول,ماجستير بدون أطروحة,التركية,متاح,2026-2027,3500,3325,3325,1000,USD,-,2000
program,1525,جامعة إسطنبول أوكان,Mecidiyekoy Campus,Avni Dilligil Sok. No:18 34394 Mecidiyeköy / İstanbul,الإدارات المحلية,تركيا,إسطنبول,ماجستير مع أطروحة,التركية,متاح,2026-2027,4500,4275,4275,1000,USD,-,2000
program,1524,جامعة إسطنبول أوكان,Mecidiyekoy Campus,Avni Dilligil Sok. No:18 34394 Mecidiyeköy / İstanbul,التجارة الدولية,تركيا,إسطنبول,ماجستير بدون أطروحة,التركية,متاح,2026-2027,3500,3325,3325,1000,USD,-,2000
program,1523,جامعة إسطنبول أوكان,Mecidiyekoy Campus,Avni Dilligil Sok. No:18 34394 Mecidiyeköy / İstanbul,التجارة الدولية,تركيا,إسطنبول,ماجستير بدون أطروحة,الإنجليزية,متاح,2026-2027,5000,4750,4750,1000,USD,-,3000
program,1522,جامعة إسطنبول أوكان,Mecidiyekoy Campus,Avni Dilligil Sok. No:18 34394 Mecidiyeköy / İstanbul,التجارة الدولية,تركيا,إسطنبول,ماجستير مع أطروحة,التركية,متاح,2026-2027,4500,4275,4275,1000,USD,-,2000
program,1521,جامعة إسطنبول أوكان,Mecidiyekoy Campus,Avni Dilligil Sok. No:18 34394 Mecidiyeköy / İstanbul,التجارة الدولية,تركيا,إسطنبول,ماجستير مع أطروحة,الإنجليزية,متاح,2026-2027,6000,5700,5700,1000,USD,-,3000
program,1520,جامعة إسطنبول أوكان,Mecidiyekoy Campus,Avni Dilligil Sok. No:18 34394 Mecidiyeköy / İstanbul,العلاقات الدولية,تركيا,إسطنبول,ماجستير بدون أطروحة,التركية,متاح,2026-2027,3500,3325,3325,1000,USD,-,2000
program,1519,جامعة إسطنبول أوكان,Mecidiyekoy Campus,Avni Dilligil Sok. No:18 34394 Mecidiyeköy / İstanbul,العلاقات الدولية,تركيا,إسطنبول,ماجستير مع أطروحة,التركية,متاح,2026-2027,4500,4275,4275,1000,USD,-,2000
program,1518,جامعة إسطنبول أوكان,Mecidiyekoy Campus,Avni Dilligil Sok. No:18 34394 Mecidiyeköy / İstanbul,اللوجستيات والنقل الدولي,تركيا,إسطنبول,ماجستير بدون أطروحة,التركية,متاح,2026-2027,3500,3325,3325,1000,USD,-,2000
program,1517,جامعة إسطنبول أوكان,Mecidiyekoy Campus,Avni Dilligil Sok. No:18 34394 Mecidiyeköy / İstanbul,اللوجستيات والنقل الدولي,تركيا,إسطنبول,ماجستير مع أطروحة,التركية,متاح,2026-2027,4500,4275,4275,1000,USD,-,2000
program,1516,جامعة إسطنبول أوكان,Mecidiyekoy Campus,Avni Dilligil Sok. No:18 34394 Mecidiyeköy / İstanbul,الهندسة المعمارية الداخلية والتصميم البيئي,تركيا,إسطنبول,ماجستير بدون أطروحة,التركية,متاح,2026-2027,3500,3325,3325,1000,USD,-,2000
program,1515,جامعة إسطنبول أوكان,Mecidiyekoy Campus,Avni Dilligil Sok. No:18 34394 Mecidiyeköy / İstanbul,الهندسة المعمارية الداخلية والتصميم البيئي,تركيا,إسطنبول,ماجستير مع أطروحة,التركية,متاح,2026-2027,4500,4275,4275,1000,USD,-,2000
program,1514,جامعة إسطنبول أوكان,Mecidiyekoy Campus,Avni Dilligil Sok. No:18 34394 Mecidiyeköy / İstanbul,قانون تكنولوجيا المعلومات,تركيا,إسطنبول,ماجستير بدون أطروحة,التركية,متاح,2026-2027,3500,3325,3325,1000,USD,-,2000
program,1513,جامعة إسطنبول أوكان,Mecidiyekoy Campus,Avni Dilligil Sok. No:18 34394 Mecidiyeköy / İstanbul,قانون تكنولوجيا المعلومات,تركيا,إسطنبول,ماجستير مع أطروحة,التركية,متاح,2026-2027,4500,4275,4275,1000,USD,-,2000
program,1512,جامعة إسطنبول أوكان,Mecidiyekoy Campus,Avni Dilligil Sok. No:18 34394 Mecidiyeköy / İstanbul,نظم وتقنيات المعلومات,تركيا,إسطنبول,ماجستير بدون أطروحة,التركية,متاح,2026-2027,3500,3325,3325,1000,USD,-,2000
program,1511,جامعة إسطنبول أوكان,Mecidiyekoy Campus,Avni Dilligil Sok. No:18 34394 Mecidiyeköy / İstanbul,نظم وتقنيات المعلومات,تركيا,إسطنبول,ماجستير مع أطروحة,التركية,متاح,2026-2027,4500,4275,4275,1000,USD,-,2000
program,1510,جامعة إسطنبول أوكان,Mecidiyekoy Campus,Avni Dilligil Sok. No:18 34394 Mecidiyeköy / İstanbul,نظم وتقنيات المعلومات,تركيا,إسطنبول,ماجستير بدون أطروحة,الإنجليزية,متاح,2026-2027,5000,4750,4750,1000,USD,-,3000
program,1509,جامعة إسطنبول أوكان,Mecidiyekoy Campus,Avni Dilligil Sok. No:18 34394 Mecidiyeköy / İstanbul,نظم وتقنيات المعلومات,تركيا,إسطنبول,ماجستير مع أطروحة,الإنجليزية,متاح,2026-2027,6000,5700,5700,1000,USD,-,3000
program,1508,جامعة إسطنبول أوكان,Mecidiyekoy Campus,Avni Dilligil Sok. No:18 34394 Mecidiyeköy / İstanbul,إدارة الموارد البشرية,تركيا,إسطنبول,ماجستير بدون أطروحة,التركية,متاح,2026-2027,3500,3325,3325,1000,USD,-,2000
program,1507,جامعة إسطنبول أوكان,Mecidiyekoy Campus,Avni Dilligil Sok. No:18 34394 Mecidiyeköy / İstanbul,إدارة الموارد البشرية,تركيا,إسطنبول,ماجستير مع أطروحة,التركية,متاح,2026-2027,4500,4275,4275,1000,USD,-,2000
program,1506,جامعة إسطنبول أوكان,Mecidiyekoy Campus,Avni Dilligil Sok. No:18 34394 Mecidiyeköy / İstanbul,إدارة الرعاية الصحية,تركيا,إسطنبول,ماجستير بدون أطروحة,التركية,متاح,2026-2027,3500,3325,3325,1000,USD,-,2000
program,1505,جامعة إسطنبول أوكان,Mecidiyekoy Campus,Avni Dilligil Sok. No:18 34394 Mecidiyeköy / İstanbul,إدارة الرعاية الصحية,تركيا,إسطنبول,ماجستير مع أطروحة,التركية,متاح,2026-2027,4500,4275,4275,1000,USD,-,2000
program,1504,جامعة إسطنبول أوكان,Mecidiyekoy Campus,Avni Dilligil Sok. No:18 34394 Mecidiyeköy / İstanbul,الجيوتقنية,تركيا,إسطنبول,ماجستير بدون أطروحة,التركية,متاح,2026-2027,3500,3325,3325,1000,USD,-,2000
program,1503,جامعة إسطنبول أوكان,Mecidiyekoy Campus,Avni Dilligil Sok. No:18 34394 Mecidiyeköy / İstanbul,الجيوتقنية,تركيا,إسطنبول,ماجستير مع أطروحة,التركية,متاح,2026-2027,4500,4275,4275,1000,USD,-,2000
program,1502,جامعة إسطنبول أوكان,Mecidiyekoy Campus,Avni Dilligil Sok. No:18 34394 Mecidiyeköy / İstanbul,هندسة الجيوماتكس,تركيا,إسطنبول,ماجستير بدون أطروحة,التركية,متاح,2026-2027,3500,3325,3325,1000,USD,-,2000
program,1501,جامعة إسطنبول أوكان,Mecidiyekoy Campus,Avni Dilligil Sok. No:18 34394 Mecidiyeköy / İstanbul,هندسة الجيوماتكس,تركيا,إسطنبول,ماجستير مع أطروحة,التركية,متاح,2026-2027,4500,4275,4275,1000,USD,-,2000
program,1500,جامعة إسطنبول أوكان,Mecidiyekoy Campus,Avni Dilligil Sok. No:18 34394 Mecidiyeköy / İstanbul,فن الطهو,تركيا,إسطنبول,ماجستير بدون أطروحة,التركية,متاح,2026-2027,3500,3325,3325,1000,USD,-,2000
program,1499,جامعة إسطنبول أوكان,Mecidiyekoy Campus,Avni Dilligil Sok. No:18 34394 Mecidiyeköy / İstanbul,فن الطهو,تركيا,إسطنبول,ماجستير بدون أطروحة,الإنجليزية,متاح,2026-2027,5000,4750,4750,1000,USD,-,3000
program,1498,جامعة إسطنبول أوكان,Mecidiyekoy Campus,Avni Dilligil Sok. No:18 34394 Mecidiyeköy / İstanbul,فن الطهو,تركيا,إسطنبول,ماجستير مع أطروحة,التركية,متاح,2026-2027,4500,4275,4275,1000,USD,-,2000
program,1497,جامعة إسطنبول أوكان,Mecidiyekoy Campus,Avni Dilligil Sok. No:18 34394 Mecidiyeköy / İstanbul,فن الطهو,تركيا,إسطنبول,ماجستير مع أطروحة,الإنجليزية,متاح,2026-2027,6000,5700,5700,1000,USD,-,3000
program,1496,جامعة إسطنبول أوكان,Mecidiyekoy Campus,Avni Dilligil Sok. No:18 34394 Mecidiyeköy / İstanbul,المالية,تركيا,إسطنبول,ماجستير بدون أطروحة,الإنجليزية,متاح,2026-2027,5000,4750,4750,1000,USD,-,3000
program,1495,جامعة إسطنبول أوكان,Mecidiyekoy Campus,Avni Dilligil Sok. No:18 34394 Mecidiyeköy / İstanbul,المالية,تركيا,إسطنبول,ماجستير مع أطروحة,الإنجليزية,متاح,2026-2027,6000,5700,5700,1000,USD,-,3000
program,1494,جامعة إسطنبول أوكان,Mecidiyekoy Campus,Avni Dilligil Sok. No:18 34394 Mecidiyeköy / İstanbul,المالية,تركيا,إسطنبول,ماجستير بدون أطروحة,التركية,متاح,2026-2027,3500,3325,3325,1000,USD,-,2000
program,1493,جامعة إسطنبول أوكان,Mecidiyekoy Campus,Avni Dilligil Sok. No:18 34394 Mecidiyeköy / İstanbul,المالية,تركيا,إسطنبول,ماجستير مع أطروحة,التركية,متاح,2026-2027,4500,4275,4275,1000,USD,-,2000
program,1492,جامعة إسطنبول أوكان,Mecidiyekoy Campus,Avni Dilligil Sok. No:18 34394 Mecidiyeköy / İstanbul,تصميم الأزياء,تركيا,إسطنبول,ماجستير بدون أطروحة,التركية,متاح,2026-2027,3500,3325,3325,1000,USD,-,2000
program,1491,جامعة إسطنبول أوكان,Mecidiyekoy Campus,Avni Dilligil Sok. No:18 34394 Mecidiyeköy / İstanbul,تصميم الأزياء,تركيا,إسطنبول,ماجستير مع أطروحة,التركية,متاح,2026-2027,4500,4275,4275,1000,USD,-,2000
program,1490,جامعة إسطنبول أوكان,Mecidiyekoy Campus,Avni Dilligil Sok. No:18 34394 Mecidiyeköy / İstanbul,هندسة المتفجرات,تركيا,إسطنبول,ماجستير بدون أطروحة,التركية,متاح,2026-2027,3500,3325,3325,1000,USD,-,2000
program,1489,جامعة إسطنبول أوكان,Mecidiyekoy Campus,Avni Dilligil Sok. No:18 34394 Mecidiyeköy / İstanbul,هندسة المتفجرات,تركيا,إسطنبول,ماجستير مع أطروحة,التركية,متاح,2026-2027,4500,4275,4275,1000,USD,-,2000
program,1488,جامعة إسطنبول أوكان,Mecidiyekoy Campus,Avni Dilligil Sok. No:18 34394 Mecidiyeköy / İstanbul,ريادة الأعمال,تركيا,إسطنبول,ماجستير بدون أطروحة,التركية,متاح,2026-2027,3500,3325,3325,1000,USD,-,2000
program,1487,جامعة إسطنبول أوكان,Mecidiyekoy Campus,Avni Dilligil Sok. No:18 34394 Mecidiyeköy / İstanbul,ريادة الأعمال,تركيا,إسطنبول,ماجستير مع أطروحة,التركية,متاح,2026-2027,4500,4275,4275,1000,USD,-,2000
program,1486,جامعة إسطنبول أوكان,Mecidiyekoy Campus,Avni Dilligil Sok. No:18 34394 Mecidiyeköy / İstanbul,الإدارة الهندسية,تركيا,إسطنبول,ماجستير بدون أطروحة,التركية,متاح,2026-2027,3500,3325,3325,1000,USD,-,2000
program,1485,جامعة إسطنبول أوكان,Mecidiyekoy Campus,Avni Dilligil Sok. No:18 34394 Mecidiyeköy / İstanbul,الإدارة الهندسية,تركيا,إسطنبول,ماجستير مع أطروحة,التركية,متاح,2026-2027,4500,4275,4275,1000,USD,-,2000
program,1484,جامعة إسطنبول أوكان,Mecidiyekoy Campus,Avni Dilligil Sok. No:18 34394 Mecidiyeköy / İstanbul,الإدارة والإشراف التربوي,تركيا,إسطنبول,ماجستير بدون أطروحة,التركية,متاح,2026-2027,3500,3325,3325,1000,USD,-,2000
program,1483,جامعة إسطنبول أوكان,Mecidiyekoy Campus,Avni Dilligil Sok. No:18 34394 Mecidiyeköy / İstanbul,الإدارة والإشراف التربوي,تركيا,إسطنبول,ماجستير مع أطروحة,التركية,متاح,2026-2027,4500,4275,4275,1000,USD,-,2000
program,1482,جامعة إسطنبول أوكان,Mecidiyekoy Campus,Avni Dilligil Sok. No:18 34394 Mecidiyeköy / İstanbul,القانون الاقتصادي,تركيا,إسطنبول,ماجستير بدون أطروحة,التركية,متاح,2026-2027,3500,3325,3325,1000,USD,-,2000
program,1481,جامعة إسطنبول أوكان,Mecidiyekoy Campus,Avni Dilligil Sok. No:18 34394 Mecidiyeköy / İstanbul,القانون الاقتصادي,تركيا,إسطنبول,ماجستير مع أطروحة,التركية,متاح,2026-2027,4500,4275,4275,1000,USD,-,2000
program,1480,جامعة إسطنبول أوكان,Mecidiyekoy Campus,Avni Dilligil Sok. No:18 34394 Mecidiyeköy / İstanbul,هندسة الكمبيوتر,تركيا,إسطنبول,ماجستير بدون أطروحة,التركية,متاح,2026-2027,3500,3325,3325,1000,USD,-,2000
program,1479,جامعة إسطنبول أوكان,Mecidiyekoy Campus,Avni Dilligil Sok. No:18 34394 Mecidiyeköy / İstanbul,هندسة الكمبيوتر,تركيا,إسطنبول,ماجستير مع أطروحة,التركية,متاح,2026-2027,4500,4275,4275,1000,USD,-,2000
program,1478,جامعة إسطنبول أوكان,Mecidiyekoy Campus,Avni Dilligil Sok. No:18 34394 Mecidiyeköy / İstanbul,علم النفس العيادي,تركيا,إسطنبول,ماجستير بدون أطروحة,التركية,متاح,2026-2027,23750,22565,22565,2500,USD,-,2000
program,1477,جامعة إسطنبول أوكان,Mecidiyekoy Campus,Avni Dilligil Sok. No:18 34394 Mecidiyeköy / İstanbul,علم النفس العيادي,تركيا,إسطنبول,ماجستير مع أطروحة,التركية,متاح,2026-2027,28500,27075,27075,2500,USD,-,2000
program,1476,جامعة إسطنبول أوكان,Mecidiyekoy Campus,Avni Dilligil Sok. No:18 34394 Mecidiyeköy / İstanbul,الهندسة المدنية,تركيا,إسطنبول,ماجستير مع أطروحة,التركية,متاح,2026-2027,4500,4275,4275,1000,USD,-,2000
program,1475,جامعة إسطنبول أوكان,Mecidiyekoy Campus,Avni Dilligil Sok. No:18 34394 Mecidiyeköy / İstanbul,السينما والتلفزيون,تركيا,إسطنبول,ماجستير بدون أطروحة,التركية,متاح,2026-2027,3500,3325,3325,1000,USD,-,2000
program,1474,جامعة إسطنبول أوكان,Mecidiyekoy Campus,Avni Dilligil Sok. No:18 34394 Mecidiyeköy / İstanbul,السينما والتلفزيون,تركيا,إسطنبول,ماجستير مع أطروحة,التركية,متاح,2026-2027,4500,4275,4275,1000,USD,-,2000
program,1473,جامعة إسطنبول أوكان,Mecidiyekoy Campus,Avni Dilligil Sok. No:18 34394 Mecidiyeköy / İstanbul,تنمية الطفل والتعليم,تركيا,إسطنبول,ماجستير بدون أطروحة,التركية,متاح,2026-2027,3500,3325,3325,1000,USD,-,2000
program,1472,جامعة إسطنبول أوكان,Mecidiyekoy Campus,Avni Dilligil Sok. No:18 34394 Mecidiyeköy / İstanbul,تنمية الطفل والتعليم,تركيا,إسطنبول,ماجستير مع أطروحة,التركية,متاح,2026-2027,4500,4275,4275,1000,USD,-,2000
program,1471,جامعة إسطنبول أوكان,Mecidiyekoy Campus,Avni Dilligil Sok. No:18 34394 Mecidiyeköy / İstanbul,البنوك والتمويل,تركيا,إسطنبول,ماجستير مع أطروحة,التركية,متاح,2026-2027,4500,4275,4275,1000,USD,-,2000
program,1470,جامعة إسطنبول أوكان,Mecidiyekoy Campus,Avni Dilligil Sok. No:18 34394 Mecidiyeköy / İstanbul,الخدمات المصرفية (تعليم عن بعد),تركيا,إسطنبول,ماجستير بدون أطروحة,التركية,متاح,2026-2027,3500,3325,3325,1000,USD,-,2000
program,1469,جامعة إسطنبول أوكان,Mecidiyekoy Campus,Avni Dilligil Sok. No:18 34394 Mecidiyeköy / İstanbul,الخدمات المصرفية,تركيا,إسطنبول,ماجستير بدون أطروحة,التركية,متاح,2026-2027,3500,3325,3325,1000,USD,-,2000
program,1468,جامعة إسطنبول أوكان,Mecidiyekoy Campus,Avni Dilligil Sok. No:18 34394 Mecidiyeköy / İstanbul,الخدمات المصرفية,تركيا,إسطنبول,ماجستير مع أطروحة,التركية,متاح,2026-2027,4500,4275,4275,1000,USD,-,2000
program,1467,جامعة إسطنبول أوكان,Mecidiyekoy Campus,Avni Dilligil Sok. No:18 34394 Mecidiyeköy / İstanbul,ميكاترونكس السيارات والمركبات الذكية,تركيا,إسطنبول,ماجستير مع أطروحة,الإنجليزية,متاح,2026-2027,6000,5700,5700,1000,USD,-,3000
program,1466,جامعة إسطنبول أوكان,Mecidiyekoy Campus,Avni Dilligil Sok. No:18 34394 Mecidiyeköy / İstanbul,هندسة الذكاء الاصطناعي,تركيا,إسطنبول,ماجستير بدون أطروحة,الإنجليزية,متاح,2026-2027,5000,4750,4750,1000,USD,-,3000
program,1465,جامعة إسطنبول أوكان,Mecidiyekoy Campus,Avni Dilligil Sok. No:18 34394 Mecidiyeköy / İstanbul,هندسة الذكاء الاصطناعي,تركيا,إسطنبول,ماجستير مع أطروحة,الإنجليزية,متاح,2026-2027,6000,5700,5700,1000,USD,-,3000
program,1464,جامعة إسطنبول أوكان,Mecidiyekoy Campus,Avni Dilligil Sok. No:18 34394 Mecidiyeköy / İstanbul,العمارة,تركيا,إسطنبول,ماجستير بدون أطروحة,التركية,متاح,2026-2027,3500,3325,3325,1000,USD,-,2000
program,1463,جامعة إسطنبول أوكان,Mecidiyekoy Campus,Avni Dilligil Sok. No:18 34394 Mecidiyeköy / İstanbul,العمارة,تركيا,إسطنبول,ماجستير مع أطروحة,التركية,متاح,2026-2027,4500,4275,4275,1000,USD,-,2000
program,1462,جامعة إسطنبول أوكان,Mecidiyekoy Campus,Avni Dilligil Sok. No:18 34394 Mecidiyeköy / İstanbul,العمارة,تركيا,إسطنبول,ماجستير مع أطروحة,الإنجليزية,متاح,2026-2027,6000,5700,5700,1000,USD,-,3000
program,1461,جامعة إسطنبول أوكان,Mecidiyekoy Campus,Avni Dilligil Sok. No:18 34394 Mecidiyeköy / İstanbul,طب الأسنان الترميمي التجميلي,تركيا,إسطنبول,ماجستير مع أطروحة,التركية,متاح,2026-2027,4500,4275,4275,1000,USD,-,2000
program,1460,جامعة إسطنبول أوكان,Mecidiyekoy Campus,Avni Dilligil Sok. No:18 34394 Mecidiyeköy / İstanbul,الإلكترونيات المتقدمة وتكنولوجيا الاتصالات,تركيا,إسطنبول,ماجستير مع أطروحة,الإنجليزية,متاح,2026-2027,6000,5700,5700,1000,USD,-,3000
program,1459,جامعة إسطنبول أوكان,Mecidiyekoy Campus,Avni Dilligil Sok. No:18 34394 Mecidiyeköy / İstanbul,المحاسبة والتدقيق (تعليم عن بعد),تركيا,إسطنبول,ماجستير بدون أطروحة,التركية,متاح,2026-2027,3500,3325,3325,1000,USD,-,2000
program,1458,جامعة إسطنبول أوكان,Mecidiyekoy Campus,Avni Dilligil Sok. No:18 34394 Mecidiyeköy / İstanbul,المحاسبة والتدقيق,تركيا,إسطنبول,ماجستير بدون أطروحة,التركية,متاح,2026-2027,3500,3325,3325,1000,USD,-,2000
program,1457,جامعة إسطنبول أوكان,Mecidiyekoy Campus,Avni Dilligil Sok. No:18 34394 Mecidiyeköy / İstanbul,المحاسبة والتدقيق,تركيا,إسطنبول,ماجستير مع أطروحة,التركية,متاح,2026-2027,4500,4275,4275,1000,USD,-,2000
program,1456,جامعة إسطنبول أوكان,Mecidiyekoy Campus,Avni Dilligil Sok. No:18 34394 Mecidiyeköy / İstanbul,علم التشريح,تركيا,إسطنبول,ماجستير مع أطروحة,التركية,متاح,2026-2027,4500,4275,4275,1000,USD,-,2000
program,1455,جامعة إسطنبول أوكان,Tuzla Campus,Tepeören Mah. Ballıca Yolu Cad. İstanbul Okan Üniversitesi Rektörlük Blok No: 11/11 Tuzla / İstanbul,المسرح,تركيا,إسطنبول,بكالوريوس,التركية,متاح,2026-2027,4500,4275,4275,1000,USD,-,2000
program,1454,جامعة إسطنبول أوكان,Tuzla Campus,Tepeören Mah. Ballıca Yolu Cad. İstanbul Okan Üniversitesi Rektörlük Blok No: 11/11 Tuzla / İstanbul,الموسيقى,تركيا,إسطنبول,بكالوريوس,التركية,متاح,2026-2027,4500,4275,4275,1000,USD,-,2000
program,1453,جامعة إسطنبول أوكان,Tuzla Campus,Tepeören Mah. Ballıca Yolu Cad. İstanbul Okan Üniversitesi Rektörlük Blok No: 11/11 Tuzla / İstanbul,تدريس التربية الخاصة,تركيا,إسطنبول,بكالوريوس,التركية,متاح,2026-2027,4500,4275,4275,1000,USD,-,2000
program,1452,جامعة إسطنبول أوكان,Tuzla Campus,Tepeören Mah. Ballıca Yolu Cad. İstanbul Okan Üniversitesi Rektörlük Blok No: 11/11 Tuzla / İstanbul,الإرشاد والتوجيه النفسي,تركيا,إسطنبول,بكالوريوس,التركية,متاح,2026-2027,4500,4275,4275,1000,USD,-,2000
program,1451,جامعة إسطنبول أوكان,Tuzla Campus,Tepeören Mah. Ballıca Yolu Cad. İstanbul Okan Üniversitesi Rektörlük Blok No: 11/11 Tuzla / İstanbul,تعليم ما قبل المدرسة,تركيا,إسطنبول,بكالوريوس,التركية,متاح,2026-2027,4500,4275,4275,1000,USD,-,2000
program,1450,جامعة إسطنبول أوكان,Tuzla Campus,Tepeören Mah. Ballıca Yolu Cad. İstanbul Okan Üniversitesi Rektörlük Blok No: 11/11 Tuzla / İstanbul,تدريس اللغة الإنجليزية,تركيا,إسطنبول,بكالوريوس,الإنجليزية,متاح,2026-2027,5000,4750,4750,1000,USD,-,3000
program,1449,جامعة إسطنبول أوكان,Tuzla Campus,Tepeören Mah. Ballıca Yolu Cad. İstanbul Okan Üniversitesi Rektörlük Blok No: 11/11 Tuzla / İstanbul,الترجمة التحريرية والشفهية (الروسية),تركيا,إسطنبول,بكالوريوس,الروسية والتركية,متاح,2026-2027,4500,4275,4275,1000,USD,-,2000
program,1448,جامعة إسطنبول أوكان,Tuzla Campus,Tepeören Mah. Ballıca Yolu Cad. İstanbul Okan Üniversitesi Rektörlük Blok No: 11/11 Tuzla / İstanbul,علم النفس,تركيا,إسطنبول,بكالوريوس,الإنجليزية,متاح,2026-2027,5000,4750,4750,1000,USD,-,3000
program,1447,جامعة إسطنبول أوكان,Tuzla Campus,Tepeören Mah. Ballıca Yolu Cad. İstanbul Okan Üniversitesi Rektörlük Blok No: 11/11 Tuzla / İstanbul,علم النفس,تركيا,إسطنبول,بكالوريوس,التركية,متاح,2026-2027,4500,4275,4275,1000,USD,-,2000
program,1446,جامعة إسطنبول أوكان,Tuzla Campus,Tepeören Mah. Ballıca Yolu Cad. İstanbul Okan Üniversitesi Rektörlük Blok No: 11/11 Tuzla / İstanbul,الترجمة التحريرية والشفهية (الإنجليزية),تركيا,إسطنبول,بكالوريوس,الإنجليزية والتركية,متاح,2026-2027,5000,4750,4750,1000,USD,-,3000
program,1445,جامعة إسطنبول أوكان,Tuzla Campus,Tepeören Mah. Ballıca Yolu Cad. İstanbul Okan Üniversitesi Rektörlük Blok No: 11/11 Tuzla / İstanbul,الترجمة والترجمة الفورية (الصينية),تركيا,إسطنبول,بكالوريوس,الصينية والتركية,متاح,2026-2027,4500,4275,4275,1000,USD,-,2000
program,1444,جامعة إسطنبول أوكان,Tuzla Campus,Tepeören Mah. Ballıca Yolu Cad. İstanbul Okan Üniversitesi Rektörlük Blok No: 11/11 Tuzla / İstanbul,قانون,تركيا,إسطنبول,بكالوريوس,التركية,متاح,2026-2027,4500,4275,4275,1000,USD,-,2000
program,1443,جامعة إسطنبول أوكان,Tuzla Campus,Tepeören Mah. Ballıca Yolu Cad. İstanbul Okan Üniversitesi Rektörlük Blok No: 11/11 Tuzla / İstanbul,تصميم الاتصالات المرئية,تركيا,إسطنبول,بكالوريوس,التركية,متاح,2026-2027,4500,4275,4275,1000,USD,-,2000
program,1442,جامعة إسطنبول أوكان,Tuzla Campus,Tepeören Mah. Ballıca Yolu Cad. İstanbul Okan Üniversitesi Rektörlük Blok No: 11/11 Tuzla / İstanbul,تصميم الأزياء والمنسوجات,تركيا,إسطنبول,بكالوريوس,التركية,متاح,2026-2027,4500,4275,4275,1000,USD,-,2000
program,1441,جامعة إسطنبول أوكان,Tuzla Campus,Tepeören Mah. Ballıca Yolu Cad. İstanbul Okan Üniversitesi Rektörlük Blok No: 11/11 Tuzla / İstanbul,الهندسة المعمارية الداخلية والتصميم البيئي,تركيا,إسطنبول,بكالوريوس,التركية,متاح,2026-2027,4500,4275,4275,1000,USD,-,2000
program,1440,جامعة إسطنبول أوكان,Tuzla Campus,Tepeören Mah. Ballıca Yolu Cad. İstanbul Okan Üniversitesi Rektörlük Blok No: 11/11 Tuzla / İstanbul,الهندسة المعمارية الداخلية والتصميم البيئي,تركيا,إسطنبول,بكالوريوس,الإنجليزية,متاح,2026-2027,5000,4750,4750,1000,USD,-,3000
program,1439,جامعة إسطنبول أوكان,Tuzla Campus,Tepeören Mah. Ballıca Yolu Cad. İstanbul Okan Üniversitesi Rektörlük Blok No: 11/11 Tuzla / İstanbul,تصميم الألعاب الرقمية,تركيا,إسطنبول,بكالوريوس,التركية,متاح,2026-2027,4500,4275,4275,1000,USD,-,2000
program,1438,جامعة إسطنبول أوكان,Tuzla Campus,Tepeören Mah. Ballıca Yolu Cad. İstanbul Okan Üniversitesi Rektörlük Blok No: 11/11 Tuzla / İstanbul,السينما والتلفزيون,تركيا,إسطنبول,بكالوريوس,التركية,متاح,2026-2027,4500,4275,4275,1000,USD,-,2000
program,1437,جامعة إسطنبول أوكان,Tuzla Campus,Tepeören Mah. Ballıca Yolu Cad. İstanbul Okan Üniversitesi Rektörlük Blok No: 11/11 Tuzla / İstanbul,العمارة,تركيا,إسطنبول,بكالوريوس,التركية,متاح,2026-2027,4500,4275,4275,1000,USD,-,2000
program,1436,جامعة إسطنبول أوكان,Tuzla Campus,Tepeören Mah. Ballıca Yolu Cad. İstanbul Okan Üniversitesi Rektörlük Blok No: 11/11 Tuzla / İstanbul,العمارة,تركيا,إسطنبول,بكالوريوس,الإنجليزية,متاح,2026-2027,5000,4750,4750,1000,USD,-,3000
program,1435,جامعة إسطنبول أوكان,Tuzla Campus,Tepeören Mah. Ballıca Yolu Cad. İstanbul Okan Üniversitesi Rektörlük Blok No: 11/11 Tuzla / İstanbul,الإدارة الرياضية,تركيا,إسطنبول,بكالوريوس,التركية,متاح,2026-2027,4500,4275,4275,1000,USD,-,2000
program,1434,جامعة إسطنبول أوكان,Tuzla Campus,Tepeören Mah. Ballıca Yolu Cad. İstanbul Okan Üniversitesi Rektörlük Blok No: 11/11 Tuzla / İstanbul,العلاقات العامة والإعلان,تركيا,إسطنبول,بكالوريوس,التركية,متاح,2026-2027,4500,4275,4275,1000,USD,-,2000
program,1433,جامعة إسطنبول أوكان,Tuzla Campus,Tepeören Mah. Ballıca Yolu Cad. İstanbul Okan Üniversitesi Rektörlük Blok No: 11/11 Tuzla / İstanbul,وسائل الإعلام الجديدة والاتصالات,تركيا,إسطنبول,بكالوريوس,التركية,متاح,2026-2027,4500,4275,4275,1000,USD,-,2000
program,1432,جامعة إسطنبول أوكان,Tuzla Campus,Tepeören Mah. Ballıca Yolu Cad. İstanbul Okan Üniversitesi Rektörlük Blok No: 11/11 Tuzla / İstanbul,نظم وتقنيات المعلومات,تركيا,إسطنبول,بكالوريوس,التركية,متاح,2026-2027,4500,4275,4275,1000,USD,-,2000
program,1431,جامعة إسطنبول أوكان,Tuzla Campus,Tepeören Mah. Ballıca Yolu Cad. İstanbul Okan Üniversitesi Rektörlük Blok No: 11/11 Tuzla / İstanbul,نظم وتقنيات المعلومات,تركيا,إسطنبول,بكالوريوس,الإنجليزية,متاح,2026-2027,5000,4750,4750,1000,USD,-,3000
program,1430,جامعة إسطنبول أوكان,Tuzla Campus,Tepeören Mah. Ballıca Yolu Cad. İstanbul Okan Üniversitesi Rektörlük Blok No: 11/11 Tuzla / İstanbul,فنون الطهي وفنون المطبخ,تركيا,إسطنبول,بكالوريوس,التركية,متاح,2026-2027,4500,4275,4275,1000,USD,-,2000
program,1429,جامعة إسطنبول أوكان,Tuzla Campus,Tepeören Mah. Ballıca Yolu Cad. İstanbul Okan Üniversitesi Rektörlük Blok No: 11/11 Tuzla / İstanbul,فنون الطهي وفنون المطبخ,تركيا,إسطنبول,بكالوريوس,الإنجليزية,متاح,2026-2027,5000,4750,4750,1000,USD,-,3000
program,1428,جامعة إسطنبول أوكان,Tuzla Campus,Tepeören Mah. Ballıca Yolu Cad. İstanbul Okan Üniversitesi Rektörlük Blok No: 11/11 Tuzla / İstanbul,الطيران المدني,تركيا,إسطنبول,بكالوريوس,الإنجليزية,متاح,2026-2027,8000,7600,7600,2500,USD,رسوم التدريب السنوي على الطيران: 8000 USD.,6000
program,1427,جامعة إسطنبول أوكان,Tuzla Campus,Tepeören Mah. Ballıca Yolu Cad. İstanbul Okan Üniversitesi Rektörlük Blok No: 11/11 Tuzla / İstanbul,إدارة الطيران,تركيا,إسطنبول,بكالوريوس,التركية,متاح,2026-2027,4500,4275,4275,1000,USD,-,2000
program,1426,جامعة إسطنبول أوكان,Tuzla Campus,Tepeören Mah. Ballıca Yolu Cad. İstanbul Okan Üniversitesi Rektörlük Blok No: 11/11 Tuzla / İstanbul,العلوم السياسية والعلاقات الدولية,تركيا,إسطنبول,بكالوريوس,الإنجليزية,متاح,2026-2027,5000,4750,4750,1000,USD,-,3000
program,1425,جامعة إسطنبول أوكان,Tuzla Campus,Tepeören Mah. Ballıca Yolu Cad. İstanbul Okan Üniversitesi Rektörlük Blok No: 11/11 Tuzla / İstanbul,العلوم السياسية والعلاقات الدولية,تركيا,إسطنبول,بكالوريوس,التركية,متاح,2026-2027,4500,4275,4275,1000,USD,-,2000
program,1424,جامعة إسطنبول أوكان,Tuzla Campus,Tepeören Mah. Ballıca Yolu Cad. İstanbul Okan Üniversitesi Rektörlük Blok No: 11/11 Tuzla / İstanbul,إدارة اللوجستيات,تركيا,إسطنبول,بكالوريوس,الإنجليزية,متاح,2026-2027,5000,4750,4750,1000,USD,-,3000
program,1423,جامعة إسطنبول أوكان,Tuzla Campus,Tepeören Mah. Ballıca Yolu Cad. İstanbul Okan Üniversitesi Rektörlük Blok No: 11/11 Tuzla / İstanbul,التجارة الدولية,تركيا,إسطنبول,بكالوريوس,التركية,متاح,2026-2027,4500,4275,4275,1000,USD,-,2000
program,1422,جامعة إسطنبول أوكان,Tuzla Campus,Tepeören Mah. Ballıca Yolu Cad. İstanbul Okan Üniversitesi Rektörlük Blok No: 11/11 Tuzla / İstanbul,التجارة الدولية,تركيا,إسطنبول,بكالوريوس,الإنجليزية,متاح,2026-2027,5000,4750,4750,1000,USD,-,3000
program,1421,جامعة إسطنبول أوكان,Tuzla Campus,Tepeören Mah. Ballıca Yolu Cad. İstanbul Okan Üniversitesi Rektörlük Blok No: 11/11 Tuzla / İstanbul,التمويل والبنوك الدولية,تركيا,إسطنبول,بكالوريوس,التركية,متاح,2026-2027,4500,4275,4275,1000,USD,-,2000
program,1420,جامعة إسطنبول أوكان,Tuzla Campus,Tepeören Mah. Ballıca Yolu Cad. İstanbul Okan Üniversitesi Rektörlük Blok No: 11/11 Tuzla / İstanbul,الاقتصاد والمالية,تركيا,إسطنبول,بكالوريوس,الإنجليزية,متاح,2026-2027,5000,4750,4750,1000,USD,-,3000
program,1419,جامعة إسطنبول أوكان,Tuzla Campus,Tepeören Mah. Ballıca Yolu Cad. İstanbul Okan Üniversitesi Rektörlük Blok No: 11/11 Tuzla / İstanbul,إدارة الأعمال,تركيا,إسطنبول,بكالوريوس,التركية,متاح,2026-2027,4500,4275,4275,1000,USD,-,2000
program,1418,جامعة إسطنبول أوكان,Tuzla Campus,Tepeören Mah. Ballıca Yolu Cad. İstanbul Okan Üniversitesi Rektörlük Blok No: 11/11 Tuzla / İstanbul,إدارة الأعمال,تركيا,إسطنبول,بكالوريوس,الإنجليزية,متاح,2026-2027,5000,4750,4750,1000,USD,-,3000
program,1417,جامعة إسطنبول أوكان,Tuzla Campus,Tepeören Mah. Ballıca Yolu Cad. İstanbul Okan Üniversitesi Rektörlük Blok No: 11/11 Tuzla / İstanbul,هندسة البرمجيات,تركيا,إسطنبول,بكالوريوس,الإنجليزية,متاح,2026-2027,5000,4750,4750,1000,USD,-,3000
program,1416,جامعة إسطنبول أوكان,Tuzla Campus,Tepeören Mah. Ballıca Yolu Cad. İstanbul Okan Üniversitesi Rektörlük Blok No: 11/11 Tuzla / İstanbul,هندسة الميكاترونكس,تركيا,إسطنبول,بكالوريوس,الإنجليزية,متاح,2026-2027,5000,4750,4750,1000,USD,-,3000
program,1415,جامعة إسطنبول أوكان,Tuzla Campus,Tepeören Mah. Ballıca Yolu Cad. İstanbul Okan Üniversitesi Rektörlük Blok No: 11/11 Tuzla / İstanbul,الهندسة الميكانيكية,تركيا,إسطنبول,بكالوريوس,الإنجليزية,متاح,2026-2027,5000,4750,4750,1000,USD,-,3000
program,1414,جامعة إسطنبول أوكان,Tuzla Campus,Tepeören Mah. Ballıca Yolu Cad. İstanbul Okan Üniversitesi Rektörlük Blok No: 11/11 Tuzla / İstanbul,الهندسة الصناعية,تركيا,إسطنبول,بكالوريوس,الإنجليزية,متاح,2026-2027,5000,4750,4750,1000,USD,-,3000
program,1413,جامعة إسطنبول أوكان,Tuzla Campus,Tepeören Mah. Ballıca Yolu Cad. İstanbul Okan Üniversitesi Rektörlük Blok No: 11/11 Tuzla / İstanbul,هندسة الجيوماتكس,تركيا,إسطنبول,بكالوريوس,الإنجليزية,متاح,2026-2027,5000,4750,4750,1000,USD,-,3000
program,1412,جامعة إسطنبول أوكان,Tuzla Campus,Tepeören Mah. Ballıca Yolu Cad. İstanbul Okan Üniversitesi Rektörlük Blok No: 11/11 Tuzla / İstanbul,علم الوراثة والهندسة الحيوية,تركيا,إسطنبول,بكالوريوس,الإنجليزية,متاح,2026-2027,5000,4750,4750,1000,USD,-,3000
program,1411,جامعة إسطنبول أوكان,Tuzla Campus,Tepeören Mah. Ballıca Yolu Cad. İstanbul Okan Üniversitesi Rektörlük Blok No: 11/11 Tuzla / İstanbul,الهندسة الكهربائية والإلكترونية,تركيا,إسطنبول,بكالوريوس,الإنجليزية,متاح,2026-2027,5000,4750,4750,1000,USD,-,3000
program,1410,جامعة إسطنبول أوكان,Tuzla Campus,Tepeören Mah. Ballıca Yolu Cad. İstanbul Okan Üniversitesi Rektörlük Blok No: 11/11 Tuzla / İstanbul,هندسة الكمبيوتر,تركيا,إسطنبول,بكالوريوس,الإنجليزية,متاح,2026-2027,5000,4750,4750,1000,USD,-,3000
program,1409,جامعة إسطنبول أوكان,Tuzla Campus,Tepeören Mah. Ballıca Yolu Cad. İstanbul Okan Üniversitesi Rektörlük Blok No: 11/11 Tuzla / İstanbul,الهندسة المدنية,تركيا,إسطنبول,بكالوريوس,التركية,متاح,2026-2027,4500,4275,4275,1000,USD,-,2000
program,1408,جامعة إسطنبول أوكان,Tuzla Campus,Tepeören Mah. Ballıca Yolu Cad. İstanbul Okan Üniversitesi Rektörlük Blok No: 11/11 Tuzla / İstanbul,الهندسة المدنية,تركيا,إسطنبول,بكالوريوس,الإنجليزية,متاح,2026-2027,5000,4750,4750,1000,USD,-,3000
program,1407,جامعة إسطنبول أوكان,Tuzla Campus,Tepeören Mah. Ballıca Yolu Cad. İstanbul Okan Üniversitesi Rektörlük Blok No: 11/11 Tuzla / İstanbul,هندسة السيارات,تركيا,إسطنبول,بكالوريوس,الإنجليزية,متاح,2026-2027,5000,4750,4750,1000,USD,-,3000
program,1406,جامعة إسطنبول أوكان,Tuzla Campus,Tepeören Mah. Ballıca Yolu Cad. İstanbul Okan Üniversitesi Rektörlük Blok No: 11/11 Tuzla / İstanbul,العلاج الطبيعي والتأهيل,تركيا,إسطنبول,بكالوريوس,التركية,متاح,2026-2027,4500,4275,4275,1000,USD,-,2000
program,1405,جامعة إسطنبول أوكان,Tuzla Campus,Tepeören Mah. Ballıca Yolu Cad. İstanbul Okan Üniversitesi Rektörlük Blok No: 11/11 Tuzla / İstanbul,العلاج الطبيعي والتأهيل,تركيا,إسطنبول,بكالوريوس,الإنجليزية,متاح,2026-2027,5000,4750,4750,1000,USD,-,3000
program,1404,جامعة إسطنبول أوكان,Tuzla Campus,Tepeören Mah. Ballıca Yolu Cad. İstanbul Okan Üniversitesi Rektörlük Blok No: 11/11 Tuzla / İstanbul,التغذية وعلم الحمية,تركيا,إسطنبول,بكالوريوس,التركية,متاح,2026-2027,4500,4275,4275,1000,USD,-,2000
program,1403,جامعة إسطنبول أوكان,Tuzla Campus,Tepeören Mah. Ballıca Yolu Cad. İstanbul Okan Üniversitesi Rektörlük Blok No: 11/11 Tuzla / İstanbul,التغذية وعلم الحمية,تركيا,إسطنبول,بكالوريوس,الإنجليزية,متاح,2026-2027,5000,4750,4750,1000,USD,-,3000
program,1402,جامعة إسطنبول أوكان,Tuzla Campus,Tepeören Mah. Ballıca Yolu Cad. İstanbul Okan Üniversitesi Rektörlük Blok No: 11/11 Tuzla / İstanbul,تمريض,تركيا,إسطنبول,بكالوريوس,التركية,متاح,2026-2027,4500,4275,4275,1000,USD,-,2000
program,1401,جامعة إسطنبول أوكان,Tuzla Campus,Tepeören Mah. Ballıca Yolu Cad. İstanbul Okan Üniversitesi Rektörlük Blok No: 11/11 Tuzla / İstanbul,تمريض,تركيا,إسطنبول,بكالوريوس,الإنجليزية,متاح,2026-2027,5000,4750,4750,1000,USD,-,3000
program,1400,جامعة إسطنبول أوكان,Tuzla Campus,Tepeören Mah. Ballıca Yolu Cad. İstanbul Okan Üniversitesi Rektörlük Blok No: 11/11 Tuzla / İstanbul,إدارة الصحة,تركيا,إسطنبول,بكالوريوس,التركية,متاح,2026-2027,4500,4275,4275,1000,USD,-,2000
program,1399,جامعة إسطنبول أوكان,Tuzla Campus,Tepeören Mah. Ballıca Yolu Cad. İstanbul Okan Üniversitesi Rektörlük Blok No: 11/11 Tuzla / İstanbul,تنمية الطفل,تركيا,إسطنبول,بكالوريوس,التركية,متاح,2026-2027,4500,4275,4275,1000,USD,-,2000
program,1398,جامعة إسطنبول أوكان,Tuzla Campus,Tepeören Mah. Ballıca Yolu Cad. İstanbul Okan Üniversitesi Rektörlük Blok No: 11/11 Tuzla / İstanbul,الصيدلة,تركيا,إسطنبول,بكالوريوس,التركية,متاح,2026-2027,9000,8550,8550,2500,USD,-,2000
program,1397,جامعة إسطنبول أوكان,Tuzla Campus,Tepeören Mah. Ballıca Yolu Cad. İstanbul Okan Üniversitesi Rektörlük Blok No: 11/11 Tuzla / İstanbul,الصيدلة,تركيا,إسطنبول,بكالوريوس,الإنجليزية,متاح,2026-2027,8000,7600,7600,2500,USD,-,3000
program,1396,جامعة إسطنبول أوكان,Tuzla Campus,Tepeören Mah. Ballıca Yolu Cad. İstanbul Okan Üniversitesi Rektörlük Blok No: 11/11 Tuzla / İstanbul,طب الأسنان,تركيا,إسطنبول,بكالوريوس,التركية,متاح,2026-2027,15000,14250,14250,2500,USD,-,2000
program,1395,جامعة إسطنبول أوكان,Tuzla Campus,Tepeören Mah. Ballıca Yolu Cad. İstanbul Okan Üniversitesi Rektörlük Blok No: 11/11 Tuzla / İstanbul,طب الأسنان,تركيا,إسطنبول,بكالوريوس,الإنجليزية,متاح,2026-2027,18000,17100,17100,2500,USD,-,6000
program,1394,جامعة إسطنبول أوكان,Tuzla Campus,Tepeören Mah. Ballıca Yolu Cad. İstanbul Okan Üniversitesi Rektörlük Blok No: 11/11 Tuzla / İstanbul,الطب البشري,تركيا,إسطنبول,بكالوريوس,التركية,متاح,2026-2027,19500,18525,18525,2500,USD,-,2000
program,1393,جامعة إسطنبول أوكان,Tuzla Campus,Tepeören Mah. Ballıca Yolu Cad. İstanbul Okan Üniversitesi Rektörlük Blok No: 11/11 Tuzla / İstanbul,الطب البشري,تركيا,إسطنبول,بكالوريوس,الإنجليزية,متاح,2026-2027,22500,21375,21375,2500,USD,-,6000
program,1392,جامعة بيكنت,Taksim Campus,"Cihangir Mahallesi, Sıraselviler Cd. No:65, Beyoğlu / İstanbul",الرياضيات,تركيا,إسطنبول,دكتوراه,التركية,متاح,2026-2027,6200,4500,4500,1000,USD,-,1600
program,1391,جامعة بيكنت,Taksim Campus,"Cihangir Mahallesi, Sıraselviler Cd. No:65, Beyoğlu / İstanbul",العمارة,تركيا,إسطنبول,دكتوراه,التركية,متاح,2026-2027,6200,4500,4500,1000,USD,-,1600
program,1390,جامعة بيكنت,Taksim Campus,"Cihangir Mahallesi, Sıraselviler Cd. No:65, Beyoğlu / İstanbul",دراسات الإعلام والاتصال,تركيا,إسطنبول,دكتوراه,التركية,متاح,2026-2027,6200,4500,4500,1000,USD,-,1600
program,1389,جامعة بيكنت,Taksim Campus,"Cihangir Mahallesi, Sıraselviler Cd. No:65, Beyoğlu / İstanbul",السينما والتلفزيون,تركيا,إسطنبول,دكتوراه,التركية,متاح,2026-2027,6200,4500,4500,1000,USD,-,1600
program,1388,جامعة بيكنت,Taksim Campus,"Cihangir Mahallesi, Sıraselviler Cd. No:65, Beyoğlu / İstanbul",علم الاجتماع,تركيا,إسطنبول,دكتوراه,التركية,متاح,2026-2027,6200,4500,4500,1000,USD,-,1600
program,1387,جامعة بيكنت,Taksim Campus,"Cihangir Mahallesi, Sıraselviler Cd. No:65, Beyoğlu / İstanbul",العلوم السياسية والعلاقات الدولية,تركيا,إسطنبول,دكتوراه,التركية,متاح,2026-2027,6200,4500,4500,1000,USD,-,1600
program,1386,جامعة بيكنت,Taksim Campus,"Cihangir Mahallesi, Sıraselviler Cd. No:65, Beyoğlu / İstanbul",هندسة الكمبيوتر,تركيا,إسطنبول,دكتوراه,التركية,متاح,2026-2027,6200,4500,4500,1000,USD,-,1600
program,1385,جامعة بيكنت,Taksim Campus,"Cihangir Mahallesi, Sıraselviler Cd. No:65, Beyoğlu / İstanbul",إدارة الأعمال,تركيا,إسطنبول,دكتوراه,التركية,متاح,2026-2027,6200,4500,4500,1000,USD,-,1600
program,1384,جامعة بيكنت,Taksim Campus,"Cihangir Mahallesi, Sıraselviler Cd. No:65, Beyoğlu / İstanbul",علم النفس العيادي,تركيا,إسطنبول,ماجستير مع أطروحة,التركية,متاح,2026-2027,16500,12000,12000,1000,USD,-,1600
program,1383,جامعة بيكنت,Taksim Campus,"Cihangir Mahallesi, Sıraselviler Cd. No:65, Beyoğlu / İstanbul",إدارة الأعمال,تركيا,إسطنبول,ماجستير مع أطروحة,الإنجليزية,متاح,2026-2027,2900,2100,2100,1000,USD,-,1800
program,1382,جامعة بيكنت,Taksim Campus,"Cihangir Mahallesi, Sıraselviler Cd. No:65, Beyoğlu / İstanbul",اللغة الإنجليزية وآدابها,تركيا,إسطنبول,ماجستير مع أطروحة,الإنجليزية,متاح,2026-2027,2900,2100,2100,1000,USD,-,1800
program,1381,جامعة بيكنت,Taksim Campus,"Cihangir Mahallesi, Sıraselviler Cd. No:65, Beyoğlu / İstanbul",الإدارة والتنظيم,تركيا,إسطنبول,ماجستير مع أطروحة,التركية,متاح,2026-2027,2900,2100,2100,1000,USD,-,1600
program,1380,جامعة بيكنت,Taksim Campus,"Cihangir Mahallesi, Sıraselviler Cd. No:65, Beyoğlu / İstanbul",تصميم الأزياء والمنسوجات,تركيا,إسطنبول,ماجستير مع أطروحة,التركية,متاح,2026-2027,2900,2100,2100,1000,USD,-,1600
program,1379,جامعة بيكنت,Taksim Campus,"Cihangir Mahallesi, Sıraselviler Cd. No:65, Beyoğlu / İstanbul",التاريخ,تركيا,إسطنبول,ماجستير مع أطروحة,التركية,متاح,2026-2027,2900,2100,2100,1000,USD,-,1600
program,1378,جامعة بيكنت,Taksim Campus,"Cihangir Mahallesi, Sıraselviler Cd. No:65, Beyoğlu / İstanbul",التسويق,تركيا,إسطنبول,ماجستير مع أطروحة,التركية,متاح,2026-2027,2900,2100,2100,1000,USD,-,1600
program,1377,جامعة بيكنت,Taksim Campus,"Cihangir Mahallesi, Sıraselviler Cd. No:65, Beyoğlu / İstanbul",القانون الخاص,تركيا,إسطنبول,ماجستير مع أطروحة,التركية,متاح,2026-2027,2900,2100,2100,1000,USD,-,1600
program,1376,جامعة بيكنت,Taksim Campus,"Cihangir Mahallesi, Sıraselviler Cd. No:65, Beyoğlu / İstanbul",الرياضيات,تركيا,إسطنبول,ماجستير مع أطروحة,التركية,متاح,2026-2027,2900,2100,2100,1000,USD,-,1600
program,1375,جامعة بيكنت,Taksim Campus,"Cihangir Mahallesi, Sıraselviler Cd. No:65, Beyoğlu / İstanbul",القانون العام,تركيا,إسطنبول,ماجستير مع أطروحة,التركية,متاح,2026-2027,2900,2100,2100,1000,USD,-,1600
program,1374,جامعة بيكنت,Taksim Campus,"Cihangir Mahallesi, Sıraselviler Cd. No:65, Beyoğlu / İstanbul",إدارة الأعمال,تركيا,إسطنبول,ماجستير مع أطروحة,التركية,متاح,2026-2027,2900,2100,2100,1000,USD,-,1600
program,1373,جامعة بيكنت,Taksim Campus,"Cihangir Mahallesi, Sıraselviler Cd. No:65, Beyoğlu / İstanbul",الهندسة المدنية,تركيا,إسطنبول,ماجستير مع أطروحة,التركية,متاح,2026-2027,2900,2100,2100,1000,USD,-,1600
program,1372,جامعة بيكنت,Taksim Campus,"Cihangir Mahallesi, Sıraselviler Cd. No:65, Beyoğlu / İstanbul",الموارد البشرية والتغيير التنظيمي,تركيا,إسطنبول,ماجستير مع أطروحة,التركية,متاح,2026-2027,2900,2100,2100,1000,USD,-,1600
program,1371,جامعة بيكنت,Taksim Campus,"Cihangir Mahallesi, Sıraselviler Cd. No:65, Beyoğlu / İstanbul",الاقتصاد والمالية,تركيا,إسطنبول,ماجستير مع أطروحة,التركية,متاح,2026-2027,2900,2100,2100,1000,USD,-,1600
program,1370,جامعة بيكنت,Taksim Campus,"Cihangir Mahallesi, Sıraselviler Cd. No:65, Beyoğlu / İstanbul",هندسة الكمبيوتر,تركيا,إسطنبول,ماجستير مع أطروحة,التركية,متاح,2026-2027,2900,2100,2100,1000,USD,-,1600
program,1369,جامعة بيكنت,Taksim Campus,"Cihangir Mahallesi, Sıraselviler Cd. No:65, Beyoğlu / İstanbul",اللغة التركية وآدابها,تركيا,إسطنبول,ماجستير مع أطروحة,التركية,متاح,2026-2027,2900,2100,2100,1000,USD,-,1600
program,1368,جامعة بيكنت,Taksim Campus,"Cihangir Mahallesi, Sıraselviler Cd. No:65, Beyoğlu / İstanbul",السينما والتلفزيون,تركيا,إسطنبول,ماجستير مع أطروحة,التركية,متاح,2026-2027,2900,2100,2100,1000,USD,-,1600
program,1367,جامعة بيكنت,Taksim Campus,"Cihangir Mahallesi, Sıraselviler Cd. No:65, Beyoğlu / İstanbul",العمارة,تركيا,إسطنبول,ماجستير مع أطروحة,التركية,متاح,2026-2027,2900,2100,2100,1000,USD,-,1600
program,1366,جامعة بيكنت,Ayazaga - Maslak Campus,"Ayazağa Mahallesi, Hadım Koruyolu Cd. No:19, Sarıyer / İstanbul",أنظمة الإعلام والاتصال,تركيا,إسطنبول,ماجستير مع أطروحة,التركية,متاح,2026-2027,2900,2100,2100,1000,USD,-,1600
program,1365,جامعة بيكنت,Taksim Campus,"Cihangir Mahallesi, Sıraselviler Cd. No:65, Beyoğlu / İstanbul",فنون الاتصال,تركيا,إسطنبول,ماجستير مع أطروحة,التركية,متاح,2026-2027,2900,2100,2100,1000,USD,-,1600
program,1364,جامعة بيكنت,Taksim Campus,"Cihangir Mahallesi, Sıraselviler Cd. No:65, Beyoğlu / İstanbul",العمارة الداخلية,تركيا,إسطنبول,ماجستير مع أطروحة,التركية,متاح,2026-2027,2900,2100,2100,1000,USD,-,1600
program,1363,جامعة بيكنت,Taksim Campus,"Cihangir Mahallesi, Sıraselviler Cd. No:65, Beyoğlu / İstanbul",إدارة المؤسسات الصحية,تركيا,إسطنبول,ماجستير مع أطروحة,التركية,متاح,2026-2027,2900,2100,2100,1000,USD,-,1600
program,1362,جامعة بيكنت,Taksim Campus,"Cihangir Mahallesi, Sıraselviler Cd. No:65, Beyoğlu / İstanbul",الهندسة الصناعية,تركيا,إسطنبول,ماجستير مع أطروحة,التركية,متاح,2026-2027,2900,2100,2100,1000,USD,-,1600
program,1361,جامعة بيكنت,Taksim Campus,"Cihangir Mahallesi, Sıraselviler Cd. No:65, Beyoğlu / İstanbul",هندسة التصنيع,تركيا,إسطنبول,ماجستير مع أطروحة,التركية,متاح,2026-2027,2900,2100,2100,1000,USD,-,1600
program,1360,جامعة بيكنت,Taksim Campus,"Cihangir Mahallesi, Sıraselviler Cd. No:65, Beyoğlu / İstanbul",العلاقات الدولية,تركيا,إسطنبول,ماجستير مع أطروحة,الإنجليزية,متاح,2026-2027,2900,2100,2100,1000,USD,-,1800
program,1359,جامعة بيكنت,Taksim Campus,"Cihangir Mahallesi, Sıraselviler Cd. No:65, Beyoğlu / İstanbul",العلاقات الدولية,تركيا,إسطنبول,ماجستير مع أطروحة,التركية,متاح,2026-2027,2900,2100,2100,1000,USD,-,1600
program,1358,جامعة بيكنت,Taksim Campus,"Cihangir Mahallesi, Sıraselviler Cd. No:65, Beyoğlu / İstanbul",علم الاجتماع,تركيا,إسطنبول,ماجستير مع أطروحة,التركية,متاح,2026-2027,2900,2100,2100,1000,USD,-,1600
program,1357,جامعة بيكنت,Taksim Campus,"Cihangir Mahallesi, Sıraselviler Cd. No:65, Beyoğlu / İstanbul",العلوم السياسية والإدارة العامة,تركيا,إسطنبول,ماجستير مع أطروحة,الإنجليزية,متاح,2026-2027,2900,2100,2100,1000,USD,-,1800
program,1356,جامعة بيكنت,Taksim Campus,"Cihangir Mahallesi, Sıraselviler Cd. No:65, Beyoğlu / İstanbul",العلوم السياسية والإدارة العامة,تركيا,إسطنبول,ماجستير مع أطروحة,التركية,متاح,2026-2027,2900,2100,2100,1000,USD,-,1600
program,1355,جامعة بيكنت,Taksim Campus,"Cihangir Mahallesi, Sıraselviler Cd. No:65, Beyoğlu / İstanbul",المحاسبة والتدقيق,تركيا,إسطنبول,ماجستير مع أطروحة,التركية,متاح,2026-2027,2900,2100,2100,1000,USD,-,1600
program,1354,جامعة بيكنت,Taksim Campus,"Cihangir Mahallesi, Sıraselviler Cd. No:65, Beyoğlu / İstanbul",الهندسة الميكانيكية,تركيا,إسطنبول,ماجستير مع أطروحة,الإنجليزية,متاح,2026-2027,2900,2100,2100,1000,USD,-,1800
program,1353,جامعة بيكنت,Taksim Campus,"Cihangir Mahallesi, Sıraselviler Cd. No:65, Beyoğlu / İstanbul",الهندسة الميكانيكية,تركيا,إسطنبول,ماجستير مع أطروحة,التركية,متاح,2026-2027,2900,2100,2100,1000,USD,-,1600
program,1352,جامعة بيكنت,Taksim Campus,"Cihangir Mahallesi, Sıraselviler Cd. No:65, Beyoğlu / İstanbul",العلاقات العامة والإعلان,تركيا,إسطنبول,ماجستير مع أطروحة,التركية,متاح,2026-2027,2900,2100,2100,1000,USD,-,1600
program,1351,جامعة بيكنت,Taksim Campus,"Cihangir Mahallesi, Sıraselviler Cd. No:65, Beyoğlu / İstanbul",التصميم الجرافيكي,تركيا,إسطنبول,ماجستير مع أطروحة,التركية,متاح,2026-2027,2900,2100,2100,1000,USD,-,1600
program,1350,جامعة بيكنت,Taksim Campus,"Cihangir Mahallesi, Sıraselviler Cd. No:65, Beyoğlu / İstanbul",دراسات الهجرة,تركيا,إسطنبول,ماجستير مع أطروحة,التركية,متاح,2026-2027,2900,2100,2100,1000,USD,-,1600
program,1349,جامعة بيكنت,Taksim Campus,"Cihangir Mahallesi, Sıraselviler Cd. No:65, Beyoğlu / İstanbul",فنون الطهي وفنون المطبخ,تركيا,إسطنبول,ماجستير مع أطروحة,التركية,متاح,2026-2027,2900,2100,2100,1000,USD,-,1600
program,1348,جامعة بيكنت,Taksim Campus,"Cihangir Mahallesi, Sıraselviler Cd. No:65, Beyoğlu / İstanbul",المالية,تركيا,إسطنبول,ماجستير مع أطروحة,التركية,متاح,2026-2027,2900,2100,2100,1000,USD,-,1600
program,1347,جامعة بيكنت,Taksim Campus,"Cihangir Mahallesi, Sıraselviler Cd. No:65, Beyoğlu / İstanbul",السياسات الصناعية وإدارة التكنولوجيا,تركيا,إسطنبول,ماجستير مع أطروحة,التركية,متاح,2026-2027,2900,2100,2100,1000,USD,-,1600
program,1346,جامعة بيكنت,Taksim Campus,"Cihangir Mahallesi, Sıraselviler Cd. No:65, Beyoğlu / İstanbul",الهندسة الصناعية,تركيا,إسطنبول,ماجستير مع أطروحة,الإنجليزية,متاح,2026-2027,2900,2100,2100,1000,USD,-,1800
program,1345,جامعة بيكنت,Taksim Campus,"Cihangir Mahallesi, Sıraselviler Cd. No:65, Beyoğlu / İstanbul",الاقتصاد والمالية,تركيا,إسطنبول,ماجستير مع أطروحة,الإنجليزية,متاح,2026-2027,2900,2100,2100,1000,USD,-,1800
program,1344,جامعة بيكنت,Taksim Campus,"Cihangir Mahallesi, Sıraselviler Cd. No:65, Beyoğlu / İstanbul",الاقتصاد,تركيا,إسطنبول,ماجستير مع أطروحة,التركية,متاح,2026-2027,2900,2100,2100,1000,USD,-,1600
program,1343,جامعة بيكنت,Taksim Campus,"Cihangir Mahallesi, Sıraselviler Cd. No:65, Beyoğlu / İstanbul",المنشآت المعرضة لمخاطر الزلازل والنقل الحضري,تركيا,إسطنبول,ماجستير مع أطروحة,التركية,متاح,2026-2027,2900,2100,2100,1000,USD,-,1600
program,1342,جامعة بيكنت,Taksim Campus,"Cihangir Mahallesi, Sıraselviler Cd. No:65, Beyoğlu / İstanbul",إدارة الأعمال,تركيا,إسطنبول,ماجستير بدون أطروحة,الإنجليزية,متاح,2026-2027,2200,1600,1600,1000,USD,-,1800
program,1341,جامعة بيكنت,Taksim Campus,"Cihangir Mahallesi, Sıraselviler Cd. No:65, Beyoğlu / İstanbul",الإدارة والتنظيم,تركيا,إسطنبول,ماجستير بدون أطروحة,التركية,متاح,2026-2027,2200,1600,1600,1000,USD,-,1600
program,1340,جامعة بيكنت,Taksim Campus,"Cihangir Mahallesi, Sıraselviler Cd. No:65, Beyoğlu / İstanbul",التاريخ,تركيا,إسطنبول,ماجستير بدون أطروحة,التركية,متاح,2026-2027,2200,1600,1600,1000,USD,-,1600
program,1339,جامعة بيكنت,Taksim Campus,"Cihangir Mahallesi, Sıraselviler Cd. No:65, Beyoğlu / İstanbul",التسويق,تركيا,إسطنبول,ماجستير بدون أطروحة,التركية,متاح,2026-2027,2200,1600,1600,1000,USD,-,1600
program,1338,جامعة بيكنت,Taksim Campus,"Cihangir Mahallesi, Sıraselviler Cd. No:65, Beyoğlu / İstanbul",الرياضيات,تركيا,إسطنبول,ماجستير بدون أطروحة,التركية,متاح,2026-2027,2200,1600,1600,1000,USD,-,1600
program,1337,جامعة بيكنت,Taksim Campus,"Cihangir Mahallesi, Sıraselviler Cd. No:65, Beyoğlu / İstanbul",إدارة الأعمال,تركيا,إسطنبول,ماجستير بدون أطروحة,التركية,متاح,2026-2027,2200,1600,1600,1000,USD,-,1600
program,1336,جامعة بيكنت,Taksim Campus,"Cihangir Mahallesi, Sıraselviler Cd. No:65, Beyoğlu / İstanbul",الموارد البشرية والتغيير التنظيمي,تركيا,إسطنبول,ماجستير بدون أطروحة,التركية,متاح,2026-2027,2200,1600,1600,1000,USD,-,1600
program,1335,جامعة بيكنت,Taksim Campus,"Cihangir Mahallesi, Sıraselviler Cd. No:65, Beyoğlu / İstanbul",هندسة الكمبيوتر,تركيا,إسطنبول,ماجستير بدون أطروحة,التركية,متاح,2026-2027,2200,1600,1600,1000,USD,-,1600
program,1334,جامعة بيكنت,Taksim Campus,"Cihangir Mahallesi, Sıraselviler Cd. No:65, Beyoğlu / İstanbul",هندسة التصنيع,تركيا,إسطنبول,ماجستير بدون أطروحة,التركية,متاح,2026-2027,2200,1600,1600,1000,USD,-,1600
program,1333,جامعة بيكنت,Taksim Campus,"Cihangir Mahallesi, Sıraselviler Cd. No:65, Beyoğlu / İstanbul",العلاقات الدولية,تركيا,إسطنبول,ماجستير بدون أطروحة,الإنجليزية,متاح,2026-2027,2200,1600,1600,1000,USD,-,1800
program,1332,جامعة بيكنت,Taksim Campus,"Cihangir Mahallesi, Sıraselviler Cd. No:65, Beyoğlu / İstanbul",العلاقات الدولية,تركيا,إسطنبول,ماجستير بدون أطروحة,التركية,متاح,2026-2027,2200,1600,1600,1000,USD,-,1600
program,1331,جامعة بيكنت,Taksim Campus,"Cihangir Mahallesi, Sıraselviler Cd. No:65, Beyoğlu / İstanbul",علم الاجتماع,تركيا,إسطنبول,ماجستير بدون أطروحة,التركية,متاح,2026-2027,2200,1600,1600,1000,USD,-,1600
program,1330,جامعة بيكنت,Taksim Campus,"Cihangir Mahallesi, Sıraselviler Cd. No:65, Beyoğlu / İstanbul",العلوم السياسية والإدارة العامة,تركيا,إسطنبول,ماجستير بدون أطروحة,الإنجليزية,متاح,2026-2027,2200,1600,1600,1000,USD,-,1600
program,1329,جامعة بيكنت,Taksim Campus,"Cihangir Mahallesi, Sıraselviler Cd. No:65, Beyoğlu / İstanbul",العلوم السياسية والإدارة العامة,تركيا,إسطنبول,ماجستير بدون أطروحة,التركية,متاح,2026-2027,2200,1600,1600,1000,USD,-,1600
program,1328,جامعة بيكنت,Taksim Campus,"Cihangir Mahallesi, Sıraselviler Cd. No:65, Beyoğlu / İstanbul",التصميم المعماري,تركيا,إسطنبول,ماجستير بدون أطروحة,التركية,متاح,2026-2027,2200,1600,1600,1000,USD,-,1600
program,1327,جامعة بيكنت,Taksim Campus,"Cihangir Mahallesi, Sıraselviler Cd. No:65, Beyoğlu / İstanbul",الهندسة الميكانيكية,تركيا,إسطنبول,ماجستير بدون أطروحة,التركية,متاح,2026-2027,2200,1600,1600,1000,USD,-,1600
program,1326,جامعة بيكنت,Taksim Campus,"Cihangir Mahallesi, Sıraselviler Cd. No:65, Beyoğlu / İstanbul",الصحة والسلامة المهنية (متعدد التخصصات),تركيا,إسطنبول,ماجستير بدون أطروحة,التركية,متاح,2026-2027,2200,1600,1600,1000,USD,-,1600
program,1325,جامعة بيكنت,Taksim Campus,"Cihangir Mahallesi, Sıraselviler Cd. No:65, Beyoğlu / İstanbul",الهندسة المدنية,تركيا,إسطنبول,ماجستير بدون أطروحة,التركية,متاح,2026-2027,2200,1600,1600,1000,USD,-,1600
program,1324,جامعة بيكنت,Taksim Campus,"Cihangir Mahallesi, Sıraselviler Cd. No:65, Beyoğlu / İstanbul",الموارد البشرية والتغيير التنظيمي (تعليم عن بعد),تركيا,إسطنبول,ماجستير بدون أطروحة,التركية,متاح,2026-2027,2200,1400,1400,1000,USD,-,1400
program,1323,جامعة بيكنت,Taksim Campus,"Cihangir Mahallesi, Sıraselviler Cd. No:65, Beyoğlu / İstanbul",إدارة المؤسسات الصحية,تركيا,إسطنبول,ماجستير بدون أطروحة,التركية,متاح,2026-2027,2200,1600,1600,1000,USD,-,1600
program,1322,جامعة بيكنت,Taksim Campus,"Cihangir Mahallesi, Sıraselviler Cd. No:65, Beyoğlu / İstanbul",العلاقات العامة والإعلان,تركيا,إسطنبول,ماجستير بدون أطروحة,التركية,متاح,2026-2027,2200,1600,1600,1000,USD,-,1600
program,1321,جامعة بيكنت,Taksim Campus,"Cihangir Mahallesi, Sıraselviler Cd. No:65, Beyoğlu / İstanbul",التصميم الجرافيكي,تركيا,إسطنبول,ماجستير بدون أطروحة,التركية,متاح,2026-2027,2200,1600,1600,1000,USD,-,1600
program,1320,جامعة بيكنت,Taksim Campus,"Cihangir Mahallesi, Sıraselviler Cd. No:65, Beyoğlu / İstanbul",دراسات الهجرة,تركيا,إسطنبول,ماجستير بدون أطروحة,التركية,متاح,2026-2027,2200,1600,1600,1000,USD,-,1600
program,1319,جامعة بيكنت,Taksim Campus,"Cihangir Mahallesi, Sıraselviler Cd. No:65, Beyoğlu / İstanbul",فنون الطهي وفنون المطبخ,تركيا,إسطنبول,ماجستير بدون أطروحة,التركية,متاح,2026-2027,2200,1600,1600,1000,USD,-,1600
program,1318,جامعة بيكنت,Taksim Campus,"Cihangir Mahallesi, Sıraselviler Cd. No:65, Beyoğlu / İstanbul",المالية,تركيا,إسطنبول,ماجستير بدون أطروحة,التركية,متاح,2026-2027,2200,1600,1600,1000,USD,-,1600
program,1317,جامعة بيكنت,Taksim Campus,"Cihangir Mahallesi, Sıraselviler Cd. No:65, Beyoğlu / İstanbul",السياسات الصناعية وإدارة التكنولوجيا,تركيا,إسطنبول,ماجستير بدون أطروحة,التركية,متاح,2026-2027,2200,1600,1600,1000,USD,-,1600
program,1316,جامعة بيكنت,Taksim Campus,"Cihangir Mahallesi, Sıraselviler Cd. No:65, Beyoğlu / İstanbul",الهندسة الصناعية,تركيا,إسطنبول,ماجستير بدون أطروحة,التركية,متاح,2026-2027,2200,1600,1600,1000,USD,-,1600
program,1315,جامعة بيكنت,Taksim Campus,"Cihangir Mahallesi, Sıraselviler Cd. No:65, Beyoğlu / İstanbul",الاقتصاد والمالية,تركيا,إسطنبول,ماجستير بدون أطروحة,التركية,متاح,2026-2027,2200,1600,1600,1000,USD,-,1600
program,1314,جامعة بيكنت,Taksim Campus,"Cihangir Mahallesi, Sıraselviler Cd. No:65, Beyoğlu / İstanbul",الاقتصاد,تركيا,إسطنبول,ماجستير بدون أطروحة,التركية,متاح,2026-2027,2200,1600,1600,1000,USD,-,1600
program,1313,جامعة بيكنت,Taksim Campus,"Cihangir Mahallesi, Sıraselviler Cd. No:65, Beyoğlu / İstanbul",البنوك والتمويل (تعليم عن بعد),تركيا,إسطنبول,ماجستير بدون أطروحة,التركية,متاح,2026-2027,2200,1400,1400,1000,USD,-,1400
program,1312,جامعة بيكنت,Beylikduzu Campus,"Cumhuriyet Mahallesi, Beykent, Büyükçekmece / İstanbul",تمريض,تركيا,إسطنبول,بكالوريوس,التركية,متاح,2026-2027,4000,2700,2700,1000,USD,-,2700
program,1311,جامعة بيكنت,Beylikduzu Campus,"Cumhuriyet Mahallesi, Beykent, Büyükçekmece / İstanbul",العلاج الطبيعي والتأهيل,تركيا,إسطنبول,بكالوريوس,التركية,متاح,2026-2027,4000,2700,2700,1000,USD,-,2700
program,1310,جامعة بيكنت,Beylikduzu Campus,"Cumhuriyet Mahallesi, Beykent, Büyükçekmece / İstanbul",القبالة,تركيا,إسطنبول,بكالوريوس,التركية,متاح,2026-2027,4000,2700,2700,1000,USD,-,2700
program,1309,جامعة بيكنت,Beylikduzu Campus,"Cumhuriyet Mahallesi, Beykent, Büyükçekmece / İstanbul",التغذية وعلم الحمية,تركيا,إسطنبول,بكالوريوس,التركية,متاح,2026-2027,4000,2700,2700,1000,USD,-,2700
program,1308,جامعة بيكنت,Beylikduzu Campus,"Cumhuriyet Mahallesi, Beykent, Büyükçekmece / İstanbul",إدارة الصحة,تركيا,إسطنبول,بكالوريوس,التركية,متاح,2026-2027,3500,2500,2500,1000,USD,-,2500
program,1307,جامعة بيكنت,Beylikduzu Campus,"Cumhuriyet Mahallesi, Beykent, Büyükçekmece / İstanbul",تنمية الطفل,تركيا,إسطنبول,بكالوريوس,التركية,متاح,2026-2027,3500,2500,2500,1000,USD,-,2500
program,1306,جامعة بيكنت,Ayazaga - Maslak Campus,"Ayazağa Mahallesi, Hadım Koruyolu Cd. No:19, Sarıyer / İstanbul",هندسة البرمجيات,تركيا,إسطنبول,بكالوريوس,التركية,متاح,2026-2027,4000,2700,2700,1000,USD,-,2700
program,1305,جامعة بيكنت,Ayazaga - Maslak Campus,"Ayazağa Mahallesi, Hadım Koruyolu Cd. No:19, Sarıyer / İstanbul",هندسة الكمبيوتر,تركيا,إسطنبول,بكالوريوس,الإنجليزية,متاح,2026-2027,4000,2700,2700,1000,USD,-,2700
program,1304,جامعة بيكنت,Ayazaga - Maslak Campus,"Ayazağa Mahallesi, Hadım Koruyolu Cd. No:19, Sarıyer / İstanbul",هندسة الكمبيوتر,تركيا,إسطنبول,بكالوريوس,التركية,متاح,2026-2027,4000,2700,2700,1000,USD,-,2700
program,1303,جامعة بيكنت,Ayazaga - Maslak Campus,"Ayazağa Mahallesi, Hadım Koruyolu Cd. No:19, Sarıyer / İstanbul",العمارة,تركيا,إسطنبول,بكالوريوس,الإنجليزية,متاح,2026-2027,3500,2500,2500,1000,USD,-,2500
program,1302,جامعة بيكنت,Ayazaga - Maslak Campus,"Ayazağa Mahallesi, Hadım Koruyolu Cd. No:19, Sarıyer / İstanbul",العمارة,تركيا,إسطنبول,بكالوريوس,التركية,متاح,2026-2027,3500,2500,2500,1000,USD,-,2500
program,1301,جامعة بيكنت,Ayazaga - Maslak Campus,"Ayazağa Mahallesi, Hadım Koruyolu Cd. No:19, Sarıyer / İstanbul",الهندسة الميكانيكية,تركيا,إسطنبول,بكالوريوس,الإنجليزية,متاح,2026-2027,3500,2500,2500,1000,USD,-,2500
program,1300,جامعة بيكنت,Ayazaga - Maslak Campus,"Ayazağa Mahallesi, Hadım Koruyolu Cd. No:19, Sarıyer / İstanbul",الهندسة الكيميائية,تركيا,إسطنبول,بكالوريوس,التركية,متاح,2026-2027,3500,2500,2500,1000,USD,-,2500
program,1299,جامعة بيكنت,Ayazaga - Maslak Campus,"Ayazağa Mahallesi, Hadım Koruyolu Cd. No:19, Sarıyer / İstanbul",الهندسة المدنية,تركيا,إسطنبول,بكالوريوس,الإنجليزية,متاح,2026-2027,3500,2500,2500,1000,USD,-,2500
program,1298,جامعة بيكنت,Ayazaga - Maslak Campus,"Ayazağa Mahallesi, Hadım Koruyolu Cd. No:19, Sarıyer / İstanbul",العمارة الداخلية,تركيا,إسطنبول,بكالوريوس,الإنجليزية,متاح,2026-2027,3500,2500,2500,1000,USD,-,2500
program,1297,جامعة بيكنت,Ayazaga - Maslak Campus,"Ayazağa Mahallesi, Hadım Koruyolu Cd. No:19, Sarıyer / İstanbul",العمارة الداخلية,تركيا,إسطنبول,بكالوريوس,التركية,متاح,2026-2027,3500,2500,2500,1000,USD,-,2500
program,1296,جامعة بيكنت,Ayazaga - Maslak Campus,"Ayazağa Mahallesi, Hadım Koruyolu Cd. No:19, Sarıyer / İstanbul",التصميم الصناعي,تركيا,إسطنبول,بكالوريوس,الإنجليزية,متاح,2026-2027,3500,2500,2500,1000,USD,-,2500
program,1295,جامعة بيكنت,Ayazaga - Maslak Campus,"Ayazağa Mahallesi, Hadım Koruyolu Cd. No:19, Sarıyer / İstanbul",التصميم الصناعي,تركيا,إسطنبول,بكالوريوس,التركية,متاح,2026-2027,3500,2500,2500,1000,USD,-,2500
program,1294,جامعة بيكنت,Ayazaga - Maslak Campus,"Ayazağa Mahallesi, Hadım Koruyolu Cd. No:19, Sarıyer / İstanbul",الهندسة الصناعية,تركيا,إسطنبول,بكالوريوس,الإنجليزية,متاح,2026-2027,3500,2500,2500,1000,USD,-,2500
program,1293,جامعة بيكنت,Ayazaga - Maslak Campus,"Ayazağa Mahallesi, Hadım Koruyolu Cd. No:19, Sarıyer / İstanbul",الهندسة الصناعية,تركيا,إسطنبول,بكالوريوس,التركية,متاح,2026-2027,3500,2500,2500,1000,USD,-,2500
program,1292,جامعة بيكنت,Ayazaga - Maslak Campus,"Ayazağa Mahallesi, Hadım Koruyolu Cd. No:19, Sarıyer / İstanbul",الهندسة الكهربائية والإلكترونية,تركيا,إسطنبول,بكالوريوس,التركية,متاح,2026-2027,3500,2500,2500,1000,USD,-,2500
program,1291,جامعة بيكنت,Ayazaga - Maslak Campus,"Ayazağa Mahallesi, Hadım Koruyolu Cd. No:19, Sarıyer / İstanbul",وسائل الإعلام الجديدة,تركيا,إسطنبول,بكالوريوس,الإنجليزية,متاح,2026-2027,3500,2500,2500,1000,USD,-,2500
program,1290,جامعة بيكنت,Ayazaga - Maslak Campus,"Ayazağa Mahallesi, Hadım Koruyolu Cd. No:19, Sarıyer / İstanbul",وسائل الإعلام الجديدة,تركيا,إسطنبول,بكالوريوس,التركية,متاح,2026-2027,3500,2500,2500,1000,USD,-,2500
program,1289,جامعة بيكنت,Ayazaga - Maslak Campus,"Ayazağa Mahallesi, Hadım Koruyolu Cd. No:19, Sarıyer / İstanbul",الإعلام والاتصالات,تركيا,إسطنبول,بكالوريوس,التركية,متاح,2026-2027,3500,2500,2500,1000,USD,-,2500
program,1288,جامعة بيكنت,Ayazaga - Maslak Campus,"Ayazağa Mahallesi, Hadım Koruyolu Cd. No:19, Sarıyer / İstanbul",العلاقات العامة والإعلان,تركيا,إسطنبول,بكالوريوس,التركية,متاح,2026-2027,3500,2500,2500,1000,USD,-,2500
program,1287,جامعة بيكنت,Ayazaga - Maslak Campus,"Ayazağa Mahallesi, Hadım Koruyolu Cd. No:19, Sarıyer / İstanbul",تصميم الاتصالات المرئية,تركيا,إسطنبول,بكالوريوس,التركية,متاح,2026-2027,3500,2500,2500,1000,USD,-,2500
program,1286,جامعة بيكنت,Ayazaga - Maslak Campus,"Ayazağa Mahallesi, Hadım Koruyolu Cd. No:19, Sarıyer / İstanbul",تصميم الاتصالات المرئية,تركيا,إسطنبول,بكالوريوس,الإنجليزية,متاح,2026-2027,3500,2500,2500,1000,USD,-,2500
program,1285,جامعة بيكنت,Ayazaga - Maslak Campus,"Ayazağa Mahallesi, Hadım Koruyolu Cd. No:19, Sarıyer / İstanbul",تصميم الألعاب الرقمية,تركيا,إسطنبول,بكالوريوس,التركية,متاح,2026-2027,3500,2500,2500,1000,USD,-,2500
program,1284,جامعة بيكنت,Ayazaga - Maslak Campus,"Ayazağa Mahallesi, Hadım Koruyolu Cd. No:19, Sarıyer / İstanbul",تصميم الألعاب الرقمية,تركيا,إسطنبول,بكالوريوس,الإنجليزية,متاح,2026-2027,3500,2500,2500,1000,USD,-,2500
program,1283,جامعة بيكنت,Hadimkoy Campus,"Akçaburgaz Mahallesi, Hadımköy İstanbul Cd. No:2/A Esenyurt / İstanbul",نظم المعلومات الإدارية,تركيا,إسطنبول,بكالوريوس,التركية,متاح,2026-2027,3500,2500,2500,1000,USD,-,2500
program,1282,جامعة بيكنت,Hadimkoy Campus,"Akçaburgaz Mahallesi, Hadımköy İstanbul Cd. No:2/A Esenyurt / İstanbul",نظم المعلومات الإدارية,تركيا,إسطنبول,بكالوريوس,الإنجليزية,متاح,2026-2027,3500,2500,2500,1000,USD,-,2500
program,1281,جامعة بيكنت,Hadimkoy Campus,"Akçaburgaz Mahallesi, Hadımköy İstanbul Cd. No:2/A Esenyurt / İstanbul",التجارة الدولية والتمويل,تركيا,إسطنبول,بكالوريوس,الإنجليزية,متاح,2026-2027,3500,2500,2500,1000,USD,-,2500
program,1280,جامعة بيكنت,Hadimkoy Campus,"Akçaburgaz Mahallesi, Hadımköy İstanbul Cd. No:2/A Esenyurt / İstanbul",التجارة الدولية والتمويل,تركيا,إسطنبول,بكالوريوس,التركية,متاح,2026-2027,3500,2500,2500,1000,USD,-,2500
program,1279,جامعة بيكنت,Hadimkoy Campus,"Akçaburgaz Mahallesi, Hadımköy İstanbul Cd. No:2/A Esenyurt / İstanbul",إدارة اللوجستيات,تركيا,إسطنبول,بكالوريوس,التركية,متاح,2026-2027,3500,2500,2500,1000,USD,-,2500
program,1278,جامعة بيكنت,Hadimkoy Campus,"Akçaburgaz Mahallesi, Hadımköy İstanbul Cd. No:2/A Esenyurt / İstanbul",إدارة اللوجستيات,تركيا,إسطنبول,بكالوريوس,الإنجليزية,متاح,2026-2027,3500,2500,2500,1000,USD,-,2500
program,1277,جامعة بيكنت,Hadimkoy Campus,"Akçaburgaz Mahallesi, Hadımköy İstanbul Cd. No:2/A Esenyurt / İstanbul",العلاقات الدولية,تركيا,إسطنبول,بكالوريوس,الإنجليزية,متاح,2026-2027,3500,2500,2500,1000,USD,-,2500
program,1276,جامعة بيكنت,Hadimkoy Campus,"Akçaburgaz Mahallesi, Hadımköy İstanbul Cd. No:2/A Esenyurt / İstanbul",إدارة السياحة,تركيا,إسطنبول,بكالوريوس,التركية,متاح,2026-2027,3500,2500,2500,1000,USD,-,2500
program,1275,جامعة بيكنت,Hadimkoy Campus,"Akçaburgaz Mahallesi, Hadımköy İstanbul Cd. No:2/A Esenyurt / İstanbul",العلوم السياسية والإدارة العامة,تركيا,إسطنبول,بكالوريوس,الإنجليزية,متاح,2026-2027,3500,2500,2500,1000,USD,-,2500
program,1274,جامعة بيكنت,Hadimkoy Campus,"Akçaburgaz Mahallesi, Hadımköy İstanbul Cd. No:2/A Esenyurt / İstanbul",العلوم السياسية والإدارة العامة,تركيا,إسطنبول,بكالوريوس,التركية,متاح,2026-2027,3500,2500,2500,1000,USD,-,2500
program,1273,جامعة بيكنت,Hadimkoy Campus,"Akçaburgaz Mahallesi, Hadımköy İstanbul Cd. No:2/A Esenyurt / İstanbul",أسواق رأس المال,تركيا,إسطنبول,بكالوريوس,التركية,متاح,2026-2027,3500,2500,2500,1000,USD,-,2500
program,1272,جامعة بيكنت,Hadimkoy Campus,"Akçaburgaz Mahallesi, Hadımköy İstanbul Cd. No:2/A Esenyurt / İstanbul",إدارة الأعمال,تركيا,إسطنبول,بكالوريوس,الإنجليزية,متاح,2026-2027,4000,2700,2700,1000,USD,-,2700
program,1271,جامعة بيكنت,Hadimkoy Campus,"Akçaburgaz Mahallesi, Hadımköy İstanbul Cd. No:2/A Esenyurt / İstanbul",إدارة الأعمال,تركيا,إسطنبول,بكالوريوس,التركية,متاح,2026-2027,3500,2500,2500,1000,USD,-,2500
program,1270,جامعة بيكنت,Hadimkoy Campus,"Akçaburgaz Mahallesi, Hadımköy İstanbul Cd. No:2/A Esenyurt / İstanbul",الاقتصاد,تركيا,إسطنبول,بكالوريوس,الإنجليزية,متاح,2026-2027,3500,2500,2500,1000,USD,-,2500
program,1269,جامعة بيكنت,Hadimkoy Campus,"Akçaburgaz Mahallesi, Hadımköy İstanbul Cd. No:2/A Esenyurt / İstanbul",الاقتصاد,تركيا,إسطنبول,بكالوريوس,التركية,متاح,2026-2027,3500,2500,2500,1000,USD,-,2500
program,1268,جامعة بيكنت,Hadimkoy Campus,"Akçaburgaz Mahallesi, Hadımköy İstanbul Cd. No:2/A Esenyurt / İstanbul",البنوك والتمويل,تركيا,إسطنبول,بكالوريوس,الإنجليزية,متاح,2026-2027,3500,2500,2500,1000,USD,-,2500
program,1267,جامعة بيكنت,Hadimkoy Campus,"Akçaburgaz Mahallesi, Hadımköy İstanbul Cd. No:2/A Esenyurt / İstanbul",البنوك والتمويل,تركيا,إسطنبول,بكالوريوس,التركية,متاح,2026-2027,3500,2500,2500,1000,USD,-,2500
program,1266,جامعة بيكنت,Ayazaga - Maslak Campus,"Ayazağa Mahallesi, Hadım Koruyolu Cd. No:19, Sarıyer / İstanbul",تصميم الأزياء والمنسوجات,تركيا,إسطنبول,بكالوريوس,التركية,متاح,2026-2027,3500,2500,2500,1000,USD,-,2500
program,1265,جامعة بيكنت,Ayazaga - Maslak Campus,"Ayazağa Mahallesi, Hadım Koruyolu Cd. No:19, Sarıyer / İstanbul",التصميم الجرافيكي,تركيا,إسطنبول,بكالوريوس,التركية,متاح,2026-2027,3500,2500,2500,1000,USD,-,2500
program,1264,جامعة بيكنت,Ayazaga - Maslak Campus,"Ayazağa Mahallesi, Hadım Koruyolu Cd. No:19, Sarıyer / İstanbul",التصميم الجرافيكي,تركيا,إسطنبول,بكالوريوس,الإنجليزية,متاح,2026-2027,3500,2500,2500,1000,USD,-,2500
program,1263,جامعة بيكنت,Ayazaga - Maslak Campus,"Ayazağa Mahallesi, Hadım Koruyolu Cd. No:19, Sarıyer / İstanbul",التمثيل,تركيا,إسطنبول,بكالوريوس,التركية,متاح,2026-2027,3500,2500,2500,1000,USD,-,2500
program,1262,جامعة بيكنت,Ayazaga - Maslak Campus,"Ayazağa Mahallesi, Hadım Koruyolu Cd. No:19, Sarıyer / İstanbul",الإذاعة والتلفزيون والسينما,تركيا,إسطنبول,بكالوريوس,الإنجليزية,متاح,2026-2027,3500,2500,2500,1000,USD,-,2500
program,1261,جامعة بيكنت,Ayazaga - Maslak Campus,"Ayazağa Mahallesi, Hadım Koruyolu Cd. No:19, Sarıyer / İstanbul",الإذاعة والتلفزيون والسينما,تركيا,إسطنبول,بكالوريوس,التركية,متاح,2026-2027,3500,2500,2500,1000,USD,-,2500
program,1260,جامعة بيكنت,Ayazaga - Maslak Campus,"Ayazağa Mahallesi, Hadım Koruyolu Cd. No:19, Sarıyer / İstanbul",تصميم الاتصال,تركيا,إسطنبول,بكالوريوس,التركية,متاح,2026-2027,3500,2500,2500,1000,USD,-,2500
program,1259,جامعة بيكنت,Beylikduzu Campus,"Cumhuriyet Mahallesi, Beykent, Büyükçekmece / İstanbul",فنون الطهي وفنون المطبخ,تركيا,إسطنبول,بكالوريوس,التركية,متاح,2026-2027,3500,2500,2500,1000,USD,-,2500
program,1258,جامعة بيكنت,Beylikduzu Campus,"Cumhuriyet Mahallesi, Beykent, Büyükçekmece / İstanbul",تطوير البرمجيات,تركيا,إسطنبول,بكالوريوس,التركية,متاح,2026-2027,3500,2500,2500,1000,USD,-,2500
program,1257,جامعة بيكنت,Beylikduzu Campus,"Cumhuriyet Mahallesi, Beykent, Büyükçekmece / İstanbul",نظم وتقنيات المعلومات,تركيا,إسطنبول,بكالوريوس,التركية,متاح,2026-2027,3500,2500,2500,1000,USD,-,2500
program,1256,جامعة بيكنت,Beylikduzu Campus,"Cumhuriyet Mahallesi, Beykent, Büyükçekmece / İstanbul",الترجمة التحريرية والشفهية (الروسية),تركيا,إسطنبول,بكالوريوس,التركية,متاح,2026-2027,3500,2500,2500,1000,USD,-,2500
program,1255,جامعة بيكنت,Beylikduzu Campus,"Cumhuriyet Mahallesi, Beykent, Büyükçekmece / İstanbul",الترجمة التحريرية والشفهية (الإنجليزية),تركيا,إسطنبول,بكالوريوس,التركية,متاح,2026-2027,3500,2500,2500,1000,USD,-,2500
program,1254,جامعة بيكنت,Beylikduzu Campus,"Cumhuriyet Mahallesi, Beykent, Büyükçekmece / İstanbul",اللغة التركية وآدابها,تركيا,إسطنبول,بكالوريوس,التركية,متاح,2026-2027,3500,2500,2500,1000,USD,-,2500
program,1253,جامعة بيكنت,Beylikduzu Campus,"Cumhuriyet Mahallesi, Beykent, Büyükçekmece / İstanbul",التاريخ,تركيا,إسطنبول,بكالوريوس,التركية,متاح,2026-2027,3500,2500,2500,1000,USD,-,2500
program,1252,جامعة بيكنت,Beylikduzu Campus,"Cumhuriyet Mahallesi, Beykent, Büyükçekmece / İstanbul",علم الاجتماع,تركيا,إسطنبول,بكالوريوس,التركية,متاح,2026-2027,3500,2500,2500,1000,USD,-,2500
program,1251,جامعة بيكنت,Beylikduzu Campus,"Cumhuriyet Mahallesi, Beykent, Büyükçekmece / İstanbul",علم النفس,تركيا,إسطنبول,بكالوريوس,التركية,متاح,2026-2027,3500,2500,2500,1000,USD,-,2500
program,1250,جامعة بيكنت,Beylikduzu Campus,"Cumhuriyet Mahallesi, Beykent, Büyükçekmece / İstanbul",علم النفس,تركيا,إسطنبول,بكالوريوس,الإنجليزية,متاح,2026-2027,3500,2500,2500,1000,USD,-,2500
program,1249,جامعة بيكنت,Beylikduzu Campus,"Cumhuriyet Mahallesi, Beykent, Büyükçekmece / İstanbul",الرياضيات,تركيا,إسطنبول,بكالوريوس,التركية,متاح,2026-2027,3500,2500,2500,1000,USD,-,2500
program,1248,جامعة بيكنت,Beylikduzu Campus,"Cumhuriyet Mahallesi, Beykent, Büyükçekmece / İstanbul",اللغة الإنجليزية وآدابها,تركيا,إسطنبول,بكالوريوس,التركية,متاح,2026-2027,3500,2500,2500,1000,USD,-,2500
program,1247,جامعة بيكنت,Taksim Campus,"Cihangir Mahallesi, Sıraselviler Cd. No:65, Beyoğlu / İstanbul",قانون,تركيا,إسطنبول,بكالوريوس,التركية,متاح,2026-2027,3500,2500,2500,1000,USD,-,2500
program,1246,جامعة بيكنت,Beylikduzu Campus,"Cumhuriyet Mahallesi, Beykent, Büyükçekmece / İstanbul",طب الأسنان,تركيا,إسطنبول,بكالوريوس,التركية,متاح,2026-2027,18000,11000,11000,2000,USD,-,3950
program,1245,جامعة بيكنت,Beylikduzu Campus,"Cumhuriyet Mahallesi, Beykent, Büyükçekmece / İstanbul",الطب البشري,تركيا,إسطنبول,بكالوريوس,التركية,متاح,2026-2027,18000,11000,11000,2000,USD,-,3950
program,1244,جامعة بيكنت,Beylikduzu Campus,"Cumhuriyet Mahallesi, Beykent, Büyükçekmece / İstanbul",تقنيات المختبرات الطبية,تركيا,إسطنبول,دبلوم,التركية,متاح,2026-2027,2613,1900,1900,1000,USD,-,1900
program,1243,جامعة بيكنت,Beylikduzu Campus,"Cumhuriyet Mahallesi, Beykent, Büyükçekmece / İstanbul",تقنيات التصوير الطبي,تركيا,إسطنبول,دبلوم,التركية,متاح,2026-2027,2613,1900,1900,1000,USD,-,1900
program,1242,جامعة بيكنت,Beylikduzu Campus,"Cumhuriyet Mahallesi, Beykent, Büyükçekmece / İstanbul",التوثيق الطبي والسكرتارية,تركيا,إسطنبول,دبلوم,التركية,متاح,2026-2027,2613,1900,1900,1000,USD,-,1900
program,1241,جامعة بيكنت,Beylikduzu Campus,"Cumhuriyet Mahallesi, Beykent, Büyükçekmece / İstanbul",العلاج الإشعاعي,تركيا,إسطنبول,دبلوم,التركية,متاح,2026-2027,2613,1900,1900,1000,USD,-,1900
program,1240,جامعة بيكنت,Beylikduzu Campus,"Cumhuriyet Mahallesi, Beykent, Büyükçekmece / İstanbul",تقنيات مختبر علم الأمراض,تركيا,إسطنبول,دبلوم,التركية,متاح,2026-2027,2613,1900,1900,1000,USD,-,1900
program,1239,جامعة بيكنت,Hadimkoy Campus,"Akçaburgaz Mahallesi, Hadımköy İstanbul Cd. No:2/A Esenyurt / İstanbul",الأطراف الاصطناعية وتقويم العظام,تركيا,إسطنبول,دبلوم,التركية,متاح,2026-2027,2613,1900,1900,1000,USD,-,1900
program,1238,جامعة بيكنت,Beylikduzu Campus,"Cumhuriyet Mahallesi, Beykent, Büyükçekmece / İstanbul",البصريات,تركيا,إسطنبول,دبلوم,التركية,متاح,2026-2027,2613,1900,1900,1000,USD,-,1900
program,1237,جامعة بيكنت,Beylikduzu Campus,"Cumhuriyet Mahallesi, Beykent, Büyükçekmece / İstanbul",قياس السمع,تركيا,إسطنبول,دبلوم,التركية,متاح,2026-2027,2613,1900,1900,1000,USD,-,1900
program,1236,جامعة بيكنت,Hadimkoy Campus,"Akçaburgaz Mahallesi, Hadımköy İstanbul Cd. No:2/A Esenyurt / İstanbul",إدارة الأعمال,تركيا,إسطنبول,دبلوم,التركية,متاح,2026-2027,2613,1900,1900,1000,USD,-,1900
program,1235,جامعة بيكنت,Beylikduzu Campus,"Cumhuriyet Mahallesi, Beykent, Büyükçekmece / İstanbul",الإسعافات الأولية والطوارئ,تركيا,إسطنبول,دبلوم,التركية,متاح,2026-2027,2613,1900,1900,1000,USD,-,1900
program,1234,جامعة بيكنت,Beylikduzu Campus,"Cumhuriyet Mahallesi, Beykent, Büyükçekmece / İstanbul",العلاج الطبيعي,تركيا,إسطنبول,دبلوم,التركية,متاح,2026-2027,2613,1900,1900,1000,USD,-,1900
program,1233,جامعة بيكنت,Beylikduzu Campus,"Cumhuriyet Mahallesi, Beykent, Büyükçekmece / İstanbul",تخطيط كهربائية الأعصاب,تركيا,إسطنبول,دبلوم,التركية,متاح,2026-2027,2613,1900,1900,1000,USD,-,1900
program,1232,جامعة بيكنت,Beylikduzu Campus,"Cumhuriyet Mahallesi, Beykent, Büyükçekmece / İstanbul",خدمات الصيدلية,تركيا,إسطنبول,دبلوم,التركية,متاح,2026-2027,2613,1900,1900,1000,USD,-,1900
program,1231,جامعة بيكنت,Beylikduzu Campus,"Cumhuriyet Mahallesi, Beykent, Büyükçekmece / İstanbul",غسيل الكلى,تركيا,إسطنبول,دبلوم,التركية,متاح,2026-2027,2613,1900,1900,1000,USD,-,1900
program,1230,جامعة بيكنت,Beylikduzu Campus,"Cumhuriyet Mahallesi, Beykent, Büyükçekmece / İstanbul",تقنية التعويضات السنية,تركيا,إسطنبول,دبلوم,التركية,متاح,2026-2027,2613,1900,1900,1000,USD,-,1900
program,1229,جامعة بيكنت,Hadimkoy Campus,"Akçaburgaz Mahallesi, Hadımköy İstanbul Cd. No:2/A Esenyurt / İstanbul",التجارة الخارجية,تركيا,إسطنبول,دبلوم,التركية,متاح,2026-2027,2613,1900,1900,1000,USD,-,1900
program,1228,جامعة بيكنت,Hadimkoy Campus,"Akçaburgaz Mahallesi, Hadımköy İstanbul Cd. No:2/A Esenyurt / İstanbul",تنمية الطفل,تركيا,إسطنبول,دبلوم,التركية,متاح,2026-2027,2613,1900,1900,1000,USD,-,1900
program,1227,جامعة بيكنت,Hadimkoy Campus,"Akçaburgaz Mahallesi, Hadımköy İstanbul Cd. No:2/A Esenyurt / İstanbul",تقنيات الأجهزة الطبية الحيوية,تركيا,إسطنبول,دبلوم,التركية,متاح,2026-2027,2613,1900,1900,1000,USD,-,1900
program,1226,جامعة بيكنت,Hadimkoy Campus,"Akçaburgaz Mahallesi, Hadımköy İstanbul Cd. No:2/A Esenyurt / İstanbul",برمجة الكمبيوتر,تركيا,إسطنبول,دبلوم,التركية,متاح,2026-2027,2613,1900,1900,1000,USD,-,1900
program,1225,جامعة بيكنت,Beylikduzu Campus,"Cumhuriyet Mahallesi, Beykent, Büyükçekmece / İstanbul",التخدير,تركيا,إسطنبول,دبلوم,التركية,متاح,2026-2027,2613,1900,1900,1000,USD,-,1900
program,1224,جامعة بيكنت,Beylikduzu Campus,"Cumhuriyet Mahallesi, Beykent, Büyükçekmece / İstanbul",خدمات غرفة العمليات,تركيا,إسطنبول,دبلوم,التركية,متاح,2026-2027,2613,1900,1900,1000,USD,-,1900
program,1223,جامعة بيكنت,Beylikduzu Campus,"Cumhuriyet Mahallesi, Beykent, Büyükçekmece / İstanbul",صحة الفم والأسنان,تركيا,إسطنبول,دبلوم,التركية,متاح,2026-2027,2613,1900,1900,1000,USD,-,1900
program,1222,جامعة بيكنت,Hadimkoy Campus,"Akçaburgaz Mahallesi, Hadımköy İstanbul Cd. No:2/A Esenyurt / İstanbul",تقنية عزل المباني,تركيا,إسطنبول,دبلوم,التركية,متاح,2026-2027,2200,1600,1600,1000,USD,-,1600
program,1221,جامعة بيكنت,Hadimkoy Campus,"Akçaburgaz Mahallesi, Hadımköy İstanbul Cd. No:2/A Esenyurt / İstanbul",مشغل الذكاء الاصطناعي,تركيا,إسطنبول,دبلوم,التركية,متاح,2026-2027,2200,1600,1600,1000,USD,-,1600
program,1220,جامعة بيكنت,Hadimkoy Campus,"Akçaburgaz Mahallesi, Hadımköy İstanbul Cd. No:2/A Esenyurt / İstanbul",خدمات السياحة والسفر,تركيا,إسطنبول,دبلوم,التركية,متاح,2026-2027,2200,1600,1600,1000,USD,-,1600
program,1219,جامعة بيكنت,Hadimkoy Campus,"Akçaburgaz Mahallesi, Hadımköy İstanbul Cd. No:2/A Esenyurt / İstanbul",الإرشاد السياحي,تركيا,إسطنبول,دبلوم,التركية,متاح,2026-2027,2200,1600,1600,1000,USD,-,1600
program,1218,جامعة بيكنت,Hadimkoy Campus,"Akçaburgaz Mahallesi, Hadımköy İstanbul Cd. No:2/A Esenyurt / İstanbul",تقنية النسيج,تركيا,إسطنبول,دبلوم,التركية,متاح,2026-2027,2200,1600,1600,1000,USD,-,1600
program,1217,جامعة بيكنت,Hadimkoy Campus,"Akçaburgaz Mahallesi, Hadımköy İstanbul Cd. No:2/A Esenyurt / İstanbul",فني إدارة المياه والنفايات,تركيا,إسطنبول,دبلوم,التركية,متاح,2026-2027,2200,1600,1600,1000,USD,-,1600
program,1216,جامعة بيكنت,Hadimkoy Campus,"Akçaburgaz Mahallesi, Hadımköy İstanbul Cd. No:2/A Esenyurt / İstanbul",الطيران المدني وخدمات المقصورة,تركيا,إسطنبول,دبلوم,التركية,متاح,2026-2027,2200,1600,1600,1000,USD,-,1600
program,1215,جامعة بيكنت,Hadimkoy Campus,"Akçaburgaz Mahallesi, Hadımköy İstanbul Cd. No:2/A Esenyurt / İstanbul",إدارة النقل بالطيران المدني,تركيا,إسطنبول,دبلوم,التركية,متاح,2026-2027,2200,1600,1600,1000,USD,-,1600
program,1214,جامعة بيكنت,Hadimkoy Campus,"Akçaburgaz Mahallesi, Hadımköy İstanbul Cd. No:2/A Esenyurt / İstanbul",تطوير وبرمجة الألعاب,تركيا,إسطنبول,دبلوم,التركية,متاح,2026-2027,2200,1600,1600,1000,USD,-,1600
program,1213,جامعة بيكنت,Hadimkoy Campus,"Akçaburgaz Mahallesi, Hadımköy İstanbul Cd. No:2/A Esenyurt / İstanbul",تكنولوجيا السيارات,تركيا,إسطنبول,دبلوم,التركية,متاح,2026-2027,2200,1600,1600,1000,USD,-,1600
program,1212,جامعة بيكنت,Hadimkoy Campus,"Akçaburgaz Mahallesi, Hadımköy İstanbul Cd. No:2/A Esenyurt / İstanbul",تصميم الأزياء,تركيا,إسطنبول,دبلوم,التركية,متاح,2026-2027,2200,1600,1600,1000,USD,-,1600
program,1211,جامعة بيكنت,Hadimkoy Campus,"Akçaburgaz Mahallesi, Hadımköy İstanbul Cd. No:2/A Esenyurt / İstanbul",الترميم المعماري,تركيا,إسطنبول,دبلوم,التركية,متاح,2026-2027,2200,1600,1600,1000,USD,-,1600
program,1210,جامعة بيكنت,Hadimkoy Campus,"Akçaburgaz Mahallesi, Hadımköy İstanbul Cd. No:2/A Esenyurt / İstanbul",الميكاترونكس,تركيا,إسطنبول,دبلوم,التركية,متاح,2026-2027,2200,1600,1600,1000,USD,-,1600
program,1209,جامعة بيكنت,Hadimkoy Campus,"Akçaburgaz Mahallesi, Hadımköy İstanbul Cd. No:2/A Esenyurt / İstanbul",خدمات مكتب المحكمة,تركيا,إسطنبول,دبلوم,التركية,متاح,2026-2027,2200,1600,1600,1000,USD,-,1600
program,1208,جامعة بيكنت,Hadimkoy Campus,"Akçaburgaz Mahallesi, Hadımköy İstanbul Cd. No:2/A Esenyurt / İstanbul",اللوجستية,تركيا,إسطنبول,دبلوم,التركية,متاح,2026-2027,2200,1600,1600,1000,USD,-,1600
program,1207,جامعة بيكنت,Hadimkoy Campus,"Akçaburgaz Mahallesi, Hadımköy İstanbul Cd. No:2/A Esenyurt / İstanbul",الصحة والسلامة المهنية,تركيا,إسطنبول,دبلوم,التركية,متاح,2026-2027,2200,1600,1600,1000,USD,-,1600
program,1206,جامعة بيكنت,Hadimkoy Campus,"Akçaburgaz Mahallesi, Hadımköy İstanbul Cd. No:2/A Esenyurt / İstanbul",تقنيات وتشغيل الطائرات بدون طيار,تركيا,إسطنبول,دبلوم,التركية,متاح,2026-2027,2200,1600,1600,1000,USD,-,1600
program,1205,جامعة بيكنت,Hadimkoy Campus,"Akçaburgaz Mahallesi, Hadımköy İstanbul Cd. No:2/A Esenyurt / İstanbul",إدارة الموارد البشرية,تركيا,إسطنبول,دبلوم,التركية,متاح,2026-2027,2200,1600,1600,1000,USD,-,1600
program,1204,جامعة بيكنت,Hadimkoy Campus,"Akçaburgaz Mahallesi, Hadımköy İstanbul Cd. No:2/A Esenyurt / İstanbul",التصميم الداخلي,تركيا,إسطنبول,دبلوم,التركية,متاح,2026-2027,2200,1600,1600,1000,USD,-,1600
program,1203,جامعة بيكنت,Hadimkoy Campus,"Akçaburgaz Mahallesi, Hadımköy İstanbul Cd. No:2/A Esenyurt / İstanbul",تكنولوجيا المركبات الهجينة والكهربائية,تركيا,إسطنبول,دبلوم,التركية,متاح,2026-2027,2200,1600,1600,1000,USD,-,1600
program,1202,جامعة بيكنت,Hadimkoy Campus,"Akçaburgaz Mahallesi, Hadımköy İstanbul Cd. No:2/A Esenyurt / İstanbul",العلاقات العامة والإعلان,تركيا,إسطنبول,دبلوم,التركية,متاح,2026-2027,2200,1600,1600,1000,USD,-,1600
program,1201,جامعة بيكنت,Hadimkoy Campus,"Akçaburgaz Mahallesi, Hadımköy İstanbul Cd. No:2/A Esenyurt / İstanbul",التصميم الجرافيكي,تركيا,إسطنبول,دبلوم,التركية,متاح,2026-2027,2200,1600,1600,1000,USD,-,1600
program,1200,جامعة بيكنت,Hadimkoy Campus,"Akçaburgaz Mahallesi, Hadımköy İstanbul Cd. No:2/A Esenyurt / İstanbul",إدارة منشآت الطاقة,تركيا,إسطنبول,دبلوم,التركية,متاح,2026-2027,2200,1600,1600,1000,USD,-,1600
program,1199,جامعة بيكنت,Hadimkoy Campus,"Akçaburgaz Mahallesi, Hadımköy İstanbul Cd. No:2/A Esenyurt / İstanbul",تصميم المنتجات الصناعية,تركيا,إسطنبول,دبلوم,التركية,متاح,2026-2027,2200,1600,1600,1000,USD,-,1600
program,1198,جامعة بيكنت,Hadimkoy Campus,"Akçaburgaz Mahallesi, Hadımköy İstanbul Cd. No:2/A Esenyurt / İstanbul",تقنية تمديدات الغاز الطبيعي,تركيا,إسطنبول,دبلوم,التركية,متاح,2026-2027,2200,1600,1600,1000,USD,-,1600
program,1197,جامعة بيكنت,Hadimkoy Campus,"Akçaburgaz Mahallesi, Hadımköy İstanbul Cd. No:2/A Esenyurt / İstanbul",النمذجة والرسوم المتحركة متعددة الأبعاد,تركيا,إسطنبول,دبلوم,التركية,متاح,2026-2027,2200,1600,1600,1000,USD,-,1600
program,1196,جامعة بيكنت,Hadimkoy Campus,"Akçaburgaz Mahallesi, Hadımköy İstanbul Cd. No:2/A Esenyurt / İstanbul",تقنية أنظمة القياس والرصد البيئي,تركيا,إسطنبول,دبلوم,التركية,متاح,2026-2027,2200,1600,1600,1000,USD,-,1600
program,1195,جامعة بيكنت,Hadimkoy Campus,"Akçaburgaz Mahallesi, Hadımköy İstanbul Cd. No:2/A Esenyurt / İstanbul",برمجة وتشغيل ماكينات CNC,تركيا,إسطنبول,دبلوم,التركية,متاح,2026-2027,2200,1600,1600,1000,USD,-,1600
program,1194,جامعة بيكنت,Hadimkoy Campus,"Akçaburgaz Mahallesi, Hadımköy İstanbul Cd. No:2/A Esenyurt / İstanbul",تقنية أمن المعلومات,تركيا,إسطنبول,دبلوم,التركية,متاح,2026-2027,2200,1600,1600,1000,USD,-,1600
program,1193,جامعة بيكنت,Hadimkoy Campus,"Akçaburgaz Mahallesi, Hadımköy İstanbul Cd. No:2/A Esenyurt / İstanbul",تكنولوجيا الحاسوب,تركيا,إسطنبول,دبلوم,التركية,متاح,2026-2027,2200,1600,1600,1000,USD,-,1600
program,1192,جامعة إسطنبول أريل,Cevizlibağ Campus,"Merkez Efendi Mahallesi, Eski Londra Asfaltı Cd., No 1/3, 34010, Cevizlibağ - Zeytinburnu, Istanbul - Turkey",علم النفس,تركيا,إسطنبول,دكتوراه,التركية,متاح,2026-2027,10000,9000,9000,9000,USD,-,1500
program,1191,جامعة إسطنبول أريل,Cevizlibağ Campus,"Merkez Efendi Mahallesi, Eski Londra Asfaltı Cd., No 1/3, 34010, Cevizlibağ - Zeytinburnu, Istanbul - Turkey",العلوم السياسية والعلاقات الدولية,تركيا,إسطنبول,دكتوراه,التركية,متاح,2026-2027,10000,9000,9000,9000,USD,-,1500
program,1190,جامعة إسطنبول أريل,Cevizlibağ Campus,"Merkez Efendi Mahallesi, Eski Londra Asfaltı Cd., No 1/3, 34010, Cevizlibağ - Zeytinburnu, Istanbul - Turkey",الهندسة الميكانيكية,تركيا,إسطنبول,دكتوراه,التركية,متاح,2026-2027,10000,9000,9000,9000,USD,-,1500
program,1189,جامعة إسطنبول أريل,Cevizlibağ Campus,"Merkez Efendi Mahallesi, Eski Londra Asfaltı Cd., No 1/3, 34010, Cevizlibağ - Zeytinburnu, Istanbul - Turkey",التصميم الجرافيكي,تركيا,إسطنبول,دكتوراه,التركية,متاح,2026-2027,10000,9000,9000,9000,USD,-,1500
program,1188,جامعة إسطنبول أريل,Cevizlibağ Campus,"Merkez Efendi Mahallesi, Eski Londra Asfaltı Cd., No 1/3, 34010, Cevizlibağ - Zeytinburnu, Istanbul - Turkey",الهندسة الكهربائية والإلكترونية,تركيا,إسطنبول,دكتوراه,التركية,متاح,2026-2027,10000,9000,9000,9000,USD,-,1500
program,1187,جامعة إسطنبول أريل,Cevizlibağ Campus,"Merkez Efendi Mahallesi, Eski Londra Asfaltı Cd., No 1/3, 34010, Cevizlibağ - Zeytinburnu, Istanbul - Turkey",الهندسة المدنية,تركيا,إسطنبول,دكتوراه,التركية,متاح,2026-2027,10000,9000,9000,9000,USD,-,1500
program,1186,جامعة إسطنبول أريل,Cevizlibağ Campus,"Merkez Efendi Mahallesi, Eski Londra Asfaltı Cd., No 1/3, 34010, Cevizlibağ - Zeytinburnu, Istanbul - Turkey",إدارة الأعمال,تركيا,إسطنبول,دكتوراه,التركية,متاح,2026-2027,10000,9000,9000,9000,USD,-,1500
program,1185,جامعة إسطنبول أريل,Cevizlibağ Campus,"Merkez Efendi Mahallesi, Eski Londra Asfaltı Cd., No 1/3, 34010, Cevizlibağ - Zeytinburnu, Istanbul - Turkey",العمارة,تركيا,إسطنبول,دكتوراه,التركية,متاح,2026-2027,10000,9000,9000,9000,USD,-,1500
program,1184,جامعة إسطنبول أريل,Cevizlibağ Campus,"Merkez Efendi Mahallesi, Eski Londra Asfaltı Cd., No 1/3, 34010, Cevizlibağ - Zeytinburnu, Istanbul - Turkey",هندسة الأنظمة الحضرية,تركيا,إسطنبول,ماجستير مع أطروحة,التركية,متاح,2026-2027,9000,4400,4400,4400,USD,-,1500
program,1183,جامعة إسطنبول أريل,Cevizlibağ Campus,"Merkez Efendi Mahallesi, Eski Londra Asfaltı Cd., No 1/3, 34010, Cevizlibağ - Zeytinburnu, Istanbul - Turkey",اللغة التركية وآدابها,تركيا,إسطنبول,ماجستير مع أطروحة,التركية,متاح,2026-2027,9000,4400,4400,4400,USD,-,1500
program,1182,جامعة إسطنبول أريل,Cevizlibağ Campus,"Merkez Efendi Mahallesi, Eski Londra Asfaltı Cd., No 1/3, 34010, Cevizlibağ - Zeytinburnu, Istanbul - Turkey",الهندسة الإنشائية,تركيا,إسطنبول,ماجستير مع أطروحة,التركية,متاح,2026-2027,9000,4400,4400,4400,USD,-,1500
program,1181,جامعة إسطنبول أريل,Cevizlibağ Campus,"Merkez Efendi Mahallesi, Eski Londra Asfaltı Cd., No 1/3, 34010, Cevizlibağ - Zeytinburnu, Istanbul - Turkey",الهندسة الإنشائية,تركيا,إسطنبول,ماجستير بدون أطروحة,التركية,متاح,2026-2027,9000,4400,4400,4400,USD,-,1500
program,1180,جامعة إسطنبول أريل,Cevizlibağ Campus,"Merkez Efendi Mahallesi, Eski Londra Asfaltı Cd., No 1/3, 34010, Cevizlibağ - Zeytinburnu, Istanbul - Turkey",علم الاجتماع,تركيا,إسطنبول,ماجستير مع أطروحة,التركية,متاح,2026-2027,9000,4400,4400,4400,USD,-,1500
program,1179,جامعة إسطنبول أريل,Cevizlibağ Campus,"Merkez Efendi Mahallesi, Eski Londra Asfaltı Cd., No 1/3, 34010, Cevizlibağ - Zeytinburnu, Istanbul - Turkey",العلوم السياسية والإدارة العامة,تركيا,إسطنبول,ماجستير مع أطروحة,التركية,متاح,2026-2027,9000,4400,4400,4400,USD,-,1500
program,1178,جامعة إسطنبول أريل,Cevizlibağ Campus,"Merkez Efendi Mahallesi, Eski Londra Asfaltı Cd., No 1/3, 34010, Cevizlibağ - Zeytinburnu, Istanbul - Turkey",علم النفس,تركيا,إسطنبول,ماجستير مع أطروحة,التركية,متاح,2026-2027,9000,4400,4400,4400,USD,-,1500
program,1177,جامعة إسطنبول أريل,Cevizlibağ Campus,"Merkez Efendi Mahallesi, Eski Londra Asfaltı Cd., No 1/3, 34010, Cevizlibağ - Zeytinburnu, Istanbul - Turkey",العلاج الطبيعي والتأهيل,تركيا,إسطنبول,ماجستير مع أطروحة,التركية,متاح,2026-2027,9000,4400,4400,4400,USD,-,1500
program,1176,جامعة إسطنبول أريل,Cevizlibağ Campus,"Merkez Efendi Mahallesi, Eski Londra Asfaltı Cd., No 1/3, 34010, Cevizlibağ - Zeytinburnu, Istanbul - Turkey",تمريض,تركيا,إسطنبول,ماجستير مع أطروحة,التركية,متاح,2026-2027,9000,4400,4400,4400,USD,-,1500
program,1175,جامعة إسطنبول أريل,Cevizlibağ Campus,"Merkez Efendi Mahallesi, Eski Londra Asfaltı Cd., No 1/3, 34010, Cevizlibağ - Zeytinburnu, Istanbul - Turkey",دراسات الإعلام والثقافة,تركيا,إسطنبول,ماجستير مع أطروحة,التركية,متاح,2026-2027,9000,4400,4400,4400,USD,-,1500
program,1174,جامعة إسطنبول أريل,Cevizlibağ Campus,"Merkez Efendi Mahallesi, Eski Londra Asfaltı Cd., No 1/3, 34010, Cevizlibağ - Zeytinburnu, Istanbul - Turkey",الهندسة الميكانيكية,تركيا,إسطنبول,ماجستير مع أطروحة,التركية,متاح,2026-2027,9000,4400,4400,4400,USD,-,1500
program,1173,جامعة إسطنبول أريل,Cevizlibağ Campus,"Merkez Efendi Mahallesi, Eski Londra Asfaltı Cd., No 1/3, 34010, Cevizlibağ - Zeytinburnu, Istanbul - Turkey",التجارة الدولية والتمويل,تركيا,إسطنبول,ماجستير مع أطروحة,التركية,متاح,2026-2027,9000,4400,4400,4400,USD,-,1500
program,1172,جامعة إسطنبول أريل,Cevizlibağ Campus,"Merkez Efendi Mahallesi, Eski Londra Asfaltı Cd., No 1/3, 34010, Cevizlibağ - Zeytinburnu, Istanbul - Turkey",العلاقات الدولية,تركيا,إسطنبول,ماجستير مع أطروحة,التركية,متاح,2026-2027,9000,4400,4400,4400,USD,-,1500
program,1171,جامعة إسطنبول أريل,Cevizlibağ Campus,"Merkez Efendi Mahallesi, Eski Londra Asfaltı Cd., No 1/3, 34010, Cevizlibağ - Zeytinburnu, Istanbul - Turkey",تمريض الأمراض الباطنية,تركيا,إسطنبول,ماجستير مع أطروحة,التركية,متاح,2026-2027,9000,4400,4400,4400,USD,-,1500
program,1170,جامعة إسطنبول أريل,Cevizlibağ Campus,"Merkez Efendi Mahallesi, Eski Londra Asfaltı Cd., No 1/3, 34010, Cevizlibağ - Zeytinburnu, Istanbul - Turkey",إدارة الموارد البشرية,تركيا,إسطنبول,ماجستير مع أطروحة,التركية,متاح,2026-2027,9000,4400,4400,4400,USD,-,1500
program,1169,جامعة إسطنبول أريل,Cevizlibağ Campus,"Merkez Efendi Mahallesi, Eski Londra Asfaltı Cd., No 1/3, 34010, Cevizlibağ - Zeytinburnu, Istanbul - Turkey",إدارة الصحة,تركيا,إسطنبول,ماجستير مع أطروحة,التركية,متاح,2026-2027,9000,4400,4400,4400,USD,-,1500
program,1168,جامعة إسطنبول أريل,Cevizlibağ Campus,"Merkez Efendi Mahallesi, Eski Londra Asfaltı Cd., No 1/3, 34010, Cevizlibağ - Zeytinburnu, Istanbul - Turkey",التصميم الجرافيكي,تركيا,إسطنبول,ماجستير مع أطروحة,التركية,متاح,2026-2027,9000,4400,4400,4400,USD,-,1500
program,1167,جامعة إسطنبول أريل,Cevizlibağ Campus,"Merkez Efendi Mahallesi, Eski Londra Asfaltı Cd., No 1/3, 34010, Cevizlibağ - Zeytinburnu, Istanbul - Turkey",تصميم الأزياء والمنسوجات,تركيا,إسطنبول,ماجستير مع أطروحة,التركية,متاح,2026-2027,9000,4400,4400,4400,USD,-,1500
program,1166,جامعة إسطنبول أريل,Cevizlibağ Campus,"Merkez Efendi Mahallesi, Eski Londra Asfaltı Cd., No 1/3, 34010, Cevizlibağ - Zeytinburnu, Istanbul - Turkey",إدارة ريادة الأعمال والابتكار,تركيا,إسطنبول,ماجستير مع أطروحة,التركية,متاح,2026-2027,9000,4400,4400,4400,USD,-,1500
program,1165,جامعة إسطنبول أريل,Cevizlibağ Campus,"Merkez Efendi Mahallesi, Eski Londra Asfaltı Cd., No 1/3, 34010, Cevizlibağ - Zeytinburnu, Istanbul - Turkey",الإدارة الهندسية,تركيا,إسطنبول,ماجستير مع أطروحة,التركية,متاح,2026-2027,9000,4400,4400,4400,USD,-,1500
program,1164,جامعة إسطنبول أريل,Cevizlibağ Campus,"Merkez Efendi Mahallesi, Eski Londra Asfaltı Cd., No 1/3, 34010, Cevizlibağ - Zeytinburnu, Istanbul - Turkey",الهندسة الكهربائية والإلكترونية,تركيا,إسطنبول,ماجستير مع أطروحة,التركية,متاح,2026-2027,9000,4400,4400,4400,USD,-,1500
program,1163,جامعة إسطنبول أريل,Cevizlibağ Campus,"Merkez Efendi Mahallesi, Eski Londra Asfaltı Cd., No 1/3, 34010, Cevizlibağ - Zeytinburnu, Istanbul - Turkey",هندسة الكمبيوتر,تركيا,إسطنبول,ماجستير مع أطروحة,الإنجليزية,متاح,2026-2027,9000,5000,5000,5000,USD,-,2500
program,1162,جامعة إسطنبول أريل,Cevizlibağ Campus,"Merkez Efendi Mahallesi, Eski Londra Asfaltı Cd., No 1/3, 34010, Cevizlibağ - Zeytinburnu, Istanbul - Turkey",الهندسة المدنية,تركيا,إسطنبول,ماجستير مع أطروحة,التركية,متاح,2026-2027,9000,4400,4400,4400,USD,-,1500
program,1161,جامعة إسطنبول أريل,Cevizlibağ Campus,"Merkez Efendi Mahallesi, Eski Londra Asfaltı Cd., No 1/3, 34010, Cevizlibağ - Zeytinburnu, Istanbul - Turkey",إدارة الأعمال,تركيا,إسطنبول,ماجستير مع أطروحة,التركية,متاح,2026-2027,9000,4400,4400,4400,USD,-,1500
program,1160,جامعة إسطنبول أريل,Cevizlibağ Campus,"Merkez Efendi Mahallesi, Eski Londra Asfaltı Cd., No 1/3, 34010, Cevizlibağ - Zeytinburnu, Istanbul - Turkey",ماجستير إدارة الأعمال (MBA),تركيا,إسطنبول,ماجستير مع أطروحة,الإنجليزية,متاح,2026-2027,9000,5000,5000,5000,USD,-,2500
program,1159,جامعة إسطنبول أريل,Cevizlibağ Campus,"Merkez Efendi Mahallesi, Eski Londra Asfaltı Cd., No 1/3, 34010, Cevizlibağ - Zeytinburnu, Istanbul - Turkey",العمارة,تركيا,إسطنبول,ماجستير مع أطروحة,التركية,متاح,2026-2027,9000,4400,4400,4400,USD,-,1500
program,1158,جامعة إسطنبول أريل,Cevizlibağ Campus,"Merkez Efendi Mahallesi, Eski Londra Asfaltı Cd., No 1/3, 34010, Cevizlibağ - Zeytinburnu, Istanbul - Turkey",المحاسبة والمالية,تركيا,إسطنبول,ماجستير مع أطروحة,التركية,متاح,2026-2027,9000,4400,4400,4400,USD,-,1500
program,1157,جامعة إسطنبول أريل,Cevizlibağ Campus,"Merkez Efendi Mahallesi, Eski Londra Asfaltı Cd., No 1/3, 34010, Cevizlibağ - Zeytinburnu, Istanbul - Turkey",المحاسبة والتدقيق,تركيا,إسطنبول,ماجستير مع أطروحة,التركية,متاح,2026-2027,9000,4400,4400,4400,USD,-,1500
program,1156,جامعة إسطنبول أريل,Cevizlibağ Campus,"Merkez Efendi Mahallesi, Eski Londra Asfaltı Cd., No 1/3, 34010, Cevizlibağ - Zeytinburnu, Istanbul - Turkey",هندسة الأنظمة الحضرية,تركيا,إسطنبول,ماجستير بدون أطروحة,التركية,متاح,2026-2027,9000,3300,3300,3300,USD,-,1500
program,1155,جامعة إسطنبول أريل,Cevizlibağ Campus,"Merkez Efendi Mahallesi, Eski Londra Asfaltı Cd., No 1/3, 34010, Cevizlibağ - Zeytinburnu, Istanbul - Turkey",علم النفس,تركيا,إسطنبول,ماجستير بدون أطروحة,التركية,متاح,2026-2027,9000,3300,3300,3300,USD,-,1500
program,1154,جامعة إسطنبول أريل,Cevizlibağ Campus,"Merkez Efendi Mahallesi, Eski Londra Asfaltı Cd., No 1/3, 34010, Cevizlibağ - Zeytinburnu, Istanbul - Turkey",الهندسة الميكانيكية,تركيا,إسطنبول,ماجستير بدون أطروحة,التركية,متاح,2026-2027,9000,3300,3300,3300,USD,-,1500
program,1153,جامعة إسطنبول أريل,Cevizlibağ Campus,"Merkez Efendi Mahallesi, Eski Londra Asfaltı Cd., No 1/3, 34010, Cevizlibağ - Zeytinburnu, Istanbul - Turkey",التسويق,تركيا,إسطنبول,ماجستير بدون أطروحة,التركية,متاح,2026-2027,9000,3300,3300,3300,USD,-,1500
program,1152,جامعة إسطنبول أريل,Cevizlibağ Campus,"Merkez Efendi Mahallesi, Eski Londra Asfaltı Cd., No 1/3, 34010, Cevizlibağ - Zeytinburnu, Istanbul - Turkey",الإدارة والتنظيم,تركيا,إسطنبول,ماجستير بدون أطروحة,التركية,متاح,2026-2027,9000,3300,3300,3300,USD,-,1500
program,1151,جامعة إسطنبول أريل,Cevizlibağ Campus,"Merkez Efendi Mahallesi, Eski Londra Asfaltı Cd., No 1/3, 34010, Cevizlibağ - Zeytinburnu, Istanbul - Turkey",التجارة الدولية واللوجستيات,تركيا,إسطنبول,ماجستير بدون أطروحة,التركية,متاح,2026-2027,9000,3300,3300,3300,USD,-,1500
program,1150,جامعة إسطنبول أريل,Cevizlibağ Campus,"Merkez Efendi Mahallesi, Eski Londra Asfaltı Cd., No 1/3, 34010, Cevizlibağ - Zeytinburnu, Istanbul - Turkey",العلاقات الدولية,تركيا,إسطنبول,ماجستير بدون أطروحة,التركية,متاح,2026-2027,9000,3300,3300,3300,USD,-,1500
program,1149,جامعة إسطنبول أريل,Cevizlibağ Campus,"Merkez Efendi Mahallesi, Eski Londra Asfaltı Cd., No 1/3, 34010, Cevizlibağ - Zeytinburnu, Istanbul - Turkey",إدارة الصحة,تركيا,إسطنبول,ماجستير بدون أطروحة,التركية,متاح,2026-2027,9000,3300,3300,3300,USD,-,1500
program,1148,جامعة إسطنبول أريل,Cevizlibağ Campus,"Merkez Efendi Mahallesi, Eski Londra Asfaltı Cd., No 1/3, 34010, Cevizlibağ - Zeytinburnu, Istanbul - Turkey",التصميم الجرافيكي,تركيا,إسطنبول,ماجستير بدون أطروحة,التركية,متاح,2026-2027,9000,3300,3300,3300,USD,-,1500
program,1147,جامعة إسطنبول أريل,Cevizlibağ Campus,"Merkez Efendi Mahallesi, Eski Londra Asfaltı Cd., No 1/3, 34010, Cevizlibağ - Zeytinburnu, Istanbul - Turkey",تصميم الأزياء والمنسوجات,تركيا,إسطنبول,ماجستير بدون أطروحة,التركية,متاح,2026-2027,9000,3300,3300,3300,USD,-,1500
program,1146,جامعة إسطنبول أريل,Cevizlibağ Campus,"Merkez Efendi Mahallesi, Eski Londra Asfaltı Cd., No 1/3, 34010, Cevizlibağ - Zeytinburnu, Istanbul - Turkey",إدارة ريادة الأعمال والابتكار,تركيا,إسطنبول,ماجستير بدون أطروحة,التركية,متاح,2026-2027,9000,3300,3300,3300,USD,-,1500
program,1145,جامعة إسطنبول أريل,Cevizlibağ Campus,"Merkez Efendi Mahallesi, Eski Londra Asfaltı Cd., No 1/3, 34010, Cevizlibağ - Zeytinburnu, Istanbul - Turkey",الإدارة الهندسية,تركيا,إسطنبول,ماجستير بدون أطروحة,التركية,متاح,2026-2027,9000,3300,3300,3300,USD,-,1500
program,1144,جامعة إسطنبول أريل,Cevizlibağ Campus,"Merkez Efendi Mahallesi, Eski Londra Asfaltı Cd., No 1/3, 34010, Cevizlibağ - Zeytinburnu, Istanbul - Turkey",الهندسة الكهربائية والإلكترونية,تركيا,إسطنبول,ماجستير بدون أطروحة,التركية,متاح,2026-2027,9000,3300,3300,3300,USD,-,1500
program,1143,جامعة إسطنبول أريل,Cevizlibağ Campus,"Merkez Efendi Mahallesi, Eski Londra Asfaltı Cd., No 1/3, 34010, Cevizlibağ - Zeytinburnu, Istanbul - Turkey",الهندسة المدنية,تركيا,إسطنبول,ماجستير بدون أطروحة,التركية,متاح,2026-2027,9000,3300,3300,3300,USD,-,1500
program,1142,جامعة إسطنبول أريل,Cevizlibağ Campus,"Merkez Efendi Mahallesi, Eski Londra Asfaltı Cd., No 1/3, 34010, Cevizlibağ - Zeytinburnu, Istanbul - Turkey",إدارة الأعمال,تركيا,إسطنبول,ماجستير بدون أطروحة,التركية,متاح,2026-2027,9000,3300,3300,3300,USD,-,1500
program,1141,جامعة إسطنبول أريل,Cevizlibağ Campus,"Merkez Efendi Mahallesi, Eski Londra Asfaltı Cd., No 1/3, 34010, Cevizlibağ - Zeytinburnu, Istanbul - Turkey",ماجستير إدارة الأعمال (MBA),تركيا,إسطنبول,ماجستير بدون أطروحة,التركية,متاح,2026-2027,9000,3300,3300,3300,USD,-,1500
program,1140,جامعة إسطنبول أريل,Cevizlibağ Campus,"Merkez Efendi Mahallesi, Eski Londra Asfaltı Cd., No 1/3, 34010, Cevizlibağ - Zeytinburnu, Istanbul - Turkey",ماجستير إدارة الأعمال (MBA),تركيا,إسطنبول,ماجستير بدون أطروحة,الإنجليزية,متاح,2026-2027,9000,4000,4000,4000,USD,-,2500
program,1139,جامعة إسطنبول أريل,Cevizlibağ Campus,"Merkez Efendi Mahallesi, Eski Londra Asfaltı Cd., No 1/3, 34010, Cevizlibağ - Zeytinburnu, Istanbul - Turkey",العمارة,تركيا,إسطنبول,ماجستير بدون أطروحة,التركية,متاح,2026-2027,9000,3300,3300,3300,USD,-,1500
program,1138,جامعة إسطنبول أريل,Cevizlibağ Campus,"Merkez Efendi Mahallesi, Eski Londra Asfaltı Cd., No 1/3, 34010, Cevizlibağ - Zeytinburnu, Istanbul - Turkey",المحاسبة والمالية,تركيا,إسطنبول,ماجستير بدون أطروحة,التركية,متاح,2026-2027,9000,3300,3300,3300,USD,-,1500
program,1137,جامعة إسطنبول أريل,Cevizlibağ Campus,"Merkez Efendi Mahallesi, Eski Londra Asfaltı Cd., No 1/3, 34010, Cevizlibağ - Zeytinburnu, Istanbul - Turkey",المحاسبة والتدقيق,تركيا,إسطنبول,ماجستير بدون أطروحة,التركية,متاح,2026-2027,9000,3300,3300,3300,USD,-,1500
program,1136,جامعة إسطنبول أريل,Tepekent Kemal Gözükara Campus,"Türkoba Mahallesi, Erguvan Sokak, No:26, K 34537, Tepekent - Büyükçekmece, Istanbul - Turkey",تصميم الاتصالات المرئية,تركيا,إسطنبول,بكالوريوس,التركية,متاح,2026-2027,9000,3200,3200,1500,USD,-,1500
program,1135,جامعة إسطنبول أريل,Tepekent Kemal Gözükara Campus,"Türkoba Mahallesi, Erguvan Sokak, No:26, K 34537, Tepekent - Büyükçekmece, Istanbul - Turkey",هندسة البرمجيات,تركيا,إسطنبول,بكالوريوس,التركية,متاح,2026-2027,9000,3200,3200,1500,USD,-,1500
program,1134,جامعة إسطنبول أريل,Cevizlibağ Health Campus,"Merkez Efendi Mahallesi, Eski Londra Asfaltı Cd., No 1/3, 34010, Cevizlibağ - Zeytinburnu, Istanbul - Turkey",العمل الاجتماعي,تركيا,إسطنبول,بكالوريوس,التركية,متاح,2026-2027,9000,3200,3200,1500,USD,-,1500
program,1133,جامعة إسطنبول أريل,Tepekent Kemal Gözükara Campus,"Türkoba Mahallesi, Erguvan Sokak, No:26, K 34537, Tepekent - Büyükçekmece, Istanbul - Turkey",الإذاعة والتلفزيون والسينما,تركيا,إسطنبول,بكالوريوس,التركية,متاح,2026-2027,9000,3200,3200,1500,USD,-,1500
program,1132,جامعة إسطنبول أريل,Tepekent Kemal Gözükara Campus,"Türkoba Mahallesi, Erguvan Sokak, No:26, K 34537, Tepekent - Büyükçekmece, Istanbul - Turkey",العلاقات العامة والإعلان,تركيا,إسطنبول,بكالوريوس,التركية,متاح,2026-2027,9000,3200,3200,1500,USD,-,1500
program,1131,جامعة إسطنبول أريل,Tepekent Kemal Gözükara Campus,"Türkoba Mahallesi, Erguvan Sokak, No:26, K 34537, Tepekent - Büyükçekmece, Istanbul - Turkey",علم النفس,تركيا,إسطنبول,بكالوريوس,التركية,متاح,2026-2027,9000,3200,3200,1500,USD,-,1500
program,1130,جامعة إسطنبول أريل,Tepekent Kemal Gözükara Campus,"Türkoba Mahallesi, Erguvan Sokak, No:26, K 34537, Tepekent - Büyükçekmece, Istanbul - Turkey",العلوم السياسية والإدارة العامة,تركيا,إسطنبول,بكالوريوس,التركية,متاح,2026-2027,9000,3200,3200,1500,USD,-,1500
program,1129,جامعة إسطنبول أريل,Cevizlibağ Health Campus,"Merkez Efendi Mahallesi, Eski Londra Asfaltı Cd., No 1/3, 34010, Cevizlibağ - Zeytinburnu, Istanbul - Turkey",العلاج الطبيعي والتأهيل,تركيا,إسطنبول,بكالوريوس,التركية,متاح,2026-2027,9000,3200,3200,1500,USD,-,1500
program,1128,جامعة إسطنبول أريل,Cevizlibağ Health Campus,"Merkez Efendi Mahallesi, Eski Londra Asfaltı Cd., No 1/3, 34010, Cevizlibağ - Zeytinburnu, Istanbul - Turkey",التغذية وعلم الحمية,تركيا,إسطنبول,بكالوريوس,التركية,متاح,2026-2027,9000,3200,3200,1500,USD,-,1500
program,1127,جامعة إسطنبول أريل,Cevizlibağ Health Campus,"Merkez Efendi Mahallesi, Eski Londra Asfaltı Cd., No 1/3, 34010, Cevizlibağ - Zeytinburnu, Istanbul - Turkey",تمريض,تركيا,إسطنبول,بكالوريوس,التركية,متاح,2026-2027,9000,3200,3200,1500,USD,-,1500
program,1126,جامعة إسطنبول أريل,Tepekent Kemal Gözükara Campus,"Türkoba Mahallesi, Erguvan Sokak, No:26, K 34537, Tepekent - Büyükçekmece, Istanbul - Turkey",وسائل الإعلام الجديدة والاتصالات,تركيا,إسطنبول,بكالوريوس,التركية,متاح,2026-2027,9000,3200,3200,1500,USD,-,1500
program,1125,جامعة إسطنبول أريل,Tepekent Kemal Gözükara Campus,"Türkoba Mahallesi, Erguvan Sokak, No:26, K 34537, Tepekent - Büyükçekmece, Istanbul - Turkey",البيولوجيا الجزيئية وعلم الوراثة,تركيا,إسطنبول,بكالوريوس,الإنجليزية,متاح,2026-2027,9000,4400,4400,1500,USD,-,2500
program,1124,جامعة إسطنبول أريل,Cevizlibağ Health Campus,"Merkez Efendi Mahallesi, Eski Londra Asfaltı Cd., No 1/3, 34010, Cevizlibağ - Zeytinburnu, Istanbul - Turkey",الطب البشري,تركيا,إسطنبول,بكالوريوس,التركية,متاح,2026-2027,25000,13500,13500,1500,USD,-,1500
program,1123,جامعة إسطنبول أريل,Tepekent Kemal Gözükara Campus,"Türkoba Mahallesi, Erguvan Sokak, No:26, K 34537, Tepekent - Büyükçekmece, Istanbul - Turkey",الهندسة الميكانيكية,تركيا,إسطنبول,بكالوريوس,التركية,متاح,2026-2027,9000,3200,3200,1500,USD,-,1500
program,1122,جامعة إسطنبول أريل,Tepekent Kemal Gözükara Campus,"Türkoba Mahallesi, Erguvan Sokak, No:26, K 34537, Tepekent - Büyükçekmece, Istanbul - Turkey",نظم المعلومات الإدارية,تركيا,إسطنبول,بكالوريوس,التركية,متاح,2026-2027,9000,3200,3200,1500,USD,-,1500
program,1121,جامعة إسطنبول أريل,Tepekent Kemal Gözükara Campus,"Türkoba Mahallesi, Erguvan Sokak, No:26, K 34537, Tepekent - Büyükçekmece, Istanbul - Turkey",إدارة اللوجستيات,تركيا,إسطنبول,بكالوريوس,التركية,متاح,2026-2027,9000,3200,3200,1500,USD,-,1500
program,1120,جامعة إسطنبول أريل,Tepekent Kemal Gözükara Campus,"Türkoba Mahallesi, Erguvan Sokak, No:26, K 34537, Tepekent - Büyükçekmece, Istanbul - Turkey",التجارة الدولية والتمويل,تركيا,إسطنبول,بكالوريوس,الإنجليزية,متاح,2026-2027,9000,3800,3800,1500,USD,-,2500
program,1119,جامعة إسطنبول أريل,Tepekent Kemal Gözükara Campus,"Türkoba Mahallesi, Erguvan Sokak, No:26, K 34537, Tepekent - Büyükçekmece, Istanbul - Turkey",العلاقات الدولية,تركيا,إسطنبول,بكالوريوس,الإنجليزية,متاح,2026-2027,9000,3800,3800,1500,USD,-,2500
program,1118,جامعة إسطنبول أريل,Tepekent Kemal Gözükara Campus,"Türkoba Mahallesi, Erguvan Sokak, No:26, K 34537, Tepekent - Büyükçekmece, Istanbul - Turkey",العلاقات الدولية,تركيا,إسطنبول,بكالوريوس,التركية,متاح,2026-2027,9000,3200,3200,1500,USD,-,1500
program,1117,جامعة إسطنبول أريل,Tepekent Kemal Gözükara Campus,"Türkoba Mahallesi, Erguvan Sokak, No:26, K 34537, Tepekent - Büyükçekmece, Istanbul - Turkey",العمارة الداخلية,تركيا,إسطنبول,بكالوريوس,التركية,متاح,2026-2027,9000,3200,3200,1500,USD,-,1500
program,1116,جامعة إسطنبول أريل,Tepekent Kemal Gözükara Campus,"Türkoba Mahallesi, Erguvan Sokak, No:26, K 34537, Tepekent - Büyükçekmece, Istanbul - Turkey",الهندسة الصناعية,تركيا,إسطنبول,بكالوريوس,الإنجليزية,متاح,2026-2027,9000,3800,3800,1500,USD,-,2500
program,1115,جامعة إسطنبول أريل,Cevizlibağ Health Campus,"Merkez Efendi Mahallesi, Eski Londra Asfaltı Cd., No 1/3, 34010, Cevizlibağ - Zeytinburnu, Istanbul - Turkey",إدارة الصحة,تركيا,إسطنبول,بكالوريوس,التركية,متاح,2026-2027,9000,3200,3200,1500,USD,-,1500
program,1114,جامعة إسطنبول أريل,Tepekent Kemal Gözükara Campus,"Türkoba Mahallesi, Erguvan Sokak, No:26, K 34537, Tepekent - Büyükçekmece, Istanbul - Turkey",التصميم الجرافيكي,تركيا,إسطنبول,بكالوريوس,التركية,متاح,2026-2027,9000,3200,3200,1500,USD,-,1500
program,1113,جامعة إسطنبول أريل,Tepekent Kemal Gözükara Campus,"Türkoba Mahallesi, Erguvan Sokak, No:26, K 34537, Tepekent - Büyükçekmece, Istanbul - Turkey",فنون الطهي وفنون المطبخ,تركيا,إسطنبول,بكالوريوس,التركية,متاح,2026-2027,9000,4400,4400,1500,USD,-,1500
program,1112,جامعة إسطنبول أريل,Tepekent Kemal Gözükara Campus,"Türkoba Mahallesi, Erguvan Sokak, No:26, K 34537, Tepekent - Büyükçekmece, Istanbul - Turkey",الترجمة التحريرية والشفهية (الإنجليزية),تركيا,إسطنبول,بكالوريوس,التركية والإنجليزية,متاح,2026-2027,9000,3800,3800,1500,USD,-,2500
program,1111,جامعة إسطنبول أريل,Tepekent Kemal Gözükara Campus,"Türkoba Mahallesi, Erguvan Sokak, No:26, K 34537, Tepekent - Büyükçekmece, Istanbul - Turkey",اللغة الإنجليزية وآدابها,تركيا,إسطنبول,بكالوريوس,الإنجليزية,متاح,2026-2027,9000,3800,3800,1500,USD,-,2500
program,1110,جامعة إسطنبول أريل,Tepekent Kemal Gözükara Campus,"Türkoba Mahallesi, Erguvan Sokak, No:26, K 34537, Tepekent - Büyükçekmece, Istanbul - Turkey",الهندسة الكهربائية والإلكترونية,تركيا,إسطنبول,بكالوريوس,التركية,متاح,2026-2027,9000,3200,3200,1500,USD,-,1500
program,1109,جامعة إسطنبول أريل,Tepekent Kemal Gözükara Campus,"Türkoba Mahallesi, Erguvan Sokak, No:26, K 34537, Tepekent - Büyükçekmece, Istanbul - Turkey",الهندسة الكهربائية والإلكترونية,تركيا,إسطنبول,بكالوريوس,الإنجليزية,متاح,2026-2027,9000,3800,3800,1500,USD,-,2500
program,1108,جامعة إسطنبول أريل,Tepekent Kemal Gözükara Campus,"Türkoba Mahallesi, Erguvan Sokak, No:26, K 34537, Tepekent - Büyükçekmece, Istanbul - Turkey",هندسة الكمبيوتر,تركيا,إسطنبول,بكالوريوس,الإنجليزية,متاح,2026-2027,9000,4400,4400,1500,USD,-,2500
program,1107,جامعة إسطنبول أريل,Tepekent Kemal Gözükara Campus,"Türkoba Mahallesi, Erguvan Sokak, No:26, K 34537, Tepekent - Büyükçekmece, Istanbul - Turkey",هندسة الكمبيوتر,تركيا,إسطنبول,بكالوريوس,التركية,متاح,2026-2027,9000,3200,3200,1500,USD,-,1500
program,1106,جامعة إسطنبول أريل,Tepekent Kemal Gözükara Campus,"Türkoba Mahallesi, Erguvan Sokak, No:26, K 34537, Tepekent - Büyükçekmece, Istanbul - Turkey",الهندسة المدنية,تركيا,إسطنبول,بكالوريوس,التركية,متاح,2026-2027,9000,3200,3200,1500,USD,-,1500
program,1105,جامعة إسطنبول أريل,Cevizlibağ Health Campus,"Merkez Efendi Mahallesi, Eski Londra Asfaltı Cd., No 1/3, 34010, Cevizlibağ - Zeytinburnu, Istanbul - Turkey",تنمية الطفل,تركيا,إسطنبول,بكالوريوس,التركية,متاح,2026-2027,9000,3200,3200,1500,USD,-,1500
program,1104,جامعة إسطنبول أريل,Tepekent Kemal Gözükara Campus,"Türkoba Mahallesi, Erguvan Sokak, No:26, K 34537, Tepekent - Büyükçekmece, Istanbul - Turkey",الرسوم المتحركة والرسوم المتحركة,تركيا,إسطنبول,بكالوريوس,التركية,متاح,2026-2027,9000,3200,3200,1500,USD,-,1500
program,1103,جامعة إسطنبول أريل,Tepekent Kemal Gözükara Campus,"Türkoba Mahallesi, Erguvan Sokak, No:26, K 34537, Tepekent - Büyükçekmece, Istanbul - Turkey",إدارة الأعمال,تركيا,إسطنبول,بكالوريوس,التركية,متاح,2026-2027,9000,3200,3200,1500,USD,-,1500
program,1102,جامعة إسطنبول أريل,Tepekent Kemal Gözükara Campus,"Türkoba Mahallesi, Erguvan Sokak, No:26, K 34537, Tepekent - Büyükçekmece, Istanbul - Turkey",إدارة الأعمال,تركيا,إسطنبول,بكالوريوس,الإنجليزية,متاح,2026-2027,9000,3800,3800,1500,USD,-,2500
program,1101,جامعة إسطنبول أريل,Tepekent Kemal Gözükara Campus,"Türkoba Mahallesi, Erguvan Sokak, No:26, K 34537, Tepekent - Büyükçekmece, Istanbul - Turkey",الهندسة الطبية الحيوية,تركيا,إسطنبول,بكالوريوس,التركية,متاح,2026-2027,9000,3200,3200,1500,USD,-,1500
program,1100,جامعة إسطنبول أريل,Tepekent Kemal Gözükara Campus,"Türkoba Mahallesi, Erguvan Sokak, No:26, K 34537, Tepekent - Büyükçekmece, Istanbul - Turkey",البنوك والتمويل,تركيا,إسطنبول,بكالوريوس,التركية,متاح,2026-2027,9000,3200,3200,1500,USD,-,1500
program,1099,جامعة إسطنبول أريل,Tepekent Kemal Gözükara Campus,"Türkoba Mahallesi, Erguvan Sokak, No:26, K 34537, Tepekent - Büyükçekmece, Istanbul - Turkey",إدارة الطيران,تركيا,إسطنبول,بكالوريوس,التركية,متاح,2026-2027,9000,3200,3200,1500,USD,-,1500
program,1098,جامعة إسطنبول أريل,Tepekent Kemal Gözükara Campus,"Türkoba Mahallesi, Erguvan Sokak, No:26, K 34537, Tepekent - Büyükçekmece, Istanbul - Turkey",العمارة,تركيا,إسطنبول,بكالوريوس,التركية,متاح,2026-2027,9000,3200,3200,1500,USD,-,1500
program,1097,جامعة إسطنبول أريل,Tepekent Kemal Gözükara Campus,"Türkoba Mahallesi, Erguvan Sokak, No:26, K 34537, Tepekent - Büyükçekmece, Istanbul - Turkey",المحاسبة والإدارة المالية,تركيا,إسطنبول,بكالوريوس,التركية,متاح,2026-2027,9000,3200,3200,1500,USD,-,1500
program,1096,جامعة إسطنبول أريل,Sefaköy Campus,"Kemalpaşa Mahallesi, Halkalı Caddesi, No:101, 34295, Sefaköy - Küçükçekmece, Istanbul - Turkey",الإرشاد السياحي,تركيا,إسطنبول,دبلوم,التركية,متاح,2026-2027,6000,2600,2600,1500,USD,-,1500
program,1095,جامعة إسطنبول أريل,Sefaköy Campus,"Kemalpaşa Mahallesi, Halkalı Caddesi, No:101, 34295, Sefaköy - Küçükçekmece, Istanbul - Turkey",العلاج الطبيعي,تركيا,إسطنبول,دبلوم,التركية,متاح,2026-2027,6000,2600,2600,1500,USD,-,1500
program,1094,جامعة إسطنبول أريل,Sefaköy Campus,"Kemalpaşa Mahallesi, Halkalı Caddesi, No:101, 34295, Sefaköy - Küçükçekmece, Istanbul - Turkey",صحة الفم والأسنان,تركيا,إسطنبول,دبلوم,التركية,متاح,2026-2027,6000,2600,2600,1500,USD,-,1500
program,1093,جامعة إسطنبول أريل,Sefaköy Campus,"Kemalpaşa Mahallesi, Halkalı Caddesi, No:101, 34295, Sefaköy - Küçükçekmece, Istanbul - Turkey",البصريات,تركيا,إسطنبول,دبلوم,التركية,متاح,2026-2027,6000,2600,2600,1500,USD,-,1500
program,1092,جامعة إسطنبول أريل,Sefaköy Campus,"Kemalpaşa Mahallesi, Halkalı Caddesi, No:101, 34295, Sefaköy - Küçükçekmece, Istanbul - Turkey",الصحة والسلامة المهنية,تركيا,إسطنبول,دبلوم,التركية,متاح,2026-2027,6000,2600,2600,1500,USD,-,1500
program,1091,جامعة إسطنبول أريل,Sefaköy Campus,"Kemalpaşa Mahallesi, Halkalı Caddesi, No:101, 34295, Sefaköy - Küçükçekmece, Istanbul - Turkey",تقنيات المختبرات الطبية,تركيا,إسطنبول,دبلوم,التركية,متاح,2026-2027,6000,2600,2600,1500,USD,-,1500
program,1090,جامعة إسطنبول أريل,Sefaköy Campus,"Kemalpaşa Mahallesi, Halkalı Caddesi, No:101, 34295, Sefaköy - Küçükçekmece, Istanbul - Turkey",تقنيات التصوير الطبي,تركيا,إسطنبول,دبلوم,التركية,متاح,2026-2027,6000,2600,2600,1500,USD,-,1500
program,1089,جامعة إسطنبول أريل,Sefaköy Campus,"Kemalpaşa Mahallesi, Halkalı Caddesi, No:101, 34295, Sefaköy - Küçükçekmece, Istanbul - Turkey",التوثيق الطبي والسكرتارية,تركيا,إسطنبول,دبلوم,التركية,متاح,2026-2027,6000,2600,2600,1500,USD,-,1500
program,1088,جامعة إسطنبول أريل,Sefaköy Campus,"Kemalpaşa Mahallesi, Halkalı Caddesi, No:101, 34295, Sefaköy - Küçükçekmece, Istanbul - Turkey",الميكاترونكس,تركيا,إسطنبول,دبلوم,التركية,متاح,2026-2027,6000,2600,2600,1500,USD,-,1500
program,1087,جامعة إسطنبول أريل,Sefaköy Campus,"Kemalpaşa Mahallesi, Halkalı Caddesi, No:101, 34295, Sefaköy - Küçükçekmece, Istanbul - Turkey",اللوجستية,تركيا,إسطنبول,دبلوم,التركية,متاح,2026-2027,6000,2600,2600,1500,USD,-,1500
program,1086,جامعة إسطنبول أريل,Sefaköy Campus,"Kemalpaşa Mahallesi, Halkalı Caddesi, No:101, 34295, Sefaköy - Küçükçekmece, Istanbul - Turkey",التجارة الدولية,تركيا,إسطنبول,دبلوم,التركية,متاح,2026-2027,6000,2600,2600,1500,USD,-,1500
program,1085,جامعة إسطنبول أريل,Sefaköy Campus,"Kemalpaşa Mahallesi, Halkalı Caddesi, No:101, 34295, Sefaköy - Küçükçekmece, Istanbul - Turkey",إدارة الموارد البشرية,تركيا,إسطنبول,دبلوم,التركية,متاح,2026-2027,6000,2600,2600,1500,USD,-,1500
program,1084,جامعة إسطنبول أريل,Sefaköy Campus,"Kemalpaşa Mahallesi, Halkalı Caddesi, No:101, 34295, Sefaköy - Küçükçekmece, Istanbul - Turkey",التصميم الجرافيكي,تركيا,إسطنبول,دبلوم,التركية,متاح,2026-2027,6000,2600,2600,1500,USD,-,1500
program,1083,جامعة إسطنبول أريل,Sefaköy Campus,"Kemalpaşa Mahallesi, Halkalı Caddesi, No:101, 34295, Sefaköy - Küçükçekmece, Istanbul - Turkey",الإسعافات الأولية والطوارئ,تركيا,إسطنبول,دبلوم,التركية,متاح,2026-2027,6000,2600,2600,1500,USD,-,1500
program,1082,جامعة إسطنبول أريل,Sefaköy Campus,"Kemalpaşa Mahallesi, Halkalı Caddesi, No:101, 34295, Sefaköy - Küçükçekmece, Istanbul - Turkey",تصميم الأزياء,تركيا,إسطنبول,دبلوم,التركية,متاح,2026-2027,6000,2600,2600,1500,USD,-,1500
program,1081,جامعة إسطنبول أريل,Sefaköy Campus,"Kemalpaşa Mahallesi, Halkalı Caddesi, No:101, 34295, Sefaköy - Küçükçekmece, Istanbul - Turkey",التقنيات الإلكترونية,تركيا,إسطنبول,دبلوم,التركية,متاح,2026-2027,6000,2600,2600,1500,USD,-,1500
program,1080,جامعة إسطنبول أريل,Sefaköy Campus,"Kemalpaşa Mahallesi, Halkalı Caddesi, No:101, 34295, Sefaköy - Küçükçekmece, Istanbul - Turkey",توليد ونقل وتوزيع الطاقة الكهربائية,تركيا,إسطنبول,دبلوم,التركية,متاح,2026-2027,6000,2600,2600,1500,USD,-,1500
program,1079,جامعة إسطنبول أريل,Sefaköy Campus,"Kemalpaşa Mahallesi, Halkalı Caddesi, No:101, 34295, Sefaköy - Küçükçekmece, Istanbul - Turkey",تقنية التعويضات السنية,تركيا,إسطنبول,دبلوم,التركية,متاح,2026-2027,6000,2600,2600,1500,USD,-,1500
program,1078,جامعة إسطنبول أريل,Sefaköy Campus,"Kemalpaşa Mahallesi, Halkalı Caddesi, No:101, 34295, Sefaköy - Küçükçekmece, Istanbul - Turkey",طبخ,تركيا,إسطنبول,دبلوم,التركية,متاح,2026-2027,6000,2600,2600,1500,USD,-,1500
program,1077,جامعة إسطنبول أريل,Sefaköy Campus,"Kemalpaşa Mahallesi, Halkalı Caddesi, No:101, 34295, Sefaköy - Küçükçekmece, Istanbul - Turkey",تقنيات البناء,تركيا,إسطنبول,دبلوم,التركية,متاح,2026-2027,6000,2600,2600,1500,USD,-,1500
program,1076,جامعة إسطنبول أريل,Sefaköy Campus,"Kemalpaşa Mahallesi, Halkalı Caddesi, No:101, 34295, Sefaköy - Küçükçekmece, Istanbul - Turkey",برمجة الكمبيوتر,تركيا,إسطنبول,دبلوم,التركية,متاح,2026-2027,6000,2600,2600,1500,USD,-,1500
program,1075,جامعة إسطنبول أريل,Sefaköy Campus,"Kemalpaşa Mahallesi, Halkalı Caddesi, No:101, 34295, Sefaköy - Küçükçekmece, Istanbul - Turkey",التصميم والرسوم المتحركة بمساعدة الحاسوب,تركيا,إسطنبول,دبلوم,التركية,متاح,2026-2027,6000,2600,2600,1500,USD,-,1500
program,1074,جامعة إسطنبول أريل,Sefaköy Campus,"Kemalpaşa Mahallesi, Halkalı Caddesi, No:101, 34295, Sefaköy - Küçükçekmece, Istanbul - Turkey",برمجة وتشغيل ماكينات CNC,تركيا,إسطنبول,دبلوم,التركية,متاح,2026-2027,6000,2600,2600,1500,USD,-,1500
program,1073,جامعة إسطنبول أريل,Sefaköy Campus,"Kemalpaşa Mahallesi, Halkalı Caddesi, No:101, 34295, Sefaköy - Küçükçekmece, Istanbul - Turkey",إدارة الطيران المدني,تركيا,إسطنبول,دبلوم,التركية,متاح,2026-2027,6000,2600,2600,1500,USD,-,1500
program,1072,جامعة إسطنبول أريل,Sefaköy Campus,"Kemalpaşa Mahallesi, Halkalı Caddesi, No:101, 34295, Sefaköy - Küçükçekmece, Istanbul - Turkey",الطيران المدني وخدمات المقصورة,تركيا,إسطنبول,دبلوم,التركية,متاح,2026-2027,6000,2600,2600,1500,USD,-,1500
program,1071,جامعة إسطنبول أريل,Sefaköy Campus,"Kemalpaşa Mahallesi, Halkalı Caddesi, No:101, 34295, Sefaköy - Küçükçekmece, Istanbul - Turkey",تنمية الطفل,تركيا,إسطنبول,دبلوم,التركية,متاح,2026-2027,6000,2600,2600,1500,USD,-,1500
program,1070,جامعة إسطنبول أريل,Sefaköy Campus,"Kemalpaşa Mahallesi, Halkalı Caddesi, No:101, 34295, Sefaköy - Küçükçekmece, Istanbul - Turkey",إدارة الأعمال,تركيا,إسطنبول,دبلوم,التركية,متاح,2026-2027,6000,2600,2600,1500,USD,-,1500
program,1069,جامعة إسطنبول أريل,Sefaköy Campus,"Kemalpaşa Mahallesi, Halkalı Caddesi, No:101, 34295, Sefaköy - Küçükçekmece, Istanbul - Turkey",البنوك والتأمين,تركيا,إسطنبول,دبلوم,التركية,متاح,2026-2027,6000,2600,2600,1500,USD,-,1500
program,1068,جامعة إسطنبول أريل,Sefaköy Campus,"Kemalpaşa Mahallesi, Halkalı Caddesi, No:101, 34295, Sefaköy - Küçükçekmece, Istanbul - Turkey",الترميم المعماري,تركيا,إسطنبول,دبلوم,التركية,متاح,2026-2027,6000,2600,2600,1500,USD,-,1500
program,1067,جامعة إسطنبول أريل,Sefaköy Campus,"Kemalpaşa Mahallesi, Halkalı Caddesi, No:101, 34295, Sefaköy - Küçükçekmece, Istanbul - Turkey",التخدير,تركيا,إسطنبول,دبلوم,التركية,متاح,2026-2027,6000,2600,2600,1500,USD,-,1500
program,1066,جامعة إسطنبول أريل,Sefaköy Campus,"Kemalpaşa Mahallesi, Halkalı Caddesi, No:101, 34295, Sefaköy - Küçükçekmece, Istanbul - Turkey",تكنولوجيا الطائرات,تركيا,إسطنبول,دبلوم,التركية,متاح,2026-2027,6000,2600,2600,1500,USD,-,1500
program,1065,جامعة إسطنبول أريل,Sefaköy Campus,"Kemalpaşa Mahallesi, Halkalı Caddesi, No:101, 34295, Sefaköy - Küçükçekmece, Istanbul - Turkey",المحاسبة والضرائب,تركيا,إسطنبول,دبلوم,التركية,متاح,2026-2027,6000,2600,2600,1500,USD,-,1500
program,1064,جامعة فنربهتشه,Ataşehir Campus,"Atatürk Mah. Ataşehir Bulvarı, Metropol İstanbul, 34758, Ataşehir / İstanbul",علوم الرياضة,تركيا,إسطنبول,دكتوراه,التركية,متاح,2026-2027,15000,7500,6750,1000,USD,-,650
program,1063,جامعة فنربهتشه,Ataşehir Campus,"Atatürk Mah. Ataşehir Bulvarı, Metropol İstanbul, 34758, Ataşehir / İstanbul",إدارة الأعمال,تركيا,إسطنبول,دكتوراه,التركية,متاح,2026-2027,15000,7500,6750,1000,USD,-,650
program,1062,جامعة فنربهتشه,Ataşehir Campus,"Atatürk Mah. Ataşehir Bulvarı, Metropol İstanbul, 34758, Ataşehir / İstanbul",السلوك التنظيمي,تركيا,إسطنبول,ماجستير بدون أطروحة,التركية,متاح,2026-2027,6000,3000,2700,1000,USD,-,650
program,1061,جامعة فنربهتشه,Ataşehir Campus,"Atatürk Mah. Ataşehir Bulvarı, Metropol İstanbul, 34758, Ataşehir / İstanbul",السلوك التنظيمي,تركيا,إسطنبول,ماجستير مع أطروحة,التركية,متاح,2026-2027,8000,4000,3600,1000,USD,-,650
program,1060,جامعة فنربهتشه,Ataşehir Campus,"Atatürk Mah. Ataşehir Bulvarı, Metropol İstanbul, 34758, Ataşehir / İstanbul",تمريض الأمراض الباطنية,تركيا,إسطنبول,ماجستير مع أطروحة,التركية,متاح,2026-2027,8000,4000,3600,1000,USD,-,650
program,1059,جامعة فنربهتشه,Ataşehir Campus,"Atatürk Mah. Ataşehir Bulvarı, Metropol İstanbul, 34758, Ataşehir / İstanbul",الصيدلة السريرية,تركيا,إسطنبول,ماجستير بدون أطروحة,التركية,متاح,2026-2027,6000,3000,2700,2000,USD,-,650
program,1058,جامعة فنربهتشه,Ataşehir Campus,"Atatürk Mah. Ataşehir Bulvarı, Metropol İstanbul, 34758, Ataşehir / İstanbul",علوم الرياضة,تركيا,إسطنبول,ماجستير بدون أطروحة,التركية,متاح,2026-2027,6000,3000,2700,1000,USD,-,650
program,1057,جامعة فنربهتشه,Ataşehir Campus,"Atatürk Mah. Ataşehir Bulvarı, Metropol İstanbul, 34758, Ataşehir / İstanbul",علوم الرياضة,تركيا,إسطنبول,ماجستير مع أطروحة,التركية,متاح,2026-2027,8000,4000,3600,1000,USD,-,650
program,1056,جامعة فنربهتشه,Ataşehir Campus,"Atatürk Mah. Ataşehir Bulvarı, Metropol İstanbul, 34758, Ataşehir / İstanbul",العلوم السياسية والعلاقات الدولية,تركيا,إسطنبول,ماجستير بدون أطروحة,الإنجليزية,متاح,2026-2027,6000,3000,2700,1000,USD,-,2000
program,1055,جامعة فنربهتشه,Ataşehir Campus,"Atatürk Mah. Ataşehir Bulvarı, Metropol İstanbul, 34758, Ataşehir / İstanbul",العلوم السياسية والعلاقات الدولية,تركيا,إسطنبول,ماجستير مع أطروحة,الإنجليزية,متاح,2026-2027,8000,4000,3600,1000,USD,-,2000
program,1054,جامعة فنربهتشه,Ataşehir Campus,"Atatürk Mah. Ataşehir Bulvarı, Metropol İstanbul, 34758, Ataşehir / İstanbul",علم البيانات التطبيقي,تركيا,إسطنبول,ماجستير بدون أطروحة,التركية,متاح,2026-2027,6000,3000,2700,1000,USD,-,650
program,1053,جامعة فنربهتشه,Ataşehir Campus,"Atatürk Mah. Ataşehir Bulvarı, Metropol İstanbul, 34758, Ataşehir / İstanbul",علم البيانات التطبيقي,تركيا,إسطنبول,ماجستير بدون أطروحة,الإنجليزية,متاح,2026-2027,6000,3000,2700,1000,USD,-,2000
program,1052,جامعة فنربهتشه,Ataşehir Campus,"Atatürk Mah. Ataşehir Bulvarı, Metropol İstanbul, 34758, Ataşehir / İstanbul",الإدارة الهندسية,تركيا,إسطنبول,ماجستير بدون أطروحة,الإنجليزية,متاح,2026-2027,6000,3000,2700,1000,USD,-,2000
program,1051,جامعة فنربهتشه,Ataşehir Campus,"Atatürk Mah. Ataşehir Bulvarı, Metropol İstanbul, 34758, Ataşehir / İstanbul",علم نفس التمرين والرياضة,تركيا,إسطنبول,ماجستير مع أطروحة,التركية,متاح,2026-2027,8000,4000,3600,1000,USD,-,650
program,1050,جامعة فنربهتشه,Ataşehir Campus,"Atatürk Mah. Ataşehir Bulvarı, Metropol İstanbul, 34758, Ataşehir / İstanbul",العلاج الطبيعي والتأهيل,تركيا,إسطنبول,ماجستير مع أطروحة,التركية,متاح,2026-2027,8000,4000,3600,1000,USD,-,650
program,1049,جامعة فنربهتشه,Ataşehir Campus,"Atatürk Mah. Ataşehir Bulvarı, Metropol İstanbul, 34758, Ataşehir / İstanbul",هندسة الكمبيوتر,تركيا,إسطنبول,ماجستير مع أطروحة,التركية,متاح,2026-2027,8000,4000,3600,1000,USD,-,650
program,1048,جامعة فنربهتشه,Ataşehir Campus,"Atatürk Mah. Ataşehir Bulvarı, Metropol İstanbul, 34758, Ataşehir / İstanbul",هندسة الكمبيوتر,تركيا,إسطنبول,ماجستير مع أطروحة,الإنجليزية,متاح,2026-2027,8000,4000,3600,1000,USD,-,2000
program,1047,جامعة فنربهتشه,Ataşehir Campus,"Atatürk Mah. Ataşehir Bulvarı, Metropol İstanbul, 34758, Ataşehir / İstanbul",ماجستير إدارة الأعمال (MBA),تركيا,إسطنبول,ماجستير بدون أطروحة,التركية,متاح,2026-2027,6000,3000,2700,1000,USD,-,650
program,1046,جامعة فنربهتشه,Ataşehir Campus,"Atatürk Mah. Ataşehir Bulvarı, Metropol İstanbul, 34758, Ataşehir / İstanbul",ماجستير إدارة الأعمال (MBA),تركيا,إسطنبول,ماجستير مع أطروحة,التركية,متاح,2026-2027,8000,4000,3600,1000,USD,-,650
program,1045,جامعة فنربهتشه,Ataşehir Campus,"Atatürk Mah. Ataşehir Bulvarı, Metropol İstanbul, 34758, Ataşehir / İstanbul",ماجستير إدارة الأعمال (MBA),تركيا,إسطنبول,ماجستير بدون أطروحة,الإنجليزية,متاح,2026-2027,6000,3000,2700,1000,USD,-,2000
program,1044,جامعة فنربهتشه,Ataşehir Campus,"Atatürk Mah. Ataşehir Bulvarı, Metropol İstanbul, 34758, Ataşehir / İstanbul",ماجستير إدارة الأعمال (MBA),تركيا,إسطنبول,ماجستير مع أطروحة,الإنجليزية,متاح,2026-2027,8000,4000,3600,1000,USD,-,2000
program,1043,جامعة فنربهتشه,Ataşehir Campus,"Atatürk Mah. Ataşehir Bulvarı, Metropol İstanbul, 34758, Ataşehir / İstanbul",العلاج الإشعاعي,تركيا,إسطنبول,دبلوم,التركية,متاح,2026-2027,4800,2040,1836,1000,USD,-,650
program,1042,جامعة فنربهتشه,Ataşehir Campus,"Atatürk Mah. Ataşehir Bulvarı, Metropol İstanbul, 34758, Ataşehir / İstanbul",العلاج الطبيعي,تركيا,إسطنبول,دبلوم,التركية,متاح,2026-2027,4800,2040,1836,1000,USD,-,650
program,1041,جامعة فنربهتشه,Ataşehir Campus,"Atatürk Mah. Ataşehir Bulvarı, Metropol İstanbul, 34758, Ataşehir / İstanbul",العلاج الطبيعي,تركيا,إسطنبول,دبلوم,الإنجليزية,متاح,2026-2027,4800,2040,1836,1000,USD,-,4800
program,1040,جامعة فنربهتشه,Ataşehir Campus,"Atatürk Mah. Ataşehir Bulvarı, Metropol İstanbul, 34758, Ataşehir / İstanbul",خدمات الصيدلية,تركيا,إسطنبول,دبلوم,التركية,متاح,2026-2027,4800,2040,1836,2000,USD,-,650
program,1039,جامعة فنربهتشه,Ataşehir Campus,"Atatürk Mah. Ataşehir Bulvarı, Metropol İstanbul, 34758, Ataşehir / İstanbul",تكنولوجيا معالجة البيانات الطبية,تركيا,إسطنبول,دبلوم,التركية,متاح,2026-2027,4800,2040,1836,1000,USD,-,650
program,1038,جامعة فنربهتشه,Ataşehir Campus,"Atatürk Mah. Ataşehir Bulvarı, Metropol İstanbul, 34758, Ataşehir / İstanbul",تقنيات مختبر علم الأمراض,تركيا,إسطنبول,دبلوم,التركية,متاح,2026-2027,4800,2040,1836,1000,USD,-,650
program,1037,جامعة فنربهتشه,Ataşehir Campus,"Atatürk Mah. Ataşehir Bulvarı, Metropol İstanbul, 34758, Ataşehir / İstanbul",الأطراف الاصطناعية وتقويم العظام,تركيا,إسطنبول,دبلوم,التركية,متاح,2026-2027,4800,2040,1836,1000,USD,-,650
program,1036,جامعة فنربهتشه,Ataşehir Campus,"Atatürk Mah. Ataşehir Bulvarı, Metropol İstanbul, 34758, Ataşehir / İstanbul",صحة الفم والأسنان,تركيا,إسطنبول,دبلوم,التركية,متاح,2026-2027,4800,2040,1836,1000,USD,-,650
program,1035,جامعة فنربهتشه,Ataşehir Campus,"Atatürk Mah. Ataşehir Bulvarı, Metropol İstanbul, 34758, Ataşehir / İstanbul",خدمات غرفة العمليات,تركيا,إسطنبول,دبلوم,التركية,متاح,2026-2027,4800,2040,1836,1000,USD,-,650
program,1034,جامعة فنربهتشه,Ataşehir Campus,"Atatürk Mah. Ataşehir Bulvarı, Metropol İstanbul, 34758, Ataşehir / İstanbul",تقنيات المختبرات الطبية,تركيا,إسطنبول,دبلوم,التركية,متاح,2026-2027,4800,2040,1836,1000,USD,-,650
program,1033,جامعة فنربهتشه,Ataşehir Campus,"Atatürk Mah. Ataşehir Bulvarı, Metropol İstanbul, 34758, Ataşehir / İstanbul",تقنيات التصوير الطبي,تركيا,إسطنبول,دبلوم,التركية,متاح,2026-2027,4800,2040,1836,1000,USD,-,650
program,1032,جامعة فنربهتشه,Ataşehir Campus,"Atatürk Mah. Ataşehir Bulvarı, Metropol İstanbul, 34758, Ataşehir / İstanbul",الإسعافات الأولية والطوارئ,تركيا,إسطنبول,دبلوم,التركية,متاح,2026-2027,4800,2040,1836,1000,USD,-,650
program,1031,جامعة فنربهتشه,Ataşehir Campus,"Atatürk Mah. Ataşehir Bulvarı, Metropol İstanbul, 34758, Ataşehir / İstanbul",غسيل الكلى,تركيا,إسطنبول,دبلوم,التركية,متاح,2026-2027,4800,2040,1836,1000,USD,-,650
program,1030,جامعة فنربهتشه,Ataşehir Campus,"Atatürk Mah. Ataşehir Bulvarı, Metropol İstanbul, 34758, Ataşehir / İstanbul",تقنية التعويضات السنية,تركيا,إسطنبول,دبلوم,التركية,متاح,2026-2027,4800,2040,1836,1000,USD,-,650
program,1029,جامعة فنربهتشه,Ataşehir Campus,"Atatürk Mah. Ataşehir Bulvarı, Metropol İstanbul, 34758, Ataşehir / İstanbul",التخدير,تركيا,إسطنبول,دبلوم,التركية,متاح,2026-2027,4800,2040,1836,1000,USD,-,650
program,1028,جامعة فنربهتشه,Ataşehir Campus,"Atatürk Mah. Ataşehir Bulvarı, Metropol İstanbul, 34758, Ataşehir / İstanbul",الإدارة الرياضية,تركيا,إسطنبول,بكالوريوس,التركية,متاح,2026-2027,8000,3400,3060,1000,USD,-,650
program,1027,جامعة فنربهتشه,Ataşehir Campus,"Atatürk Mah. Ataşehir Bulvarı, Metropol İstanbul, 34758, Ataşehir / İstanbul",التدريب على التدريب,تركيا,إسطنبول,بكالوريوس,التركية,متاح,2026-2027,8000,3400,3060,1000,USD,-,650
program,1026,جامعة فنربهتشه,Ataşehir Campus,"Atatürk Mah. Ataşehir Bulvarı, Metropol İstanbul, 34758, Ataşehir / İstanbul",التربية البدنية وتدريس الرياضة,تركيا,إسطنبول,بكالوريوس,التركية,متاح,2026-2027,8000,3400,3060,1000,USD,-,650
program,1025,جامعة فنربهتشه,Ataşehir Campus,"Atatürk Mah. Ataşehir Bulvarı, Metropol İstanbul, 34758, Ataşehir / İstanbul",علوم التمرين والرياضة,تركيا,إسطنبول,بكالوريوس,التركية,متاح,2026-2027,8000,3400,3060,1000,USD,-,650
program,1024,جامعة فنربهتشه,Ataşehir Campus,"Atatürk Mah. Ataşehir Bulvarı, Metropol İstanbul, 34758, Ataşehir / İstanbul",الصيدلة,تركيا,إسطنبول,بكالوريوس,التركية,متاح,2026-2027,16000,8000,7200,2000,USD,-,650
program,1023,جامعة فنربهتشه,Ataşehir Campus,"Atatürk Mah. Ataşehir Bulvarı, Metropol İstanbul, 34758, Ataşehir / İstanbul",الصيدلة,تركيا,إسطنبول,بكالوريوس,الإنجليزية,متاح,2026-2027,20000,10000,9000,2000,USD,-,20000
program,1022,جامعة فنربهتشه,Ataşehir Campus,"Atatürk Mah. Ataşehir Bulvarı, Metropol İstanbul, 34758, Ataşehir / İstanbul",علاج النطق واللغة,تركيا,إسطنبول,بكالوريوس,التركية,متاح,2026-2027,8000,3400,3060,1000,USD,-,650
program,1021,جامعة فنربهتشه,Ataşehir Campus,"Atatürk Mah. Ataşehir Bulvarı, Metropol İstanbul, 34758, Ataşehir / İstanbul",العلاج الطبيعي والتأهيل,تركيا,إسطنبول,بكالوريوس,التركية,متاح,2026-2027,8000,3400,3060,1000,USD,-,650
program,1020,جامعة فنربهتشه,Ataşehir Campus,"Atatürk Mah. Ataşehir Bulvarı, Metropol İstanbul, 34758, Ataşehir / İstanbul",العلاج الطبيعي والتأهيل,تركيا,إسطنبول,بكالوريوس,الإنجليزية,متاح,2026-2027,10000,4250,3825,1000,USD,-,10000
program,1019,جامعة فنربهتشه,Ataşehir Campus,"Atatürk Mah. Ataşehir Bulvarı, Metropol İstanbul, 34758, Ataşehir / İstanbul",القبالة,تركيا,إسطنبول,بكالوريوس,التركية,متاح,2026-2027,8000,3400,3060,1000,USD,-,650
program,1018,جامعة فنربهتشه,Ataşehir Campus,"Atatürk Mah. Ataşehir Bulvarı, Metropol İstanbul, 34758, Ataşehir / İstanbul",التغذية وعلم الحمية,تركيا,إسطنبول,بكالوريوس,التركية,متاح,2026-2027,8000,3400,3060,1000,USD,-,650
program,1017,جامعة فنربهتشه,Ataşehir Campus,"Atatürk Mah. Ataşehir Bulvarı, Metropol İstanbul, 34758, Ataşehir / İstanbul",تمريض,تركيا,إسطنبول,بكالوريوس,الإنجليزية,متاح,2026-2027,10000,4250,3825,1000,USD,-,10000
program,1016,جامعة فنربهتشه,Ataşehir Campus,"Atatürk Mah. Ataşehir Bulvarı, Metropol İstanbul, 34758, Ataşehir / İstanbul",تمريض,تركيا,إسطنبول,بكالوريوس,التركية,متاح,2026-2027,8000,3400,3060,1000,USD,-,650
program,1015,جامعة فنربهتشه,Ataşehir Campus,"Atatürk Mah. Ataşehir Bulvarı, Metropol İstanbul, 34758, Ataşehir / İstanbul",العلاج الوظيفي,تركيا,إسطنبول,بكالوريوس,التركية,متاح,2026-2027,8000,3400,3060,1000,USD,-,650
program,1014,جامعة فنربهتشه,Ataşehir Campus,"Atatürk Mah. Ataşehir Bulvarı, Metropol İstanbul, 34758, Ataşehir / İstanbul",الإذاعة والتلفزيون والسينما,تركيا,إسطنبول,بكالوريوس,التركية,متاح,2026-2027,8000,3400,3060,1000,USD,-,650
program,1013,جامعة فنربهتشه,Ataşehir Campus,"Atatürk Mah. Ataşehir Bulvarı, Metropol İstanbul, 34758, Ataşehir / İstanbul",العلاقات العامة والإعلان,تركيا,إسطنبول,بكالوريوس,التركية,متاح,2026-2027,8000,3400,3060,1000,USD,-,650
program,1012,جامعة فنربهتشه,Ataşehir Campus,"Atatürk Mah. Ataşehir Bulvarı, Metropol İstanbul, 34758, Ataşehir / İstanbul",وسائل الإعلام الجديدة والاتصالات,تركيا,إسطنبول,بكالوريوس,التركية,متاح,2026-2027,8000,3400,3060,1000,USD,-,650
program,1011,جامعة فنربهتشه,Ataşehir Campus,"Atatürk Mah. Ataşehir Bulvarı, Metropol İstanbul, 34758, Ataşehir / İstanbul",العمارة,تركيا,إسطنبول,بكالوريوس,التركية,متاح,2026-2027,8000,3400,3060,1000,USD,-,650
program,1010,جامعة فنربهتشه,Ataşehir Campus,"Atatürk Mah. Ataşehir Bulvarı, Metropol İstanbul, 34758, Ataşehir / İstanbul",الهندسة المعمارية الداخلية والتصميم البيئي,تركيا,إسطنبول,بكالوريوس,التركية,متاح,2026-2027,8000,3400,3060,1000,USD,-,650
program,1009,جامعة فنربهتشه,Ataşehir Campus,"Atatürk Mah. Ataşehir Bulvarı, Metropol İstanbul, 34758, Ataşehir / İstanbul",الهندسة المعمارية الداخلية والتصميم البيئي,تركيا,إسطنبول,بكالوريوس,الإنجليزية,متاح,2026-2027,10000,4250,3825,1000,USD,-,10000
program,1008,جامعة فنربهتشه,Ataşehir Campus,"Atatürk Mah. Ataşehir Bulvarı, Metropol İstanbul, 34758, Ataşehir / İstanbul",الهندسة الكهربائية والإلكترونية,تركيا,إسطنبول,بكالوريوس,الإنجليزية,متاح,2026-2027,10000,4250,3825,1000,USD,-,10000
program,1007,جامعة فنربهتشه,Ataşehir Campus,"Atatürk Mah. Ataşehir Bulvarı, Metropol İstanbul, 34758, Ataşehir / İstanbul",الهندسة الصناعية,تركيا,إسطنبول,بكالوريوس,الإنجليزية,متاح,2026-2027,10000,4250,3825,1000,USD,-,10000
program,1006,جامعة فنربهتشه,Ataşehir Campus,"Atatürk Mah. Ataşehir Bulvarı, Metropol İstanbul, 34758, Ataşehir / İstanbul",هندسة البرمجيات,تركيا,إسطنبول,بكالوريوس,الإنجليزية,متاح,2026-2027,10000,4250,3825,1000,USD,-,10000
program,1005,جامعة فنربهتشه,Ataşehir Campus,"Atatürk Mah. Ataşehir Bulvarı, Metropol İstanbul, 34758, Ataşehir / İstanbul",هندسة الكمبيوتر,تركيا,إسطنبول,بكالوريوس,الإنجليزية,متاح,2026-2027,10000,4250,3825,1000,USD,-,10000
program,1004,جامعة فنربهتشه,Ataşehir Campus,"Atatürk Mah. Ataşehir Bulvarı, Metropol İstanbul, 34758, Ataşehir / İstanbul",علم النفس,تركيا,إسطنبول,بكالوريوس,التركية,متاح,2026-2027,8000,3400,3060,1000,USD,-,650
program,1003,جامعة فنربهتشه,Ataşehir Campus,"Atatürk Mah. Ataşehir Bulvarı, Metropol İstanbul, 34758, Ataşehir / İstanbul",علم النفس,تركيا,إسطنبول,بكالوريوس,الإنجليزية,متاح,2026-2027,10000,4250,3825,1000,USD,-,10000
program,1002,جامعة فنربهتشه,Ataşehir Campus,"Atatürk Mah. Ataşehir Bulvarı, Metropol İstanbul, 34758, Ataşehir / İstanbul",نظم المعلومات الإدارية,تركيا,إسطنبول,بكالوريوس,التركية,متاح,2026-2027,8000,3400,3060,1000,USD,-,650
program,1001,جامعة فنربهتشه,Ataşehir Campus,"Atatürk Mah. Ataşehir Bulvarı, Metropol İstanbul, 34758, Ataşehir / İstanbul",علم البيانات والتحليلات,تركيا,إسطنبول,بكالوريوس,التركية,متاح,2026-2027,8000,3400,3060,1000,USD,-,650
program,1000,جامعة فنربهتشه,Ataşehir Campus,"Atatürk Mah. Ataşehir Bulvarı, Metropol İstanbul, 34758, Ataşehir / İstanbul",إدارة الأعمال,تركيا,إسطنبول,بكالوريوس,الإنجليزية,متاح,2026-2027,10000,4250,3825,1000,USD,-,10000
program,999,جامعة فنربهتشه,Ataşehir Campus,"Atatürk Mah. Ataşehir Bulvarı, Metropol İstanbul, 34758, Ataşehir / İstanbul",العلوم السياسية والعلاقات الدولية,تركيا,إسطنبول,بكالوريوس,الإنجليزية,متاح,2026-2027,10000,4250,3825,1000,USD,-,10000
program,998,جامعة فنربهتشه,Ataşehir Campus,"Atatürk Mah. Ataşehir Bulvarı, Metropol İstanbul, 34758, Ataşehir / İstanbul",نظم المعلومات الإدارية,تركيا,إسطنبول,بكالوريوس,الإنجليزية,متاح,2026-2027,10000,4250,3825,1000,USD,-,10000
program,997,جامعة فنربهتشه,Ataşehir Campus,"Atatürk Mah. Ataşehir Bulvarı, Metropol İstanbul, 34758, Ataşehir / İstanbul",اللغة الإنجليزية وآدابها,تركيا,إسطنبول,بكالوريوس,الإنجليزية,متاح,2026-2027,10000,4250,3825,1000,USD,-,10000
program,996,جامعة فنربهتشه,Ataşehir Campus,"Atatürk Mah. Ataşehir Bulvarı, Metropol İstanbul, 34758, Ataşehir / İstanbul",الاقتصاد والمالية,تركيا,إسطنبول,بكالوريوس,الإنجليزية,متاح,2026-2027,10000,4250,3825,1000,USD,-,10000
program,995,جامعة استينيا,Istinye University Vadi Campus,"Ayazağa Mahallesi, Azerbaycan Caddesi (Vadistanbul 4A Blok), 34396 Sarıyer/Istanbul",الفيزياء - دكتوراه مدمجة,تركيا,إسطنبول,دكتوراه,الإنجليزية,متاح,2026-2027,15000,15000,15000,7500,USD,-,8000
program,994,جامعة استينيا,Istinye University Vadi Campus,"Ayazağa Mahallesi, Azerbaycan Caddesi (Vadistanbul 4A Blok), 34396 Sarıyer/Istanbul",الكيمياء - دكتوراه مدمجة,تركيا,إسطنبول,دكتوراه,الإنجليزية,متاح,2026-2027,15000,15000,15000,7500,USD,-,8000
program,993,جامعة استينيا,Istinye University Vadi Campus,"Ayazağa Mahallesi, Azerbaycan Caddesi (Vadistanbul 4A Blok), 34396 Sarıyer/Istanbul",العمارة,تركيا,إسطنبول,دكتوراه,التركية,متاح,2026-2027,12500,12500,12500,6250,USD,-,3000
program,992,جامعة استينيا,Istinye University Vadi Campus,"Ayazağa Mahallesi, Azerbaycan Caddesi (Vadistanbul 4A Blok), 34396 Sarıyer/Istanbul",الفيزياء,تركيا,إسطنبول,دكتوراه,الإنجليزية,متاح,2026-2027,12500,12500,12500,6250,USD,-,8000
program,991,جامعة استينيا,Istinye University Vadi Campus,"Ayazağa Mahallesi, Azerbaycan Caddesi (Vadistanbul 4A Blok), 34396 Sarıyer/Istanbul",الكيمياء,تركيا,إسطنبول,دكتوراه,الإنجليزية,متاح,2026-2027,12500,12500,12500,6250,USD,-,8000
program,990,جامعة استينيا,Istinye University Vadi Campus,"Ayazağa Mahallesi, Azerbaycan Caddesi (Vadistanbul 4A Blok), 34396 Sarıyer/Istanbul",الهندسة الكهربائية والإلكترونية,تركيا,إسطنبول,ماجستير مع أطروحة,الإنجليزية,متاح,2026-2027,8500,8500,8500,4250,USD,-,8000
program,989,جامعة استينيا,Istinye University Vadi Campus,"Ayazağa Mahallesi, Azerbaycan Caddesi (Vadistanbul 4A Blok), 34396 Sarıyer/Istanbul",الهندسة الكهربائية والإلكترونية,تركيا,إسطنبول,ماجستير مع أطروحة,التركية,متاح,2026-2027,8500,8500,8500,4250,USD,-,3000
program,988,جامعة استينيا,Istinye University Vadi Campus,"Ayazağa Mahallesi, Azerbaycan Caddesi (Vadistanbul 4A Blok), 34396 Sarıyer/Istanbul",الإدارة الهندسية,تركيا,إسطنبول,ماجستير مع أطروحة,الإنجليزية,متاح,2026-2027,8500,8500,8500,4250,USD,-,8000
program,987,جامعة استينيا,Istinye University Vadi Campus,"Ayazağa Mahallesi, Azerbaycan Caddesi (Vadistanbul 4A Blok), 34396 Sarıyer/Istanbul",الإدارة الهندسية,تركيا,إسطنبول,ماجستير مع أطروحة,التركية,متاح,2026-2027,8500,8500,8500,4250,USD,-,3000
program,986,جامعة استينيا,Istinye University Vadi Campus,"Ayazağa Mahallesi, Azerbaycan Caddesi (Vadistanbul 4A Blok), 34396 Sarıyer/Istanbul",البيولوجيا الجزيئية وعلم الوراثة,تركيا,إسطنبول,ماجستير مع أطروحة,الإنجليزية,متاح,2026-2027,8500,8500,8500,4250,USD,-,8000
program,985,جامعة استينيا,Istinye University Vadi Campus,"Ayazağa Mahallesi, Azerbaycan Caddesi (Vadistanbul 4A Blok), 34396 Sarıyer/Istanbul",هندسة الذكاء الاصطناعي,تركيا,إسطنبول,ماجستير مع أطروحة,الإنجليزية,متاح,2026-2027,8500,8500,8500,4250,USD,-,8000
program,984,جامعة استينيا,Istinye University Vadi Campus,"Ayazağa Mahallesi, Azerbaycan Caddesi (Vadistanbul 4A Blok), 34396 Sarıyer/Istanbul",هندسة الكمبيوتر,تركيا,إسطنبول,ماجستير بدون أطروحة,الإنجليزية,متاح,2026-2027,8000,8000,8000,4000,USD,-,8000
program,983,جامعة استينيا,Istinye University Vadi Campus,"Ayazağa Mahallesi, Azerbaycan Caddesi (Vadistanbul 4A Blok), 34396 Sarıyer/Istanbul",هندسة الكمبيوتر,تركيا,إسطنبول,ماجستير مع أطروحة,الإنجليزية,متاح,2026-2027,8500,8500,8500,4250,USD,-,8000
program,982,جامعة استينيا,Istinye University Vadi Campus,"Ayazağa Mahallesi, Azerbaycan Caddesi (Vadistanbul 4A Blok), 34396 Sarıyer/Istanbul",العمارة الداخلية,تركيا,إسطنبول,ماجستير مع أطروحة,التركية,متاح,2026-2027,8500,8500,8500,4250,USD,-,3000
program,981,جامعة استينيا,Istinye University Vadi Campus,"Ayazağa Mahallesi, Azerbaycan Caddesi (Vadistanbul 4A Blok), 34396 Sarıyer/Istanbul",التصميم المعماري,تركيا,إسطنبول,ماجستير مع أطروحة,الإنجليزية,متاح,2026-2027,8500,8500,8500,4250,USD,-,8000
program,980,جامعة استينيا,Istinye University Vadi Campus,"Ayazağa Mahallesi, Azerbaycan Caddesi (Vadistanbul 4A Blok), 34396 Sarıyer/Istanbul",التصميم المعماري,تركيا,إسطنبول,ماجستير مع أطروحة,التركية,متاح,2026-2027,8500,8500,8500,4250,USD,-,3000
program,979,جامعة استينيا,Istinye University Vadi Campus,"Ayazağa Mahallesi, Azerbaycan Caddesi (Vadistanbul 4A Blok), 34396 Sarıyer/Istanbul",علم الأعصاب - دكتوراه مدمجة,تركيا,إسطنبول,دكتوراه,التركية,متاح,2026-2027,15000,15000,15000,7500,USD,-,3000
program,978,جامعة استينيا,Istinye University Topkapı Campus,"Maltepe Mah., Teyyareci Sami Sk., No.3 Zeytinburnu, İstanbul, 34010",القبالة - دكتوراه مدمجة,تركيا,إسطنبول,دكتوراه,التركية,متاح,2026-2027,15000,15000,15000,7500,USD,-,3000
program,977,جامعة استينيا,Istinye University Topkapı Campus,"Maltepe Mah., Teyyareci Sami Sk., No.3 Zeytinburnu, İstanbul, 34010",تمريض النساء والتوليد - دكتوراه مدمجة,تركيا,إسطنبول,دكتوراه,التركية,متاح,2026-2027,15000,15000,15000,7500,USD,-,3000
program,976,جامعة استينيا,Istinye University Vadi Campus,"Ayazağa Mahallesi, Azerbaycan Caddesi (Vadistanbul 4A Blok), 34396 Sarıyer/Istanbul",علم الأنسجة والأجنة - دكتوراه مدمجة,تركيا,إسطنبول,دكتوراه,التركية,متاح,2026-2027,15000,15000,15000,7500,USD,-,3000
program,975,جامعة استينيا,Istinye University Vadi Campus,"Ayazağa Mahallesi, Azerbaycan Caddesi (Vadistanbul 4A Blok), 34396 Sarıyer/Istanbul",علم الأورام الجزيئي - دكتوراه مدمجة,تركيا,إسطنبول,دكتوراه,التركية,متاح,2026-2027,15000,15000,15000,7500,USD,-,3000
program,974,جامعة استينيا,Istinye University Topkapı Campus,"Maltepe Mah., Teyyareci Sami Sk., No.3 Zeytinburnu, İstanbul, 34010",التغذية وعلم التغذية - دكتوراه مدمجة,تركيا,إسطنبول,دكتوراه,التركية,متاح,2026-2027,15000,15000,15000,7500,USD,-,3000
program,973,جامعة استينيا,Istinye University Vadi Campus,"Ayazağa Mahallesi, Azerbaycan Caddesi (Vadistanbul 4A Blok), 34396 Sarıyer/Istanbul",الأحياء الطبية وعلم الوراثة - دكتوراه مدمجة,تركيا,إسطنبول,دكتوراه,التركية,متاح,2026-2027,15000,15000,15000,7500,USD,-,3000
program,972,جامعة استينيا,Istinye University Vadi Campus,"Ayazağa Mahallesi, Azerbaycan Caddesi (Vadistanbul 4A Blok), 34396 Sarıyer/Istanbul",الخلايا الجذعية وهندسة الأنسجة - دكتوراه مدمجة,تركيا,إسطنبول,دكتوراه,التركية,متاح,2026-2027,15000,15000,15000,7500,USD,-,3000
program,971,جامعة استينيا,Istinye University Topkapı Campus,"Maltepe Mah., Teyyareci Sami Sk., No.3 Zeytinburnu, İstanbul, 34010",العلاج الطبيعي والتأهيل - دكتوراه مدمجة,تركيا,إسطنبول,دكتوراه,التركية,متاح,2026-2027,15000,15000,15000,7500,USD,-,3000
program,970,جامعة استينيا,Istinye University Topkapı Campus,"Maltepe Mah., Teyyareci Sami Sk., No.3 Zeytinburnu, İstanbul, 34010",علاج النطق واللغة - دكتوراه مدمجة,تركيا,إسطنبول,دكتوراه,التركية,متاح,2026-2027,15000,15000,15000,7500,USD,-,3000
program,969,جامعة استينيا,Istinye University Vadi Campus,"Ayazağa Mahallesi, Azerbaycan Caddesi (Vadistanbul 4A Blok), 34396 Sarıyer/Istanbul",الكيمياء الصيدلانية - دكتوراه مدمجة,تركيا,إسطنبول,دكتوراه,التركية,متاح,2026-2027,15000,15000,15000,7500,USD,-,3000
program,968,جامعة استينيا,Istinye University Vadi Campus,"Ayazağa Mahallesi, Azerbaycan Caddesi (Vadistanbul 4A Blok), 34396 Sarıyer/Istanbul",التشريح السريري,تركيا,إسطنبول,دكتوراه,التركية,متاح,2026-2027,12500,12500,12500,6250,USD,-,3000
program,967,جامعة استينيا,Istinye University Vadi Campus,"Ayazağa Mahallesi, Azerbaycan Caddesi (Vadistanbul 4A Blok), 34396 Sarıyer/Istanbul",علم الأنسجة والأجنة,تركيا,إسطنبول,دكتوراه,التركية,متاح,2026-2027,12500,12500,12500,6250,USD,-,3000
program,966,جامعة استينيا,Istinye University Vadi Campus,"Ayazağa Mahallesi, Azerbaycan Caddesi (Vadistanbul 4A Blok), 34396 Sarıyer/Istanbul",علم الأورام الجزيئي,تركيا,إسطنبول,دكتوراه,التركية,متاح,2026-2027,12500,12500,12500,6250,USD,-,3000
program,965,جامعة استينيا,Istinye University Topkapı Campus,"Maltepe Mah., Teyyareci Sami Sk., No.3 Zeytinburnu, İstanbul, 34010",التغذية وعلم الحمية,تركيا,إسطنبول,دكتوراه,التركية,متاح,2026-2027,12500,12500,12500,6250,USD,-,3000
program,964,جامعة استينيا,Istinye University Topkapı Campus,"Maltepe Mah., Teyyareci Sami Sk., No.3 Zeytinburnu, İstanbul, 34010",علاج النطق واللغة,تركيا,إسطنبول,دكتوراه,التركية,متاح,2026-2027,12500,12500,12500,6250,USD,-,3000
program,963,جامعة استينيا,Istinye University Vadi Campus,"Ayazağa Mahallesi, Azerbaycan Caddesi (Vadistanbul 4A Blok), 34396 Sarıyer/Istanbul",الأحياء الطبية وعلم الوراثة,تركيا,إسطنبول,دكتوراه,التركية,متاح,2026-2027,12500,12500,12500,6250,USD,-,3000
program,962,جامعة استينيا,Istinye University Vadi Campus,"Ayazağa Mahallesi, Azerbaycan Caddesi (Vadistanbul 4A Blok), 34396 Sarıyer/Istanbul",علم الأعصاب,تركيا,إسطنبول,دكتوراه,التركية,متاح,2026-2027,12500,12500,12500,6250,USD,-,3000
program,961,جامعة استينيا,Istinye University Vadi Campus,"Ayazağa Mahallesi, Azerbaycan Caddesi (Vadistanbul 4A Blok), 34396 Sarıyer/Istanbul",الخلايا الجذعية وهندسة الأنسجة,تركيا,إسطنبول,دكتوراه,التركية,متاح,2026-2027,12500,12500,12500,6250,USD,-,3000
program,960,جامعة استينيا,Istinye University Topkapı Campus,"Maltepe Mah., Teyyareci Sami Sk., No.3 Zeytinburnu, İstanbul, 34010",العلاج الطبيعي والتأهيل,تركيا,إسطنبول,دكتوراه,التركية,متاح,2026-2027,12500,12500,12500,6250,USD,-,3000
program,959,جامعة استينيا,Istinye University Vadi Campus,"Ayazağa Mahallesi, Azerbaycan Caddesi (Vadistanbul 4A Blok), 34396 Sarıyer/Istanbul",الكيمياء الصيدلانية,تركيا,إسطنبول,دكتوراه,التركية,متاح,2026-2027,12500,12500,12500,6250,USD,-,3000
program,958,جامعة استينيا,Istinye University Topkapı Campus,"Maltepe Mah., Teyyareci Sami Sk., No.3 Zeytinburnu, İstanbul, 34010",القبالة,تركيا,إسطنبول,دكتوراه,التركية,متاح,2026-2027,12500,12500,12500,6250,USD,-,3000
program,957,جامعة استينيا,Istinye University Topkapı Campus,"Maltepe Mah., Teyyareci Sami Sk., No.3 Zeytinburnu, İstanbul, 34010",تمريض النساء والتوليد,تركيا,إسطنبول,دكتوراه,التركية,متاح,2026-2027,12500,12500,12500,6250,USD,-,3000
program,956,جامعة استينيا,Istinye University Vadi Campus,"Ayazağa Mahallesi, Azerbaycan Caddesi (Vadistanbul 4A Blok), 34396 Sarıyer/Istanbul",علم التشريح,تركيا,إسطنبول,ماجستير مع أطروحة,التركية,متاح,2026-2027,8500,8500,8500,4250,USD,-,3000
program,955,جامعة استينيا,Istinye University Topkapı Campus,"Maltepe Mah., Teyyareci Sami Sk., No.3 Zeytinburnu, İstanbul, 34010",العلاج الطبيعي الرياضي,تركيا,إسطنبول,ماجستير مع أطروحة,التركية,متاح,2026-2027,8500,8500,8500,4250,USD,-,3000
program,954,جامعة استينيا,Istinye University Topkapı Campus,"Maltepe Mah., Teyyareci Sami Sk., No.3 Zeytinburnu, İstanbul, 34010",التغذية وعلم الحمية,تركيا,إسطنبول,ماجستير بدون أطروحة,التركية,متاح,2026-2027,8000,8000,8000,4000,USD,-,3000
program,953,جامعة استينيا,Istinye University Topkapı Campus,"Maltepe Mah., Teyyareci Sami Sk., No.3 Zeytinburnu, İstanbul, 34010",التغذية وعلم الحمية,تركيا,إسطنبول,ماجستير مع أطروحة,التركية,متاح,2026-2027,8500,8500,8500,4250,USD,-,3000
program,952,جامعة استينيا,Istinye University Topkapı Campus,"Maltepe Mah., Teyyareci Sami Sk., No.3 Zeytinburnu, İstanbul, 34010",علاج النطق واللغة,تركيا,إسطنبول,ماجستير مع أطروحة,التركية,متاح,2026-2027,8500,8500,8500,4250,USD,-,3000
program,951,جامعة استينيا,Istinye University Vadi Campus,"Ayazağa Mahallesi, Azerbaycan Caddesi (Vadistanbul 4A Blok), 34396 Sarıyer/Istanbul",الأحياء الطبية وعلم الوراثة,تركيا,إسطنبول,ماجستير مع أطروحة,التركية,متاح,2026-2027,8500,8500,8500,4250,USD,-,3000
program,950,جامعة استينيا,Istinye University Vadi Campus,"Ayazağa Mahallesi, Azerbaycan Caddesi (Vadistanbul 4A Blok), 34396 Sarıyer/Istanbul",علم الأدوية وبيولوجيا السرطان,تركيا,إسطنبول,ماجستير مع أطروحة,التركية,متاح,2026-2027,8500,8500,8500,4250,USD,-,3000
program,949,جامعة استينيا,Istinye University Vadi Campus,"Ayazağa Mahallesi, Azerbaycan Caddesi (Vadistanbul 4A Blok), 34396 Sarıyer/Istanbul",علم الأعصاب,تركيا,إسطنبول,ماجستير مع أطروحة,التركية,متاح,2026-2027,8500,8500,8500,4250,USD,-,3000
program,948,جامعة استينيا,Istinye University Vadi Campus,"Ayazağa Mahallesi, Azerbaycan Caddesi (Vadistanbul 4A Blok), 34396 Sarıyer/Istanbul",الخلايا الجذعية وهندسة الأنسجة,تركيا,إسطنبول,ماجستير مع أطروحة,التركية,متاح,2026-2027,8500,8500,8500,4250,USD,-,3000
program,947,جامعة استينيا,Istinye University Topkapı Campus,"Maltepe Mah., Teyyareci Sami Sk., No.3 Zeytinburnu, İstanbul, 34010",العلاج الطبيعي والتأهيل,تركيا,إسطنبول,ماجستير مع أطروحة,الإنجليزية,متاح,2026-2027,8500,8500,8500,4250,USD,-,8000
program,946,جامعة استينيا,Istinye University Topkapı Campus,"Maltepe Mah., Teyyareci Sami Sk., No.3 Zeytinburnu, İstanbul, 34010",العلاج الطبيعي والتأهيل,تركيا,إسطنبول,ماجستير مع أطروحة,التركية,متاح,2026-2027,8500,8500,8500,4250,USD,-,3000
program,945,جامعة استينيا,Istinye University Topkapı Campus,"Maltepe Mah., Teyyareci Sami Sk., No.3 Zeytinburnu, İstanbul, 34010",القبالة,تركيا,إسطنبول,ماجستير مع أطروحة,التركية,متاح,2026-2027,8500,8500,8500,4250,USD,-,3000
program,944,جامعة استينيا,Istinye University Topkapı Campus,"Maltepe Mah., Teyyareci Sami Sk., No.3 Zeytinburnu, İstanbul, 34010",تمريض النساء والتوليد,تركيا,إسطنبول,ماجستير بدون أطروحة,التركية,متاح,2026-2027,8000,8000,8000,4000,USD,-,3000
program,943,جامعة استينيا,Istinye University Topkapı Campus,"Maltepe Mah., Teyyareci Sami Sk., No.3 Zeytinburnu, İstanbul, 34010",تمريض النساء والتوليد,تركيا,إسطنبول,ماجستير مع أطروحة,التركية,متاح,2026-2027,8500,8500,8500,4250,USD,-,3000
program,942,جامعة استينيا,Istinye University Topkapı Campus,"Maltepe Mah., Teyyareci Sami Sk., No.3 Zeytinburnu, İstanbul, 34010",تمريض الأمراض الجراحية,تركيا,إسطنبول,ماجستير بدون أطروحة,التركية,متاح,2026-2027,8000,8000,8000,4000,USD,-,3000
program,941,جامعة استينيا,Istinye University Topkapı Campus,"Maltepe Mah., Teyyareci Sami Sk., No.3 Zeytinburnu, İstanbul, 34010",تمريض الأمراض الجراحية,تركيا,إسطنبول,ماجستير مع أطروحة,التركية,متاح,2026-2027,8500,8500,8500,4250,USD,-,3000
program,940,جامعة استينيا,Istinye University Vadi Campus,"Ayazağa Mahallesi, Azerbaycan Caddesi (Vadistanbul 4A Blok), 34396 Sarıyer/Istanbul",علوم الاتصال - دكتوراه مدمجة,تركيا,إسطنبول,دكتوراه,التركية,متاح,2026-2027,15000,15000,15000,7500,USD,-,3000
program,939,جامعة استينيا,Istinye University Vadi Campus,"Ayazağa Mahallesi, Azerbaycan Caddesi (Vadistanbul 4A Blok), 34396 Sarıyer/Istanbul",إدارة الصحة - دكتوراه مدمجة,تركيا,إسطنبول,دكتوراه,التركية,متاح,2026-2027,15000,15000,15000,7500,USD,-,3000
program,938,جامعة استينيا,Istinye University Vadi Campus,"Ayazağa Mahallesi, Azerbaycan Caddesi (Vadistanbul 4A Blok), 34396 Sarıyer/Istanbul",إدارة الأعمال - دكتوراه مدمجة,تركيا,إسطنبول,دكتوراه,التركية,متاح,2026-2027,15000,15000,15000,7500,USD,-,3000
program,937,جامعة استينيا,Istinye University Vadi Campus,"Ayazağa Mahallesi, Azerbaycan Caddesi (Vadistanbul 4A Blok), 34396 Sarıyer/Istanbul",علوم الاتصال,تركيا,إسطنبول,دكتوراه,التركية,متاح,2026-2027,12500,12500,12500,6250,USD,-,3000
program,936,جامعة استينيا,Istinye University Vadi Campus,"Ayazağa Mahallesi, Azerbaycan Caddesi (Vadistanbul 4A Blok), 34396 Sarıyer/Istanbul",إدارة الصحة,تركيا,إسطنبول,دكتوراه,التركية,متاح,2026-2027,12500,12500,12500,6250,USD,-,3000
program,935,جامعة استينيا,Istinye University Vadi Campus,"Ayazağa Mahallesi, Azerbaycan Caddesi (Vadistanbul 4A Blok), 34396 Sarıyer/Istanbul",إدارة الأعمال,تركيا,إسطنبول,دكتوراه,التركية,متاح,2026-2027,12500,12500,12500,6250,USD,-,3000
program,934,جامعة استينيا,Istinye University Vadi Campus,"Ayazağa Mahallesi, Azerbaycan Caddesi (Vadistanbul 4A Blok), 34396 Sarıyer/Istanbul",الأمن السيبراني,تركيا,إسطنبول,ماجستير بدون أطروحة,الإنجليزية,متاح,2026-2027,8000,8000,8000,4000,USD,-,8000
program,933,جامعة استينيا,Istinye University Vadi Campus,"Ayazağa Mahallesi, Azerbaycan Caddesi (Vadistanbul 4A Blok), 34396 Sarıyer/Istanbul",الأمن السيبراني,تركيا,إسطنبول,ماجستير مع أطروحة,الإنجليزية,متاح,2026-2027,8500,8500,8500,4250,USD,-,8000
program,932,جامعة استينيا,Istinye University Vadi Campus,"Ayazağa Mahallesi, Azerbaycan Caddesi (Vadistanbul 4A Blok), 34396 Sarıyer/Istanbul",علم البيانات,تركيا,إسطنبول,ماجستير مع أطروحة,الإنجليزية,متاح,2026-2027,8500,8500,8500,4250,USD,-,8000
program,931,جامعة استينيا,Istinye University Vadi Campus,"Ayazağa Mahallesi, Azerbaycan Caddesi (Vadistanbul 4A Blok), 34396 Sarıyer/Istanbul",علم البيانات,تركيا,إسطنبول,ماجستير بدون أطروحة,التركية,متاح,2026-2027,8000,8000,8000,4000,USD,-,3000
program,930,جامعة استينيا,Istinye University Vadi Campus,"Ayazağa Mahallesi, Azerbaycan Caddesi (Vadistanbul 4A Blok), 34396 Sarıyer/Istanbul",علم البيانات,تركيا,إسطنبول,ماجستير مع أطروحة,التركية,متاح,2026-2027,8500,8500,8500,4250,USD,-,3000
program,929,جامعة استينيا,Istinye University Vadi Campus,"Ayazağa Mahallesi, Azerbaycan Caddesi (Vadistanbul 4A Blok), 34396 Sarıyer/Istanbul",تصميم الأزياء والمنسوجات,تركيا,إسطنبول,ماجستير بدون أطروحة,التركية,متاح,2026-2027,8000,8000,8000,4000,USD,-,3000
program,928,جامعة استينيا,Istinye University Vadi Campus,"Ayazağa Mahallesi, Azerbaycan Caddesi (Vadistanbul 4A Blok), 34396 Sarıyer/Istanbul",تصميم الأزياء والمنسوجات,تركيا,إسطنبول,ماجستير مع أطروحة,التركية,متاح,2026-2027,8500,8500,8500,4250,USD,-,3000
program,927,جامعة استينيا,Istinye University Vadi Campus,"Ayazağa Mahallesi, Azerbaycan Caddesi (Vadistanbul 4A Blok), 34396 Sarıyer/Istanbul",فنون الطهي وفنون المطبخ,تركيا,إسطنبول,ماجستير بدون أطروحة,التركية,متاح,2026-2027,8000,8000,8000,4000,USD,-,3000
program,926,جامعة استينيا,Istinye University Vadi Campus,"Ayazağa Mahallesi, Azerbaycan Caddesi (Vadistanbul 4A Blok), 34396 Sarıyer/Istanbul",فنون الطهي وفنون المطبخ,تركيا,إسطنبول,ماجستير مع أطروحة,التركية,متاح,2026-2027,8500,8500,8500,4250,USD,-,3000
program,925,جامعة استينيا,Istinye University Vadi Campus,"Ayazağa Mahallesi, Azerbaycan Caddesi (Vadistanbul 4A Blok), 34396 Sarıyer/Istanbul",السينما والتلفزيون,تركيا,إسطنبول,ماجستير مع أطروحة,الإنجليزية,متاح,2026-2027,8500,8500,8500,4250,USD,-,8000
program,924,جامعة استينيا,Istinye University Vadi Campus,"Ayazağa Mahallesi, Azerbaycan Caddesi (Vadistanbul 4A Blok), 34396 Sarıyer/Istanbul",نظم المعلومات الإدارية,تركيا,إسطنبول,ماجستير مع أطروحة,الإنجليزية,متاح,2026-2027,8500,8500,8500,4250,USD,-,8000
program,923,جامعة استينيا,Istinye University Vadi Campus,"Ayazağa Mahallesi, Azerbaycan Caddesi (Vadistanbul 4A Blok), 34396 Sarıyer/Istanbul",الصحة والسلامة المهنية,تركيا,إسطنبول,ماجستير بدون أطروحة,التركية,متاح,2026-2027,8000,8000,8000,4000,USD,-,3000
program,922,جامعة استينيا,Istinye University Vadi Campus,"Ayazağa Mahallesi, Azerbaycan Caddesi (Vadistanbul 4A Blok), 34396 Sarıyer/Istanbul",اللغة التركية وآدابها,تركيا,إسطنبول,ماجستير مع أطروحة,التركية,متاح,2026-2027,8500,8500,8500,4250,USD,-,3000
program,921,جامعة استينيا,Istinye University Vadi Campus,"Ayazağa Mahallesi, Azerbaycan Caddesi (Vadistanbul 4A Blok), 34396 Sarıyer/Istanbul",علم النفس العيادي,تركيا,إسطنبول,ماجستير بدون أطروحة,التركية,متاح,2026-2027,15000,15000,15000,7500,USD,-,3000
program,920,جامعة استينيا,Istinye University Vadi Campus,"Ayazağa Mahallesi, Azerbaycan Caddesi (Vadistanbul 4A Blok), 34396 Sarıyer/Istanbul",علم النفس,تركيا,إسطنبول,ماجستير بدون أطروحة,التركية,متاح,2026-2027,8000,8000,8000,4000,USD,-,3000
program,919,جامعة استينيا,Istinye University Vadi Campus,"Ayazağa Mahallesi, Azerbaycan Caddesi (Vadistanbul 4A Blok), 34396 Sarıyer/Istanbul",علم النفس,تركيا,إسطنبول,ماجستير مع أطروحة,التركية,متاح,2026-2027,8500,8500,8500,4250,USD,-,3000
program,918,جامعة استينيا,Istinye University Vadi Campus,"Ayazağa Mahallesi, Azerbaycan Caddesi (Vadistanbul 4A Blok), 34396 Sarıyer/Istanbul",العلوم السياسية والعلاقات الدولية,تركيا,إسطنبول,ماجستير مع أطروحة,الإنجليزية,متاح,2026-2027,8500,8500,8500,4250,USD,-,8000
program,917,جامعة استينيا,Istinye University Vadi Campus,"Ayazağa Mahallesi, Azerbaycan Caddesi (Vadistanbul 4A Blok), 34396 Sarıyer/Istanbul",العلوم السياسية والعلاقات الدولية,تركيا,إسطنبول,ماجستير مع أطروحة,التركية,متاح,2026-2027,8500,8500,8500,4250,USD,-,3000
program,916,جامعة استينيا,Istinye University Vadi Campus,"Ayazağa Mahallesi, Azerbaycan Caddesi (Vadistanbul 4A Blok), 34396 Sarıyer/Istanbul",إدارة الصحة,تركيا,إسطنبول,ماجستير بدون أطروحة,التركية,متاح,2026-2027,8000,8000,8000,4000,USD,-,3000
program,915,جامعة استينيا,Istinye University Vadi Campus,"Ayazağa Mahallesi, Azerbaycan Caddesi (Vadistanbul 4A Blok), 34396 Sarıyer/Istanbul",إدارة الصحة,تركيا,إسطنبول,ماجستير مع أطروحة,التركية,متاح,2026-2027,8500,8500,8500,4250,USD,-,3000
program,914,جامعة استينيا,Istinye University Vadi Campus,"Ayazağa Mahallesi, Azerbaycan Caddesi (Vadistanbul 4A Blok), 34396 Sarıyer/Istanbul",إدارة الأعمال,تركيا,إسطنبول,ماجستير بدون أطروحة,الإنجليزية,متاح,2026-2027,8000,8000,8000,4000,USD,-,8000
program,913,جامعة استينيا,Istinye University Vadi Campus,"Ayazağa Mahallesi, Azerbaycan Caddesi (Vadistanbul 4A Blok), 34396 Sarıyer/Istanbul",إدارة الأعمال,تركيا,إسطنبول,ماجستير مع أطروحة,الإنجليزية,متاح,2026-2027,8500,8500,8500,4250,USD,-,8000
program,912,جامعة استينيا,Istinye University Vadi Campus,"Ayazağa Mahallesi, Azerbaycan Caddesi (Vadistanbul 4A Blok), 34396 Sarıyer/Istanbul",إدارة الأعمال,تركيا,إسطنبول,ماجستير بدون أطروحة,التركية,متاح,2026-2027,8000,8000,8000,4000,USD,-,3000
program,911,جامعة استينيا,Istinye University Vadi Campus,"Ayazağa Mahallesi, Azerbaycan Caddesi (Vadistanbul 4A Blok), 34396 Sarıyer/Istanbul",إدارة الأعمال,تركيا,إسطنبول,ماجستير مع أطروحة,التركية,متاح,2026-2027,8500,8500,8500,4250,USD,-,3000
program,910,جامعة استينيا,Istinye University Topkapı Campus,"Maltepe Mah., Teyyareci Sami Sk., No.3 Zeytinburnu, İstanbul, 34010",تمريض,تركيا,إسطنبول,بكالوريوس,الإنجليزية,متاح,2026-2027,8000,8000,8000,4000,USD,-,8000
program,909,جامعة استينيا,Istinye University Topkapı Campus,"Maltepe Mah., Teyyareci Sami Sk., No.3 Zeytinburnu, İstanbul, 34010",تمريض,تركيا,إسطنبول,بكالوريوس,التركية,متاح,2026-2027,8000,8000,8000,4000,USD,-,3000
program,908,جامعة استينيا,Istinye University Topkapı Campus,"Maltepe Mah., Teyyareci Sami Sk., No.3 Zeytinburnu, İstanbul, 34010",العلاج الطبيعي والتأهيل,تركيا,إسطنبول,بكالوريوس,الإنجليزية,متاح,2026-2027,8000,8000,8000,4000,USD,-,8000
program,907,جامعة استينيا,Istinye University Topkapı Campus,"Maltepe Mah., Teyyareci Sami Sk., No.3 Zeytinburnu, İstanbul, 34010",العلاج الطبيعي والتأهيل,تركيا,إسطنبول,بكالوريوس,التركية,متاح,2026-2027,8000,8000,8000,4000,USD,-,3000
program,906,جامعة استينيا,Istinye University Topkapı Campus,"Maltepe Mah., Teyyareci Sami Sk., No.3 Zeytinburnu, İstanbul, 34010",القبالة,تركيا,إسطنبول,بكالوريوس,التركية,متاح,2026-2027,8000,8000,8000,4000,USD,-,3000
program,905,جامعة استينيا,Istinye University Topkapı Campus,"Maltepe Mah., Teyyareci Sami Sk., No.3 Zeytinburnu, İstanbul, 34010",علاج النطق واللغة,تركيا,إسطنبول,بكالوريوس,التركية,متاح,2026-2027,8000,8000,8000,4000,USD,-,3000
program,904,جامعة استينيا,Istinye University Topkapı Campus,"Maltepe Mah., Teyyareci Sami Sk., No.3 Zeytinburnu, İstanbul, 34010",تنمية الطفل,تركيا,إسطنبول,بكالوريوس,التركية,متاح,2026-2027,8000,8000,8000,4000,USD,-,3000
program,903,جامعة استينيا,Istinye University Topkapı Campus,"Maltepe Mah., Teyyareci Sami Sk., No.3 Zeytinburnu, İstanbul, 34010",التغذية وعلم الحمية,تركيا,إسطنبول,بكالوريوس,التركية,متاح,2026-2027,8000,8000,8000,4000,USD,-,3000
program,902,جامعة استينيا,Istinye University Vadi Campus,"Ayazağa Mahallesi, Azerbaycan Caddesi (Vadistanbul 4A Blok), 34396 Sarıyer/Istanbul",الإذاعة والتلفزيون والسينما,تركيا,إسطنبول,بكالوريوس,الإنجليزية,متاح,2026-2027,7000,7000,7000,3500,USD,-,8000
program,901,جامعة استينيا,Istinye University Vadi Campus,"Ayazağa Mahallesi, Azerbaycan Caddesi (Vadistanbul 4A Blok), 34396 Sarıyer/Istanbul",وسائل الإعلام الجديدة والاتصالات,تركيا,إسطنبول,بكالوريوس,الإنجليزية,متاح,2026-2027,7000,7000,7000,3500,USD,-,8000
program,900,جامعة استينيا,Istinye University Vadi Campus,"Ayazağa Mahallesi, Azerbaycan Caddesi (Vadistanbul 4A Blok), 34396 Sarıyer/Istanbul",العلاقات العامة والإعلان,تركيا,إسطنبول,بكالوريوس,التركية,متاح,2026-2027,7000,7000,7000,3500,USD,-,3000
program,899,جامعة استينيا,Istinye University Vadi Campus,"Ayazağa Mahallesi, Azerbaycan Caddesi (Vadistanbul 4A Blok), 34396 Sarıyer/Istanbul",تصميم الاتصالات المرئية,تركيا,إسطنبول,بكالوريوس,التركية,متاح,2026-2027,7000,7000,7000,3500,USD,-,3000
program,898,جامعة استينيا,Istinye University Vadi Campus,"Ayazağa Mahallesi, Azerbaycan Caddesi (Vadistanbul 4A Blok), 34396 Sarıyer/Istanbul",إدارة اللوجستيات,تركيا,إسطنبول,بكالوريوس,التركية,متاح,2026-2027,8000,8000,8000,4000,USD,-,3000
program,897,جامعة استينيا,Istinye University Vadi Campus,"Ayazağa Mahallesi, Azerbaycan Caddesi (Vadistanbul 4A Blok), 34396 Sarıyer/Istanbul",نظم المعلومات الإدارية,تركيا,إسطنبول,بكالوريوس,الإنجليزية,متاح,2026-2027,8000,8000,8000,4000,USD,-,8000
program,896,جامعة استينيا,Istinye University Vadi Campus,"Ayazağa Mahallesi, Azerbaycan Caddesi (Vadistanbul 4A Blok), 34396 Sarıyer/Istanbul",نظم المعلومات الإدارية,تركيا,إسطنبول,بكالوريوس,التركية,متاح,2026-2027,8000,8000,8000,4000,USD,-,3000
program,895,جامعة استينيا,Istinye University Vadi Campus,"Ayazağa Mahallesi, Azerbaycan Caddesi (Vadistanbul 4A Blok), 34396 Sarıyer/Istanbul",التجارة الدولية والأعمال,تركيا,إسطنبول,بكالوريوس,الإنجليزية,متاح,2026-2027,8000,8000,8000,4000,USD,-,8000
program,894,جامعة استينيا,Istinye University Vadi Campus,"Ayazağa Mahallesi, Azerbaycan Caddesi (Vadistanbul 4A Blok), 34396 Sarıyer/Istanbul",العلاقات الدولية,تركيا,إسطنبول,بكالوريوس,الإنجليزية,متاح,2026-2027,8000,8000,8000,4000,USD,-,8000
program,893,جامعة استينيا,Istinye University Vadi Campus,"Ayazağa Mahallesi, Azerbaycan Caddesi (Vadistanbul 4A Blok), 34396 Sarıyer/Istanbul",العلوم السياسية والإدارة العامة,تركيا,إسطنبول,بكالوريوس,التركية,متاح,2026-2027,8000,8000,8000,4000,USD,-,3000
program,892,جامعة استينيا,Istinye University Vadi Campus,"Ayazağa Mahallesi, Azerbaycan Caddesi (Vadistanbul 4A Blok), 34396 Sarıyer/Istanbul",إدارة الصحة,تركيا,إسطنبول,بكالوريوس,التركية,متاح,2026-2027,8000,8000,8000,4000,USD,-,3000
program,891,جامعة استينيا,Istinye University Vadi Campus,"Ayazağa Mahallesi, Azerbaycan Caddesi (Vadistanbul 4A Blok), 34396 Sarıyer/Istanbul",إدارة الأعمال,تركيا,إسطنبول,بكالوريوس,الإنجليزية,متاح,2026-2027,8000,8000,8000,4000,USD,-,8000
program,890,جامعة استينيا,Istinye University Vadi Campus,"Ayazağa Mahallesi, Azerbaycan Caddesi (Vadistanbul 4A Blok), 34396 Sarıyer/Istanbul",الاقتصاد,تركيا,إسطنبول,بكالوريوس,الإنجليزية,متاح,2026-2027,8000,8000,8000,4000,USD,-,8000
program,889,جامعة استينيا,Istinye University Vadi Campus,"Ayazağa Mahallesi, Azerbaycan Caddesi (Vadistanbul 4A Blok), 34396 Sarıyer/Istanbul",تطوير البرمجيات,تركيا,إسطنبول,بكالوريوس,التركية,متاح,2026-2027,8000,8000,8000,4000,USD,-,3000
program,888,جامعة استينيا,Istinye University Vadi Campus,"Ayazağa Mahallesi, Azerbaycan Caddesi (Vadistanbul 4A Blok), 34396 Sarıyer/Istanbul",الكيمياء,تركيا,إسطنبول,بكالوريوس,الإنجليزية,متاح,2026-2027,8000,8000,8000,4000,USD,-,8000
program,887,جامعة استينيا,Istinye University Vadi Campus,"Ayazağa Mahallesi, Azerbaycan Caddesi (Vadistanbul 4A Blok), 34396 Sarıyer/Istanbul",الرياضيات,تركيا,إسطنبول,بكالوريوس,الإنجليزية,متاح,2026-2027,8000,8000,8000,4000,USD,-,8000
program,886,جامعة استينيا,Istinye University Vadi Campus,"Ayazağa Mahallesi, Azerbaycan Caddesi (Vadistanbul 4A Blok), 34396 Sarıyer/Istanbul",البيولوجيا الجزيئية وعلم الوراثة,تركيا,إسطنبول,بكالوريوس,الإنجليزية,متاح,2026-2027,8000,8000,8000,4000,USD,-,8000
program,885,جامعة استينيا,Istinye University Vadi Campus,"Ayazağa Mahallesi, Azerbaycan Caddesi (Vadistanbul 4A Blok), 34396 Sarıyer/Istanbul",الهندسة الطبية الحيوية,تركيا,إسطنبول,بكالوريوس,الإنجليزية,متاح,2026-2027,8000,8000,8000,4000,USD,-,8000
program,884,جامعة استينيا,Istinye University Vadi Campus,"Ayazağa Mahallesi, Azerbaycan Caddesi (Vadistanbul 4A Blok), 34396 Sarıyer/Istanbul",الهندسة الصناعية,تركيا,إسطنبول,بكالوريوس,الإنجليزية,متاح,2026-2027,8000,8000,8000,4000,USD,-,8000
program,883,جامعة استينيا,Istinye University Vadi Campus,"Ayazağa Mahallesi, Azerbaycan Caddesi (Vadistanbul 4A Blok), 34396 Sarıyer/Istanbul",الهندسة الكهربائية والإلكترونية,تركيا,إسطنبول,بكالوريوس,الإنجليزية,متاح,2026-2027,8000,8000,8000,4000,USD,-,8000
program,882,جامعة استينيا,Istinye University Vadi Campus,"Ayazağa Mahallesi, Azerbaycan Caddesi (Vadistanbul 4A Blok), 34396 Sarıyer/Istanbul",هندسة الكمبيوتر,تركيا,إسطنبول,بكالوريوس,التركية,متاح,2026-2027,8000,8000,8000,4000,USD,-,3000
program,881,جامعة استينيا,Istinye University Vadi Campus,"Ayazağa Mahallesi, Azerbaycan Caddesi (Vadistanbul 4A Blok), 34396 Sarıyer/Istanbul",هندسة الكمبيوتر,تركيا,إسطنبول,بكالوريوس,الإنجليزية,متاح,2026-2027,8000,8000,8000,4000,USD,-,8000
program,880,جامعة استينيا,Istinye University Vadi Campus,"Ayazağa Mahallesi, Azerbaycan Caddesi (Vadistanbul 4A Blok), 34396 Sarıyer/Istanbul",هندسة البرمجيات,تركيا,إسطنبول,بكالوريوس,الإنجليزية,متاح,2026-2027,8000,8000,8000,4000,USD,-,8000
program,879,جامعة استينيا,Istinye University Vadi Campus,"Ayazağa Mahallesi, Azerbaycan Caddesi (Vadistanbul 4A Blok), 34396 Sarıyer/Istanbul",هندسة البرمجيات,تركيا,إسطنبول,بكالوريوس,التركية,متاح,2026-2027,8000,8000,8000,4000,USD,-,3000
program,878,جامعة استينيا,Istinye University Vadi Campus,"Ayazağa Mahallesi, Azerbaycan Caddesi (Vadistanbul 4A Blok), 34396 Sarıyer/Istanbul",تصميم الأزياء والمنسوجات,تركيا,إسطنبول,بكالوريوس,التركية,متاح,2026-2027,7000,7000,7000,3500,USD,-,3000
program,877,جامعة استينيا,Istinye University Vadi Campus,"Ayazağa Mahallesi, Azerbaycan Caddesi (Vadistanbul 4A Blok), 34396 Sarıyer/Istanbul",تصميم الألعاب الرقمية,تركيا,إسطنبول,بكالوريوس,الإنجليزية,متاح,2026-2027,8000,8000,8000,4000,USD,-,8000
program,876,جامعة استينيا,Istinye University Vadi Campus,"Ayazağa Mahallesi, Azerbaycan Caddesi (Vadistanbul 4A Blok), 34396 Sarıyer/Istanbul",فنون الطهي وفنون المطبخ,تركيا,إسطنبول,بكالوريوس,الإنجليزية,متاح,2026-2027,8000,8000,8000,4000,USD,-,8000
program,875,جامعة استينيا,Istinye University Vadi Campus,"Ayazağa Mahallesi, Azerbaycan Caddesi (Vadistanbul 4A Blok), 34396 Sarıyer/Istanbul",فنون الطهي وفنون المطبخ,تركيا,إسطنبول,بكالوريوس,التركية,متاح,2026-2027,8000,8000,8000,4000,USD,-,3000
program,874,جامعة استينيا,Istinye University Vadi Campus,"Ayazağa Mahallesi, Azerbaycan Caddesi (Vadistanbul 4A Blok), 34396 Sarıyer/Istanbul",العمارة,تركيا,إسطنبول,بكالوريوس,الإنجليزية,متاح,2026-2027,8000,8000,8000,4000,USD,-,8000
program,873,جامعة استينيا,Istinye University Vadi Campus,"Ayazağa Mahallesi, Azerbaycan Caddesi (Vadistanbul 4A Blok), 34396 Sarıyer/Istanbul",الهندسة المعمارية الداخلية والتصميم البيئي,تركيا,إسطنبول,بكالوريوس,التركية,متاح,2026-2027,8000,8000,8000,4000,USD,-,3000
program,872,جامعة استينيا,Istinye University Vadi Campus,"Ayazağa Mahallesi, Azerbaycan Caddesi (Vadistanbul 4A Blok), 34396 Sarıyer/Istanbul",الترجمة التحريرية والشفهية (الإنجليزية),تركيا,إسطنبول,بكالوريوس,الإنجليزية,متاح,2026-2027,8000,8000,8000,4000,USD,-,8000
program,871,جامعة استينيا,Istinye University Vadi Campus,"Ayazağa Mahallesi, Azerbaycan Caddesi (Vadistanbul 4A Blok), 34396 Sarıyer/Istanbul",اللغة الإنجليزية وآدابها,تركيا,إسطنبول,بكالوريوس,الإنجليزية,متاح,2026-2027,8000,8000,8000,4000,USD,-,8000
program,870,جامعة استينيا,Istinye University Vadi Campus,"Ayazağa Mahallesi, Azerbaycan Caddesi (Vadistanbul 4A Blok), 34396 Sarıyer/Istanbul",اللغة التركية وآدابها,تركيا,إسطنبول,بكالوريوس,التركية,متاح,2026-2027,8000,8000,8000,4000,USD,-,3000
program,869,جامعة استينيا,Istinye University Vadi Campus,"Ayazağa Mahallesi, Azerbaycan Caddesi (Vadistanbul 4A Blok), 34396 Sarıyer/Istanbul",علم النفس,تركيا,إسطنبول,بكالوريوس,الإنجليزية,متاح,2026-2027,8000,8000,8000,4000,USD,-,8000
program,868,جامعة استينيا,Istinye University Vadi Campus,"Ayazağa Mahallesi, Azerbaycan Caddesi (Vadistanbul 4A Blok), 34396 Sarıyer/Istanbul",علم النفس,تركيا,إسطنبول,بكالوريوس,التركية,متاح,2026-2027,8000,8000,8000,4000,USD,-,3000
program,867,جامعة استينيا,Istinye University Vadi Campus,"Ayazağa Mahallesi, Azerbaycan Caddesi (Vadistanbul 4A Blok), 34396 Sarıyer/Istanbul",الصيدلة,تركيا,إسطنبول,بكالوريوس,الإنجليزية,متاح,2026-2027,15000,14250,14250,7500,USD,-,8000
program,866,جامعة استينيا,Istinye University Vadi Campus,"Ayazağa Mahallesi, Azerbaycan Caddesi (Vadistanbul 4A Blok), 34396 Sarıyer/Istanbul",الصيدلة,تركيا,إسطنبول,بكالوريوس,التركية,متاح,2026-2027,14000,13300,13300,7000,USD,-,3000
program,865,جامعة استينيا,Istinye University Vadi Campus,"Ayazağa Mahallesi, Azerbaycan Caddesi (Vadistanbul 4A Blok), 34396 Sarıyer/Istanbul",طب الأسنان,تركيا,إسطنبول,بكالوريوس,الإنجليزية,متاح,2026-2027,24500,23275,23275,12250,USD,-,8000
program,864,جامعة استينيا,Istinye University Vadi Campus,"Ayazağa Mahallesi, Azerbaycan Caddesi (Vadistanbul 4A Blok), 34396 Sarıyer/Istanbul",طب الأسنان,تركيا,إسطنبول,بكالوريوس,التركية,متاح,2026-2027,20000,19000,19000,10000,USD,-,3000
program,863,جامعة استينيا,Istinye University Vadi Campus,"Ayazağa Mahallesi, Azerbaycan Caddesi (Vadistanbul 4A Blok), 34396 Sarıyer/Istanbul",الطب البشري,تركيا,إسطنبول,بكالوريوس,الإنجليزية,متاح,2026-2027,29000,27550,27550,14500,USD,-,8000
program,862,جامعة استينيا,Istinye University Vadi Campus,"Ayazağa Mahallesi, Azerbaycan Caddesi (Vadistanbul 4A Blok), 34396 Sarıyer/Istanbul",الطب البشري,تركيا,إسطنبول,بكالوريوس,التركية,متاح,2026-2027,23000,21850,21850,11500,USD,-,3000
program,861,جامعة إسطنبول أطلس,Atlas Valley Campus,Anadolu Cd. No: 40 Kağıthane Istanbul,تمريض الأمراض الجراحية,تركيا,إسطنبول,دكتوراه,التركية,متاح,2026-2027,16500,14850,12625,1000,USD,التحضيري التركي مجاني.,0
program,860,جامعة إسطنبول أطلس,Atlas Valley Campus,Anadolu Cd. No: 40 Kağıthane Istanbul,هندسة الكمبيوتر,تركيا,إسطنبول,دكتوراه,الإنجليزية,متاح,2026-2027,16500,14850,12625,1000,USD,رسوم التحضيري الإنجليزي لبرامج الماجستير والدكتوراه 3000 USD ويجب دفعها سنويا.,3000
program,859,جامعة إسطنبول أطلس,Atlas Valley Campus,Anadolu Cd. No: 40 Kağıthane Istanbul,علم النفس,تركيا,إسطنبول,دكتوراه,التركية,متاح,2026-2027,16500,14850,12625,1000,USD,التحضيري التركي مجاني.,0
program,858,جامعة إسطنبول أطلس,Atlas Valley Campus,Anadolu Cd. No: 40 Kağıthane Istanbul,تمريض النساء والتوليد,تركيا,إسطنبول,ماجستير مع أطروحة,التركية,متاح,2026-2027,7415,6647,5680,1000,USD,التحضيري التركي مجاني.,0
program,857,جامعة إسطنبول أطلس,Atlas Valley Campus,Anadolu Cd. No: 40 Kağıthane Istanbul,تمريض الأمراض الجراحية,تركيا,إسطنبول,ماجستير مع أطروحة,التركية,متاح,2026-2027,7415,6647,5680,1000,USD,التحضيري التركي مجاني.,0
program,856,جامعة إسطنبول أطلس,Atlas Valley Campus,Anadolu Cd. No: 40 Kağıthane Istanbul,تمريض الأمراض الباطنية,تركيا,إسطنبول,ماجستير مع أطروحة,التركية,متاح,2026-2027,7415,6647,5680,1000,USD,التحضيري التركي مجاني.,0
program,855,جامعة إسطنبول أطلس,Atlas Valley Campus,Anadolu Cd. No: 40 Kağıthane Istanbul,القبالة,تركيا,إسطنبول,ماجستير بدون أطروحة,التركية,متاح,2026-2027,5295,4766,4055,1000,USD,التحضيري التركي مجاني.,0
program,854,جامعة إسطنبول أطلس,Atlas Valley Campus,Anadolu Cd. No: 40 Kağıthane Istanbul,القبالة,تركيا,إسطنبول,ماجستير مع أطروحة,التركية,متاح,2026-2027,7415,6647,5680,1000,USD,التحضيري التركي مجاني.,0
program,853,جامعة إسطنبول أطلس,Atlas Valley Campus,Anadolu Cd. No: 40 Kağıthane Istanbul,إعادة التأهيل المعرفي,تركيا,إسطنبول,ماجستير بدون أطروحة,التركية,متاح,2026-2027,5295,4766,4055,1000,USD,التحضيري التركي مجاني.,0
program,852,جامعة إسطنبول أطلس,Atlas Valley Campus,Anadolu Cd. No: 40 Kağıthane Istanbul,علم وظائف الأعضاء (الطب),تركيا,إسطنبول,ماجستير مع أطروحة,التركية,متاح,2026-2027,7415,6674,5673,1000,USD,التحضيري التركي مجاني.,0
program,851,جامعة إسطنبول أطلس,Atlas Valley Campus,Anadolu Cd. No: 40 Kağıthane Istanbul,الصيدلة الطبية,تركيا,إسطنبول,ماجستير مع أطروحة,التركية,متاح,2026-2027,7415,6674,5673,1000,USD,التحضيري التركي مجاني.,0
program,850,جامعة إسطنبول أطلس,Atlas Valley Campus,Anadolu Cd. No: 40 Kağıthane Istanbul,علم الأحياء الدقيقة الطبية,تركيا,إسطنبول,ماجستير مع أطروحة,التركية,متاح,2026-2027,7415,6674,5673,1000,USD,التحضيري التركي مجاني.,0
program,849,جامعة إسطنبول أطلس,Atlas Valley Campus,Anadolu Cd. No: 40 Kağıthane Istanbul,الكيمياء الحيوية الطبية,تركيا,إسطنبول,ماجستير مع أطروحة,التركية,متاح,2026-2027,7415,6674,5673,1000,USD,التحضيري التركي مجاني.,0
program,848,جامعة إسطنبول أطلس,Atlas Valley Campus,Anadolu Cd. No: 40 Kağıthane Istanbul,علم الأنسجة والأجنة,تركيا,إسطنبول,ماجستير مع أطروحة,التركية,متاح,2026-2027,7415,6674,5673,1000,USD,التحضيري التركي مجاني.,0
program,847,جامعة إسطنبول أطلس,Atlas Valley Campus,Anadolu Cd. No: 40 Kağıthane Istanbul,علم التشريح,تركيا,إسطنبول,ماجستير مع أطروحة,التركية,متاح,2026-2027,7415,6674,5673,1000,USD,التحضيري التركي مجاني.,0
program,846,جامعة إسطنبول أطلس,Atlas Valley Campus,Anadolu Cd. No: 40 Kağıthane Istanbul,العلاج الوظيفي,تركيا,إسطنبول,ماجستير مع أطروحة,التركية,متاح,2026-2027,7415,6674,5673,1000,USD,التحضيري التركي مجاني.,0
program,845,جامعة إسطنبول أطلس,Atlas Valley Campus,Anadolu Cd. No: 40 Kağıthane Istanbul,العلاج الطبيعي والتأهيل,تركيا,إسطنبول,ماجستير مع أطروحة,التركية,متاح,2026-2027,7415,6674,5673,1000,USD,التحضيري التركي مجاني.,0
program,844,جامعة إسطنبول أطلس,Atlas Valley Campus,Anadolu Cd. No: 40 Kağıthane Istanbul,علاج النطق واللغة,تركيا,إسطنبول,ماجستير مع أطروحة,التركية,متاح,2026-2027,15000,13500,11480,1000,USD,التحضيري التركي مجاني.,0
program,843,جامعة إسطنبول أطلس,Atlas Valley Campus,Anadolu Cd. No: 40 Kağıthane Istanbul,التغذية وعلم الحمية,تركيا,إسطنبول,ماجستير بدون أطروحة,التركية,متاح,2026-2027,5295,4766,4055,1000,USD,التحضيري التركي مجاني.,0
program,842,جامعة إسطنبول أطلس,Atlas Valley Campus,Anadolu Cd. No: 40 Kağıthane Istanbul,التغذية وعلم الحمية,تركيا,إسطنبول,ماجستير مع أطروحة,التركية,متاح,2026-2027,7415,6674,5673,1000,USD,التحضيري التركي مجاني.,0
program,841,جامعة إسطنبول أطلس,Atlas Valley Campus,Anadolu Cd. No: 40 Kağıthane Istanbul,علم الأعصاب,تركيا,إسطنبول,ماجستير بدون أطروحة,التركية,متاح,2026-2027,5295,4766,4055,1000,USD,التحضيري التركي مجاني.,0
program,840,جامعة إسطنبول أطلس,Atlas Valley Campus,Anadolu Cd. No: 40 Kağıthane Istanbul,علم الأعصاب,تركيا,إسطنبول,ماجستير مع أطروحة,التركية,متاح,2026-2027,7415,6674,5673,1000,USD,التحضيري التركي مجاني.,0
program,839,جامعة إسطنبول أطلس,Atlas Valley Campus,Anadolu Cd. No: 40 Kağıthane Istanbul,علم النفس,تركيا,إسطنبول,ماجستير مع أطروحة,التركية,متاح,2026-2027,8500,7650,6505,1000,USD,التحضيري التركي مجاني.,0
program,838,جامعة إسطنبول أطلس,Atlas Valley Campus,Anadolu Cd. No: 40 Kağıthane Istanbul,علم النفس العيادي,تركيا,إسطنبول,ماجستير بدون أطروحة,التركية,متاح,2026-2027,18000,16200,13770,1000,USD,التحضيري التركي مجاني.,0
program,837,جامعة إسطنبول أطلس,Atlas Valley Campus,Anadolu Cd. No: 40 Kağıthane Istanbul,علم النفس العيادي,تركيا,إسطنبول,ماجستير مع أطروحة,التركية,متاح,2026-2027,20000,18000,15300,1000,USD,التحضيري التركي مجاني.,0
program,836,جامعة إسطنبول أطلس,Atlas Valley Campus,Anadolu Cd. No: 40 Kağıthane Istanbul,الأحياء الطبية وعلم الوراثة,تركيا,إسطنبول,ماجستير مع أطروحة,التركية,متاح,2026-2027,7415,6674,5673,1000,USD,التحضيري التركي مجاني.,0
program,835,جامعة إسطنبول أطلس,Atlas Valley Campus,Anadolu Cd. No: 40 Kağıthane Istanbul,البيولوجيا الجزيئية وعلم الوراثة,تركيا,إسطنبول,ماجستير مع أطروحة,الإنجليزية,متاح,2026-2027,7415,6674,5673,1000,USD,رسوم التحضيري الإنجليزي لبرامج الماجستير والدكتوراه 3000 USD ويجب دفعها سنويا.,3000
program,834,جامعة إسطنبول أطلس,Atlas Valley Campus,Anadolu Cd. No: 40 Kağıthane Istanbul,إدارة الأعمال,تركيا,إسطنبول,ماجستير بدون أطروحة,التركية,متاح,2026-2027,4000,3600,3060,1000,USD,التحضيري التركي مجاني.,0
program,833,جامعة إسطنبول أطلس,Atlas Valley Campus,Anadolu Cd. No: 40 Kağıthane Istanbul,إدارة الأعمال,تركيا,إسطنبول,ماجستير مع أطروحة,التركية,متاح,2026-2027,5000,4500,3825,1000,USD,التحضيري التركي مجاني.,0
program,832,جامعة إسطنبول أطلس,Atlas Valley Campus,Anadolu Cd. No: 40 Kağıthane Istanbul,إدارة الأعمال,تركيا,إسطنبول,ماجستير بدون أطروحة,الإنجليزية,متاح,2026-2027,4500,4050,3443,1000,USD,رسوم التحضيري الإنجليزي لبرامج الماجستير والدكتوراه 3000 USD ويجب دفعها سنويا.,3000
program,831,جامعة إسطنبول أطلس,Atlas Valley Campus,Anadolu Cd. No: 40 Kağıthane Istanbul,إدارة الأعمال,تركيا,إسطنبول,ماجستير مع أطروحة,الإنجليزية,متاح,2026-2027,5550,4995,4246,1000,USD,رسوم التحضيري الإنجليزي لبرامج الماجستير والدكتوراه 3000 USD ويجب دفعها سنويا.,3000
program,830,جامعة إسطنبول أطلس,Atlas Valley Campus,Anadolu Cd. No: 40 Kağıthane Istanbul,إدارة التقنيات والابتكار,تركيا,إسطنبول,ماجستير بدون أطروحة,التركية,متاح,2026-2027,5295,4766,4055,1000,USD,التحضيري التركي مجاني.,0
program,829,جامعة إسطنبول أطلس,Atlas Valley Campus,Anadolu Cd. No: 40 Kağıthane Istanbul,الهندسة الصناعية,تركيا,إسطنبول,ماجستير مع أطروحة,التركية,متاح,2026-2027,7415,6674,5673,1000,USD,التحضيري التركي مجاني.,0
program,828,جامعة إسطنبول أطلس,Atlas Valley Campus,Anadolu Cd. No: 40 Kağıthane Istanbul,الهندسة الكهربائية والإلكترونية,تركيا,إسطنبول,ماجستير مع أطروحة,الإنجليزية,متاح,2026-2027,7415,6674,5673,1000,USD,رسوم التحضيري الإنجليزي لبرامج الماجستير والدكتوراه 3000 USD ويجب دفعها سنويا.,3000
program,827,جامعة إسطنبول أطلس,Atlas Valley Campus,Anadolu Cd. No: 40 Kağıthane Istanbul,تكنولوجيا المعلومات,تركيا,إسطنبول,ماجستير مع أطروحة,التركية,متاح,2026-2027,7415,6647,5680,1000,USD,التحضيري التركي مجاني.,0
program,826,جامعة إسطنبول أطلس,Atlas Valley Campus,Anadolu Cd. No: 40 Kağıthane Istanbul,تكنولوجيا المعلومات,تركيا,إسطنبول,ماجستير مع أطروحة,الإنجليزية,متاح,2026-2027,7415,6647,5680,1000,USD,رسوم التحضيري الإنجليزي لبرامج الماجستير والدكتوراه 3000 USD ويجب دفعها سنويا.,3000
program,825,جامعة إسطنبول أطلس,Atlas Valley Campus,Anadolu Cd. No: 40 Kağıthane Istanbul,الهندسة الطبية الحيوية,تركيا,إسطنبول,ماجستير مع أطروحة,الإنجليزية,متاح,2026-2027,5550,4995,4246,1000,USD,رسوم التحضيري الإنجليزي لبرامج الماجستير والدكتوراه 3000 USD ويجب دفعها سنويا.,3000
program,824,جامعة إسطنبول أطلس,Atlas Valley Campus,Anadolu Cd. No: 40 Kağıthane Istanbul,هندسة الكمبيوتر,تركيا,إسطنبول,ماجستير مع أطروحة,التركية,متاح,2026-2027,7415,6674,5673,1000,USD,التحضيري التركي مجاني.,0
program,823,جامعة إسطنبول أطلس,Atlas Valley Campus,Anadolu Cd. No: 40 Kağıthane Istanbul,هندسة الكمبيوتر,تركيا,إسطنبول,ماجستير مع أطروحة,الإنجليزية,متاح,2026-2027,7415,6674,5673,1000,USD,رسوم التحضيري الإنجليزي لبرامج الماجستير والدكتوراه 3000 USD ويجب دفعها سنويا.,3000
program,822,جامعة إسطنبول أطلس,Atlas Valley Campus,Anadolu Cd. No: 40 Kağıthane Istanbul,الذكاء الاصطناعي والأنظمة الذكية,تركيا,إسطنبول,ماجستير مع أطروحة,الإنجليزية,متاح,2026-2027,5550,4995,4246,1000,USD,رسوم التحضيري الإنجليزي لبرامج الماجستير والدكتوراه 3000 USD ويجب دفعها سنويا.,3000
program,821,جامعة إسطنبول أطلس,Atlas Valley Campus,Anadolu Cd. No: 40 Kağıthane Istanbul,فني الصحة البيئية وإدارة المخاطر البيئية,تركيا,إسطنبول,دبلوم,التركية,متاح,2026-2027,2900,2610,2220,1000,USD,التحضيري التركي مجاني.,0
program,820,جامعة إسطنبول أطلس,Atlas Valley Campus,Anadolu Cd. No: 40 Kağıthane Istanbul,فني المباني الخضراء والبيئية,تركيا,إسطنبول,دبلوم,التركية,متاح,2026-2027,2900,2610,2220,1000,USD,التحضيري التركي مجاني.,0
program,819,جامعة إسطنبول أطلس,Atlas Valley Campus,Anadolu Cd. No: 40 Kağıthane Istanbul,التصميم الداخلي,تركيا,إسطنبول,دبلوم,التركية,متاح,2026-2027,2900,2610,2220,1000,USD,التحضيري التركي مجاني.,0
program,818,جامعة إسطنبول أطلس,Atlas Valley Campus,Anadolu Cd. No: 40 Kağıthane Istanbul,اللوجستية,تركيا,إسطنبول,دبلوم,التركية,متاح,2026-2027,2900,2610,2220,1000,USD,التحضيري التركي مجاني.,0
program,817,جامعة إسطنبول أطلس,Atlas Valley Campus,Anadolu Cd. No: 40 Kağıthane Istanbul,الترويج والتسويق الطبي,تركيا,إسطنبول,دبلوم,التركية,متاح,2026-2027,2900,2610,2220,1000,USD,التحضيري التركي مجاني.,0
program,816,جامعة إسطنبول أطلس,Atlas Valley Campus,Anadolu Cd. No: 40 Kağıthane Istanbul,خدمات رعاية المسنين,تركيا,إسطنبول,دبلوم,التركية,متاح,2026-2027,2900,2610,2220,1000,USD,التحضيري التركي مجاني.,0
program,815,جامعة إسطنبول أطلس,Atlas Valley Campus,Anadolu Cd. No: 40 Kağıthane Istanbul,الإسعافات الأولية والطوارئ,تركيا,إسطنبول,دبلوم,التركية,متاح,2026-2027,2900,2610,2220,1000,USD,التحضيري التركي مجاني.,0
program,814,جامعة إسطنبول أطلس,Atlas Valley Campus,Anadolu Cd. No: 40 Kağıthane Istanbul,تكنولوجيا الصحة عن بعد,تركيا,إسطنبول,دبلوم,التركية,متاح,2026-2027,2900,2610,2220,1000,USD,التحضيري التركي مجاني.,0
program,813,جامعة إسطنبول أطلس,Atlas Valley Campus,Anadolu Cd. No: 40 Kağıthane Istanbul,غسيل الكلى,تركيا,إسطنبول,دبلوم,التركية,متاح,2026-2027,2900,2610,2220,1000,USD,التحضيري التركي مجاني.,0
program,812,جامعة إسطنبول أطلس,Atlas Valley Campus,Anadolu Cd. No: 40 Kağıthane Istanbul,خدمات الجراحة,تركيا,إسطنبول,دبلوم,التركية,متاح,2026-2027,2900,2610,2220,1000,USD,التحضيري التركي مجاني.,0
program,811,جامعة إسطنبول أطلس,Atlas Valley Campus,Anadolu Cd. No: 40 Kağıthane Istanbul,البصريات,تركيا,إسطنبول,دبلوم,التركية,متاح,2026-2027,2900,2610,2220,1000,USD,التحضيري التركي مجاني.,0
program,810,جامعة إسطنبول أطلس,Atlas Valley Campus,Anadolu Cd. No: 40 Kağıthane Istanbul,العلاج الطبيعي,تركيا,إسطنبول,دبلوم,التركية,متاح,2026-2027,2900,2610,2220,1000,USD,التحضيري التركي مجاني.,0
program,809,جامعة إسطنبول أطلس,Atlas Valley Campus,Anadolu Cd. No: 40 Kağıthane Istanbul,تقنيات المختبرات الطبية,تركيا,إسطنبول,دبلوم,التركية,متاح,2026-2027,2900,2610,2220,1000,USD,التحضيري التركي مجاني.,0
program,808,جامعة إسطنبول أطلس,Atlas Valley Campus,Anadolu Cd. No: 40 Kağıthane Istanbul,تقنيات التصوير الطبي,تركيا,إسطنبول,دبلوم,التركية,متاح,2026-2027,2900,2610,2220,1000,USD,التحضيري التركي مجاني.,0
program,807,جامعة إسطنبول أطلس,Atlas Valley Campus,Anadolu Cd. No: 40 Kağıthane Istanbul,التخدير,تركيا,إسطنبول,دبلوم,التركية,متاح,2026-2027,2900,2610,2220,1000,USD,التحضيري التركي مجاني.,0
program,806,جامعة إسطنبول أطلس,Atlas Valley Campus,Anadolu Cd. No: 40 Kağıthane Istanbul,صحة الفم والأسنان,تركيا,إسطنبول,دبلوم,التركية,متاح,2026-2027,2900,2610,2220,1000,USD,التحضيري التركي مجاني.,0
program,805,جامعة إسطنبول أطلس,Atlas Valley Campus,Anadolu Cd. No: 40 Kağıthane Istanbul,تقنية التعويضات السنية,تركيا,إسطنبول,دبلوم,التركية,متاح,2026-2027,2900,2610,2220,1000,USD,التحضيري التركي مجاني.,0
program,804,جامعة إسطنبول أطلس,Atlas Valley Campus,Anadolu Cd. No: 40 Kağıthane Istanbul,تقنية أمن المعلومات,تركيا,إسطنبول,دبلوم,التركية,متاح,2026-2027,2900,2610,2220,1000,USD,التحضيري التركي مجاني.,0
program,803,جامعة إسطنبول أطلس,Atlas Valley Campus,Anadolu Cd. No: 40 Kağıthane Istanbul,التصميم الجرافيكي,تركيا,إسطنبول,دبلوم,التركية,متاح,2026-2027,2900,2610,2220,1000,USD,التحضيري التركي مجاني.,0
program,802,جامعة إسطنبول أطلس,Atlas Valley Campus,Anadolu Cd. No: 40 Kağıthane Istanbul,التجارة الإلكترونية والتسويق,تركيا,إسطنبول,دبلوم,التركية,متاح,2026-2027,2900,2610,2220,1000,USD,التحضيري التركي مجاني.,0
program,801,جامعة إسطنبول أطلس,Atlas Valley Campus,Anadolu Cd. No: 40 Kağıthane Istanbul,برمجة الكمبيوتر,تركيا,إسطنبول,دبلوم,التركية,متاح,2026-2027,2900,2610,2220,1000,USD,التحضيري التركي مجاني.,0
program,800,جامعة إسطنبول أطلس,Atlas Valley Campus,Anadolu Cd. No: 40 Kağıthane Istanbul,التصميم الصناعي,تركيا,إسطنبول,بكالوريوس,التركية,متاح,2026-2027,4660,4194,3565,1000,USD,التحضيري التركي مجاني.,0
program,799,جامعة إسطنبول أطلس,Atlas Valley Campus,Anadolu Cd. No: 40 Kağıthane Istanbul,تصميم الألعاب الرقمية,تركيا,إسطنبول,بكالوريوس,التركية,متاح,2026-2027,4660,4194,3565,1000,USD,التحضيري التركي مجاني.,0
program,798,جامعة إسطنبول أطلس,Atlas Valley Campus,Anadolu Cd. No: 40 Kağıthane Istanbul,تصميم الاتصالات المرئية,تركيا,إسطنبول,بكالوريوس,التركية,متاح,2026-2027,4660,4194,3565,1000,USD,التحضيري التركي مجاني.,0
program,797,جامعة إسطنبول أطلس,Atlas Valley Campus,Anadolu Cd. No: 40 Kağıthane Istanbul,الهندسة المعمارية الداخلية والتصميم البيئي,تركيا,إسطنبول,بكالوريوس,التركية,متاح,2026-2027,5000,4500,3825,1000,USD,التحضيري التركي مجاني.,0
program,796,جامعة إسطنبول أطلس,Atlas Valley Campus,Anadolu Cd. No: 40 Kağıthane Istanbul,الترجمة التحريرية والشفهية (الإنجليزية),تركيا,إسطنبول,بكالوريوس,التركية والإنجليزية,متاح,2026-2027,4660,4194,3565,1000,USD,رسوم التحضيري الإنجليزي تساوي رسوم البرنامج، ويمكن دفعها على قسطين لبرامج البكالوريوس.,4660
program,795,جامعة إسطنبول أطلس,Atlas Valley Campus,Anadolu Cd. No: 40 Kağıthane Istanbul,اللغة الإنجليزية وآدابها,تركيا,إسطنبول,بكالوريوس,الإنجليزية,متاح,2026-2027,4660,4194,3565,1000,USD,رسوم التحضيري الإنجليزي تساوي رسوم البرنامج، ويمكن دفعها على قسطين لبرامج البكالوريوس.,4660
program,794,جامعة إسطنبول أطلس,Atlas Valley Campus,Anadolu Cd. No: 40 Kağıthane Istanbul,نظم المعلومات الإدارية,تركيا,إسطنبول,بكالوريوس,الإنجليزية,متاح,2026-2027,5510,4959,4220,1000,USD,رسوم التحضيري الإنجليزي تساوي رسوم البرنامج، ويمكن دفعها على قسطين لبرامج البكالوريوس.,5510
program,793,جامعة إسطنبول أطلس,Atlas Valley Campus,Anadolu Cd. No: 40 Kağıthane Istanbul,التجارة الدولية والتمويل,تركيا,إسطنبول,بكالوريوس,الإنجليزية,متاح,2026-2027,5510,4959,4220,1000,USD,رسوم التحضيري الإنجليزي تساوي رسوم البرنامج، ويمكن دفعها على قسطين لبرامج البكالوريوس.,5510
program,792,جامعة إسطنبول أطلس,Atlas Valley Campus,Anadolu Cd. No: 40 Kağıthane Istanbul,علم النفس,تركيا,إسطنبول,بكالوريوس,التركية,متاح,2026-2027,4765,4289,3645,1000,USD,التحضيري التركي مجاني.,0
program,791,جامعة إسطنبول أطلس,Atlas Valley Campus,Anadolu Cd. No: 40 Kağıthane Istanbul,علم النفس,تركيا,إسطنبول,بكالوريوس,الإنجليزية,متاح,2026-2027,5510,4959,4220,1000,USD,رسوم التحضيري الإنجليزي تساوي رسوم البرنامج، ويمكن دفعها على قسطين لبرامج البكالوريوس.,5510
program,790,جامعة إسطنبول أطلس,Atlas Valley Campus,Anadolu Cd. No: 40 Kağıthane Istanbul,إدارة الأعمال,تركيا,إسطنبول,بكالوريوس,التركية,متاح,2026-2027,4765,4289,3645,1000,USD,التحضيري التركي مجاني.,0
program,789,جامعة إسطنبول أطلس,Atlas Valley Campus,Anadolu Cd. No: 40 Kağıthane Istanbul,إدارة الأعمال,تركيا,إسطنبول,بكالوريوس,الإنجليزية,متاح,2026-2027,5510,4959,4220,1000,USD,رسوم التحضيري الإنجليزي تساوي رسوم البرنامج، ويمكن دفعها على قسطين لبرامج البكالوريوس.,5510
program,788,جامعة إسطنبول أطلس,Atlas Valley Campus,Anadolu Cd. No: 40 Kağıthane Istanbul,البيولوجيا الجزيئية وعلم الوراثة,تركيا,إسطنبول,بكالوريوس,الإنجليزية,متاح,2026-2027,5550,4995,4250,1000,USD,رسوم التحضيري الإنجليزي تساوي رسوم البرنامج، ويمكن دفعها على قسطين لبرامج البكالوريوس.,5550
program,787,جامعة إسطنبول أطلس,Atlas Valley Campus,Anadolu Cd. No: 40 Kağıthane Istanbul,الهندسة الكهربائية والإلكترونية,تركيا,إسطنبول,بكالوريوس,الإنجليزية,متاح,2026-2027,5550,4995,4250,1000,USD,رسوم التحضيري الإنجليزي تساوي رسوم البرنامج، ويمكن دفعها على قسطين لبرامج البكالوريوس.,5550
program,786,جامعة إسطنبول أطلس,Atlas Valley Campus,Anadolu Cd. No: 40 Kağıthane Istanbul,الهندسة الصناعية,تركيا,إسطنبول,بكالوريوس,الإنجليزية,متاح,2026-2027,5550,4995,4250,1000,USD,رسوم التحضيري الإنجليزي تساوي رسوم البرنامج، ويمكن دفعها على قسطين لبرامج البكالوريوس.,5550
program,785,جامعة إسطنبول أطلس,Atlas Valley Campus,Anadolu Cd. No: 40 Kağıthane Istanbul,الهندسة الطبية الحيوية,تركيا,إسطنبول,بكالوريوس,الإنجليزية,متاح,2026-2027,6300,5670,4820,1000,USD,رسوم التحضيري الإنجليزي تساوي رسوم البرنامج، ويمكن دفعها على قسطين لبرامج البكالوريوس.,6300
program,784,جامعة إسطنبول أطلس,Atlas Valley Campus,Anadolu Cd. No: 40 Kağıthane Istanbul,علم البيانات والتحليلات,تركيا,إسطنبول,بكالوريوس,الإنجليزية,متاح,2026-2027,6300,5670,4820,1000,USD,رسوم التحضيري الإنجليزي تساوي رسوم البرنامج، ويمكن دفعها على قسطين لبرامج البكالوريوس.,6300
program,783,جامعة إسطنبول أطلس,Atlas Valley Campus,Anadolu Cd. No: 40 Kağıthane Istanbul,هندسة البرمجيات,تركيا,إسطنبول,بكالوريوس,الإنجليزية,متاح,2026-2027,6300,5670,4820,1000,USD,رسوم التحضيري الإنجليزي تساوي رسوم البرنامج، ويمكن دفعها على قسطين لبرامج البكالوريوس.,6300
program,782,جامعة إسطنبول أطلس,Atlas Valley Campus,Anadolu Cd. No: 40 Kağıthane Istanbul,هندسة الكمبيوتر,تركيا,إسطنبول,بكالوريوس,التركية,متاح,2026-2027,5550,4995,4250,1000,USD,التحضيري التركي مجاني.,0
program,781,جامعة إسطنبول أطلس,Atlas Valley Campus,Anadolu Cd. No: 40 Kağıthane Istanbul,هندسة الكمبيوتر,تركيا,إسطنبول,بكالوريوس,الإنجليزية,متاح,2026-2027,6300,5670,4820,1000,USD,رسوم التحضيري الإنجليزي تساوي رسوم البرنامج، ويمكن دفعها على قسطين لبرامج البكالوريوس.,6300
program,780,جامعة إسطنبول أطلس,Atlas Valley Campus,Anadolu Cd. No: 40 Kağıthane Istanbul,العلاج الوظيفي,تركيا,إسطنبول,بكالوريوس,التركية,متاح,2026-2027,4500,4050,3445,1000,USD,التحضيري التركي مجاني.,0
program,779,جامعة إسطنبول أطلس,Atlas Valley Campus,Anadolu Cd. No: 40 Kağıthane Istanbul,علاج النطق واللغة,تركيا,إسطنبول,بكالوريوس,التركية,متاح,2026-2027,4500,4050,3445,1000,USD,التحضيري التركي مجاني.,0
program,778,جامعة إسطنبول أطلس,Atlas Valley Campus,Anadolu Cd. No: 40 Kağıthane Istanbul,التغذية وعلم الحمية,تركيا,إسطنبول,بكالوريوس,التركية,متاح,2026-2027,4500,4050,3445,1000,USD,التحضيري التركي مجاني.,0
program,777,جامعة إسطنبول أطلس,Atlas Valley Campus,Anadolu Cd. No: 40 Kağıthane Istanbul,القبالة,تركيا,إسطنبول,بكالوريوس,التركية,متاح,2026-2027,4500,4050,3445,1000,USD,التحضيري التركي مجاني.,0
program,776,جامعة إسطنبول أطلس,Atlas Valley Campus,Anadolu Cd. No: 40 Kağıthane Istanbul,العلاج الطبيعي والتأهيل,تركيا,إسطنبول,بكالوريوس,التركية,متاح,2026-2027,5200,4680,3980,1000,USD,التحضيري التركي مجاني.,0
program,775,جامعة إسطنبول أطلس,Atlas Valley Campus,Anadolu Cd. No: 40 Kağıthane Istanbul,العلاج الطبيعي والتأهيل,تركيا,إسطنبول,بكالوريوس,الإنجليزية,متاح,2026-2027,5900,5310,4515,1000,USD,رسوم التحضيري الإنجليزي تساوي رسوم البرنامج، ويمكن دفعها على قسطين لبرامج البكالوريوس.,5900
program,774,جامعة إسطنبول أطلس,Atlas Valley Campus,Anadolu Cd. No: 40 Kağıthane Istanbul,تمريض,تركيا,إسطنبول,بكالوريوس,التركية,متاح,2026-2027,5200,4680,3980,1000,USD,التحضيري التركي مجاني.,0
program,773,جامعة إسطنبول أطلس,Atlas Valley Campus,Anadolu Cd. No: 40 Kağıthane Istanbul,تمريض,تركيا,إسطنبول,بكالوريوس,الإنجليزية,متاح,2026-2027,5900,5310,4515,1000,USD,رسوم التحضيري الإنجليزي تساوي رسوم البرنامج، ويمكن دفعها على قسطين لبرامج البكالوريوس.,5900
program,772,جامعة إسطنبول أطلس,Atlas Valley Campus,Anadolu Cd. No: 40 Kağıthane Istanbul,طب الأسنان,تركيا,إسطنبول,بكالوريوس,التركية,متاح,2026-2027,18530,16677,14175,5000,USD,التحضيري التركي مجاني.,0
program,771,جامعة إسطنبول أطلس,Atlas Valley Campus,Anadolu Cd. No: 40 Kağıthane Istanbul,طب الأسنان,تركيا,إسطنبول,بكالوريوس,الإنجليزية,متاح,2026-2027,23560,21204,18025,5000,USD,رسوم التحضيري الإنجليزي للطب وطب الأسنان 6000 USD.,6000
program,770,جامعة إسطنبول أطلس,Atlas Valley Campus,Anadolu Cd. No: 40 Kağıthane Istanbul,الطب البشري,تركيا,إسطنبول,بكالوريوس,التركية,متاح,2026-2027,20000,18000,15300,5000,USD,التحضيري التركي مجاني.,0
program,769,جامعة إسطنبول أطلس,Atlas Valley Campus,Anadolu Cd. No: 40 Kağıthane Istanbul,الطب البشري,تركيا,إسطنبول,بكالوريوس,الإنجليزية,متاح,2026-2027,25000,22500,19125,5000,USD,رسوم التحضيري الإنجليزي للطب وطب الأسنان 6000 USD.,6000
program,768,جامعة إسطنبول كينت,Taksim Campus,"Cihangir Mahallesi, Sıraselviler Caddesi, No:71, 34433 Beyoğlu İstanbul",إدارة الأعمال,تركيا,إسطنبول,دكتوراه,التركية,متاح,2026-2027,14000,7000,7000,3500,USD,-,1080
program,767,جامعة إسطنبول كينت,Taksim Campus,"Cihangir Mahallesi, Sıraselviler Caddesi, No:71, 34433 Beyoğlu İstanbul",فنون الطهي وفنون المطبخ,تركيا,إسطنبول,دكتوراه,التركية,متاح,2026-2027,6000,4000,4000,2000,USD,-,1080
program,766,جامعة إسطنبول كينت,Taksim Campus,"Cihangir Mahallesi, Sıraselviler Caddesi, No:71, 34433 Beyoğlu İstanbul",طب أسنان الأطفال,تركيا,إسطنبول,دكتوراه,التركية,متاح,2026-2027,25000,20000,20000,6250,USD,يمكن دفع رسوم دكتوراه طب الأسنان على 4 دفعات خلال 4 فصول دراسية متتالية.,1080
program,765,جامعة إسطنبول كينت,Taksim Campus,"Cihangir Mahallesi, Sıraselviler Caddesi, No:71, 34433 Beyoğlu İstanbul",تقويم الأسنان,تركيا,إسطنبول,دكتوراه,التركية,متاح,2026-2027,25000,20000,20000,6250,USD,يمكن دفع رسوم دكتوراه طب الأسنان على 4 دفعات خلال 4 فصول دراسية متتالية.,1080
program,764,جامعة إسطنبول كينت,Taksim Campus,"Cihangir Mahallesi, Sıraselviler Caddesi, No:71, 34433 Beyoğlu İstanbul",طب الأسنان الترميمي,تركيا,إسطنبول,دكتوراه,التركية,متاح,2026-2027,25000,20000,20000,6250,USD,يمكن دفع رسوم دكتوراه طب الأسنان على 4 دفعات خلال 4 فصول دراسية متتالية.,1080
program,763,جامعة إسطنبول كينت,Taksim Campus,"Cihangir Mahallesi, Sıraselviler Caddesi, No:71, 34433 Beyoğlu İstanbul",جراحة الفم والوجه والفكين,تركيا,إسطنبول,دكتوراه,التركية,متاح,2026-2027,35000,29750,29750,8750,USD,يمكن دفع رسوم دكتوراه طب الأسنان على 4 دفعات خلال 4 فصول دراسية متتالية.,1080
program,762,جامعة إسطنبول كينت,Taksim Campus,"Cihangir Mahallesi, Sıraselviler Caddesi, No:71, 34433 Beyoğlu İstanbul",علم الأدوية,تركيا,إسطنبول,ماجستير مع أطروحة,التركية,متاح,2026-2027,10000,5000,5000,5000,USD,-,1080
program,761,جامعة إسطنبول كينت,Taksim Campus,"Cihangir Mahallesi, Sıraselviler Caddesi, No:71, 34433 Beyoğlu İstanbul",علم النفس العيادي,تركيا,إسطنبول,ماجستير مع أطروحة,التركية,متاح,2026-2027,20000,15000,15000,15000,USD,-,1080
program,760,جامعة إسطنبول كينت,Taksim Campus,"Cihangir Mahallesi, Sıraselviler Caddesi, No:71, 34433 Beyoğlu İstanbul",علم النفس العيادي,تركيا,إسطنبول,ماجستير بدون أطروحة,التركية,متاح,2026-2027,20000,15000,15000,15000,USD,-,1080
program,759,جامعة إسطنبول كينت,Taksim Campus,"Cihangir Mahallesi, Sıraselviler Caddesi, No:71, 34433 Beyoğlu İstanbul",تمريض الصحة العامة,تركيا,إسطنبول,ماجستير مع أطروحة,التركية,متاح,2026-2027,7000,3500,3500,1750,USD,-,1080
program,758,جامعة إسطنبول كينت,Taksim Campus,"Cihangir Mahallesi, Sıraselviler Caddesi, No:71, 34433 Beyoğlu İstanbul",دراسات الإعلام والثقافة,تركيا,إسطنبول,ماجستير مع أطروحة,التركية,متاح,2026-2027,7000,3500,3500,1750,USD,-,1080
program,757,جامعة إسطنبول كينت,Taksim Campus,"Cihangir Mahallesi, Sıraselviler Caddesi, No:71, 34433 Beyoğlu İstanbul",دراسات الإعلام والثقافة,تركيا,إسطنبول,ماجستير بدون أطروحة,التركية,متاح,2026-2027,5000,2500,2500,1250,USD,-,1080
program,756,جامعة إسطنبول كينت,Taksim Campus,"Cihangir Mahallesi, Sıraselviler Caddesi, No:71, 34433 Beyoğlu İstanbul",العمل الاجتماعي,تركيا,إسطنبول,ماجستير بدون أطروحة,التركية,متاح,2026-2027,5000,2500,2500,1250,USD,-,1080
program,755,جامعة إسطنبول كينت,Taksim Campus,"Cihangir Mahallesi, Sıraselviler Caddesi, No:71, 34433 Beyoğlu İstanbul",التجارة الدولية واللوجستيات,تركيا,إسطنبول,ماجستير مع أطروحة,التركية,متاح,2026-2027,7000,3500,3500,1750,USD,-,1080
program,754,جامعة إسطنبول كينت,Taksim Campus,"Cihangir Mahallesi, Sıraselviler Caddesi, No:71, 34433 Beyoğlu İstanbul",الأعمال والتجارة الدولية,تركيا,إسطنبول,ماجستير بدون أطروحة,الإنجليزية,متاح,2026-2027,5000,2500,2500,1250,USD,-,2900
program,753,جامعة إسطنبول كينت,Taksim Campus,"Cihangir Mahallesi, Sıraselviler Caddesi, No:71, 34433 Beyoğlu İstanbul",العلوم السياسية والعلاقات الدولية,تركيا,إسطنبول,ماجستير بدون أطروحة,الإنجليزية,متاح,2026-2027,5000,2500,2500,1250,USD,-,2900
program,752,جامعة إسطنبول كينت,Taksim Campus,"Cihangir Mahallesi, Sıraselviler Caddesi, No:71, 34433 Beyoğlu İstanbul",العلوم السياسية والعلاقات الدولية,تركيا,إسطنبول,ماجستير مع أطروحة,الإنجليزية,متاح,2026-2027,7000,3500,3500,1750,USD,-,2900
program,751,جامعة إسطنبول كينت,Taksim Campus,"Cihangir Mahallesi, Sıraselviler Caddesi, No:71, 34433 Beyoğlu İstanbul",إدارة الأعمال,تركيا,إسطنبول,ماجستير مع أطروحة,التركية,متاح,2026-2027,7000,3500,3500,1750,USD,-,1080
program,750,جامعة إسطنبول كينت,Taksim Campus,"Cihangir Mahallesi, Sıraselviler Caddesi, No:71, 34433 Beyoğlu İstanbul",الأعمال الدولية,تركيا,إسطنبول,ماجستير بدون أطروحة,التركية,متاح,2026-2027,5000,2500,2500,1250,USD,-,1080
program,749,جامعة إسطنبول كينت,Taksim Campus,"Cihangir Mahallesi, Sıraselviler Caddesi, No:71, 34433 Beyoğlu İstanbul",التغذية وعلم الحمية,تركيا,إسطنبول,ماجستير بدون أطروحة,التركية,متاح,2026-2027,5000,2500,2500,1250,USD,-,1080
program,748,جامعة إسطنبول كينت,Taksim Campus,"Cihangir Mahallesi, Sıraselviler Caddesi, No:71, 34433 Beyoğlu İstanbul",التغذية وعلم الحمية,تركيا,إسطنبول,ماجستير مع أطروحة,التركية,متاح,2026-2027,7000,3500,3500,1750,USD,-,1080
program,747,جامعة إسطنبول كينت,Taksim Campus,"Cihangir Mahallesi, Sıraselviler Caddesi, No:71, 34433 Beyoğlu İstanbul",فنون الطهي وفنون المطبخ,تركيا,إسطنبول,ماجستير بدون أطروحة,التركية,متاح,2026-2027,5000,2500,2500,1250,USD,-,1080
program,746,جامعة إسطنبول كينت,Taksim Campus,"Cihangir Mahallesi, Sıraselviler Caddesi, No:71, 34433 Beyoğlu İstanbul",فنون الطهي وفنون المطبخ,تركيا,إسطنبول,ماجستير مع أطروحة,التركية,متاح,2026-2027,7000,3500,3500,1750,USD,-,1080
program,745,جامعة إسطنبول كينت,Taksim Campus,"Cihangir Mahallesi, Sıraselviler Caddesi, No:71, 34433 Beyoğlu İstanbul",تنمية الطفل,تركيا,إسطنبول,ماجستير مع أطروحة,التركية,متاح,2026-2027,7000,3500,3500,1750,USD,-,1080
program,744,جامعة إسطنبول كينت,Taksim Campus,"Cihangir Mahallesi, Sıraselviler Caddesi, No:71, 34433 Beyoğlu İstanbul",إدارة الصحة,تركيا,إسطنبول,ماجستير مع أطروحة,التركية,متاح,2026-2027,7000,3500,3500,1750,USD,-,1080
program,743,جامعة إسطنبول كينت,Taksim Campus,"Cihangir Mahallesi, Sıraselviler Caddesi, No:71, 34433 Beyoğlu İstanbul",إدارة الصحة,تركيا,إسطنبول,ماجستير بدون أطروحة,التركية,متاح,2026-2027,5000,2500,2500,1250,USD,-,1080
program,742,جامعة إسطنبول كينت,Taksim Campus,"Cihangir Mahallesi, Sıraselviler Caddesi, No:71, 34433 Beyoğlu İstanbul",الصحة والسلامة المهنية,تركيا,إسطنبول,ماجستير بدون أطروحة,التركية,متاح,2026-2027,5000,2500,2500,1250,USD,-,1080
program,741,جامعة إسطنبول كينت,Kağıthane Campus,"Merkez, Cendere Cd. NO:24, 34406 Kâğıthane/İstanbul",التجارة الإلكترونية والتسويق,تركيا,إسطنبول,دبلوم,التركية,متاح,2026-2027,3200,1300,1300,1300,USD,يدفع الطالب 1800 USD لسنتين الدراسة وسنة اللغة.,1080
program,740,جامعة إسطنبول كينت,Kağıthane Campus,"Merkez, Cendere Cd. NO:24, 34406 Kâğıthane/İstanbul",تكنولوجيا مستحضرات التجميل,تركيا,إسطنبول,دبلوم,التركية,متاح,2026-2027,3200,1300,1300,1300,USD,يدفع الطالب 1800 USD لسنتين الدراسة وسنة اللغة.,1080
program,739,جامعة إسطنبول كينت,Kağıthane Campus,"Merkez, Cendere Cd. NO:24, 34406 Kâğıthane/İstanbul",خدمات العناية بالشعر والجمال,تركيا,إسطنبول,دبلوم,التركية,متاح,2026-2027,3200,1300,1300,1300,USD,يدفع الطالب 1800 USD لسنتين الدراسة وسنة اللغة.,1080
program,738,جامعة إسطنبول كينت,Kağıthane Campus,"Merkez, Cendere Cd. NO:24, 34406 Kâğıthane/İstanbul",برمجة الكمبيوتر,تركيا,إسطنبول,دبلوم,التركية,متاح,2026-2027,3200,1300,1300,1300,USD,يدفع الطالب 1800 USD لسنتين الدراسة وسنة اللغة.,1080
program,737,جامعة إسطنبول كينت,Kağıthane Campus,"Merkez, Cendere Cd. NO:24, 34406 Kâğıthane/İstanbul",خدمات مكتب المحكمة,تركيا,إسطنبول,دبلوم,التركية,متاح,2026-2027,3200,1300,1300,1300,USD,يدفع الطالب 1800 USD لسنتين الدراسة وسنة اللغة.,1080
program,736,جامعة إسطنبول كينت,Kağıthane Campus,"Merkez, Cendere Cd. NO:24, 34406 Kâğıthane/İstanbul",تقنية أمن المعلومات,تركيا,إسطنبول,دبلوم,التركية,متاح,2026-2027,3200,1300,1300,1300,USD,يدفع الطالب 1800 USD لسنتين الدراسة وسنة اللغة.,1080
program,735,جامعة إسطنبول كينت,Kağıthane Campus,"Merkez, Cendere Cd. NO:24, 34406 Kâğıthane/İstanbul",تكنولوجيا الصحة عن بعد,تركيا,إسطنبول,دبلوم,التركية,متاح,2026-2027,3200,1300,1300,1300,USD,يدفع الطالب 1800 USD لسنتين الدراسة وسنة اللغة.,1080
program,734,جامعة إسطنبول كينت,Kağıthane Campus,"Merkez, Cendere Cd. NO:24, 34406 Kâğıthane/İstanbul",تكنولوجيا معالجة البيانات الطبية,تركيا,إسطنبول,دبلوم,التركية,متاح,2026-2027,3200,1300,1300,1300,USD,يدفع الطالب 1800 USD لسنتين الدراسة وسنة اللغة.,1080
program,733,جامعة إسطنبول كينت,Kağıthane Campus,"Merkez, Cendere Cd. NO:24, 34406 Kâğıthane/İstanbul",تكنولوجيا أنظمة الصحة الرقمية,تركيا,إسطنبول,دبلوم,التركية,متاح,2026-2027,3200,1300,1300,1300,USD,يدفع الطالب 1800 USD لسنتين الدراسة وسنة اللغة.,1080
program,732,جامعة إسطنبول كينت,Kağıthane Campus,"Merkez, Cendere Cd. NO:24, 34406 Kâğıthane/İstanbul",خدمات رعاية المسنين,تركيا,إسطنبول,دبلوم,التركية,متاح,2026-2027,3200,1300,1300,1300,USD,يدفع الطالب 1800 USD لسنتين الدراسة وسنة اللغة.,1080
program,731,جامعة إسطنبول كينت,Kağıthane Campus,"Merkez, Cendere Cd. NO:24, 34406 Kâğıthane/İstanbul",تقنية التعويضات السنية,تركيا,إسطنبول,دبلوم,التركية,متاح,2026-2027,3200,1300,1300,1300,USD,يدفع الطالب 1800 USD لسنتين الدراسة وسنة اللغة.,1080
program,730,جامعة إسطنبول كينت,Kağıthane Campus,"Merkez, Cendere Cd. NO:24, 34406 Kâğıthane/İstanbul",تقنيات المختبرات الطبية,تركيا,إسطنبول,دبلوم,التركية,متاح,2026-2027,3200,1300,1300,1300,USD,يدفع الطالب 1800 USD لسنتين الدراسة وسنة اللغة.,1080
program,729,جامعة إسطنبول كينت,Kağıthane Campus,"Merkez, Cendere Cd. NO:24, 34406 Kâğıthane/İstanbul",تقنيات مختبر علم الأمراض,تركيا,إسطنبول,دبلوم,التركية,متاح,2026-2027,3200,1300,1300,1300,USD,يدفع الطالب 1800 USD لسنتين الدراسة وسنة اللغة.,1080
program,728,جامعة إسطنبول كينت,Kağıthane Campus,"Merkez, Cendere Cd. NO:24, 34406 Kâğıthane/İstanbul",خدمات الصيدلية,تركيا,إسطنبول,دبلوم,التركية,متاح,2026-2027,3200,1300,1300,1300,USD,يدفع الطالب 1800 USD لسنتين الدراسة وسنة اللغة.,1080
program,727,جامعة إسطنبول كينت,Kağıthane Campus,"Merkez, Cendere Cd. NO:24, 34406 Kâğıthane/İstanbul",تقنيات التصوير الطبي,تركيا,إسطنبول,دبلوم,التركية,متاح,2026-2027,3200,1300,1300,1300,USD,يدفع الطالب 1800 USD لسنتين الدراسة وسنة اللغة.,1080
program,726,جامعة إسطنبول كينت,Kağıthane Campus,"Merkez, Cendere Cd. NO:24, 34406 Kâğıthane/İstanbul",التوثيق الطبي والسكرتارية,تركيا,إسطنبول,دبلوم,التركية,متاح,2026-2027,3200,1300,1300,1300,USD,يدفع الطالب 1800 USD لسنتين الدراسة وسنة اللغة.,1080
program,725,جامعة إسطنبول كينت,Kağıthane Campus,"Merkez, Cendere Cd. NO:24, 34406 Kâğıthane/İstanbul",التخدير,تركيا,إسطنبول,دبلوم,التركية,متاح,2026-2027,3200,1300,1300,1300,USD,يدفع الطالب 1800 USD لسنتين الدراسة وسنة اللغة.,1080
program,724,جامعة إسطنبول كينت,Kağıthane Campus,"Merkez, Cendere Cd. NO:24, 34406 Kâğıthane/İstanbul",الإسعافات الأولية والطوارئ,تركيا,إسطنبول,دبلوم,التركية,متاح,2026-2027,3200,1300,1300,1300,USD,يدفع الطالب 1800 USD لسنتين الدراسة وسنة اللغة.,1080
program,723,جامعة إسطنبول كينت,Kağıthane Campus,"Merkez, Cendere Cd. NO:24, 34406 Kâğıthane/İstanbul",العلاج الطبيعي,تركيا,إسطنبول,دبلوم,التركية,متاح,2026-2027,3200,1300,1300,1300,USD,يدفع الطالب 1800 USD لسنتين الدراسة وسنة اللغة.,1080
program,722,جامعة إسطنبول كينت,Kağıthane Campus,"Merkez, Cendere Cd. NO:24, 34406 Kâğıthane/İstanbul",صحة الفم والأسنان,تركيا,إسطنبول,دبلوم,التركية,متاح,2026-2027,3200,1300,1300,1300,USD,يدفع الطالب 1800 USD لسنتين الدراسة وسنة اللغة.,1080
program,721,جامعة إسطنبول كينت,Kağıthane Campus,"Merkez, Cendere Cd. NO:24, 34406 Kâğıthane/İstanbul",خدمات غرفة العمليات,تركيا,إسطنبول,دبلوم,التركية,متاح,2026-2027,3200,1300,1300,1300,USD,يدفع الطالب 1800 USD لسنتين الدراسة وسنة اللغة.,1080
program,720,جامعة إسطنبول كينت,Kağıthane Campus,"Merkez, Cendere Cd. NO:24, 34406 Kâğıthane/İstanbul",تنمية الطفل,تركيا,إسطنبول,دبلوم,التركية,متاح,2026-2027,3200,1300,1300,1300,USD,يدفع الطالب 1800 USD لسنتين الدراسة وسنة اللغة.,1080
program,719,جامعة إسطنبول كينت,Kağıthane Campus,"Merkez, Cendere Cd. NO:24, 34406 Kâğıthane/İstanbul",علاج النطق واللغة,تركيا,إسطنبول,بكالوريوس,التركية,متاح,2026-2027,4400,2200,2200,1100,USD,-,1080
program,718,جامعة إسطنبول كينت,Kağıthane Campus,"Merkez, Cendere Cd. NO:24, 34406 Kâğıthane/İstanbul",القبالة,تركيا,إسطنبول,بكالوريوس,التركية,متاح,2026-2027,4400,2200,2200,1100,USD,-,1080
program,717,جامعة إسطنبول كينت,Kağıthane Campus,"Merkez, Cendere Cd. NO:24, 34406 Kâğıthane/İstanbul",تمريض,تركيا,إسطنبول,بكالوريوس,الإنجليزية,متاح,2026-2027,5800,2900,2900,1450,USD,-,2900
program,716,جامعة إسطنبول كينت,Kağıthane Campus,"Merkez, Cendere Cd. NO:24, 34406 Kâğıthane/İstanbul",تمريض,تركيا,إسطنبول,بكالوريوس,التركية,متاح,2026-2027,4400,2200,2200,1100,USD,-,1080
program,715,جامعة إسطنبول كينت,Kağıthane Campus,"Merkez, Cendere Cd. NO:24, 34406 Kâğıthane/İstanbul",العلاج الطبيعي والتأهيل,تركيا,إسطنبول,بكالوريوس,الإنجليزية,متاح,2026-2027,5800,2900,2900,1450,USD,-,2900
program,714,جامعة إسطنبول كينت,Kağıthane Campus,"Merkez, Cendere Cd. NO:24, 34406 Kâğıthane/İstanbul",العلاج الطبيعي والتأهيل,تركيا,إسطنبول,بكالوريوس,التركية,متاح,2026-2027,4400,2200,2200,1100,USD,-,1080
program,713,جامعة إسطنبول كينت,Kağıthane Campus,"Merkez, Cendere Cd. NO:24, 34406 Kâğıthane/İstanbul",تنمية الطفل,تركيا,إسطنبول,بكالوريوس,التركية,متاح,2026-2027,4400,2200,2200,1100,USD,-,1080
program,712,جامعة إسطنبول كينت,Kağıthane Campus,"Merkez, Cendere Cd. NO:24, 34406 Kâğıthane/İstanbul",التغذية وعلم الحمية,تركيا,إسطنبول,بكالوريوس,الإنجليزية,متاح,2026-2027,5800,2900,2900,1450,USD,-,2900
program,711,جامعة إسطنبول كينت,Kağıthane Campus,"Merkez, Cendere Cd. NO:24, 34406 Kâğıthane/İstanbul",التغذية وعلم الحمية,تركيا,إسطنبول,بكالوريوس,التركية,متاح,2026-2027,4400,2200,2200,1100,USD,-,1080
program,710,جامعة إسطنبول كينت,Kağıthane Campus,"Merkez, Cendere Cd. NO:24, 34406 Kâğıthane/İstanbul",إدارة الصحة,تركيا,إسطنبول,بكالوريوس,التركية,متاح,2026-2027,4400,2200,2200,1100,USD,-,1080
program,709,جامعة إسطنبول كينت,Kağıthane Campus,"Merkez, Cendere Cd. NO:24, 34406 Kâğıthane/İstanbul",التجارة الدولية والأعمال,تركيا,إسطنبول,بكالوريوس,الإنجليزية,متاح,2026-2027,5800,2900,2900,1450,USD,-,2900
program,708,جامعة إسطنبول كينت,Kağıthane Campus,"Merkez, Cendere Cd. NO:24, 34406 Kâğıthane/İstanbul",التجارة الدولية واللوجستيات,تركيا,إسطنبول,بكالوريوس,التركية,متاح,2026-2027,4400,2200,2200,1100,USD,-,1080
program,707,جامعة إسطنبول كينت,Kağıthane Campus,"Merkez, Cendere Cd. NO:24, 34406 Kâğıthane/İstanbul",العمل الاجتماعي,تركيا,إسطنبول,بكالوريوس,التركية,متاح,2026-2027,4400,2200,2200,1100,USD,-,1080
program,706,جامعة إسطنبول كينت,Kağıthane Campus,"Merkez, Cendere Cd. NO:24, 34406 Kâğıthane/İstanbul",العلوم السياسية والإدارة العامة,تركيا,إسطنبول,بكالوريوس,الإنجليزية,متاح,2026-2027,5800,2900,2900,1450,USD,-,2900
program,705,جامعة إسطنبول كينت,Kağıthane Campus,"Merkez, Cendere Cd. NO:24, 34406 Kâğıthane/İstanbul",العلوم السياسية والإدارة العامة,تركيا,إسطنبول,بكالوريوس,التركية,متاح,2026-2027,4400,2200,2200,1100,USD,-,1080
program,704,جامعة إسطنبول كينت,Kağıthane Campus,"Merkez, Cendere Cd. NO:24, 34406 Kâğıthane/İstanbul",علم النفس,تركيا,إسطنبول,بكالوريوس,الإنجليزية,متاح,2026-2027,5800,2900,2900,1450,USD,-,2900
program,703,جامعة إسطنبول كينت,Kağıthane Campus,"Merkez, Cendere Cd. NO:24, 34406 Kâğıthane/İstanbul",علم النفس,تركيا,إسطنبول,بكالوريوس,التركية,متاح,2026-2027,4400,2200,2200,1100,USD,-,1080
program,702,جامعة إسطنبول كينت,Kağıthane Campus,"Merkez, Cendere Cd. NO:24, 34406 Kâğıthane/İstanbul",إدارة الأعمال,تركيا,إسطنبول,بكالوريوس,الإنجليزية,متاح,2026-2027,5800,2900,2900,1450,USD,-,2900
program,701,جامعة إسطنبول كينت,Kağıthane Campus,"Merkez, Cendere Cd. NO:24, 34406 Kâğıthane/İstanbul",إدارة الأعمال,تركيا,إسطنبول,بكالوريوس,التركية,متاح,2026-2027,4400,2200,2200,1100,USD,-,1080
program,700,جامعة إسطنبول كينت,Kağıthane Campus,"Merkez, Cendere Cd. NO:24, 34406 Kâğıthane/İstanbul",العلاقات العامة والإعلان,تركيا,إسطنبول,بكالوريوس,التركية,متاح,2026-2027,4400,2200,2200,1100,USD,-,1080
program,699,جامعة إسطنبول كينت,Kağıthane Campus,"Merkez, Cendere Cd. NO:24, 34406 Kâğıthane/İstanbul",العلاقات الدولية,تركيا,إسطنبول,بكالوريوس,الإنجليزية,متاح,2026-2027,5800,2900,2900,1450,USD,-,2900
program,698,جامعة إسطنبول كينت,Kağıthane Campus,"Merkez, Cendere Cd. NO:24, 34406 Kâğıthane/İstanbul",الاقتصاد والمالية,تركيا,إسطنبول,بكالوريوس,الإنجليزية,متاح,2026-2027,5800,2900,2900,1450,USD,-,2900
program,697,جامعة إسطنبول كينت,Kağıthane Campus,"Merkez, Cendere Cd. NO:24, 34406 Kâğıthane/İstanbul",هندسة الكمبيوتر,تركيا,إسطنبول,بكالوريوس,التركية,متاح,2026-2027,4400,2200,2200,1100,USD,-,1080
program,696,جامعة إسطنبول كينت,Kağıthane Campus,"Merkez, Cendere Cd. NO:24, 34406 Kâğıthane/İstanbul",الهندسة الصناعية,تركيا,إسطنبول,بكالوريوس,التركية,متاح,2026-2027,4400,2200,2200,1100,USD,-,1080
program,695,جامعة إسطنبول كينت,Kağıthane Campus,"Merkez, Cendere Cd. NO:24, 34406 Kâğıthane/İstanbul",الإذاعة والتلفزيون والسينما,تركيا,إسطنبول,بكالوريوس,التركية,متاح,2026-2027,4400,2200,2200,1100,USD,-,1080
program,694,جامعة إسطنبول كينت,Kağıthane Campus,"Merkez, Cendere Cd. NO:24, 34406 Kâğıthane/İstanbul",التصميم الحضري وعمارة المناظر الطبيعية,تركيا,إسطنبول,بكالوريوس,التركية,متاح,2026-2027,4400,2200,2200,1100,USD,-,1080
program,693,جامعة إسطنبول كينت,Kağıthane Campus,"Merkez, Cendere Cd. NO:24, 34406 Kâğıthane/İstanbul",تصميم الاتصالات المرئية,تركيا,إسطنبول,بكالوريوس,الإنجليزية,متاح,2026-2027,5800,2900,2900,1450,USD,-,2900
program,692,جامعة إسطنبول كينت,Kağıthane Campus,"Merkez, Cendere Cd. NO:24, 34406 Kâğıthane/İstanbul",تصميم الألعاب الرقمية,تركيا,إسطنبول,بكالوريوس,الإنجليزية,متاح,2026-2027,5800,2900,2900,1450,USD,-,2900
program,691,جامعة إسطنبول كينت,Kağıthane Campus,"Merkez, Cendere Cd. NO:24, 34406 Kâğıthane/İstanbul",العمارة الداخلية,تركيا,إسطنبول,بكالوريوس,التركية,متاح,2026-2027,4400,2200,2200,1100,USD,-,1080
program,690,جامعة إسطنبول كينت,Kağıthane Campus,"Merkez, Cendere Cd. NO:24, 34406 Kâğıthane/İstanbul",فنون الطهي وفنون المطبخ,تركيا,إسطنبول,بكالوريوس,الإنجليزية,متاح,2026-2027,5800,2900,2900,1450,USD,-,2900
program,689,جامعة إسطنبول كينت,Kağıthane Campus,"Merkez, Cendere Cd. NO:24, 34406 Kâğıthane/İstanbul",فنون الطهي وفنون المطبخ,تركيا,إسطنبول,بكالوريوس,التركية,متاح,2026-2027,4400,2200,2200,1100,USD,-,1080
program,688,جامعة إسطنبول كينت,Kağıthane Campus,"Merkez, Cendere Cd. NO:24, 34406 Kâğıthane/İstanbul",الصيدلة,تركيا,إسطنبول,بكالوريوس,الإنجليزية,متاح,2026-2027,18000,18000,18000,9000,USD,الرسوم تشمل جميع سنوات الدراسة بما في ذلك سنة التحضيري.,2900
program,687,جامعة إسطنبول كينت,Kağıthane Campus,"Merkez, Cendere Cd. NO:24, 34406 Kâğıthane/İstanbul",الصيدلة,تركيا,إسطنبول,بكالوريوس,التركية,متاح,2026-2027,18000,18000,18000,9000,USD,الرسوم تشمل جميع سنوات الدراسة بما في ذلك سنة التحضيري.,1080
program,686,جامعة إسطنبول كينت,Taksim Campus,"Cihangir Mahallesi, Sıraselviler Caddesi, No:71, 34433 Beyoğlu İstanbul",طب الأسنان,تركيا,إسطنبول,بكالوريوس,الإنجليزية,متاح,2026-2027,35000,35000,35000,17500,USD,الرسوم تشمل جميع سنوات الدراسة بما في ذلك سنة التحضيري.,2900
program,685,جامعة إسطنبول كينت,Taksim Campus,"Cihangir Mahallesi, Sıraselviler Caddesi, No:71, 34433 Beyoğlu İstanbul",طب الأسنان,تركيا,إسطنبول,بكالوريوس,التركية,متاح,2026-2027,35000,35000,35000,17500,USD,الرسوم تشمل جميع سنوات الدراسة بما في ذلك سنة التحضيري.,1080
program,684,جامعة إشيك,Maslak Campus,"Büyükdere Caddesi, Pınar Mahallesi, No: 194-6, 34398 Sarıyer/İstanbul",العلاج الطبيعي,تركيا,إسطنبول,دبلوم,التركية,متاح,2026-2027,1800,1800,1800,1800,USD,-,1400
program,683,جامعة إشيك,Maslak Campus,"Büyükdere Caddesi, Pınar Mahallesi, No: 194-6, 34398 Sarıyer/İstanbul",البصريات,تركيا,إسطنبول,دبلوم,التركية,متاح,2026-2027,1400,1400,1400,1400,USD,-,1400
program,682,جامعة إشيك,Maslak Campus,"Büyükdere Caddesi, Pınar Mahallesi, No: 194-6, 34398 Sarıyer/İstanbul",خدمات غرفة العمليات,تركيا,إسطنبول,دبلوم,التركية,متاح,2026-2027,1400,1400,1400,1400,USD,-,1400
program,681,جامعة إشيك,Maslak Campus,"Büyükdere Caddesi, Pınar Mahallesi, No: 194-6, 34398 Sarıyer/İstanbul",تقنيات المختبرات الطبية,تركيا,إسطنبول,دبلوم,التركية,متاح,2026-2027,1400,1400,1400,1400,USD,-,1400
program,680,جامعة إشيك,Maslak Campus,"Büyükdere Caddesi, Pınar Mahallesi, No: 194-6, 34398 Sarıyer/İstanbul",تقنيات التصوير الطبي,تركيا,إسطنبول,دبلوم,التركية,متاح,2026-2027,1400,1400,1400,1400,USD,-,1400
program,679,جامعة إشيك,Maslak Campus,"Büyükdere Caddesi, Pınar Mahallesi, No: 194-6, 34398 Sarıyer/İstanbul",التصميم الجرافيكي,تركيا,إسطنبول,دبلوم,التركية,متاح,2026-2027,1400,1400,1400,1400,USD,-,1400
program,678,جامعة إشيك,Maslak Campus,"Büyükdere Caddesi, Pınar Mahallesi, No: 194-6, 34398 Sarıyer/İstanbul",التجارة الخارجية,تركيا,إسطنبول,دبلوم,التركية,متاح,2026-2027,1400,1400,1400,1400,USD,-,1400
program,677,جامعة إشيك,Maslak Campus,"Büyükdere Caddesi, Pınar Mahallesi, No: 194-6, 34398 Sarıyer/İstanbul",الإسعافات الأولية والطوارئ,تركيا,إسطنبول,دبلوم,التركية,متاح,2026-2027,1400,1400,1400,1400,USD,-,1400
program,676,جامعة إشيك,Maslak Campus,"Büyükdere Caddesi, Pınar Mahallesi, No: 194-6, 34398 Sarıyer/İstanbul",برمجة الكمبيوتر,تركيا,إسطنبول,دبلوم,التركية,متاح,2026-2027,1400,1400,1400,1400,USD,-,1400
program,675,جامعة إشيك,Maslak Campus,"Büyükdere Caddesi, Pınar Mahallesi, No: 194-6, 34398 Sarıyer/İstanbul",التخدير,تركيا,إسطنبول,دبلوم,التركية,متاح,2026-2027,1400,1400,1400,1400,USD,-,1400
program,674,جامعة إشيك,Şile Campus,"Meşrutiyet Mahallesi, Üniversite Sokak, No:2, 34980 Şile/İstanbul",علم النفس,تركيا,إسطنبول,بكالوريوس,التركية,متاح,2026-2027,3240,2700,2700,3240,USD,يمكن للطالب دفع 5000 USD على 3 أقساط؛ هذا المبلغ يشمل رسوم السكن الطلابي.,1400
program,673,جامعة إشيك,Şile Campus,"Meşrutiyet Mahallesi, Üniversite Sokak, No:2, 34980 Şile/İstanbul",علم النفس,تركيا,إسطنبول,بكالوريوس,الإنجليزية,متاح,2026-2027,3240,2700,2700,3240,USD,يمكن للطالب دفع 5000 USD على 3 أقساط؛ هذا المبلغ يشمل رسوم السكن الطلابي.,2700
program,672,جامعة إشيك,Şile Campus,"Meşrutiyet Mahallesi, Üniversite Sokak, No:2, 34980 Şile/İstanbul",نظم المعلومات الإدارية,تركيا,إسطنبول,بكالوريوس,التركية,متاح,2026-2027,3240,2700,2700,3240,USD,يمكن للطالب دفع 5000 USD على 3 أقساط؛ هذا المبلغ يشمل رسوم السكن الطلابي.,1400
program,671,جامعة إشيك,Şile Campus,"Meşrutiyet Mahallesi, Üniversite Sokak, No:2, 34980 Şile/İstanbul",نظم المعلومات الإدارية,تركيا,إسطنبول,بكالوريوس,الإنجليزية,متاح,2026-2027,3240,2700,2700,3240,USD,يمكن للطالب دفع 5000 USD على 3 أقساط؛ هذا المبلغ يشمل رسوم السكن الطلابي.,2700
program,670,جامعة إشيك,Şile Campus,"Meşrutiyet Mahallesi, Üniversite Sokak, No:2, 34980 Şile/İstanbul",التجارة الدولية والتمويل,تركيا,إسطنبول,بكالوريوس,الإنجليزية,متاح,2026-2027,3240,2700,2700,3240,USD,يمكن للطالب دفع 5000 USD على 3 أقساط؛ هذا المبلغ يشمل رسوم السكن الطلابي.,2700
program,669,جامعة إشيك,Şile Campus,"Meşrutiyet Mahallesi, Üniversite Sokak, No:2, 34980 Şile/İstanbul",العلاقات الدولية,تركيا,إسطنبول,بكالوريوس,الإنجليزية,متاح,2026-2027,3240,2700,2700,3240,USD,يمكن للطالب دفع 5000 USD على 3 أقساط؛ هذا المبلغ يشمل رسوم السكن الطلابي.,2700
program,668,جامعة إشيك,Şile Campus,"Meşrutiyet Mahallesi, Üniversite Sokak, No:2, 34980 Şile/İstanbul",الاقتصاد,تركيا,إسطنبول,بكالوريوس,الإنجليزية,متاح,2026-2027,3240,2700,2700,3240,USD,يمكن للطالب دفع 5000 USD على 3 أقساط؛ هذا المبلغ يشمل رسوم السكن الطلابي.,2700
program,667,جامعة إشيك,Şile Campus,"Meşrutiyet Mahallesi, Üniversite Sokak, No:2, 34980 Şile/İstanbul",إدارة الأعمال,تركيا,إسطنبول,بكالوريوس,الإنجليزية,متاح,2026-2027,3240,2700,2700,3240,USD,يمكن للطالب دفع 5000 USD على 3 أقساط؛ هذا المبلغ يشمل رسوم السكن الطلابي.,2700
program,666,جامعة إشيك,Şile Campus,"Meşrutiyet Mahallesi, Üniversite Sokak, No:2, 34980 Şile/İstanbul",تصميم الاتصالات المرئية,تركيا,إسطنبول,بكالوريوس,التركية,متاح,2026-2027,3240,2700,2700,3240,USD,يمكن للطالب دفع 5000 USD على 3 أقساط؛ هذا المبلغ يشمل رسوم السكن الطلابي.,1400
program,665,جامعة إشيك,Şile Campus,"Meşrutiyet Mahallesi, Üniversite Sokak, No:2, 34980 Şile/İstanbul",الهندسة المعمارية الداخلية والتصميم البيئي,تركيا,إسطنبول,بكالوريوس,الإنجليزية,متاح,2026-2027,3240,2700,2700,3240,USD,يمكن للطالب دفع 5000 USD على 3 أقساط؛ هذا المبلغ يشمل رسوم السكن الطلابي.,2700
program,664,جامعة إشيك,Şile Campus,"Meşrutiyet Mahallesi, Üniversite Sokak, No:2, 34980 Şile/İstanbul",الهندسة المعمارية الداخلية والتصميم البيئي,تركيا,إسطنبول,بكالوريوس,التركية,متاح,2026-2027,3240,2700,2700,3240,USD,يمكن للطالب دفع 5000 USD على 3 أقساط؛ هذا المبلغ يشمل رسوم السكن الطلابي.,1400
program,663,جامعة إشيك,Şile Campus,"Meşrutiyet Mahallesi, Üniversite Sokak, No:2, 34980 Şile/İstanbul",التصميم الصناعي,تركيا,إسطنبول,بكالوريوس,التركية,متاح,2026-2027,3240,2700,2700,3240,USD,يمكن للطالب دفع 5000 USD على 3 أقساط؛ هذا المبلغ يشمل رسوم السكن الطلابي.,1400
program,662,جامعة إشيك,Şile Campus,"Meşrutiyet Mahallesi, Üniversite Sokak, No:2, 34980 Şile/İstanbul",السينما والتلفزيون,تركيا,إسطنبول,بكالوريوس,التركية,متاح,2026-2027,3240,2700,2700,3240,USD,يمكن للطالب دفع 5000 USD على 3 أقساط؛ هذا المبلغ يشمل رسوم السكن الطلابي.,1400
program,661,جامعة إشيك,Şile Campus,"Meşrutiyet Mahallesi, Üniversite Sokak, No:2, 34980 Şile/İstanbul",العمارة,تركيا,إسطنبول,بكالوريوس,الإنجليزية,متاح,2026-2027,3240,2700,2700,3240,USD,يمكن للطالب دفع 5000 USD على 3 أقساط؛ هذا المبلغ يشمل رسوم السكن الطلابي.,2700
program,660,جامعة إشيك,Şile Campus,"Meşrutiyet Mahallesi, Üniversite Sokak, No:2, 34980 Şile/İstanbul",هندسة البرمجيات,تركيا,إسطنبول,بكالوريوس,الإنجليزية,متاح,2026-2027,3240,2700,2700,3240,USD,يمكن للطالب دفع 5000 USD على 3 أقساط؛ هذا المبلغ يشمل رسوم السكن الطلابي.,2700
program,659,جامعة إشيك,Şile Campus,"Meşrutiyet Mahallesi, Üniversite Sokak, No:2, 34980 Şile/İstanbul",هندسة الميكاترونكس,تركيا,إسطنبول,بكالوريوس,الإنجليزية,متاح,2026-2027,3240,2700,2700,3240,USD,يمكن للطالب دفع 5000 USD على 3 أقساط؛ هذا المبلغ يشمل رسوم السكن الطلابي.,2700
program,658,جامعة إشيك,Şile Campus,"Meşrutiyet Mahallesi, Üniversite Sokak, No:2, 34980 Şile/İstanbul",الهندسة الميكانيكية,تركيا,إسطنبول,بكالوريوس,الإنجليزية,متاح,2026-2027,3240,2700,2700,3240,USD,يمكن للطالب دفع 5000 USD على 3 أقساط؛ هذا المبلغ يشمل رسوم السكن الطلابي.,2700
program,657,جامعة إشيك,Şile Campus,"Meşrutiyet Mahallesi, Üniversite Sokak, No:2, 34980 Şile/İstanbul",الهندسة الصناعية,تركيا,إسطنبول,بكالوريوس,الإنجليزية,متاح,2026-2027,3240,2700,2700,3240,USD,يمكن للطالب دفع 5000 USD على 3 أقساط؛ هذا المبلغ يشمل رسوم السكن الطلابي.,2700
program,656,جامعة إشيك,Şile Campus,"Meşrutiyet Mahallesi, Üniversite Sokak, No:2, 34980 Şile/İstanbul",الهندسة الكهربائية والإلكترونية,تركيا,إسطنبول,بكالوريوس,الإنجليزية,متاح,2026-2027,3240,2700,2700,3240,USD,يمكن للطالب دفع 5000 USD على 3 أقساط؛ هذا المبلغ يشمل رسوم السكن الطلابي.,2700
program,655,جامعة إشيك,Şile Campus,"Meşrutiyet Mahallesi, Üniversite Sokak, No:2, 34980 Şile/İstanbul",هندسة الكمبيوتر,تركيا,إسطنبول,بكالوريوس,الإنجليزية,متاح,2026-2027,3240,2700,2700,3240,USD,يمكن للطالب دفع 5000 USD على 3 أقساط؛ هذا المبلغ يشمل رسوم السكن الطلابي.,2700
program,654,جامعة إشيك,Şile Campus,"Meşrutiyet Mahallesi, Üniversite Sokak, No:2, 34980 Şile/İstanbul",الهندسة المدنية,تركيا,إسطنبول,بكالوريوس,الإنجليزية,متاح,2026-2027,3240,2700,2700,3240,USD,يمكن للطالب دفع 5000 USD على 3 أقساط؛ هذا المبلغ يشمل رسوم السكن الطلابي.,2700
program,653,جامعة إشيك,Şile Campus,"Meşrutiyet Mahallesi, Üniversite Sokak, No:2, 34980 Şile/İstanbul",الهندسة الطبية الحيوية,تركيا,إسطنبول,بكالوريوس,الإنجليزية,متاح,2026-2027,3240,2700,2700,3240,USD,يمكن للطالب دفع 5000 USD على 3 أقساط؛ هذا المبلغ يشمل رسوم السكن الطلابي.,2700
program,652,جامعة إسطنبول جيليشيم,Avcılar Campus,Cihangir Mah. Şehit Jandarma Komando Er Hakan Öner Sk. No:1 Avcılar/İstanbul,علوم التمرين والتدريب,تركيا,إسطنبول,دكتوراه,التركية,متاح,2026-2027,6000,6000,6000,2500,USD,-,2000
program,651,جامعة إسطنبول جيليشيم,Avcılar Campus,Cihangir Mah. Şehit Jandarma Komando Er Hakan Öner Sk. No:1 Avcılar/İstanbul,الإدارة الرياضية,تركيا,إسطنبول,دكتوراه,التركية,متاح,2026-2027,6000,6000,6000,2500,USD,-,2000
program,650,جامعة إسطنبول جيليشيم,Avcılar Campus,Cihangir Mah. Şehit Jandarma Komando Er Hakan Öner Sk. No:1 Avcılar/İstanbul,فن الطهو,تركيا,إسطنبول,دكتوراه,التركية,متاح,2026-2027,6000,6000,6000,2500,USD,-,2000
program,649,جامعة إسطنبول جيليشيم,Avcılar Campus,Cihangir Mah. Şehit Jandarma Komando Er Hakan Öner Sk. No:1 Avcılar/İstanbul,هندسة الطائرات,تركيا,إسطنبول,دكتوراه,التركية,متاح,2026-2027,6000,6000,6000,2500,USD,-,2000
program,648,جامعة إسطنبول جيليشيم,Avcılar Campus,Cihangir Mah. Şehit Jandarma Komando Er Hakan Öner Sk. No:1 Avcılar/İstanbul,الهندسة المدنية,تركيا,إسطنبول,دكتوراه,التركية,متاح,2026-2027,6000,6000,6000,2500,USD,-,2000
program,647,جامعة إسطنبول جيليشيم,Avcılar Campus,Cihangir Mah. Şehit Jandarma Komando Er Hakan Öner Sk. No:1 Avcılar/İstanbul,الهندسة المدنية,تركيا,إسطنبول,دكتوراه,الإنجليزية,متاح,2026-2027,8000,8000,8000,2500,USD,-,4500
program,646,جامعة إسطنبول جيليشيم,Avcılar Campus,Cihangir Mah. Şehit Jandarma Komando Er Hakan Öner Sk. No:1 Avcılar/İstanbul,العلوم السياسية والعلاقات الدولية,تركيا,إسطنبول,دكتوراه,التركية,متاح,2026-2027,6000,6000,6000,2500,USD,-,2000
program,645,جامعة إسطنبول جيليشيم,Avcılar Campus,Cihangir Mah. Şehit Jandarma Komando Er Hakan Öner Sk. No:1 Avcılar/İstanbul,الاقتصاد والمالية,تركيا,إسطنبول,دكتوراه,التركية,متاح,2026-2027,6000,6000,6000,2500,USD,-,2000
program,644,جامعة إسطنبول جيليشيم,Avcılar Campus,Cihangir Mah. Şehit Jandarma Komando Er Hakan Öner Sk. No:1 Avcılar/İstanbul,الاقتصاد والمالية,تركيا,إسطنبول,دكتوراه,الإنجليزية,متاح,2026-2027,8000,8000,8000,2500,USD,-,4500
program,643,جامعة إسطنبول جيليشيم,Avcılar Campus,Cihangir Mah. Şehit Jandarma Komando Er Hakan Öner Sk. No:1 Avcılar/İstanbul,إدارة الأعمال,تركيا,إسطنبول,دكتوراه,التركية,متاح,2026-2027,6000,6000,6000,2500,USD,-,2000
program,642,جامعة إسطنبول جيليشيم,Avcılar Campus,Cihangir Mah. Şehit Jandarma Komando Er Hakan Öner Sk. No:1 Avcılar/İstanbul,إدارة الأعمال,تركيا,إسطنبول,دكتوراه,الإنجليزية,متاح,2026-2027,8000,8000,8000,2500,USD,-,4500
program,641,جامعة إسطنبول جيليشيم,Avcılar Campus,Cihangir Mah. Şehit Jandarma Komando Er Hakan Öner Sk. No:1 Avcılar/İstanbul,علوم التمرين والتدريب,تركيا,إسطنبول,ماجستير بدون أطروحة,التركية,متاح,2026-2027,4500,4500,4500,2250,USD,-,2000
program,640,جامعة إسطنبول جيليشيم,Avcılar Campus,Cihangir Mah. Şehit Jandarma Komando Er Hakan Öner Sk. No:1 Avcılar/İstanbul,علوم التمرين والتدريب,تركيا,إسطنبول,ماجستير مع أطروحة,التركية,متاح,2026-2027,5000,5000,5000,2500,USD,-,2000
program,639,جامعة إسطنبول جيليشيم,Avcılar Campus,Cihangir Mah. Şehit Jandarma Komando Er Hakan Öner Sk. No:1 Avcılar/İstanbul,الإدارة الرياضية,تركيا,إسطنبول,ماجستير بدون أطروحة,التركية,متاح,2026-2027,4500,4500,4500,2250,USD,-,2000
program,638,جامعة إسطنبول جيليشيم,Avcılar Campus,Cihangir Mah. Şehit Jandarma Komando Er Hakan Öner Sk. No:1 Avcılar/İstanbul,الإدارة الرياضية,تركيا,إسطنبول,ماجستير مع أطروحة,التركية,متاح,2026-2027,5000,5000,5000,2500,USD,-,2000
program,637,جامعة إسطنبول جيليشيم,Avcılar Campus,Cihangir Mah. Şehit Jandarma Komando Er Hakan Öner Sk. No:1 Avcılar/İstanbul,المجالات النفسية والاجتماعية في الرياضة,تركيا,إسطنبول,ماجستير بدون أطروحة,التركية,متاح,2026-2027,4500,4500,4500,2250,USD,-,2000
program,636,جامعة إسطنبول جيليشيم,Avcılar Campus,Cihangir Mah. Şehit Jandarma Komando Er Hakan Öner Sk. No:1 Avcılar/İstanbul,المجالات النفسية والاجتماعية في الرياضة,تركيا,إسطنبول,ماجستير مع أطروحة,التركية,متاح,2026-2027,5000,5000,5000,2500,USD,-,2000
program,635,جامعة إسطنبول جيليشيم,Avcılar Campus,Cihangir Mah. Şehit Jandarma Komando Er Hakan Öner Sk. No:1 Avcılar/İstanbul,علم نفس الإدمان,تركيا,إسطنبول,ماجستير مع أطروحة,التركية,متاح,2026-2027,9000,9000,9000,4500,USD,-,2000
program,634,جامعة إسطنبول جيليشيم,Avcılar Campus,Cihangir Mah. Şehit Jandarma Komando Er Hakan Öner Sk. No:1 Avcılar/İstanbul,علم النفس العيادي,تركيا,إسطنبول,ماجستير بدون أطروحة,التركية,متاح,2026-2027,60000,60000,60000,30000,USD,-,2000
program,633,جامعة إسطنبول جيليشيم,Avcılar Campus,Cihangir Mah. Şehit Jandarma Komando Er Hakan Öner Sk. No:1 Avcılar/İstanbul,علم النفس العيادي,تركيا,إسطنبول,ماجستير مع أطروحة,التركية,متاح,2026-2027,70000,70000,70000,35000,USD,-,2000
program,632,جامعة إسطنبول جيليشيم,Avcılar Campus,Cihangir Mah. Şehit Jandarma Komando Er Hakan Öner Sk. No:1 Avcılar/İstanbul,علم النفس,تركيا,إسطنبول,ماجستير بدون أطروحة,التركية,متاح,2026-2027,8000,8000,8000,4000,USD,-,2000
program,631,جامعة إسطنبول جيليشيم,Avcılar Campus,Cihangir Mah. Şehit Jandarma Komando Er Hakan Öner Sk. No:1 Avcılar/İstanbul,علم النفس,تركيا,إسطنبول,ماجستير مع أطروحة,التركية,متاح,2026-2027,10000,10000,10000,5000,USD,-,2000
program,630,جامعة إسطنبول جيليشيم,Avcılar Campus,Cihangir Mah. Şehit Jandarma Komando Er Hakan Öner Sk. No:1 Avcılar/İstanbul,علم السمع,تركيا,إسطنبول,ماجستير مع أطروحة,التركية,متاح,2026-2027,5000,5000,5000,2500,USD,-,2000
program,629,جامعة إسطنبول جيليشيم,Avcılar Campus,Cihangir Mah. Şehit Jandarma Komando Er Hakan Öner Sk. No:1 Avcılar/İstanbul,إدارة الرعاية الصحية,تركيا,إسطنبول,ماجستير بدون أطروحة,التركية,متاح,2026-2027,4500,4500,4500,2250,USD,-,2000
program,628,جامعة إسطنبول جيليشيم,Avcılar Campus,Cihangir Mah. Şehit Jandarma Komando Er Hakan Öner Sk. No:1 Avcılar/İstanbul,إدارة الرعاية الصحية,تركيا,إسطنبول,ماجستير مع أطروحة,التركية,متاح,2026-2027,5000,5000,5000,2500,USD,-,2000
program,627,جامعة إسطنبول جيليشيم,Avcılar Campus,Cihangir Mah. Şehit Jandarma Komando Er Hakan Öner Sk. No:1 Avcılar/İstanbul,الصحة والسلامة المهنية,تركيا,إسطنبول,ماجستير بدون أطروحة,التركية,متاح,2026-2027,4500,4500,4500,2250,USD,-,2000
program,626,جامعة إسطنبول جيليشيم,Avcılar Campus,Cihangir Mah. Şehit Jandarma Komando Er Hakan Öner Sk. No:1 Avcılar/İstanbul,الصحة والسلامة المهنية (تعليم عن بعد),تركيا,إسطنبول,ماجستير بدون أطروحة,التركية,متاح,2026-2027,4500,4500,4500,2250,USD,-,2000
program,625,جامعة إسطنبول جيليشيم,Avcılar Campus,Cihangir Mah. Şehit Jandarma Komando Er Hakan Öner Sk. No:1 Avcılar/İstanbul,الصحة والسلامة المهنية,تركيا,إسطنبول,ماجستير مع أطروحة,التركية,متاح,2026-2027,5000,5000,5000,2500,USD,-,2000
program,624,جامعة إسطنبول جيليشيم,Avcılar Campus,Cihangir Mah. Şehit Jandarma Komando Er Hakan Öner Sk. No:1 Avcılar/İstanbul,الإعلام الجديد والاتصال والصحافة,تركيا,إسطنبول,ماجستير مع أطروحة,التركية,متاح,2026-2027,5000,5000,5000,2500,USD,-,2000
program,623,جامعة إسطنبول جيليشيم,Avcılar Campus,Cihangir Mah. Şehit Jandarma Komando Er Hakan Öner Sk. No:1 Avcılar/İstanbul,اللوجستيات والنقل الدولي,تركيا,إسطنبول,ماجستير بدون أطروحة,التركية,متاح,2026-2027,4500,4500,4500,2250,USD,-,2000
program,622,جامعة إسطنبول جيليشيم,Avcılar Campus,Cihangir Mah. Şehit Jandarma Komando Er Hakan Öner Sk. No:1 Avcılar/İstanbul,دراسات الأمن,تركيا,إسطنبول,ماجستير مع أطروحة,التركية,متاح,2026-2027,5000,5000,5000,2500,USD,-,2000
program,621,جامعة إسطنبول جيليشيم,Avcılar Campus,Cihangir Mah. Şehit Jandarma Komando Er Hakan Öner Sk. No:1 Avcılar/İstanbul,تدريب الإرشاد السياحي,تركيا,إسطنبول,ماجستير بدون أطروحة,التركية,متاح,2026-2027,5000,5000,5000,2500,USD,-,2000
program,620,جامعة إسطنبول جيليشيم,Avcılar Campus,Cihangir Mah. Şehit Jandarma Komando Er Hakan Öner Sk. No:1 Avcılar/İstanbul,العلاقات العامة والدعاية,تركيا,إسطنبول,ماجستير بدون أطروحة,التركية,متاح,2026-2027,4500,4500,4500,2250,USD,-,2000
program,619,جامعة إسطنبول جيليشيم,Avcılar Campus,Cihangir Mah. Şehit Jandarma Komando Er Hakan Öner Sk. No:1 Avcılar/İstanbul,العلاقات العامة والدعاية,تركيا,إسطنبول,ماجستير مع أطروحة,التركية,متاح,2026-2027,5000,5000,5000,2500,USD,-,2000
program,618,جامعة إسطنبول جيليشيم,Avcılar Campus,Cihangir Mah. Şehit Jandarma Komando Er Hakan Öner Sk. No:1 Avcılar/İstanbul,التجارة الدولية واللوجستيات,تركيا,إسطنبول,ماجستير بدون أطروحة,التركية,متاح,2026-2027,4500,4500,4500,2250,USD,-,2000
program,617,جامعة إسطنبول جيليشيم,Avcılar Campus,Cihangir Mah. Şehit Jandarma Komando Er Hakan Öner Sk. No:1 Avcılar/İstanbul,التجارة الدولية واللوجستيات,تركيا,إسطنبول,ماجستير مع أطروحة,التركية,متاح,2026-2027,5000,5000,5000,2500,USD,-,2000
program,616,جامعة إسطنبول جيليشيم,Avcılar Campus,Cihangir Mah. Şehit Jandarma Komando Er Hakan Öner Sk. No:1 Avcılar/İstanbul,اللغة التركية وآدابها,تركيا,إسطنبول,ماجستير بدون أطروحة,التركية,متاح,2026-2027,4500,4500,4500,2250,USD,-,2000
program,615,جامعة إسطنبول جيليشيم,Avcılar Campus,Cihangir Mah. Şehit Jandarma Komando Er Hakan Öner Sk. No:1 Avcılar/İstanbul,اللغة التركية وآدابها,تركيا,إسطنبول,ماجستير مع أطروحة,التركية,متاح,2026-2027,5000,5000,5000,2500,USD,-,2000
program,614,جامعة إسطنبول جيليشيم,Avcılar Campus,Cihangir Mah. Şehit Jandarma Komando Er Hakan Öner Sk. No:1 Avcılar/İstanbul,علم الاجتماع,تركيا,إسطنبول,ماجستير بدون أطروحة,التركية,متاح,2026-2027,4500,4500,4500,2250,USD,-,2000
program,613,جامعة إسطنبول جيليشيم,Avcılar Campus,Cihangir Mah. Şehit Jandarma Komando Er Hakan Öner Sk. No:1 Avcılar/İstanbul,علم الاجتماع,تركيا,إسطنبول,ماجستير مع أطروحة,التركية,متاح,2026-2027,5000,5000,5000,2500,USD,-,2000
program,612,جامعة إسطنبول جيليشيم,Avcılar Campus,Cihangir Mah. Şehit Jandarma Komando Er Hakan Öner Sk. No:1 Avcılar/İstanbul,العلوم الحاسوبية,تركيا,إسطنبول,ماجستير بدون أطروحة,التركية,متاح,2026-2027,4500,4500,4500,2250,USD,-,2000
program,611,جامعة إسطنبول جيليشيم,Avcılar Campus,Cihangir Mah. Şehit Jandarma Komando Er Hakan Öner Sk. No:1 Avcılar/İstanbul,العلوم الحاسوبية,تركيا,إسطنبول,ماجستير مع أطروحة,التركية,متاح,2026-2027,5000,5000,5000,2500,USD,-,2000
program,610,جامعة إسطنبول جيليشيم,Avcılar Campus,Cihangir Mah. Şehit Jandarma Komando Er Hakan Öner Sk. No:1 Avcılar/İstanbul,تصميم الاتصالات المرئية,تركيا,إسطنبول,ماجستير بدون أطروحة,التركية,متاح,2026-2027,4500,4500,4500,2250,USD,-,2000
program,609,جامعة إسطنبول جيليشيم,Avcılar Campus,Cihangir Mah. Şehit Jandarma Komando Er Hakan Öner Sk. No:1 Avcılar/İstanbul,تصميم الاتصالات المرئية,تركيا,إسطنبول,ماجستير مع أطروحة,التركية,متاح,2026-2027,5000,5000,5000,2500,USD,-,2000
program,608,جامعة إسطنبول جيليشيم,Avcılar Campus,Cihangir Mah. Şehit Jandarma Komando Er Hakan Öner Sk. No:1 Avcılar/İstanbul,فن الطهو,تركيا,إسطنبول,ماجستير بدون أطروحة,التركية,متاح,2026-2027,4500,4500,4500,2250,USD,-,2000
program,607,جامعة إسطنبول جيليشيم,Avcılar Campus,Cihangir Mah. Şehit Jandarma Komando Er Hakan Öner Sk. No:1 Avcılar/İstanbul,فن الطهو,تركيا,إسطنبول,ماجستير مع أطروحة,التركية,متاح,2026-2027,5000,5000,5000,2500,USD,-,2000
program,606,جامعة إسطنبول جيليشيم,Avcılar Campus,Cihangir Mah. Şehit Jandarma Komando Er Hakan Öner Sk. No:1 Avcılar/İstanbul,تنمية الطفل,تركيا,إسطنبول,ماجستير بدون أطروحة,التركية,متاح,2026-2027,4500,4500,4500,2250,USD,-,2000
program,605,جامعة إسطنبول جيليشيم,Avcılar Campus,Cihangir Mah. Şehit Jandarma Komando Er Hakan Öner Sk. No:1 Avcılar/İstanbul,تنمية الطفل,تركيا,إسطنبول,ماجستير مع أطروحة,التركية,متاح,2026-2027,5000,5000,5000,2500,USD,-,2000
program,604,جامعة إسطنبول جيليشيم,Avcılar Campus,Cihangir Mah. Şehit Jandarma Komando Er Hakan Öner Sk. No:1 Avcılar/İstanbul,العلاج الطبيعي والتأهيل,تركيا,إسطنبول,ماجستير بدون أطروحة,التركية,متاح,2026-2027,4500,4500,4500,2250,USD,-,2000
program,603,جامعة إسطنبول جيليشيم,Avcılar Campus,Cihangir Mah. Şehit Jandarma Komando Er Hakan Öner Sk. No:1 Avcılar/İstanbul,العلاج الطبيعي والتأهيل,تركيا,إسطنبول,ماجستير مع أطروحة,التركية,متاح,2026-2027,5000,5000,5000,2500,USD,-,2000
program,602,جامعة إسطنبول جيليشيم,Avcılar Campus,Cihangir Mah. Şehit Jandarma Komando Er Hakan Öner Sk. No:1 Avcılar/İstanbul,التغذية وعلم الحمية,تركيا,إسطنبول,ماجستير بدون أطروحة,التركية,متاح,2026-2027,4500,4500,4500,2250,USD,-,2000
program,601,جامعة إسطنبول جيليشيم,Avcılar Campus,Cihangir Mah. Şehit Jandarma Komando Er Hakan Öner Sk. No:1 Avcılar/İstanbul,التغذية وعلم الحمية,تركيا,إسطنبول,ماجستير مع أطروحة,التركية,متاح,2026-2027,5000,5000,5000,2500,USD,-,2000
program,600,جامعة إسطنبول جيليشيم,Avcılar Campus,Cihangir Mah. Şehit Jandarma Komando Er Hakan Öner Sk. No:1 Avcılar/İstanbul,هندسة الميكاترونكس,تركيا,إسطنبول,ماجستير مع أطروحة,التركية,متاح,2026-2027,5000,5000,5000,2500,USD,-,2000
program,599,جامعة إسطنبول جيليشيم,Avcılar Campus,Cihangir Mah. Şehit Jandarma Komando Er Hakan Öner Sk. No:1 Avcılar/İstanbul,الهندسة الكهربائية والإلكترونية,تركيا,إسطنبول,ماجستير بدون أطروحة,التركية,متاح,2026-2027,4500,4500,4500,2250,USD,-,2000
program,598,جامعة إسطنبول جيليشيم,Avcılar Campus,Cihangir Mah. Şehit Jandarma Komando Er Hakan Öner Sk. No:1 Avcılar/İstanbul,الهندسة الكهربائية والإلكترونية,تركيا,إسطنبول,ماجستير مع أطروحة,التركية,متاح,2026-2027,5000,5000,5000,2500,USD,-,2000
program,597,جامعة إسطنبول جيليشيم,Avcılar Campus,Cihangir Mah. Şehit Jandarma Komando Er Hakan Öner Sk. No:1 Avcılar/İstanbul,الهندسة الكهربائية والإلكترونية,تركيا,إسطنبول,ماجستير مع أطروحة,الإنجليزية,متاح,2026-2027,6500,6500,6500,3250,USD,-,4500
program,596,جامعة إسطنبول جيليشيم,Avcılar Campus,Cihangir Mah. Şehit Jandarma Komando Er Hakan Öner Sk. No:1 Avcılar/İstanbul,الهندسة المدنية,تركيا,إسطنبول,ماجستير بدون أطروحة,التركية,متاح,2026-2027,4500,4500,4500,2250,USD,-,2000
program,595,جامعة إسطنبول جيليشيم,Avcılar Campus,Cihangir Mah. Şehit Jandarma Komando Er Hakan Öner Sk. No:1 Avcılar/İstanbul,الهندسة المدنية,تركيا,إسطنبول,ماجستير مع أطروحة,التركية,متاح,2026-2027,5000,5000,5000,2500,USD,-,2000
program,594,جامعة إسطنبول جيليشيم,Avcılar Campus,Cihangir Mah. Şehit Jandarma Komando Er Hakan Öner Sk. No:1 Avcılar/İstanbul,الهندسة المدنية,تركيا,إسطنبول,ماجستير بدون أطروحة,الإنجليزية,متاح,2026-2027,5000,5000,5000,2500,USD,-,4500
program,593,جامعة إسطنبول جيليشيم,Avcılar Campus,Cihangir Mah. Şehit Jandarma Komando Er Hakan Öner Sk. No:1 Avcılar/İstanbul,الهندسة المدنية,تركيا,إسطنبول,ماجستير مع أطروحة,الإنجليزية,متاح,2026-2027,6500,6500,6500,3250,USD,-,4500
program,592,جامعة إسطنبول جيليشيم,Avcılar Campus,Cihangir Mah. Şehit Jandarma Komando Er Hakan Öner Sk. No:1 Avcılar/İstanbul,هندسة الكمبيوتر,تركيا,إسطنبول,ماجستير بدون أطروحة,التركية,متاح,2026-2027,4500,4500,4500,2250,USD,-,2000
program,591,جامعة إسطنبول جيليشيم,Avcılar Campus,Cihangir Mah. Şehit Jandarma Komando Er Hakan Öner Sk. No:1 Avcılar/İstanbul,هندسة الكمبيوتر,تركيا,إسطنبول,ماجستير مع أطروحة,التركية,متاح,2026-2027,5500,5500,5500,2750,USD,-,2000
program,590,جامعة إسطنبول جيليشيم,Avcılar Campus,Cihangir Mah. Şehit Jandarma Komando Er Hakan Öner Sk. No:1 Avcılar/İstanbul,هندسة الكمبيوتر,تركيا,إسطنبول,ماجستير بدون أطروحة,الإنجليزية,متاح,2026-2027,5500,5500,5500,2750,USD,-,4500
program,589,جامعة إسطنبول جيليشيم,Avcılar Campus,Cihangir Mah. Şehit Jandarma Komando Er Hakan Öner Sk. No:1 Avcılar/İstanbul,هندسة الكمبيوتر,تركيا,إسطنبول,ماجستير مع أطروحة,الإنجليزية,متاح,2026-2027,6500,6500,6500,3250,USD,-,4500
program,588,جامعة إسطنبول جيليشيم,Avcılar Campus,Cihangir Mah. Şehit Jandarma Komando Er Hakan Öner Sk. No:1 Avcılar/İstanbul,العمارة,تركيا,إسطنبول,ماجستير بدون أطروحة,التركية,متاح,2026-2027,4500,4500,4500,2250,USD,-,2000
program,587,جامعة إسطنبول جيليشيم,Avcılar Campus,Cihangir Mah. Şehit Jandarma Komando Er Hakan Öner Sk. No:1 Avcılar/İstanbul,العمارة,تركيا,إسطنبول,ماجستير مع أطروحة,التركية,متاح,2026-2027,5000,5000,5000,2500,USD,-,2000
program,586,جامعة إسطنبول جيليشيم,Avcılar Campus,Cihangir Mah. Şehit Jandarma Komando Er Hakan Öner Sk. No:1 Avcılar/İstanbul,العمارة,تركيا,إسطنبول,ماجستير بدون أطروحة,الإنجليزية,متاح,2026-2027,5000,5000,5000,2500,USD,-,4500
program,585,جامعة إسطنبول جيليشيم,Avcılar Campus,Cihangir Mah. Şehit Jandarma Komando Er Hakan Öner Sk. No:1 Avcılar/İstanbul,العمارة,تركيا,إسطنبول,ماجستير مع أطروحة,الإنجليزية,متاح,2026-2027,7000,7000,7000,3500,USD,-,4500
program,584,جامعة إسطنبول جيليشيم,Avcılar Campus,Cihangir Mah. Şehit Jandarma Komando Er Hakan Öner Sk. No:1 Avcılar/İstanbul,هندسة الطائرات,تركيا,إسطنبول,ماجستير بدون أطروحة,التركية,متاح,2026-2027,4500,4500,4500,2250,USD,-,2000
program,583,جامعة إسطنبول جيليشيم,Avcılar Campus,Cihangir Mah. Şehit Jandarma Komando Er Hakan Öner Sk. No:1 Avcılar/İstanbul,هندسة الطائرات,تركيا,إسطنبول,ماجستير مع أطروحة,التركية,متاح,2026-2027,5000,5000,5000,2500,USD,-,2000
program,582,جامعة إسطنبول جيليشيم,Avcılar Campus,Cihangir Mah. Şehit Jandarma Komando Er Hakan Öner Sk. No:1 Avcılar/İstanbul,هندسة الطائرات,تركيا,إسطنبول,ماجستير بدون أطروحة,الإنجليزية,متاح,2026-2027,6000,6000,6000,3000,USD,-,4500
program,581,جامعة إسطنبول جيليشيم,Avcılar Campus,Cihangir Mah. Şehit Jandarma Komando Er Hakan Öner Sk. No:1 Avcılar/İstanbul,هندسة الطائرات,تركيا,إسطنبول,ماجستير مع أطروحة,الإنجليزية,متاح,2026-2027,7000,7000,7000,3500,USD,-,4500
program,580,جامعة إسطنبول جيليشيم,Avcılar Campus,Cihangir Mah. Şehit Jandarma Komando Er Hakan Öner Sk. No:1 Avcılar/İstanbul,الإدارة الهندسية,تركيا,إسطنبول,ماجستير بدون أطروحة,التركية,متاح,2026-2027,4500,4500,4500,2250,USD,-,2000
program,579,جامعة إسطنبول جيليشيم,Avcılar Campus,Cihangir Mah. Şehit Jandarma Komando Er Hakan Öner Sk. No:1 Avcılar/İstanbul,الإدارة الهندسية,تركيا,إسطنبول,ماجستير مع أطروحة,التركية,متاح,2026-2027,5000,5000,5000,2500,USD,-,2000
program,578,جامعة إسطنبول جيليشيم,Avcılar Campus,Cihangir Mah. Şehit Jandarma Komando Er Hakan Öner Sk. No:1 Avcılar/İstanbul,إدارة الطيران,تركيا,إسطنبول,ماجستير بدون أطروحة,التركية,متاح,2026-2027,4500,4500,4500,2250,USD,-,2000
program,577,جامعة إسطنبول جيليشيم,Avcılar Campus,Cihangir Mah. Şehit Jandarma Komando Er Hakan Öner Sk. No:1 Avcılar/İstanbul,إدارة الطيران,تركيا,إسطنبول,ماجستير مع أطروحة,التركية,متاح,2026-2027,5000,5000,5000,2500,USD,-,2000
program,576,جامعة إسطنبول جيليشيم,Avcılar Campus,Cihangir Mah. Şehit Jandarma Komando Er Hakan Öner Sk. No:1 Avcılar/İstanbul,العلوم السياسية والإدارة العامة,تركيا,إسطنبول,ماجستير مع أطروحة,التركية,متاح,2026-2027,5000,5000,5000,2500,USD,-,2000
program,575,جامعة إسطنبول جيليشيم,Avcılar Campus,Cihangir Mah. Şehit Jandarma Komando Er Hakan Öner Sk. No:1 Avcılar/İstanbul,العلوم السياسية والإدارة العامة,تركيا,إسطنبول,ماجستير بدون أطروحة,الإنجليزية,متاح,2026-2027,5000,5000,5000,2500,USD,-,4500
program,574,جامعة إسطنبول جيليشيم,Avcılar Campus,Cihangir Mah. Şehit Jandarma Komando Er Hakan Öner Sk. No:1 Avcılar/İstanbul,العلوم السياسية والإدارة العامة,تركيا,إسطنبول,ماجستير مع أطروحة,الإنجليزية,متاح,2026-2027,6000,6000,6000,3000,USD,-,4500
program,573,جامعة إسطنبول جيليشيم,Avcılar Campus,Cihangir Mah. Şehit Jandarma Komando Er Hakan Öner Sk. No:1 Avcılar/İstanbul,العلوم السياسية والعلاقات الدولية,تركيا,إسطنبول,ماجستير بدون أطروحة,التركية,متاح,2026-2027,4500,4500,4500,2250,USD,-,2000
program,572,جامعة إسطنبول جيليشيم,Avcılar Campus,Cihangir Mah. Şehit Jandarma Komando Er Hakan Öner Sk. No:1 Avcılar/İstanbul,العلوم السياسية والعلاقات الدولية,تركيا,إسطنبول,ماجستير مع أطروحة,التركية,متاح,2026-2027,5000,5000,5000,2500,USD,-,2000
program,571,جامعة إسطنبول جيليشيم,Avcılar Campus,Cihangir Mah. Şehit Jandarma Komando Er Hakan Öner Sk. No:1 Avcılar/İstanbul,العلوم السياسية والعلاقات الدولية,تركيا,إسطنبول,ماجستير بدون أطروحة,الإنجليزية,متاح,2026-2027,5500,5500,5500,2750,USD,-,4500
program,570,جامعة إسطنبول جيليشيم,Avcılar Campus,Cihangir Mah. Şehit Jandarma Komando Er Hakan Öner Sk. No:1 Avcılar/İstanbul,العلوم السياسية والعلاقات الدولية,تركيا,إسطنبول,ماجستير مع أطروحة,الإنجليزية,متاح,2026-2027,6500,6500,6500,3250,USD,-,4500
program,569,جامعة إسطنبول جيليشيم,Avcılar Campus,Cihangir Mah. Şehit Jandarma Komando Er Hakan Öner Sk. No:1 Avcılar/İstanbul,الاقتصاد والمالية,تركيا,إسطنبول,ماجستير بدون أطروحة,التركية,متاح,2026-2027,4500,4500,4500,2250,USD,-,2000
program,568,جامعة إسطنبول جيليشيم,Avcılar Campus,Cihangir Mah. Şehit Jandarma Komando Er Hakan Öner Sk. No:1 Avcılar/İstanbul,الاقتصاد والمالية,تركيا,إسطنبول,ماجستير مع أطروحة,التركية,متاح,2026-2027,5000,5000,5000,2500,USD,-,2000
program,567,جامعة إسطنبول جيليشيم,Avcılar Campus,Cihangir Mah. Şehit Jandarma Komando Er Hakan Öner Sk. No:1 Avcılar/İstanbul,الاقتصاد والمالية,تركيا,إسطنبول,ماجستير بدون أطروحة,الإنجليزية,متاح,2026-2027,5000,5000,5000,2500,USD,-,4500
program,566,جامعة إسطنبول جيليشيم,Avcılar Campus,Cihangir Mah. Şehit Jandarma Komando Er Hakan Öner Sk. No:1 Avcılar/İstanbul,الاقتصاد والمالية,تركيا,إسطنبول,ماجستير مع أطروحة,الإنجليزية,متاح,2026-2027,6000,6000,6000,3000,USD,-,4500
program,565,جامعة إسطنبول جيليشيم,Avcılar Campus,Cihangir Mah. Şehit Jandarma Komando Er Hakan Öner Sk. No:1 Avcılar/İstanbul,إدارة الأعمال (تعليم عن بعد),تركيا,إسطنبول,ماجستير بدون أطروحة,التركية,متاح,2026-2027,4500,4500,4500,2250,USD,-,2000
program,564,جامعة إسطنبول جيليشيم,Avcılar Campus,Cihangir Mah. Şehit Jandarma Komando Er Hakan Öner Sk. No:1 Avcılar/İstanbul,إدارة الأعمال (تعليم عن بعد),تركيا,إسطنبول,ماجستير بدون أطروحة,الإنجليزية,متاح,2026-2027,5500,5500,5500,2750,USD,-,4500
program,563,جامعة إسطنبول جيليشيم,Avcılar Campus,Cihangir Mah. Şehit Jandarma Komando Er Hakan Öner Sk. No:1 Avcılar/İstanbul,إدارة الأعمال,تركيا,إسطنبول,ماجستير بدون أطروحة,التركية,متاح,2026-2027,4500,4500,4500,2250,USD,-,2000
program,562,جامعة إسطنبول جيليشيم,Avcılar Campus,Cihangir Mah. Şehit Jandarma Komando Er Hakan Öner Sk. No:1 Avcılar/İstanbul,إدارة الأعمال,تركيا,إسطنبول,ماجستير مع أطروحة,التركية,متاح,2026-2027,5500,5500,5500,2750,USD,-,2000
program,561,جامعة إسطنبول جيليشيم,Avcılar Campus,Cihangir Mah. Şehit Jandarma Komando Er Hakan Öner Sk. No:1 Avcılar/İstanbul,إدارة الأعمال,تركيا,إسطنبول,ماجستير بدون أطروحة,الإنجليزية,متاح,2026-2027,5500,5500,5500,2750,USD,-,4500
program,560,جامعة إسطنبول جيليشيم,Avcılar Campus,Cihangir Mah. Şehit Jandarma Komando Er Hakan Öner Sk. No:1 Avcılar/İstanbul,إدارة الأعمال,تركيا,إسطنبول,ماجستير مع أطروحة,الإنجليزية,متاح,2026-2027,7000,7000,7000,3500,USD,-,4500
program,559,جامعة إسطنبول جيليشيم,Avcılar Campus,Cihangir Mah. Şehit Jandarma Komando Er Hakan Öner Sk. No:1 Avcılar/İstanbul,تقنيات المختبرات الطبية,تركيا,إسطنبول,دبلوم,التركية,متاح,2026-2027,3000,3000,2790,1500,USD,-,2000
program,558,جامعة إسطنبول جيليشيم,Avcılar Campus,Cihangir Mah. Şehit Jandarma Komando Er Hakan Öner Sk. No:1 Avcılar/İstanbul,تكنولوجيا معالجة البيانات الطبية,تركيا,إسطنبول,دبلوم,التركية,متاح,2026-2027,3000,3000,2790,1500,USD,-,2000
program,557,جامعة إسطنبول جيليشيم,Avcılar Campus,Cihangir Mah. Şehit Jandarma Komando Er Hakan Öner Sk. No:1 Avcılar/İstanbul,تقنيات التصوير الطبي,تركيا,إسطنبول,دبلوم,التركية,متاح,2026-2027,3000,3000,2790,1500,USD,-,2000
program,556,جامعة إسطنبول جيليشيم,Avcılar Campus,Cihangir Mah. Şehit Jandarma Komando Er Hakan Öner Sk. No:1 Avcılar/İstanbul,التوثيق الطبي والسكرتارية,تركيا,إسطنبول,دبلوم,التركية,متاح,2026-2027,3000,3000,2790,1500,USD,-,2000
program,555,جامعة إسطنبول جيليشيم,Avcılar Campus,Cihangir Mah. Şehit Jandarma Komando Er Hakan Öner Sk. No:1 Avcılar/İstanbul,تكنولوجيا الصحة عن بعد,تركيا,إسطنبول,دبلوم,التركية,متاح,2026-2027,3000,3000,2790,1500,USD,-,2000
program,554,جامعة إسطنبول جيليشيم,Avcılar Campus,Cihangir Mah. Şehit Jandarma Komando Er Hakan Öner Sk. No:1 Avcılar/İstanbul,خدمات العناية بالشعر والجمال,تركيا,إسطنبول,دبلوم,التركية,متاح,2026-2027,3000,3000,2790,1500,USD,-,2000
program,553,جامعة إسطنبول جيليشيم,Avcılar Campus,Cihangir Mah. Şehit Jandarma Komando Er Hakan Öner Sk. No:1 Avcılar/İstanbul,العلاج الإشعاعي,تركيا,إسطنبول,دبلوم,التركية,متاح,2026-2027,3000,3000,2790,1500,USD,-,2000
program,552,جامعة إسطنبول جيليشيم,Avcılar Campus,Cihangir Mah. Şehit Jandarma Komando Er Hakan Öner Sk. No:1 Avcılar/İstanbul,علم الأقدام,تركيا,إسطنبول,دبلوم,التركية,متاح,2026-2027,3000,3000,2790,1500,USD,-,2000
program,551,جامعة إسطنبول جيليشيم,Avcılar Campus,Cihangir Mah. Şehit Jandarma Komando Er Hakan Öner Sk. No:1 Avcılar/İstanbul,تقنيات مختبر علم الأمراض,تركيا,إسطنبول,دبلوم,التركية,متاح,2026-2027,3000,3000,2790,1500,USD,-,2000
program,550,جامعة إسطنبول جيليشيم,Avcılar Campus,Cihangir Mah. Şehit Jandarma Komando Er Hakan Öner Sk. No:1 Avcılar/İstanbul,مساعدة التشريح,تركيا,إسطنبول,دبلوم,التركية,متاح,2026-2027,3000,3000,2790,1500,USD,-,2000
program,549,جامعة إسطنبول جيليشيم,Avcılar Campus,Cihangir Mah. Şehit Jandarma Komando Er Hakan Öner Sk. No:1 Avcılar/İstanbul,الأطراف الاصطناعية وتقويم العظام,تركيا,إسطنبول,دبلوم,التركية,متاح,2026-2027,3000,3000,2790,1500,USD,-,2000
program,548,جامعة إسطنبول جيليشيم,Avcılar Campus,Cihangir Mah. Şehit Jandarma Komando Er Hakan Öner Sk. No:1 Avcılar/İstanbul,البصريات,تركيا,إسطنبول,دبلوم,التركية,متاح,2026-2027,3000,3000,2790,1500,USD,-,2000
program,547,جامعة إسطنبول جيليشيم,Avcılar Campus,Cihangir Mah. Şehit Jandarma Komando Er Hakan Öner Sk. No:1 Avcılar/İstanbul,قياس السمع,تركيا,إسطنبول,دبلوم,التركية,متاح,2026-2027,3000,3000,2790,1500,USD,-,2000
program,546,جامعة إسطنبول جيليشيم,Avcılar Campus,Cihangir Mah. Şehit Jandarma Komando Er Hakan Öner Sk. No:1 Avcılar/İstanbul,تكنولوجيا المختبرات,تركيا,إسطنبول,دبلوم,التركية,متاح,2026-2027,3000,3000,2790,1500,USD,-,2000
program,545,جامعة إسطنبول جيليشيم,Avcılar Campus,Cihangir Mah. Şehit Jandarma Komando Er Hakan Öner Sk. No:1 Avcılar/İstanbul,الإسعافات الأولية والطوارئ,تركيا,إسطنبول,دبلوم,التركية,متاح,2026-2027,3000,3000,2790,1500,USD,-,2000
program,544,جامعة إسطنبول جيليشيم,Avcılar Campus,Cihangir Mah. Şehit Jandarma Komando Er Hakan Öner Sk. No:1 Avcılar/İstanbul,تحليل جودة الغذاء,تركيا,إسطنبول,دبلوم,التركية,متاح,2026-2027,3000,3000,2790,1500,USD,-,2000
program,543,جامعة إسطنبول جيليشيم,Avcılar Campus,Cihangir Mah. Şehit Jandarma Komando Er Hakan Öner Sk. No:1 Avcılar/İstanbul,الفيزيولوجيا العصبية الكهربائية,تركيا,إسطنبول,دبلوم,التركية,متاح,2026-2027,3000,3000,2790,1500,USD,-,2000
program,542,جامعة إسطنبول جيليشيم,Avcılar Campus,Cihangir Mah. Şehit Jandarma Komando Er Hakan Öner Sk. No:1 Avcılar/İstanbul,تكنولوجيا أنظمة الصحة الرقمية,تركيا,إسطنبول,دبلوم,التركية,متاح,2026-2027,3000,3000,2790,1500,USD,-,2000
program,541,جامعة إسطنبول جيليشيم,Avcılar Campus,Cihangir Mah. Şehit Jandarma Komando Er Hakan Öner Sk. No:1 Avcılar/İstanbul,غسيل الكلى,تركيا,إسطنبول,دبلوم,التركية,متاح,2026-2027,3000,3000,2790,1500,USD,-,2000
program,540,جامعة إسطنبول جيليشيم,Avcılar Campus,Cihangir Mah. Şehit Jandarma Komando Er Hakan Öner Sk. No:1 Avcılar/İstanbul,تقنية التعويضات السنية,تركيا,إسطنبول,دبلوم,التركية,متاح,2026-2027,3000,3000,2790,1500,USD,-,2000
program,539,جامعة إسطنبول جيليشيم,Avcılar Campus,Cihangir Mah. Şehit Jandarma Komando Er Hakan Öner Sk. No:1 Avcılar/İstanbul,تنمية الطفل,تركيا,إسطنبول,دبلوم,التركية,متاح,2026-2027,3000,3000,2790,1500,USD,-,2000
program,538,جامعة إسطنبول جيليشيم,Avcılar Campus,Cihangir Mah. Şehit Jandarma Komando Er Hakan Öner Sk. No:1 Avcılar/İstanbul,تقنيات الأجهزة الطبية الحيوية,تركيا,إسطنبول,دبلوم,التركية,متاح,2026-2027,3000,3000,2790,1500,USD,-,2000
program,537,جامعة إسطنبول جيليشيم,Avcılar Campus,Cihangir Mah. Şehit Jandarma Komando Er Hakan Öner Sk. No:1 Avcılar/İstanbul,التخدير,تركيا,إسطنبول,دبلوم,التركية,متاح,2026-2027,3000,3000,2790,1500,USD,-,2000
program,536,جامعة إسطنبول جيليشيم,Avcılar Campus,Cihangir Mah. Şehit Jandarma Komando Er Hakan Öner Sk. No:1 Avcılar/İstanbul,خدمات غرفة العمليات,تركيا,إسطنبول,دبلوم,التركية,متاح,2026-2027,3000,3000,2790,1500,USD,-,2000
program,535,جامعة إسطنبول جيليشيم,Avcılar Campus,Cihangir Mah. Şehit Jandarma Komando Er Hakan Öner Sk. No:1 Avcılar/İstanbul,صحة الفم والأسنان,تركيا,إسطنبول,دبلوم,التركية,متاح,2026-2027,3000,3000,2790,1500,USD,-,2000
program,534,جامعة إسطنبول جيليشيم,Avcılar Campus,Cihangir Mah. Şehit Jandarma Komando Er Hakan Öner Sk. No:1 Avcılar/İstanbul,العلاج الطبيعي,تركيا,إسطنبول,دبلوم,التركية,متاح,2026-2027,3000,3000,2790,1500,USD,-,2000
program,533,جامعة إسطنبول جيليشيم,Avcılar Campus,Cihangir Mah. Şehit Jandarma Komando Er Hakan Öner Sk. No:1 Avcılar/İstanbul,العلاج الطبيعي,تركيا,إسطنبول,دبلوم,الإنجليزية,متاح,2026-2027,3250,3250,3023,1625,USD,-,3250
program,532,جامعة إسطنبول جيليشيم,Avcılar Campus,Cihangir Mah. Şehit Jandarma Komando Er Hakan Öner Sk. No:1 Avcılar/İstanbul,تصميم وتطوير الويب,تركيا,إسطنبول,دبلوم,التركية,متاح,2026-2027,3000,3000,2790,1500,USD,-,2000
program,531,جامعة إسطنبول جيليشيم,Avcılar Campus,Cihangir Mah. Şehit Jandarma Komando Er Hakan Öner Sk. No:1 Avcılar/İstanbul,تطوير واجهات البرمجيات,تركيا,إسطنبول,دبلوم,التركية,متاح,2026-2027,3000,3000,2790,1500,USD,-,2000
program,530,جامعة إسطنبول جيليشيم,Avcılar Campus,Cihangir Mah. Şehit Jandarma Komando Er Hakan Öner Sk. No:1 Avcılar/İstanbul,تطوير وبرمجة الألعاب,تركيا,إسطنبول,دبلوم,التركية,متاح,2026-2027,3000,3000,2790,1500,USD,-,2000
program,529,جامعة إسطنبول جيليشيم,Avcılar Campus,Cihangir Mah. Şehit Jandarma Komando Er Hakan Öner Sk. No:1 Avcılar/İstanbul,المعجنات والمخابز,تركيا,إسطنبول,دبلوم,التركية,متاح,2026-2027,3000,3000,2790,1500,USD,-,2000
program,528,جامعة إسطنبول جيليشيم,Avcılar Campus,Cihangir Mah. Şehit Jandarma Komando Er Hakan Öner Sk. No:1 Avcılar/İstanbul,تقنيات وتشغيل الطائرات بدون طيار,تركيا,إسطنبول,دبلوم,التركية,متاح,2026-2027,3000,3000,2790,1500,USD,-,2000
program,527,جامعة إسطنبول جيليشيم,Avcılar Campus,Cihangir Mah. Şehit Jandarma Komando Er Hakan Öner Sk. No:1 Avcılar/İstanbul,تكنولوجيا المركبات الهجينة والكهربائية,تركيا,إسطنبول,دبلوم,التركية,متاح,2026-2027,3000,3000,2790,1500,USD,-,2000
program,526,جامعة إسطنبول جيليشيم,Avcılar Campus,Cihangir Mah. Şehit Jandarma Komando Er Hakan Öner Sk. No:1 Avcılar/İstanbul,إدارة عمليات الطيران,تركيا,إسطنبول,دبلوم,التركية,متاح,2026-2027,3000,3000,2790,1500,USD,-,2000
program,525,جامعة إسطنبول جيليشيم,Avcılar Campus,Cihangir Mah. Şehit Jandarma Komando Er Hakan Öner Sk. No:1 Avcılar/İstanbul,تكنولوجيا الطائرات,تركيا,إسطنبول,دبلوم,التركية,متاح,2026-2027,3000,3000,2790,1500,USD,-,2000
program,524,جامعة إسطنبول جيليشيم,Avcılar Campus,Cihangir Mah. Şehit Jandarma Komando Er Hakan Öner Sk. No:1 Avcılar/İstanbul,الإرشاد السياحي,تركيا,إسطنبول,دبلوم,التركية,متاح,2026-2027,3000,3000,2790,1500,USD,-,2000
program,523,جامعة إسطنبول جيليشيم,Avcılar Campus,Cihangir Mah. Şehit Jandarma Komando Er Hakan Öner Sk. No:1 Avcılar/İstanbul,فني الأنظمة الذاتية,تركيا,إسطنبول,دبلوم,التركية,متاح,2026-2027,3000,3000,2790,1500,USD,-,2000
program,522,جامعة إسطنبول جيليشيم,Avcılar Campus,Cihangir Mah. Şehit Jandarma Komando Er Hakan Öner Sk. No:1 Avcılar/İstanbul,تقنيات هيكل السيارات ومعالجة الأسطح,تركيا,إسطنبول,دبلوم,التركية,متاح,2026-2027,3000,3000,2790,1500,USD,-,2000
program,521,جامعة إسطنبول جيليشيم,Avcılar Campus,Cihangir Mah. Şehit Jandarma Komando Er Hakan Öner Sk. No:1 Avcılar/İstanbul,تكنولوجيا إدارة الكربون,تركيا,إسطنبول,دبلوم,التركية,متاح,2026-2027,3000,3000,2790,1500,USD,-,2000
program,520,جامعة إسطنبول جيليشيم,Avcılar Campus,Cihangir Mah. Şehit Jandarma Komando Er Hakan Öner Sk. No:1 Avcılar/İstanbul,تصميم الأزياء,تركيا,إسطنبول,دبلوم,التركية,متاح,2026-2027,3000,3000,2790,1500,USD,-,2000
program,519,جامعة إسطنبول جيليشيم,Avcılar Campus,Cihangir Mah. Şehit Jandarma Komando Er Hakan Öner Sk. No:1 Avcılar/İstanbul,الميكاترونكس,تركيا,إسطنبول,دبلوم,التركية,متاح,2026-2027,3000,3000,2790,1500,USD,-,2000
program,518,جامعة إسطنبول جيليشيم,Avcılar Campus,Cihangir Mah. Şehit Jandarma Komando Er Hakan Öner Sk. No:1 Avcılar/İstanbul,الآلات,تركيا,إسطنبول,دبلوم,التركية,متاح,2026-2027,3000,3000,2790,1500,USD,-,2000
program,517,جامعة إسطنبول جيليشيم,Avcılar Campus,Cihangir Mah. Şehit Jandarma Komando Er Hakan Öner Sk. No:1 Avcılar/İstanbul,اللوجستية,تركيا,إسطنبول,دبلوم,التركية,متاح,2026-2027,3000,3000,2790,1500,USD,-,2000
program,516,جامعة إسطنبول جيليشيم,Avcılar Campus,Cihangir Mah. Şehit Jandarma Komando Er Hakan Öner Sk. No:1 Avcılar/İstanbul,إنتاج ونقل وتوزيع الطاقة الكهربائية,تركيا,إسطنبول,دبلوم,التركية,متاح,2026-2027,3000,3000,2790,1500,USD,-,2000
program,515,جامعة إسطنبول جيليشيم,Avcılar Campus,Cihangir Mah. Şehit Jandarma Komando Er Hakan Öner Sk. No:1 Avcılar/İstanbul,تقنيات البناء,تركيا,إسطنبول,دبلوم,التركية,متاح,2026-2027,3000,3000,2790,1500,USD,-,2000
program,514,جامعة إسطنبول جيليشيم,Avcılar Campus,Cihangir Mah. Şehit Jandarma Komando Er Hakan Öner Sk. No:1 Avcılar/İstanbul,إدارة الموارد البشرية,تركيا,إسطنبول,دبلوم,التركية,متاح,2026-2027,3000,3000,2790,1500,USD,-,2000
program,513,جامعة إسطنبول جيليشيم,Avcılar Campus,Cihangir Mah. Şehit Jandarma Komando Er Hakan Öner Sk. No:1 Avcılar/İstanbul,التصميم الداخلي,تركيا,إسطنبول,دبلوم,التركية,متاح,2026-2027,3000,3000,2790,1500,USD,-,2000
program,512,جامعة إسطنبول جيليشيم,Avcılar Campus,Cihangir Mah. Şehit Jandarma Komando Er Hakan Öner Sk. No:1 Avcılar/İstanbul,اللوجستية الجوية,تركيا,إسطنبول,دبلوم,التركية,متاح,2026-2027,3000,3000,2790,1500,USD,-,2000
program,511,جامعة إسطنبول جيليشيم,Avcılar Campus,Cihangir Mah. Şehit Jandarma Komando Er Hakan Öner Sk. No:1 Avcılar/İstanbul,العلاقات العامة والترويج,تركيا,إسطنبول,دبلوم,التركية,متاح,2026-2027,3000,3000,2790,1500,USD,-,2000
program,510,جامعة إسطنبول جيليشيم,Avcılar Campus,Cihangir Mah. Şehit Jandarma Komando Er Hakan Öner Sk. No:1 Avcılar/İstanbul,التصميم الجرافيكي,تركيا,إسطنبول,دبلوم,التركية,متاح,2026-2027,3000,3000,2790,1500,USD,-,2000
program,509,جامعة إسطنبول جيليشيم,Avcılar Campus,Cihangir Mah. Şehit Jandarma Komando Er Hakan Öner Sk. No:1 Avcılar/İstanbul,تقنيات الأغذية,تركيا,إسطنبول,دبلوم,التركية,متاح,2026-2027,3000,3000,2790,1500,USD,-,2000
program,508,جامعة إسطنبول جيليشيم,Avcılar Campus,Cihangir Mah. Şehit Jandarma Komando Er Hakan Öner Sk. No:1 Avcılar/İstanbul,التقنيات الإلكترونية,تركيا,إسطنبول,دبلوم,التركية,متاح,2026-2027,3000,3000,2790,1500,USD,-,2000
program,507,جامعة إسطنبول جيليشيم,Avcılar Campus,Cihangir Mah. Şehit Jandarma Komando Er Hakan Öner Sk. No:1 Avcılar/İstanbul,التجارة الخارجية,تركيا,إسطنبول,دبلوم,التركية,متاح,2026-2027,3000,3000,2790,1500,USD,-,2000
program,506,جامعة إسطنبول جيليشيم,Avcılar Campus,Cihangir Mah. Şehit Jandarma Komando Er Hakan Öner Sk. No:1 Avcılar/İstanbul,إدارة الملاحة البحرية والموانئ,تركيا,إسطنبول,دبلوم,التركية,متاح,2026-2027,3000,3000,2790,1500,USD,-,2000
program,505,جامعة إسطنبول جيليشيم,Avcılar Campus,Cihangir Mah. Şehit Jandarma Komando Er Hakan Öner Sk. No:1 Avcılar/İstanbul,تقنية أمن المعلومات,تركيا,إسطنبول,دبلوم,التركية,متاح,2026-2027,3000,3000,2790,1500,USD,-,2000
program,504,جامعة إسطنبول جيليشيم,Avcılar Campus,Cihangir Mah. Şehit Jandarma Komando Er Hakan Öner Sk. No:1 Avcılar/İstanbul,طبخ,تركيا,إسطنبول,دبلوم,التركية,متاح,2026-2027,3000,3000,2790,1500,USD,-,2000
program,503,جامعة إسطنبول جيليشيم,Avcılar Campus,Cihangir Mah. Şehit Jandarma Komando Er Hakan Öner Sk. No:1 Avcılar/İstanbul,تكنولوجيا الحاسوب,تركيا,إسطنبول,دبلوم,التركية,متاح,2026-2027,3000,3000,2790,1500,USD,-,2000
program,502,جامعة إسطنبول جيليشيم,Avcılar Campus,Cihangir Mah. Şehit Jandarma Komando Er Hakan Öner Sk. No:1 Avcılar/İstanbul,التصميم والرسوم المتحركة بمساعدة الحاسوب,تركيا,إسطنبول,دبلوم,التركية,متاح,2026-2027,3000,3000,2790,1500,USD,-,2000
program,501,جامعة إسطنبول جيليشيم,Avcılar Campus,Cihangir Mah. Şehit Jandarma Komando Er Hakan Öner Sk. No:1 Avcılar/İstanbul,خدمات مكتب المحكمة,تركيا,إسطنبول,دبلوم,التركية,متاح,2026-2027,3000,3000,2790,1500,USD,-,2000
program,500,جامعة إسطنبول جيليشيم,Avcılar Campus,Cihangir Mah. Şehit Jandarma Komando Er Hakan Öner Sk. No:1 Avcılar/İstanbul,إلكترونيات التحول الرقمي,تركيا,إسطنبول,دبلوم,التركية,متاح,2026-2027,3000,3000,2790,1500,USD,-,2000
program,499,جامعة إسطنبول جيليشيم,Avcılar Campus,Cihangir Mah. Şehit Jandarma Komando Er Hakan Öner Sk. No:1 Avcılar/İstanbul,البنوك والتأمين,تركيا,إسطنبول,دبلوم,التركية,متاح,2026-2027,3000,3000,2790,1500,USD,-,2000
program,498,جامعة إسطنبول جيليشيم,Avcılar Campus,Cihangir Mah. Şehit Jandarma Komando Er Hakan Öner Sk. No:1 Avcılar/İstanbul,تكنولوجيا البنية التحتية الذكية,تركيا,إسطنبول,دبلوم,التركية,متاح,2026-2027,3000,3000,2790,1500,USD,-,2000
program,497,جامعة إسطنبول جيليشيم,Avcılar Campus,Cihangir Mah. Şehit Jandarma Komando Er Hakan Öner Sk. No:1 Avcılar/İstanbul,برمجة الكمبيوتر,تركيا,إسطنبول,دبلوم,التركية,متاح,2026-2027,3000,3000,2790,1500,USD,-,2000
program,496,جامعة إسطنبول جيليشيم,Avcılar Campus,Cihangir Mah. Şehit Jandarma Komando Er Hakan Öner Sk. No:1 Avcılar/İstanbul,برمجة الكمبيوتر,تركيا,إسطنبول,دبلوم,الإنجليزية,متاح,2026-2027,3250,3250,3023,1625,USD,-,3250
program,495,جامعة إسطنبول جيليشيم,Avcılar Campus,Cihangir Mah. Şehit Jandarma Komando Er Hakan Öner Sk. No:1 Avcılar/İstanbul,الطيران المدني وخدمات المقصورة,تركيا,إسطنبول,دبلوم,التركية,متاح,2026-2027,3000,3000,2790,1500,USD,-,2000
program,494,جامعة إسطنبول جيليشيم,Avcılar Campus,Cihangir Mah. Şehit Jandarma Komando Er Hakan Öner Sk. No:1 Avcılar/İstanbul,الطيران المدني وخدمات المقصورة,تركيا,إسطنبول,دبلوم,الإنجليزية,متاح,2026-2027,3250,3250,3023,1625,USD,-,3250
program,493,جامعة إسطنبول جيليشيم,Avcılar Campus,Cihangir Mah. Şehit Jandarma Komando Er Hakan Öner Sk. No:1 Avcılar/İstanbul,إدارة النقل بالطيران المدني,تركيا,إسطنبول,دبلوم,التركية,متاح,2026-2027,3000,3000,2790,1500,USD,-,2000
program,492,جامعة إسطنبول جيليشيم,Avcılar Campus,Cihangir Mah. Şehit Jandarma Komando Er Hakan Öner Sk. No:1 Avcılar/İstanbul,إدارة النقل بالطيران المدني,تركيا,إسطنبول,دبلوم,الإنجليزية,متاح,2026-2027,3250,3250,3023,1625,USD,-,3250
program,491,جامعة إسطنبول جيليشيم,Avcılar Campus,Cihangir Mah. Şehit Jandarma Komando Er Hakan Öner Sk. No:1 Avcılar/İstanbul,الإدارة الرياضية,تركيا,إسطنبول,بكالوريوس,التركية,متاح,2026-2027,4000,4000,3720,2000,USD,-,2000
program,490,جامعة إسطنبول جيليشيم,Avcılar Campus,Cihangir Mah. Şehit Jandarma Komando Er Hakan Öner Sk. No:1 Avcılar/İstanbul,الترفيه,تركيا,إسطنبول,بكالوريوس,التركية,متاح,2026-2027,4000,4000,3720,2000,USD,-,2000
program,489,جامعة إسطنبول جيليشيم,Avcılar Campus,Cihangir Mah. Şehit Jandarma Komando Er Hakan Öner Sk. No:1 Avcılar/İstanbul,ممارسة الرياضة وذوي الاحتياجات الخاصة,تركيا,إسطنبول,بكالوريوس,التركية,متاح,2026-2027,4000,4000,3720,2000,USD,-,2000
program,488,جامعة إسطنبول جيليشيم,Avcılar Campus,Cihangir Mah. Şehit Jandarma Komando Er Hakan Öner Sk. No:1 Avcılar/İstanbul,علوم التمرين والرياضة,تركيا,إسطنبول,بكالوريوس,التركية,متاح,2026-2027,4000,4000,3720,2000,USD,-,2000
program,487,جامعة إسطنبول جيليشيم,Avcılar Campus,Cihangir Mah. Şehit Jandarma Komando Er Hakan Öner Sk. No:1 Avcılar/İstanbul,التدريب على التدريب,تركيا,إسطنبول,بكالوريوس,الإنجليزية,متاح,2026-2027,4250,4250,3953,2125,USD,-,4250
program,486,جامعة إسطنبول جيليشيم,Avcılar Campus,Cihangir Mah. Şehit Jandarma Komando Er Hakan Öner Sk. No:1 Avcılar/İstanbul,التدريب على التدريب,تركيا,إسطنبول,بكالوريوس,التركية,متاح,2026-2027,4000,4000,3720,2000,USD,-,2000
program,485,جامعة إسطنبول جيليشيم,Avcılar Campus,Cihangir Mah. Şehit Jandarma Komando Er Hakan Öner Sk. No:1 Avcılar/İstanbul,العلاقات العامة والإعلان,تركيا,إسطنبول,بكالوريوس,التركية,متاح,2026-2027,4000,4000,3720,2000,USD,-,2000
program,484,جامعة إسطنبول جيليشيم,Avcılar Campus,Cihangir Mah. Şehit Jandarma Komando Er Hakan Öner Sk. No:1 Avcılar/İstanbul,علم البيانات والتحليلات,تركيا,إسطنبول,بكالوريوس,التركية,متاح,2026-2027,4000,4000,3720,2000,USD,-,2000
program,483,جامعة إسطنبول جيليشيم,Avcılar Campus,Cihangir Mah. Şehit Jandarma Komando Er Hakan Öner Sk. No:1 Avcılar/İstanbul,إعداد التقارير والبرامج التلفزيونية,تركيا,إسطنبول,بكالوريوس,التركية,متاح,2026-2027,4000,4000,3720,2000,USD,-,2000
program,482,جامعة إسطنبول جيليشيم,Avcılar Campus,Cihangir Mah. Şehit Jandarma Komando Er Hakan Öner Sk. No:1 Avcılar/İstanbul,وسائل الإعلام الجديدة والاتصالات,تركيا,إسطنبول,بكالوريوس,الإنجليزية,متاح,2026-2027,4250,4250,3953,2125,USD,-,4250
program,481,جامعة إسطنبول جيليشيم,Avcılar Campus,Cihangir Mah. Şehit Jandarma Komando Er Hakan Öner Sk. No:1 Avcılar/İstanbul,نظم وتقنيات المعلومات,تركيا,إسطنبول,بكالوريوس,التركية,متاح,2026-2027,4000,4000,3720,2000,USD,-,2000
program,480,جامعة إسطنبول جيليشيم,Avcılar Campus,Cihangir Mah. Şehit Jandarma Komando Er Hakan Öner Sk. No:1 Avcılar/İstanbul,فنون الطهي وفنون المطبخ,تركيا,إسطنبول,بكالوريوس,الإنجليزية,متاح,2026-2027,4250,4250,3953,2125,USD,-,4250
program,479,جامعة إسطنبول جيليشيم,Avcılar Campus,Cihangir Mah. Şehit Jandarma Komando Er Hakan Öner Sk. No:1 Avcılar/İstanbul,التجارة الإلكترونية والإدارة,تركيا,إسطنبول,بكالوريوس,التركية,متاح,2026-2027,4000,4000,3720,2000,USD,-,2000
program,478,جامعة إسطنبول جيليشيم,Avcılar Campus,Cihangir Mah. Şehit Jandarma Komando Er Hakan Öner Sk. No:1 Avcılar/İstanbul,البنوك والتأمين,تركيا,إسطنبول,بكالوريوس,التركية,متاح,2026-2027,4000,4000,3720,2000,USD,-,2000
program,477,جامعة إسطنبول جيليشيم,Avcılar Campus,Cihangir Mah. Şehit Jandarma Komando Er Hakan Öner Sk. No:1 Avcılar/İstanbul,إلكترونيات الطيران,تركيا,إسطنبول,بكالوريوس,التركية,متاح,2026-2027,4000,4000,3720,2000,USD,-,2000
program,476,جامعة إسطنبول جيليشيم,Avcılar Campus,Cihangir Mah. Şehit Jandarma Komando Er Hakan Öner Sk. No:1 Avcılar/İstanbul,صيانة وإصلاح الطائرات,تركيا,إسطنبول,بكالوريوس,التركية,متاح,2026-2027,4000,4000,3720,2000,USD,-,2000
program,475,جامعة إسطنبول جيليشيم,Avcılar Campus,Cihangir Mah. Şehit Jandarma Komando Er Hakan Öner Sk. No:1 Avcılar/İstanbul,علاج النطق واللغة,تركيا,إسطنبول,بكالوريوس,التركية,متاح,2026-2027,4000,4000,3720,2000,USD,-,2000
program,474,جامعة إسطنبول جيليشيم,Avcılar Campus,Cihangir Mah. Şehit Jandarma Komando Er Hakan Öner Sk. No:1 Avcılar/İstanbul,العمل الاجتماعي,تركيا,إسطنبول,بكالوريوس,التركية,متاح,2026-2027,4000,4000,3720,2000,USD,-,2000
program,473,جامعة إسطنبول جيليشيم,Avcılar Campus,Cihangir Mah. Şehit Jandarma Komando Er Hakan Öner Sk. No:1 Avcılar/İstanbul,العلاج الطبيعي والتأهيل,تركيا,إسطنبول,بكالوريوس,التركية,متاح,2026-2027,4500,4500,4185,2250,USD,-,2000
program,472,جامعة إسطنبول جيليشيم,Avcılar Campus,Cihangir Mah. Şehit Jandarma Komando Er Hakan Öner Sk. No:1 Avcılar/İstanbul,العلاج الطبيعي والتأهيل,تركيا,إسطنبول,بكالوريوس,الإنجليزية,متاح,2026-2027,4500,4500,4185,2250,USD,-,4500
program,471,جامعة إسطنبول جيليشيم,Avcılar Campus,Cihangir Mah. Şehit Jandarma Komando Er Hakan Öner Sk. No:1 Avcılar/İstanbul,نضح,تركيا,إسطنبول,بكالوريوس,التركية,متاح,2026-2027,4000,4000,3720,2000,USD,-,2000
program,470,جامعة إسطنبول جيليشيم,Avcılar Campus,Cihangir Mah. Şehit Jandarma Komando Er Hakan Öner Sk. No:1 Avcılar/İstanbul,العلاج الوظيفي,تركيا,إسطنبول,بكالوريوس,التركية,متاح,2026-2027,4000,4000,3720,2000,USD,-,2000
program,469,جامعة إسطنبول جيليشيم,Avcılar Campus,Cihangir Mah. Şehit Jandarma Komando Er Hakan Öner Sk. No:1 Avcılar/İstanbul,التغذية وعلم الحمية,تركيا,إسطنبول,بكالوريوس,التركية,متاح,2026-2027,4000,4000,3720,2000,USD,-,2000
program,468,جامعة إسطنبول جيليشيم,Avcılar Campus,Cihangir Mah. Şehit Jandarma Komando Er Hakan Öner Sk. No:1 Avcılar/İstanbul,التغذية وعلم الحمية,تركيا,إسطنبول,بكالوريوس,الإنجليزية,متاح,2026-2027,4250,4250,3953,2125,USD,-,4250
program,467,جامعة إسطنبول جيليشيم,Avcılar Campus,Cihangir Mah. Şehit Jandarma Komando Er Hakan Öner Sk. No:1 Avcılar/İstanbul,علم السمع,تركيا,إسطنبول,بكالوريوس,التركية,متاح,2026-2027,4000,4000,3720,2000,USD,-,2000
program,466,جامعة إسطنبول جيليشيم,Avcılar Campus,Cihangir Mah. Şehit Jandarma Komando Er Hakan Öner Sk. No:1 Avcılar/İstanbul,إدارة الصحة,تركيا,إسطنبول,بكالوريوس,التركية,متاح,2026-2027,4000,4000,3720,2000,USD,-,2000
program,465,جامعة إسطنبول جيليشيم,Avcılar Campus,Cihangir Mah. Şehit Jandarma Komando Er Hakan Öner Sk. No:1 Avcılar/İstanbul,تنمية الطفل,تركيا,إسطنبول,بكالوريوس,التركية,متاح,2026-2027,4000,4000,3720,2000,USD,-,2000
program,464,جامعة إسطنبول جيليشيم,Avcılar Campus,Cihangir Mah. Şehit Jandarma Komando Er Hakan Öner Sk. No:1 Avcılar/İstanbul,تنمية الطفل,تركيا,إسطنبول,بكالوريوس,الإنجليزية,متاح,2026-2027,4250,4250,3953,2125,USD,-,4250
program,463,جامعة إسطنبول جيليشيم,Avcılar Campus,Cihangir Mah. Şehit Jandarma Komando Er Hakan Öner Sk. No:1 Avcılar/İstanbul,تمريض,تركيا,إسطنبول,بكالوريوس,التركية,متاح,2026-2027,5000,5000,4650,2500,USD,-,2000
program,462,جامعة إسطنبول جيليشيم,Avcılar Campus,Cihangir Mah. Şehit Jandarma Komando Er Hakan Öner Sk. No:1 Avcılar/İstanbul,تمريض,تركيا,إسطنبول,بكالوريوس,الإنجليزية,متاح,2026-2027,4250,4250,3953,2125,USD,-,4250
program,461,جامعة إسطنبول جيليشيم,Avcılar Campus,Cihangir Mah. Şehit Jandarma Komando Er Hakan Öner Sk. No:1 Avcılar/İstanbul,تصميم الاتصالات المرئية,تركيا,إسطنبول,بكالوريوس,التركية,متاح,2026-2027,4000,4000,3720,2000,USD,-,2000
program,460,جامعة إسطنبول جيليشيم,Avcılar Campus,Cihangir Mah. Şehit Jandarma Komando Er Hakan Öner Sk. No:1 Avcılar/İstanbul,الهندسة المعمارية الداخلية والتصميم البيئي,تركيا,إسطنبول,بكالوريوس,التركية,متاح,2026-2027,4000,4000,3720,2000,USD,-,2000
program,459,جامعة إسطنبول جيليشيم,Avcılar Campus,Cihangir Mah. Şehit Jandarma Komando Er Hakan Öner Sk. No:1 Avcılar/İstanbul,العمارة الداخلية,تركيا,إسطنبول,بكالوريوس,التركية,متاح,2026-2027,4000,4000,3720,2000,USD,-,2000
program,458,جامعة إسطنبول جيليشيم,Avcılar Campus,Cihangir Mah. Şehit Jandarma Komando Er Hakan Öner Sk. No:1 Avcılar/İstanbul,التصميم الجرافيكي,تركيا,إسطنبول,بكالوريوس,التركية,متاح,2026-2027,4000,4000,3720,2000,USD,-,2000
program,457,جامعة إسطنبول جيليشيم,Avcılar Campus,Cihangir Mah. Şehit Jandarma Komando Er Hakan Öner Sk. No:1 Avcılar/İstanbul,فنون الطهي وفنون المطبخ,تركيا,إسطنبول,بكالوريوس,التركية,متاح,2026-2027,4000,4000,3720,2000,USD,-,2000
program,456,جامعة إسطنبول جيليشيم,Avcılar Campus,Cihangir Mah. Şehit Jandarma Komando Er Hakan Öner Sk. No:1 Avcılar/İstanbul,الهندسة المعمارية الداخلية والتصميم البيئي,تركيا,إسطنبول,بكالوريوس,الإنجليزية,متاح,2026-2027,4250,4250,3953,2125,USD,-,4250
program,455,جامعة إسطنبول جيليشيم,Avcılar Campus,Cihangir Mah. Şehit Jandarma Komando Er Hakan Öner Sk. No:1 Avcılar/İstanbul,هندسة الميكاترونكس,تركيا,إسطنبول,بكالوريوس,التركية,متاح,2026-2027,4500,4500,4185,2250,USD,-,2000
program,454,جامعة إسطنبول جيليشيم,Avcılar Campus,Cihangir Mah. Şehit Jandarma Komando Er Hakan Öner Sk. No:1 Avcılar/İstanbul,الهندسة الصناعية,تركيا,إسطنبول,بكالوريوس,التركية,متاح,2026-2027,4500,4500,4185,2250,USD,-,2000
program,453,جامعة إسطنبول جيليشيم,Avcılar Campus,Cihangir Mah. Şehit Jandarma Komando Er Hakan Öner Sk. No:1 Avcılar/İstanbul,الهندسة الكهربائية والإلكترونية,تركيا,إسطنبول,بكالوريوس,التركية,متاح,2026-2027,4500,4500,4185,2250,USD,-,2000
program,452,جامعة إسطنبول جيليشيم,Avcılar Campus,Cihangir Mah. Şehit Jandarma Komando Er Hakan Öner Sk. No:1 Avcılar/İstanbul,الهندسة الكهربائية والإلكترونية,تركيا,إسطنبول,بكالوريوس,الإنجليزية,متاح,2026-2027,4750,4750,4418,2375,USD,-,4750
program,451,جامعة إسطنبول جيليشيم,Avcılar Campus,Cihangir Mah. Şehit Jandarma Komando Er Hakan Öner Sk. No:1 Avcılar/İstanbul,العمارة,تركيا,إسطنبول,بكالوريوس,التركية,متاح,2026-2027,4500,4500,4185,2250,USD,-,2000
program,450,جامعة إسطنبول جيليشيم,Avcılar Campus,Cihangir Mah. Şehit Jandarma Komando Er Hakan Öner Sk. No:1 Avcılar/İstanbul,العمارة,تركيا,إسطنبول,بكالوريوس,الإنجليزية,متاح,2026-2027,4750,4750,4418,2375,USD,-,4750
program,449,جامعة إسطنبول جيليشيم,Avcılar Campus,Cihangir Mah. Şehit Jandarma Komando Er Hakan Öner Sk. No:1 Avcılar/İstanbul,الهندسة المدنية,تركيا,إسطنبول,بكالوريوس,التركية,متاح,2026-2027,4500,4500,4185,2250,USD,-,2000
program,448,جامعة إسطنبول جيليشيم,Avcılar Campus,Cihangir Mah. Şehit Jandarma Komando Er Hakan Öner Sk. No:1 Avcılar/İstanbul,الهندسة المدنية,تركيا,إسطنبول,بكالوريوس,الإنجليزية,متاح,2026-2027,4750,4750,4418,2375,USD,-,4750
program,447,جامعة إسطنبول جيليشيم,Avcılar Campus,Cihangir Mah. Şehit Jandarma Komando Er Hakan Öner Sk. No:1 Avcılar/İstanbul,هندسة البرمجيات,تركيا,إسطنبول,بكالوريوس,التركية,متاح,2026-2027,4500,4500,4185,2250,USD,-,2000
program,446,جامعة إسطنبول جيليشيم,Avcılar Campus,Cihangir Mah. Şehit Jandarma Komando Er Hakan Öner Sk. No:1 Avcılar/İstanbul,هندسة البرمجيات,تركيا,إسطنبول,بكالوريوس,الإنجليزية,متاح,2026-2027,5500,5500,5115,2750,USD,-,5500
program,445,جامعة إسطنبول جيليشيم,Avcılar Campus,Cihangir Mah. Şehit Jandarma Komando Er Hakan Öner Sk. No:1 Avcılar/İstanbul,هندسة الكمبيوتر,تركيا,إسطنبول,بكالوريوس,التركية,متاح,2026-2027,4500,4500,4185,2250,USD,-,2000
program,444,جامعة إسطنبول جيليشيم,Avcılar Campus,Cihangir Mah. Şehit Jandarma Komando Er Hakan Öner Sk. No:1 Avcılar/İstanbul,هندسة الكمبيوتر,تركيا,إسطنبول,بكالوريوس,الإنجليزية,متاح,2026-2027,5500,5500,5115,2750,USD,-,5500
program,443,جامعة إسطنبول جيليشيم,Avcılar Campus,Cihangir Mah. Şehit Jandarma Komando Er Hakan Öner Sk. No:1 Avcılar/İstanbul,هندسة الطيران,تركيا,إسطنبول,بكالوريوس,التركية,متاح,2026-2027,4500,4500,4185,2250,USD,-,2000
program,442,جامعة إسطنبول جيليشيم,Avcılar Campus,Cihangir Mah. Şehit Jandarma Komando Er Hakan Öner Sk. No:1 Avcılar/İstanbul,هندسة الطيران,تركيا,إسطنبول,بكالوريوس,الإنجليزية,متاح,2026-2027,6000,6000,5580,3000,USD,-,6000
program,441,جامعة إسطنبول جيليشيم,Avcılar Campus,Cihangir Mah. Şehit Jandarma Komando Er Hakan Öner Sk. No:1 Avcılar/İstanbul,اللغة التركية وآدابها,تركيا,إسطنبول,بكالوريوس,التركية,متاح,2026-2027,4000,4000,3720,2000,USD,-,2000
program,440,جامعة إسطنبول جيليشيم,Avcılar Campus,Cihangir Mah. Şehit Jandarma Komando Er Hakan Öner Sk. No:1 Avcılar/İstanbul,الإرشاد السياحي,تركيا,إسطنبول,بكالوريوس,التركية,متاح,2026-2027,4000,4000,3720,2000,USD,-,2000
program,439,جامعة إسطنبول جيليشيم,Avcılar Campus,Cihangir Mah. Şehit Jandarma Komando Er Hakan Öner Sk. No:1 Avcılar/İstanbul,علم الاجتماع,تركيا,إسطنبول,بكالوريوس,التركية,متاح,2026-2027,4000,4000,3720,2000,USD,-,2000
program,438,جامعة إسطنبول جيليشيم,Avcılar Campus,Cihangir Mah. Şehit Jandarma Komando Er Hakan Öner Sk. No:1 Avcılar/İstanbul,الإذاعة والتلفزيون والسينما,تركيا,إسطنبول,بكالوريوس,التركية,متاح,2026-2027,4000,4000,3720,2000,USD,-,2000
program,437,جامعة إسطنبول جيليشيم,Avcılar Campus,Cihangir Mah. Şehit Jandarma Komando Er Hakan Öner Sk. No:1 Avcılar/İstanbul,العلاقات العامة والدعاية,تركيا,إسطنبول,بكالوريوس,التركية,متاح,2026-2027,4000,4000,3720,2000,USD,-,2000
program,436,جامعة إسطنبول جيليشيم,Avcılar Campus,Cihangir Mah. Şehit Jandarma Komando Er Hakan Öner Sk. No:1 Avcılar/İstanbul,علم النفس,تركيا,إسطنبول,بكالوريوس,التركية,متاح,2026-2027,4000,4000,3720,2000,USD,-,2000
program,435,جامعة إسطنبول جيليشيم,Avcılar Campus,Cihangir Mah. Şehit Jandarma Komando Er Hakan Öner Sk. No:1 Avcılar/İstanbul,علم النفس,تركيا,إسطنبول,بكالوريوس,الإنجليزية,متاح,2026-2027,4250,4250,3953,2125,USD,-,4250
program,434,جامعة إسطنبول جيليشيم,Avcılar Campus,Cihangir Mah. Şehit Jandarma Komando Er Hakan Öner Sk. No:1 Avcılar/İstanbul,العلوم السياسية والإدارة العامة,تركيا,إسطنبول,بكالوريوس,التركية,متاح,2026-2027,4000,4000,3720,2000,USD,-,2000
program,433,جامعة إسطنبول جيليشيم,Avcılar Campus,Cihangir Mah. Şehit Jandarma Komando Er Hakan Öner Sk. No:1 Avcılar/İstanbul,العلوم السياسية والعلاقات الدولية,تركيا,إسطنبول,بكالوريوس,الإنجليزية,متاح,2026-2027,4250,4250,3953,2125,USD,-,4250
program,432,جامعة إسطنبول جيليشيم,Avcılar Campus,Cihangir Mah. Şehit Jandarma Komando Er Hakan Öner Sk. No:1 Avcılar/İstanbul,العلوم السياسية والعلاقات الدولية,تركيا,إسطنبول,بكالوريوس,التركية,متاح,2026-2027,4000,4000,3720,2000,USD,-,2000
program,431,جامعة إسطنبول جيليشيم,Avcılar Campus,Cihangir Mah. Şehit Jandarma Komando Er Hakan Öner Sk. No:1 Avcılar/İstanbul,وسائل الإعلام الجديدة والاتصالات,تركيا,إسطنبول,بكالوريوس,التركية,متاح,2026-2027,4000,4000,3720,2000,USD,-,2000
program,430,جامعة إسطنبول جيليشيم,Avcılar Campus,Cihangir Mah. Şehit Jandarma Komando Er Hakan Öner Sk. No:1 Avcılar/İstanbul,نظم المعلومات الإدارية,تركيا,إسطنبول,بكالوريوس,التركية,متاح,2026-2027,4000,4000,3720,2000,USD,-,2000
program,429,جامعة إسطنبول جيليشيم,Avcılar Campus,Cihangir Mah. Şehit Jandarma Komando Er Hakan Öner Sk. No:1 Avcılar/İstanbul,نظم المعلومات الإدارية,تركيا,إسطنبول,بكالوريوس,الإنجليزية,متاح,2026-2027,4250,4250,3953,2125,USD,-,4250
program,428,جامعة إسطنبول جيليشيم,Avcılar Campus,Cihangir Mah. Şehit Jandarma Komando Er Hakan Öner Sk. No:1 Avcılar/İstanbul,إدارة اللوجستيات,تركيا,إسطنبول,بكالوريوس,التركية,متاح,2026-2027,4000,4000,3720,2000,USD,-,2000
program,427,جامعة إسطنبول جيليشيم,Avcılar Campus,Cihangir Mah. Şehit Jandarma Komando Er Hakan Öner Sk. No:1 Avcılar/İstanbul,إدارة اللوجستيات,تركيا,إسطنبول,بكالوريوس,الإنجليزية,متاح,2026-2027,4250,4250,3953,2125,USD,-,4250
program,426,جامعة إسطنبول جيليشيم,Avcılar Campus,Cihangir Mah. Şehit Jandarma Komando Er Hakan Öner Sk. No:1 Avcılar/İstanbul,التجارة الدولية والتمويل,تركيا,إسطنبول,بكالوريوس,التركية,متاح,2026-2027,4000,4000,3720,2000,USD,-,2000
program,425,جامعة إسطنبول جيليشيم,Avcılar Campus,Cihangir Mah. Şehit Jandarma Komando Er Hakan Öner Sk. No:1 Avcılar/İstanbul,التجارة الدولية والتمويل,تركيا,إسطنبول,بكالوريوس,الإنجليزية,متاح,2026-2027,4250,4250,3953,2125,USD,-,4250
program,424,جامعة إسطنبول جيليشيم,Avcılar Campus,Cihangir Mah. Şehit Jandarma Komando Er Hakan Öner Sk. No:1 Avcılar/İstanbul,التجارة الدولية والأعمال,تركيا,إسطنبول,بكالوريوس,التركية,متاح,2026-2027,4000,4000,3720,2000,USD,-,2000
program,423,جامعة إسطنبول جيليشيم,Avcılar Campus,Cihangir Mah. Şehit Jandarma Komando Er Hakan Öner Sk. No:1 Avcılar/İstanbul,التجارة الدولية والأعمال,تركيا,إسطنبول,بكالوريوس,الإنجليزية,متاح,2026-2027,4250,4250,3953,2125,USD,-,4250
program,422,جامعة إسطنبول جيليشيم,Avcılar Campus,Cihangir Mah. Şehit Jandarma Komando Er Hakan Öner Sk. No:1 Avcılar/İstanbul,الترجمة التحريرية والشفهية (الإنجليزية),تركيا,إسطنبول,بكالوريوس,الإنجليزية,متاح,2026-2027,4250,4250,3953,2125,USD,-,4250
program,421,جامعة إسطنبول جيليشيم,Avcılar Campus,Cihangir Mah. Şehit Jandarma Komando Er Hakan Öner Sk. No:1 Avcılar/İstanbul,اللغة الإنجليزية وآدابها,تركيا,إسطنبول,بكالوريوس,الإنجليزية,متاح,2026-2027,4250,4250,3953,2125,USD,-,4250
program,420,جامعة إسطنبول جيليشيم,Avcılar Campus,Cihangir Mah. Şehit Jandarma Komando Er Hakan Öner Sk. No:1 Avcılar/İstanbul,الاقتصاد والمالية,تركيا,إسطنبول,بكالوريوس,التركية,متاح,2026-2027,4000,4000,3720,2000,USD,-,2000
program,419,جامعة إسطنبول جيليشيم,Avcılar Campus,Cihangir Mah. Şehit Jandarma Komando Er Hakan Öner Sk. No:1 Avcılar/İstanbul,الاقتصاد والمالية,تركيا,إسطنبول,بكالوريوس,الإنجليزية,متاح,2026-2027,4250,4250,3953,2125,USD,-,4250
program,418,جامعة إسطنبول جيليشيم,Avcılar Campus,Cihangir Mah. Şehit Jandarma Komando Er Hakan Öner Sk. No:1 Avcılar/İstanbul,إدارة الأعمال,تركيا,إسطنبول,بكالوريوس,التركية,متاح,2026-2027,4000,4000,3720,2000,USD,-,2000
program,417,جامعة إسطنبول جيليشيم,Avcılar Campus,Cihangir Mah. Şehit Jandarma Komando Er Hakan Öner Sk. No:1 Avcılar/İstanbul,إدارة الأعمال,تركيا,إسطنبول,بكالوريوس,الإنجليزية,متاح,2026-2027,4500,4500,4185,2250,USD,-,4500
program,416,جامعة إسطنبول جيليشيم,Avcılar Campus,Cihangir Mah. Şehit Jandarma Komando Er Hakan Öner Sk. No:1 Avcılar/İstanbul,إدارة الطيران,تركيا,إسطنبول,بكالوريوس,التركية,متاح,2026-2027,4000,4000,3720,2000,USD,-,2000
program,415,جامعة إسطنبول جيليشيم,Avcılar Campus,Cihangir Mah. Şehit Jandarma Komando Er Hakan Öner Sk. No:1 Avcılar/İstanbul,إدارة الطيران,تركيا,إسطنبول,بكالوريوس,الإنجليزية,متاح,2026-2027,4250,4250,3953,2125,USD,-,4250
program,414,جامعة إسطنبول جيليشيم,Avcılar Campus,Cihangir Mah. Şehit Jandarma Komando Er Hakan Öner Sk. No:1 Avcılar/İstanbul,الإعلان,تركيا,إسطنبول,بكالوريوس,التركية,متاح,2026-2027,4000,4000,3720,2000,USD,-,2000
program,413,جامعة إسطنبول جيليشيم,Avcılar Campus,Cihangir Mah. Şehit Jandarma Komando Er Hakan Öner Sk. No:1 Avcılar/İstanbul,طب الأسنان,تركيا,إسطنبول,بكالوريوس,التركية,متاح,2026-2027,13500,13500,12555,6750,USD,-,5000
program,412,جامعة إسطنبول جيليشيم,Avcılar Campus,Cihangir Mah. Şehit Jandarma Komando Er Hakan Öner Sk. No:1 Avcılar/İstanbul,طب الأسنان,تركيا,إسطنبول,بكالوريوس,الإنجليزية,متاح,2026-2027,17250,17250,16043,8625,USD,-,8000
program,411,جامعة بيروني,Topkapi Main Campus,"Merkezefendi, 75 Sk No:1-13 M.G. 34015, Zeytinburnu / Istanbul / Turkey",الروبوتات والذكاء الاصطناعي,تركيا,إسطنبول,دبلوم,التركية,متاح,2026-2027,5000,5000,4500,2500,USD,-,0
program,410,جامعة بيروني,Topkapi Main Campus,"Merkezefendi, 75 Sk No:1-13 M.G. 34015, Zeytinburnu / Istanbul / Turkey",تقنيات المختبرات الطبية,تركيا,إسطنبول,دبلوم,التركية,متاح,2026-2027,5000,5000,4500,2500,USD,-,0
program,409,جامعة بيروني,Topkapi Main Campus,"Merkezefendi, 75 Sk No:1-13 M.G. 34015, Zeytinburnu / Istanbul / Turkey",تقنيات التصوير الطبي,تركيا,إسطنبول,دبلوم,التركية,متاح,2026-2027,5000,5000,4500,2500,USD,-,0
program,408,جامعة بيروني,Topkapi Main Campus,"Merkezefendi, 75 Sk No:1-13 M.G. 34015, Zeytinburnu / Istanbul / Turkey",تقنيات مختبر علم الأمراض,تركيا,إسطنبول,دبلوم,التركية,متاح,2026-2027,5000,5000,4500,2500,USD,-,0
program,407,جامعة بيروني,Topkapi Main Campus,"Merkezefendi, 75 Sk No:1-13 M.G. 34015, Zeytinburnu / Istanbul / Turkey",البصريات,تركيا,إسطنبول,دبلوم,التركية,متاح,2026-2027,5000,5000,4500,2500,USD,-,0
program,406,جامعة بيروني,Topkapi Main Campus,"Merkezefendi, 75 Sk No:1-13 M.G. 34015, Zeytinburnu / Istanbul / Turkey",قياس السمع,تركيا,إسطنبول,دبلوم,التركية,متاح,2026-2027,5000,5000,4500,2500,USD,-,0
program,405,جامعة بيروني,Topkapi Main Campus,"Merkezefendi, 75 Sk No:1-13 M.G. 34015, Zeytinburnu / Istanbul / Turkey",الإسعافات الأولية والطوارئ,تركيا,إسطنبول,دبلوم,التركية,متاح,2026-2027,5000,5000,4500,2500,USD,-,0
program,404,جامعة بيروني,Topkapi Main Campus,"Merkezefendi, 75 Sk No:1-13 M.G. 34015, Zeytinburnu / Istanbul / Turkey",العلاج الطبيعي,تركيا,إسطنبول,دبلوم,التركية,متاح,2026-2027,5000,5000,4500,2500,USD,-,0
program,403,جامعة بيروني,Topkapi Main Campus,"Merkezefendi, 75 Sk No:1-13 M.G. 34015, Zeytinburnu / Istanbul / Turkey",خدمات الصيدلية,تركيا,إسطنبول,دبلوم,التركية,متاح,2026-2027,5000,5000,4500,2500,USD,-,0
program,402,جامعة بيروني,Topkapi Main Campus,"Merkezefendi, 75 Sk No:1-13 M.G. 34015, Zeytinburnu / Istanbul / Turkey",غسيل الكلى,تركيا,إسطنبول,دبلوم,التركية,متاح,2026-2027,5000,5000,4500,2500,USD,-,0
program,401,جامعة بيروني,Topkapi Main Campus,"Merkezefendi, 75 Sk No:1-13 M.G. 34015, Zeytinburnu / Istanbul / Turkey",تقنية التعويضات السنية,تركيا,إسطنبول,دبلوم,التركية,متاح,2026-2027,5000,5000,4500,2500,USD,-,0
program,400,جامعة بيروني,Topkapi Main Campus,"Merkezefendi, 75 Sk No:1-13 M.G. 34015, Zeytinburnu / Istanbul / Turkey",تنمية الطفل,تركيا,إسطنبول,دبلوم,التركية,متاح,2026-2027,5000,5000,4500,2500,USD,-,0
program,399,جامعة بيروني,Topkapi Main Campus,"Merkezefendi, 75 Sk No:1-13 M.G. 34015, Zeytinburnu / Istanbul / Turkey",تقنيات الأجهزة الطبية الحيوية,تركيا,إسطنبول,دبلوم,التركية,متاح,2026-2027,5000,5000,4500,2500,USD,-,0
program,398,جامعة بيروني,Topkapi Main Campus,"Merkezefendi, 75 Sk No:1-13 M.G. 34015, Zeytinburnu / Istanbul / Turkey",برمجة الكمبيوتر,تركيا,إسطنبول,دبلوم,التركية,متاح,2026-2027,5000,5000,4500,2500,USD,-,0
program,397,جامعة بيروني,Topkapi Main Campus,"Merkezefendi, 75 Sk No:1-13 M.G. 34015, Zeytinburnu / Istanbul / Turkey",التخدير,تركيا,إسطنبول,دبلوم,التركية,متاح,2026-2027,5000,5000,4500,2500,USD,-,0
program,396,جامعة بيروني,Topkapi Main Campus,"Merkezefendi, 75 Sk No:1-13 M.G. 34015, Zeytinburnu / Istanbul / Turkey",خدمات غرفة العمليات,تركيا,إسطنبول,دبلوم,التركية,متاح,2026-2027,5000,5000,4500,2500,USD,-,0
program,395,جامعة بيروني,Topkapi Main Campus,"Merkezefendi, 75 Sk No:1-13 M.G. 34015, Zeytinburnu / Istanbul / Turkey",صحة الفم والأسنان,تركيا,إسطنبول,دبلوم,التركية,متاح,2026-2027,5000,5000,4500,2500,USD,-,0
program,394,جامعة بيروني,Topkapi Main Campus,"Merkezefendi, 75 Sk No:1-13 M.G. 34015, Zeytinburnu / Istanbul / Turkey",إدارة الطوارئ والكوارث,تركيا,إسطنبول,دبلوم,التركية,متاح,2026-2027,5000,5000,4500,2500,USD,-,0
program,393,جامعة بيروني,Topkapi Main Campus,"Merkezefendi, 75 Sk No:1-13 M.G. 34015, Zeytinburnu / Istanbul / Turkey",تطوير البرمجيات,تركيا,إسطنبول,بكالوريوس,التركية,متاح,2026-2027,4000,4000,3600,2000,USD,-,0
program,392,جامعة بيروني,Topkapi Main Campus,"Merkezefendi, 75 Sk No:1-13 M.G. 34015, Zeytinburnu / Istanbul / Turkey",الترجمة التحريرية والشفهية (الإنجليزية),تركيا,إسطنبول,بكالوريوس,الإنجليزية,متاح,2026-2027,4000,4000,3600,2000,USD,-,0
program,391,جامعة بيروني,Topkapi Main Campus,"Merkezefendi, 75 Sk No:1-13 M.G. 34015, Zeytinburnu / Istanbul / Turkey",فنون الطهي وفنون المطبخ,تركيا,إسطنبول,بكالوريوس,التركية,متاح,2026-2027,4000,4000,3600,2000,USD,-,0
program,390,جامعة بيروني,Topkapi Main Campus,"Merkezefendi, 75 Sk No:1-13 M.G. 34015, Zeytinburnu / Istanbul / Turkey",علم السمع,تركيا,إسطنبول,بكالوريوس,التركية,متاح,2026-2027,4000,4000,3600,2000,USD,-,0
program,389,جامعة بيروني,Topkapi Main Campus,"Merkezefendi, 75 Sk No:1-13 M.G. 34015, Zeytinburnu / Istanbul / Turkey",تمريض,تركيا,إسطنبول,بكالوريوس,التركية,متاح,2026-2027,5000,5000,4500,2500,USD,-,0
program,388,جامعة بيروني,Topkapi Main Campus,"Merkezefendi, 75 Sk No:1-13 M.G. 34015, Zeytinburnu / Istanbul / Turkey",تمريض,تركيا,إسطنبول,بكالوريوس,الإنجليزية,متاح,2026-2027,5000,5000,4500,2500,USD,-,0
program,387,جامعة بيروني,Topkapi Main Campus,"Merkezefendi, 75 Sk No:1-13 M.G. 34015, Zeytinburnu / Istanbul / Turkey",العلاج الطبيعي والتأهيل,تركيا,إسطنبول,بكالوريوس,الإنجليزية,متاح,2026-2027,5000,5000,4500,2500,USD,-,0
program,386,جامعة بيروني,Topkapi Main Campus,"Merkezefendi, 75 Sk No:1-13 M.G. 34015, Zeytinburnu / Istanbul / Turkey",العلاج الطبيعي والتأهيل,تركيا,إسطنبول,بكالوريوس,التركية,متاح,2026-2027,5000,5000,4500,2500,USD,-,0
program,385,جامعة بيروني,Topkapi Main Campus,"Merkezefendi, 75 Sk No:1-13 M.G. 34015, Zeytinburnu / Istanbul / Turkey",العلاج الوظيفي,تركيا,إسطنبول,بكالوريوس,التركية,متاح,2026-2027,4000,4000,3600,2000,USD,-,0
program,384,جامعة بيروني,Topkapi Main Campus,"Merkezefendi, 75 Sk No:1-13 M.G. 34015, Zeytinburnu / Istanbul / Turkey",القبالة,تركيا,إسطنبول,بكالوريوس,التركية,متاح,2026-2027,5000,5000,4500,2500,USD,-,0
program,383,جامعة بيروني,Topkapi Main Campus,"Merkezefendi, 75 Sk No:1-13 M.G. 34015, Zeytinburnu / Istanbul / Turkey",علاج النطق واللغة,تركيا,إسطنبول,بكالوريوس,الإنجليزية,متاح,2026-2027,4000,4000,3600,2000,USD,-,0
program,382,جامعة بيروني,Topkapi Main Campus,"Merkezefendi, 75 Sk No:1-13 M.G. 34015, Zeytinburnu / Istanbul / Turkey",علاج النطق واللغة,تركيا,إسطنبول,بكالوريوس,التركية,متاح,2026-2027,4000,4000,3600,2000,USD,-,0
program,381,جامعة بيروني,Topkapi Main Campus,"Merkezefendi, 75 Sk No:1-13 M.G. 34015, Zeytinburnu / Istanbul / Turkey",تنمية الطفل,تركيا,إسطنبول,بكالوريوس,التركية,متاح,2026-2027,4000,4000,3600,2000,USD,-,0
program,380,جامعة بيروني,Topkapi Main Campus,"Merkezefendi, 75 Sk No:1-13 M.G. 34015, Zeytinburnu / Istanbul / Turkey",التغذية وعلم الحمية,تركيا,إسطنبول,بكالوريوس,التركية,متاح,2026-2027,4000,4000,3600,2000,USD,-,0
program,379,جامعة بيروني,Topkapi Main Campus,"Merkezefendi, 75 Sk No:1-13 M.G. 34015, Zeytinburnu / Istanbul / Turkey",التصميم الصناعي,تركيا,إسطنبول,بكالوريوس,التركية,متاح,2026-2027,4000,4000,3600,2000,USD,-,0
program,378,جامعة بيروني,Topkapi Main Campus,"Merkezefendi, 75 Sk No:1-13 M.G. 34015, Zeytinburnu / Istanbul / Turkey",هندسة البرمجيات,تركيا,إسطنبول,بكالوريوس,التركية,متاح,2026-2027,5000,5000,4500,2500,USD,-,0
program,377,جامعة بيروني,Topkapi Main Campus,"Merkezefendi, 75 Sk No:1-13 M.G. 34015, Zeytinburnu / Istanbul / Turkey",الهندسة الكهربائية والإلكترونية,تركيا,إسطنبول,بكالوريوس,التركية,متاح,2026-2027,4000,4000,3600,2000,USD,-,0
program,376,جامعة بيروني,Topkapi Main Campus,"Merkezefendi, 75 Sk No:1-13 M.G. 34015, Zeytinburnu / Istanbul / Turkey",الهندسة الطبية الحيوية,تركيا,إسطنبول,بكالوريوس,الإنجليزية,متاح,2026-2027,5000,5000,4500,2500,USD,-,0
program,375,جامعة بيروني,Topkapi Main Campus,"Merkezefendi, 75 Sk No:1-13 M.G. 34015, Zeytinburnu / Istanbul / Turkey",هندسة الكمبيوتر,تركيا,إسطنبول,بكالوريوس,الإنجليزية,متاح,2026-2027,5000,5000,4500,2500,USD,-,0
program,374,جامعة بيروني,Topkapi Main Campus,"Merkezefendi, 75 Sk No:1-13 M.G. 34015, Zeytinburnu / Istanbul / Turkey",هندسة الكمبيوتر,تركيا,إسطنبول,بكالوريوس,التركية,متاح,2026-2027,5000,5000,4500,2500,USD,-,0
program,373,جامعة بيروني,Topkapi Main Campus,"Merkezefendi, 75 Sk No:1-13 M.G. 34015, Zeytinburnu / Istanbul / Turkey",البيولوجيا الجزيئية وعلم الوراثة,تركيا,إسطنبول,بكالوريوس,التركية,متاح,2026-2027,5000,5000,4500,2500,USD,-,0
program,372,جامعة بيروني,Topkapi Main Campus,"Merkezefendi, 75 Sk No:1-13 M.G. 34015, Zeytinburnu / Istanbul / Turkey",البيولوجيا الجزيئية وعلم الوراثة,تركيا,إسطنبول,بكالوريوس,الإنجليزية,متاح,2026-2027,5000,5000,4500,2500,USD,-,0
program,371,جامعة بيروني,Topkapi Main Campus,"Merkezefendi, 75 Sk No:1-13 M.G. 34015, Zeytinburnu / Istanbul / Turkey",الهندسة المعمارية الداخلية والتصميم البيئي,تركيا,إسطنبول,بكالوريوس,التركية,متاح,2026-2027,5000,5000,4500,2500,USD,-,0
program,370,جامعة بيروني,Topkapi Main Campus,"Merkezefendi, 75 Sk No:1-13 M.G. 34015, Zeytinburnu / Istanbul / Turkey",الإرشاد والتوجيه النفسي,تركيا,إسطنبول,بكالوريوس,التركية,متاح,2026-2027,4000,4000,3600,2000,USD,-,0
program,369,جامعة بيروني,Topkapi Main Campus,"Merkezefendi, 75 Sk No:1-13 M.G. 34015, Zeytinburnu / Istanbul / Turkey",التعليم الخاص,تركيا,إسطنبول,بكالوريوس,التركية,متاح,2026-2027,5000,5000,4500,2500,USD,-,0
program,368,جامعة بيروني,Topkapi Main Campus,"Merkezefendi, 75 Sk No:1-13 M.G. 34015, Zeytinburnu / Istanbul / Turkey",تعليم ما قبل المدرسة,تركيا,إسطنبول,بكالوريوس,التركية,متاح,2026-2027,5000,5000,4500,2500,USD,-,0
program,367,جامعة بيروني,Topkapi Main Campus,"Merkezefendi, 75 Sk No:1-13 M.G. 34015, Zeytinburnu / Istanbul / Turkey",تدريس اللغة الإنجليزية,تركيا,إسطنبول,بكالوريوس,الإنجليزية,متاح,2026-2027,5000,5000,4500,2500,USD,-,0
program,366,جامعة بيروني,Topkapi Main Campus,"Merkezefendi, 75 Sk No:1-13 M.G. 34015, Zeytinburnu / Istanbul / Turkey",تعليم رياضيات المرحلة الابتدائية,تركيا,إسطنبول,بكالوريوس,التركية,متاح,2026-2027,4000,4000,3600,2000,USD,-,0
program,365,جامعة بيروني,Topkapi Main Campus,"Merkezefendi, 75 Sk No:1-13 M.G. 34015, Zeytinburnu / Istanbul / Turkey",الصيدلة,تركيا,إسطنبول,بكالوريوس,التركية,متاح,2026-2027,10000,10000,9000,5000,USD,-,0
program,364,جامعة بيروني,Topkapi Main Campus,"Merkezefendi, 75 Sk No:1-13 M.G. 34015, Zeytinburnu / Istanbul / Turkey",الصيدلة,تركيا,إسطنبول,بكالوريوس,الإنجليزية,متاح,2026-2027,12000,12000,10800,6000,USD,-,0
program,363,جامعة بيروني,Topkapi Main Campus,"Merkezefendi, 75 Sk No:1-13 M.G. 34015, Zeytinburnu / Istanbul / Turkey",طب الأسنان,تركيا,إسطنبول,بكالوريوس,التركية,متاح,2026-2027,19000,19000,17100,9500,USD,-,0
program,362,جامعة بيروني,Topkapi Main Campus,"Merkezefendi, 75 Sk No:1-13 M.G. 34015, Zeytinburnu / Istanbul / Turkey",طب الأسنان,تركيا,إسطنبول,بكالوريوس,الإنجليزية,متاح,2026-2027,21000,21000,18900,10500,USD,-,0
program,361,جامعة بيروني,Topkapi Main Campus,"Merkezefendi, 75 Sk No:1-13 M.G. 34015, Zeytinburnu / Istanbul / Turkey",الطب البشري,تركيا,إسطنبول,بكالوريوس,التركية,متاح,2026-2027,19000,19000,17100,9500,USD,-,0
program,360,جامعة بيروني,Topkapi Main Campus,"Merkezefendi, 75 Sk No:1-13 M.G. 34015, Zeytinburnu / Istanbul / Turkey",الطب البشري,تركيا,إسطنبول,بكالوريوس,الإنجليزية,متاح,2026-2027,21000,21000,18900,10500,USD,-,0
program,359,جامعة إسطنبول آيدن,Florya Campus (Halit Aydın Campus),Beşyol Mah. İnönü Cad. No:38 Sefaköy-Küçükçekmece / Istanbul / Turkey,العلاج الطبيعي والتأهيل - دكتوراه مدمجة,تركيا,إسطنبول,دكتوراه,التركية,متاح,2026-2027,15000,15000,15000,7500,USD,تصنيف المصدر: دكتوراه مدمجة. إجمالي رسوم البرنامج.,3000
program,358,جامعة إسطنبول آيدن,Florya Campus (Halit Aydın Campus),Beşyol Mah. İnönü Cad. No:38 Sefaköy-Küçükçekmece / Istanbul / Turkey,علم النفس العيادي - دكتوراه مدمجة,تركيا,إسطنبول,دكتوراه,التركية,متاح,2026-2027,15000,15000,15000,7500,USD,تصنيف المصدر: دكتوراه مدمجة. رسوم دراسية سنوية.,3000
program,357,جامعة إسطنبول آيدن,Florya Campus (Halit Aydın Campus),Beşyol Mah. İnönü Cad. No:38 Sefaköy-Küçükçekmece / Istanbul / Turkey,التربية البدنية والرياضة - دكتوراه مدمجة,تركيا,إسطنبول,دكتوراه,التركية,متاح,2026-2027,15000,15000,15000,7500,USD,تصنيف المصدر: دكتوراه مدمجة. إجمالي رسوم البرنامج.,3000
program,356,جامعة إسطنبول آيدن,Florya Campus (Halit Aydın Campus),Beşyol Mah. İnönü Cad. No:38 Sefaköy-Küçükçekmece / Istanbul / Turkey,التغذية وعلم التغذية - دكتوراه مدمجة,تركيا,إسطنبول,دكتوراه,التركية,متاح,2026-2027,15000,15000,15000,7500,USD,تصنيف المصدر: دكتوراه مدمجة. إجمالي رسوم البرنامج.,3000
program,355,جامعة إسطنبول آيدن,Florya Campus (Halit Aydın Campus),Beşyol Mah. İnönü Cad. No:38 Sefaköy-Küçükçekmece / Istanbul / Turkey,علم الأحياء الدقيقة الطبية - دكتوراه مدمجة,تركيا,إسطنبول,دكتوراه,التركية,متاح,2026-2027,15000,15000,15000,7500,USD,تصنيف المصدر: دكتوراه مدمجة. إجمالي رسوم البرنامج.,3000
program,354,جامعة إسطنبول آيدن,Florya Campus (Halit Aydın Campus),Beşyol Mah. İnönü Cad. No:38 Sefaköy-Küçükçekmece / Istanbul / Turkey,علم السمع - دكتوراه مدمجة,تركيا,إسطنبول,دكتوراه,التركية,متاح,2026-2027,15000,15000,15000,7500,USD,تصنيف المصدر: دكتوراه مدمجة. إجمالي رسوم البرنامج.,3000
program,353,جامعة إسطنبول آيدن,Florya Campus (Halit Aydın Campus),Beşyol Mah. İnönü Cad. No:38 Sefaköy-Küçükçekmece / Istanbul / Turkey,سلامة الغذاء - دكتوراه مدمجة,تركيا,إسطنبول,دكتوراه,التركية,متاح,2026-2027,15000,15000,15000,7500,USD,تصنيف المصدر: دكتوراه مدمجة. إجمالي رسوم البرنامج.,3000
program,351,جامعة إسطنبول آيدن,Florya Campus (Halit Aydın Campus),Beşyol Mah. İnönü Cad. No:38 Sefaköy-Küçükçekmece / Istanbul / Turkey,الهندسة الميكانيكية - دكتوراه مدمجة,تركيا,إسطنبول,دكتوراه,التركية,متاح,2026-2027,15000,15000,15000,7500,USD,تصنيف المصدر: دكتوراه مدمجة. إجمالي رسوم البرنامج.,3000
program,350,جامعة إسطنبول آيدن,Florya Campus (Halit Aydın Campus),Beşyol Mah. İnönü Cad. No:38 Sefaköy-Küçükçekmece / Istanbul / Turkey,العمارة - دكتوراه مدمجة,تركيا,إسطنبول,دكتوراه,التركية,متاح,2026-2027,15000,15000,15000,7500,USD,تصنيف المصدر: دكتوراه مدمجة. إجمالي رسوم البرنامج.,3000
program,349,جامعة إسطنبول آيدن,Florya Campus (Halit Aydın Campus),Beşyol Mah. İnönü Cad. No:38 Sefaköy-Küçükçekmece / Istanbul / Turkey,الصحة والسلامة المهنية - دكتوراه مدمجة,تركيا,إسطنبول,دكتوراه,التركية,متاح,2026-2027,15000,15000,15000,7500,USD,تصنيف المصدر: دكتوراه مدمجة. إجمالي رسوم البرنامج.,3000
program,348,جامعة إسطنبول آيدن,Florya Campus (Halit Aydın Campus),Beşyol Mah. İnönü Cad. No:38 Sefaköy-Küçükçekmece / Istanbul / Turkey,الهندسة المدنية - دكتوراه مدمجة,تركيا,إسطنبول,دكتوراه,التركية,متاح,2026-2027,15000,15000,15000,7500,USD,تصنيف المصدر: دكتوراه مدمجة. إجمالي رسوم البرنامج.,3000
program,347,جامعة إسطنبول آيدن,Florya Campus (Halit Aydın Campus),Beşyol Mah. İnönü Cad. No:38 Sefaköy-Küçükçekmece / Istanbul / Turkey,الهندسة الغذائية - دكتوراه مدمجة,تركيا,إسطنبول,دكتوراه,التركية,متاح,2026-2027,15000,15000,15000,7500,USD,تصنيف المصدر: دكتوراه مدمجة. إجمالي رسوم البرنامج.,3000
program,345,جامعة إسطنبول آيدن,Florya Campus (Halit Aydın Campus),Beşyol Mah. İnönü Cad. No:38 Sefaköy-Küçükçekmece / Istanbul / Turkey,هندسة الكمبيوتر - دكتوراه مدمجة,تركيا,إسطنبول,دكتوراه,التركية,متاح,2026-2027,15000,15000,15000,7500,USD,تصنيف المصدر: دكتوراه مدمجة. إجمالي رسوم البرنامج.,3000
program,344,جامعة إسطنبول آيدن,Florya Campus (Halit Aydın Campus),Beşyol Mah. İnönü Cad. No:38 Sefaköy-Küçükçekmece / Istanbul / Turkey,اللغة التركية وآدابها - دكتوراه مدمجة,تركيا,إسطنبول,دكتوراه,التركية,متاح,2026-2027,15000,15000,15000,7500,USD,تصنيف المصدر: دكتوراه مدمجة. إجمالي رسوم البرنامج.,3000
program,343,جامعة إسطنبول آيدن,Florya Campus (Halit Aydın Campus),Beşyol Mah. İnönü Cad. No:38 Sefaköy-Küçükçekmece / Istanbul / Turkey,علم النفس التطبيقي - دكتوراه مدمجة,تركيا,إسطنبول,دكتوراه,التركية,متاح,2026-2027,15000,15000,15000,7500,USD,تصنيف المصدر: دكتوراه مدمجة. إجمالي رسوم البرنامج.,3000
program,342,جامعة إسطنبول آيدن,Florya Campus (Halit Aydın Campus),Beşyol Mah. İnönü Cad. No:38 Sefaköy-Küçükçekmece / Istanbul / Turkey,التلفزيون والسينما - دكتوراه مدمجة,تركيا,إسطنبول,دكتوراه,التركية,متاح,2026-2027,15000,15000,15000,7500,USD,تصنيف المصدر: دكتوراه مدمجة. إجمالي رسوم البرنامج.,3000
program,340,جامعة إسطنبول آيدن,Florya Campus (Halit Aydın Campus),Beşyol Mah. İnönü Cad. No:38 Sefaköy-Küçükçekmece / Istanbul / Turkey,التعليم ما قبل المدرسة - دكتوراه مدمجة,تركيا,إسطنبول,دكتوراه,التركية,متاح,2026-2027,15000,15000,15000,7500,USD,تصنيف المصدر: دكتوراه مدمجة. إجمالي رسوم البرنامج.,3000
program,339,جامعة إسطنبول آيدن,Florya Campus (Halit Aydın Campus),Beşyol Mah. İnönü Cad. No:38 Sefaköy-Küçükçekmece / Istanbul / Turkey,القانون العام - دكتوراه مدمجة,تركيا,إسطنبول,دكتوراه,التركية,متاح,2026-2027,15000,15000,15000,7500,USD,تصنيف المصدر: دكتوراه مدمجة. إجمالي رسوم البرنامج.,3000
program,338,جامعة إسطنبول آيدن,Florya Campus (Halit Aydın Campus),Beşyol Mah. İnönü Cad. No:38 Sefaköy-Küçükçekmece / Istanbul / Turkey,القانون الخاص - دكتوراه مدمجة,تركيا,إسطنبول,دكتوراه,التركية,متاح,2026-2027,15000,15000,15000,7500,USD,تصنيف المصدر: دكتوراه مدمجة. إجمالي رسوم البرنامج.,3000
program,337,جامعة إسطنبول آيدن,Florya Campus (Halit Aydın Campus),Beşyol Mah. İnönü Cad. No:38 Sefaköy-Küçükçekmece / Istanbul / Turkey,المحاسبة والتدقيق - دكتوراه مدمجة,تركيا,إسطنبول,دكتوراه,التركية,متاح,2026-2027,15000,15000,15000,7500,USD,تصنيف المصدر: دكتوراه مدمجة. إجمالي رسوم البرنامج.,3000
program,336,جامعة إسطنبول آيدن,Florya Campus (Halit Aydın Campus),Beşyol Mah. İnönü Cad. No:38 Sefaköy-Küçükçekmece / Istanbul / Turkey,التصميم الجرافيكي - دكتوراه مدمجة,تركيا,إسطنبول,دكتوراه,التركية,متاح,2026-2027,15000,15000,15000,7500,USD,تصنيف المصدر: دكتوراه مدمجة. إجمالي رسوم البرنامج.,3000
program,333,جامعة إسطنبول آيدن,Florya Campus (Halit Aydın Campus),Beşyol Mah. İnönü Cad. No:38 Sefaköy-Küçükçekmece / Istanbul / Turkey,العلاقات العامة والدعاية - دكتوراه مدمجة,تركيا,إسطنبول,دكتوراه,التركية,متاح,2026-2027,15000,15000,15000,7500,USD,تصنيف المصدر: دكتوراه مدمجة. إجمالي رسوم البرنامج.,3000
program,332,جامعة إسطنبول آيدن,Florya Campus (Halit Aydın Campus),Beşyol Mah. İnönü Cad. No:38 Sefaköy-Küçükçekmece / Istanbul / Turkey,تنمية الطفل - دكتوراه مدمجة,تركيا,إسطنبول,دكتوراه,التركية,متاح,2026-2027,15000,15000,15000,7500,USD,تصنيف المصدر: دكتوراه مدمجة. إجمالي رسوم البرنامج.,3000
program,330,جامعة إسطنبول آيدن,Florya Campus (Halit Aydın Campus),Beşyol Mah. İnönü Cad. No:38 Sefaköy-Küçükçekmece / Istanbul / Turkey,إدارة الأعمال - دكتوراه مدمجة,تركيا,إسطنبول,دكتوراه,التركية,متاح,2026-2027,15000,15000,15000,7500,USD,تصنيف المصدر: دكتوراه مدمجة. إجمالي رسوم البرنامج.,3000
program,329,جامعة إسطنبول آيدن,Florya Campus (Halit Aydın Campus),Beşyol Mah. İnönü Cad. No:38 Sefaköy-Küçükçekmece / Istanbul / Turkey,طب أسنان الأطفال,تركيا,إسطنبول,دكتوراه,التركية,متاح,2026-2027,20000,20000,20000,10000,USD,رسوم دراسية سنوية,3000
program,328,جامعة إسطنبول آيدن,Florya Campus (Halit Aydın Campus),Beşyol Mah. İnönü Cad. No:38 Sefaköy-Küçükçekmece / Istanbul / Turkey,طب الأسنان التعويضي,تركيا,إسطنبول,دكتوراه,التركية,متاح,2026-2027,20000,20000,20000,10000,USD,رسوم دراسية سنوية,3000
program,327,جامعة إسطنبول آيدن,Florya Campus (Halit Aydın Campus),Beşyol Mah. İnönü Cad. No:38 Sefaköy-Küçükçekmece / Istanbul / Turkey,طب اللثة,تركيا,إسطنبول,دكتوراه,التركية,متاح,2026-2027,20000,20000,20000,10000,USD,رسوم دراسية سنوية,3000
program,326,جامعة إسطنبول آيدن,Florya Campus (Halit Aydın Campus),Beşyol Mah. İnönü Cad. No:38 Sefaköy-Küçükçekmece / Istanbul / Turkey,تقويم الأسنان,تركيا,إسطنبول,دكتوراه,التركية,متاح,2026-2027,20000,20000,20000,10000,USD,رسوم دراسية سنوية,3000
program,325,جامعة إسطنبول آيدن,Florya Campus (Halit Aydın Campus),Beşyol Mah. İnönü Cad. No:38 Sefaköy-Küçükçekmece / Istanbul / Turkey,علاج جذور الأسنان,تركيا,إسطنبول,دكتوراه,التركية,متاح,2026-2027,20000,20000,20000,10000,USD,رسوم دراسية سنوية,3000
program,324,جامعة إسطنبول آيدن,Florya Campus (Halit Aydın Campus),Beşyol Mah. İnönü Cad. No:38 Sefaköy-Küçükçekmece / Istanbul / Turkey,جراحة الفم والوجه والفكين,تركيا,إسطنبول,دكتوراه,التركية,متاح,2026-2027,20000,20000,20000,10000,USD,رسوم دراسية سنوية,3000
program,323,جامعة إسطنبول آيدن,Florya Campus (Halit Aydın Campus),Beşyol Mah. İnönü Cad. No:38 Sefaköy-Küçükçekmece / Istanbul / Turkey,التغذية وعلم الحمية,تركيا,إسطنبول,دكتوراه,التركية,متاح,2026-2027,12000,12000,12000,6000,USD,إجمالي رسوم البرنامج,3000
program,322,جامعة إسطنبول آيدن,Florya Campus (Halit Aydın Campus),Beşyol Mah. İnönü Cad. No:38 Sefaköy-Küçükçekmece / Istanbul / Turkey,العلاج الطبيعي والتأهيل,تركيا,إسطنبول,دكتوراه,التركية,متاح,2026-2027,12000,12000,12000,6000,USD,إجمالي رسوم البرنامج,3000
program,321,جامعة إسطنبول آيدن,Florya Campus (Halit Aydın Campus),Beşyol Mah. İnönü Cad. No:38 Sefaköy-Küçükçekmece / Istanbul / Turkey,علم النفس العيادي,تركيا,إسطنبول,دكتوراه,التركية,متاح,2026-2027,15000,15000,15000,7500,USD,رسوم دراسية سنوية,3000
program,320,جامعة إسطنبول آيدن,Florya Campus (Halit Aydın Campus),Beşyol Mah. İnönü Cad. No:38 Sefaköy-Küçükçekmece / Istanbul / Turkey,التربية البدنية والرياضة,تركيا,إسطنبول,دكتوراه,التركية,متاح,2026-2027,12000,12000,12000,6000,USD,إجمالي رسوم البرنامج,3000
program,319,جامعة إسطنبول آيدن,Florya Campus (Halit Aydın Campus),Beşyol Mah. İnönü Cad. No:38 Sefaköy-Küçükçekmece / Istanbul / Turkey,علم الأحياء الدقيقة الطبية,تركيا,إسطنبول,دكتوراه,التركية,متاح,2026-2027,12000,12000,12000,6000,USD,إجمالي رسوم البرنامج,3000
program,318,جامعة إسطنبول آيدن,Florya Campus (Halit Aydın Campus),Beşyol Mah. İnönü Cad. No:38 Sefaköy-Küçükçekmece / Istanbul / Turkey,علم السمع,تركيا,إسطنبول,دكتوراه,التركية,متاح,2026-2027,12000,12000,12000,6000,USD,إجمالي رسوم البرنامج,3000
program,317,جامعة إسطنبول آيدن,Florya Campus (Halit Aydın Campus),Beşyol Mah. İnönü Cad. No:38 Sefaköy-Küçükçekmece / Istanbul / Turkey,سلامة الغذاء,تركيا,إسطنبول,دكتوراه,التركية,متاح,2026-2027,12000,12000,12000,6000,USD,إجمالي رسوم البرنامج,3000
program,315,جامعة إسطنبول آيدن,Florya Campus (Halit Aydın Campus),Beşyol Mah. İnönü Cad. No:38 Sefaköy-Küçükçekmece / Istanbul / Turkey,الهندسة الميكانيكية,تركيا,إسطنبول,دكتوراه,التركية,متاح,2026-2027,12000,12000,12000,6000,USD,إجمالي رسوم البرنامج,3000
program,314,جامعة إسطنبول آيدن,Florya Campus (Halit Aydın Campus),Beşyol Mah. İnönü Cad. No:38 Sefaköy-Küçükçekmece / Istanbul / Turkey,العمارة,تركيا,إسطنبول,دكتوراه,التركية,متاح,2026-2027,12000,12000,12000,6000,USD,إجمالي رسوم البرنامج,3000
program,313,جامعة إسطنبول آيدن,Florya Campus (Halit Aydın Campus),Beşyol Mah. İnönü Cad. No:38 Sefaköy-Küçükçekmece / Istanbul / Turkey,الصحة والسلامة المهنية,تركيا,إسطنبول,دكتوراه,التركية,متاح,2026-2027,12000,12000,12000,6000,USD,إجمالي رسوم البرنامج,3000
program,312,جامعة إسطنبول آيدن,Florya Campus (Halit Aydın Campus),Beşyol Mah. İnönü Cad. No:38 Sefaköy-Küçükçekmece / Istanbul / Turkey,الهندسة المدنية,تركيا,إسطنبول,دكتوراه,التركية,متاح,2026-2027,12000,12000,12000,6000,USD,إجمالي رسوم البرنامج,3000
program,311,جامعة إسطنبول آيدن,Florya Campus (Halit Aydın Campus),Beşyol Mah. İnönü Cad. No:38 Sefaköy-Küçükçekmece / Istanbul / Turkey,الهندسة الغذائية,تركيا,إسطنبول,دكتوراه,التركية,متاح,2026-2027,12000,12000,12000,6000,USD,إجمالي رسوم البرنامج,3000
program,309,جامعة إسطنبول آيدن,Florya Campus (Halit Aydın Campus),Beşyol Mah. İnönü Cad. No:38 Sefaköy-Küçükçekmece / Istanbul / Turkey,هندسة الكمبيوتر,تركيا,إسطنبول,دكتوراه,التركية,متاح,2026-2027,12000,12000,12000,6000,USD,إجمالي رسوم البرنامج,3000
program,308,جامعة إسطنبول آيدن,Florya Campus (Halit Aydın Campus),Beşyol Mah. İnönü Cad. No:38 Sefaköy-Küçükçekmece / Istanbul / Turkey,اللغة التركية وآدابها,تركيا,إسطنبول,دكتوراه,التركية,متاح,2026-2027,12000,12000,12000,6000,USD,إجمالي رسوم البرنامج,3000
program,307,جامعة إسطنبول آيدن,Florya Campus (Halit Aydın Campus),Beşyol Mah. İnönü Cad. No:38 Sefaköy-Küçükçekmece / Istanbul / Turkey,التلفزيون والسينما,تركيا,إسطنبول,دكتوراه,التركية,متاح,2026-2027,12000,12000,12000,6000,USD,إجمالي رسوم البرنامج,3000
program,305,جامعة إسطنبول آيدن,Florya Campus (Halit Aydın Campus),Beşyol Mah. İnönü Cad. No:38 Sefaköy-Küçükçekmece / Istanbul / Turkey,علم النفس التطبيقي,تركيا,إسطنبول,دكتوراه,التركية,متاح,2026-2027,12000,12000,12000,6000,USD,إجمالي رسوم البرنامج,3000
program,304,جامعة إسطنبول آيدن,Florya Campus (Halit Aydın Campus),Beşyol Mah. İnönü Cad. No:38 Sefaköy-Küçükçekmece / Istanbul / Turkey,تعليم ما قبل المدرسة,تركيا,إسطنبول,دكتوراه,التركية,متاح,2026-2027,12000,12000,12000,6000,USD,إجمالي رسوم البرنامج,3000
program,303,جامعة إسطنبول آيدن,Florya Campus (Halit Aydın Campus),Beşyol Mah. İnönü Cad. No:38 Sefaköy-Küçükçekmece / Istanbul / Turkey,البيولوجيا الجزيئية وعلم الوراثة,تركيا,إسطنبول,دكتوراه,التركية,متاح,2026-2027,12000,12000,12000,6000,USD,إجمالي رسوم البرنامج,3000
program,302,جامعة إسطنبول آيدن,Florya Campus (Halit Aydın Campus),Beşyol Mah. İnönü Cad. No:38 Sefaköy-Küçükçekmece / Istanbul / Turkey,القانون العام,تركيا,إسطنبول,دكتوراه,التركية,متاح,2026-2027,12000,12000,12000,6000,USD,إجمالي رسوم البرنامج,3000
program,301,جامعة إسطنبول آيدن,Florya Campus (Halit Aydın Campus),Beşyol Mah. İnönü Cad. No:38 Sefaköy-Küçükçekmece / Istanbul / Turkey,القانون الخاص,تركيا,إسطنبول,دكتوراه,التركية,متاح,2026-2027,12000,12000,12000,6000,USD,إجمالي رسوم البرنامج,3000
program,300,جامعة إسطنبول آيدن,Florya Campus (Halit Aydın Campus),Beşyol Mah. İnönü Cad. No:38 Sefaköy-Küçükçekmece / Istanbul / Turkey,المحاسبة والتدقيق,تركيا,إسطنبول,دكتوراه,التركية,متاح,2026-2027,12000,12000,12000,6000,USD,إجمالي رسوم البرنامج,3000
program,299,جامعة إسطنبول آيدن,Florya Campus (Halit Aydın Campus),Beşyol Mah. İnönü Cad. No:38 Sefaköy-Küçükçekmece / Istanbul / Turkey,التصميم الجرافيكي,تركيا,إسطنبول,دكتوراه,التركية,متاح,2026-2027,12000,12000,12000,6000,USD,إجمالي رسوم البرنامج,3000
program,296,جامعة إسطنبول آيدن,Florya Campus (Halit Aydın Campus),Beşyol Mah. İnönü Cad. No:38 Sefaköy-Küçükçekmece / Istanbul / Turkey,العلاقات العامة والدعاية,تركيا,إسطنبول,دكتوراه,التركية,متاح,2026-2027,12000,12000,12000,6000,USD,إجمالي رسوم البرنامج,3000
program,295,جامعة إسطنبول آيدن,Florya Campus (Halit Aydın Campus),Beşyol Mah. İnönü Cad. No:38 Sefaköy-Küçükçekmece / Istanbul / Turkey,تنمية الطفل,تركيا,إسطنبول,دكتوراه,التركية,متاح,2026-2027,12000,12000,12000,6000,USD,إجمالي رسوم البرنامج,3000
program,293,جامعة إسطنبول آيدن,Florya Campus (Halit Aydın Campus),Beşyol Mah. İnönü Cad. No:38 Sefaköy-Küçükçekmece / Istanbul / Turkey,إدارة الأعمال,تركيا,إسطنبول,دكتوراه,التركية,متاح,2026-2027,12000,12000,12000,6000,USD,إجمالي رسوم البرنامج,3000
program,292,جامعة إسطنبول آيدن,Florya Campus (Halit Aydın Campus),Beşyol Mah. İnönü Cad. No:38 Sefaköy-Küçükçekmece / Istanbul / Turkey,التدريب على اللغة العربية,تركيا,إسطنبول,دكتوراه,التركية,متاح,2026-2027,12000,12000,12000,6000,USD,إجمالي رسوم البرنامج,3000
program,291,جامعة إسطنبول آيدن,Florya Campus (Halit Aydın Campus),Beşyol Mah. İnönü Cad. No:38 Sefaköy-Küçükçekmece / Istanbul / Turkey,الصيدلة الطبية,تركيا,إسطنبول,ماجستير بدون أطروحة,التركية,متاح,2026-2027,9000,9000,9000,4500,USD,إجمالي رسوم البرنامج,3000
program,290,جامعة إسطنبول آيدن,Florya Campus (Halit Aydın Campus),Beşyol Mah. İnönü Cad. No:38 Sefaköy-Küçükçekmece / Istanbul / Turkey,الصيدلة الطبية,تركيا,إسطنبول,ماجستير مع أطروحة,التركية,متاح,2026-2027,10000,10000,10000,5000,USD,إجمالي رسوم البرنامج,3000
program,289,جامعة إسطنبول آيدن,Florya Campus (Halit Aydın Campus),Beşyol Mah. İnönü Cad. No:38 Sefaköy-Küçükçekmece / Istanbul / Turkey,إدارة الصحة,تركيا,إسطنبول,ماجستير بدون أطروحة,التركية,متاح,2026-2027,9000,9000,9000,4500,USD,إجمالي رسوم البرنامج,3000
program,288,جامعة إسطنبول آيدن,Florya Campus (Halit Aydın Campus),Beşyol Mah. İnönü Cad. No:38 Sefaköy-Küçükçekmece / Istanbul / Turkey,إدارة الصحة,تركيا,إسطنبول,ماجستير مع أطروحة,التركية,متاح,2026-2027,10000,10000,10000,5000,USD,إجمالي رسوم البرنامج,3000
program,287,جامعة إسطنبول آيدن,Florya Campus (Halit Aydın Campus),Beşyol Mah. İnönü Cad. No:38 Sefaköy-Küçükçekmece / Istanbul / Turkey,فيزياء الصحة,تركيا,إسطنبول,ماجستير مع أطروحة,التركية,متاح,2026-2027,10000,10000,10000,5000,USD,إجمالي رسوم البرنامج,3000
program,286,جامعة إسطنبول آيدن,Florya Campus (Halit Aydın Campus),Beşyol Mah. İnönü Cad. No:38 Sefaköy-Küçükçekmece / Istanbul / Turkey,العلاج الطبيعي والتأهيل,تركيا,إسطنبول,ماجستير بدون أطروحة,التركية,متاح,2026-2027,9000,9000,9000,4500,USD,إجمالي رسوم البرنامج,3000
program,285,جامعة إسطنبول آيدن,Florya Campus (Halit Aydın Campus),Beşyol Mah. İnönü Cad. No:38 Sefaköy-Küçükçekmece / Istanbul / Turkey,العلاج الطبيعي والتأهيل,تركيا,إسطنبول,ماجستير مع أطروحة,التركية,متاح,2026-2027,10000,10000,10000,5000,USD,إجمالي رسوم البرنامج,3000
program,284,جامعة إسطنبول آيدن,Florya Campus (Halit Aydın Campus),Beşyol Mah. İnönü Cad. No:38 Sefaköy-Küçükçekmece / Istanbul / Turkey,التربية البدنية والرياضة,تركيا,إسطنبول,ماجستير مع أطروحة,التركية,متاح,2026-2027,10000,10000,10000,5000,USD,إجمالي رسوم البرنامج,3000
program,283,جامعة إسطنبول آيدن,Florya Campus (Halit Aydın Campus),Beşyol Mah. İnönü Cad. No:38 Sefaköy-Küçükçekmece / Istanbul / Turkey,استشارات عائلية,تركيا,إسطنبول,ماجستير بدون أطروحة,التركية,متاح,2026-2027,9000,9000,9000,4500,USD,إجمالي رسوم البرنامج,3000
program,282,جامعة إسطنبول آيدن,Florya Campus (Halit Aydın Campus),Beşyol Mah. İnönü Cad. No:38 Sefaköy-Küçükçekmece / Istanbul / Turkey,استشارات عائلية,تركيا,إسطنبول,ماجستير مع أطروحة,التركية,متاح,2026-2027,10000,10000,10000,5000,USD,إجمالي رسوم البرنامج,3000
program,281,جامعة إسطنبول آيدن,Florya Campus (Halit Aydın Campus),Beşyol Mah. İnönü Cad. No:38 Sefaköy-Küçükçekmece / Istanbul / Turkey,علم الأحياء الدقيقة الطبية,تركيا,إسطنبول,ماجستير مع أطروحة,التركية,متاح,2026-2027,10000,10000,10000,5000,USD,إجمالي رسوم البرنامج,3000
program,280,جامعة إسطنبول آيدن,Florya Campus (Halit Aydın Campus),Beşyol Mah. İnönü Cad. No:38 Sefaköy-Küçükçekmece / Istanbul / Turkey,العمل الاجتماعي,تركيا,إسطنبول,ماجستير بدون أطروحة,التركية,متاح,2026-2027,9000,9000,9000,4500,USD,إجمالي رسوم البرنامج,3000
program,279,جامعة إسطنبول آيدن,Florya Campus (Halit Aydın Campus),Beşyol Mah. İnönü Cad. No:38 Sefaköy-Küçükçekmece / Istanbul / Turkey,العمل الاجتماعي,تركيا,إسطنبول,ماجستير مع أطروحة,التركية,متاح,2026-2027,10000,10000,10000,5000,USD,إجمالي رسوم البرنامج,3000
program,278,جامعة إسطنبول آيدن,Florya Campus (Halit Aydın Campus),Beşyol Mah. İnönü Cad. No:38 Sefaköy-Küçükçekmece / Istanbul / Turkey,علم السمع,تركيا,إسطنبول,ماجستير مع أطروحة,التركية,متاح,2026-2027,10000,10000,10000,5000,USD,إجمالي رسوم البرنامج,3000
program,277,جامعة إسطنبول آيدن,Florya Campus (Halit Aydın Campus),Beşyol Mah. İnönü Cad. No:38 Sefaköy-Küçükçekmece / Istanbul / Turkey,تغذية الرياضيين,تركيا,إسطنبول,ماجستير بدون أطروحة,التركية,متاح,2026-2027,9000,9000,9000,4500,USD,إجمالي رسوم البرنامج,3000
program,276,جامعة إسطنبول آيدن,Florya Campus (Halit Aydın Campus),Beşyol Mah. İnönü Cad. No:38 Sefaköy-Küçükçekmece / Istanbul / Turkey,تغذية الرياضيين,تركيا,إسطنبول,ماجستير مع أطروحة,التركية,متاح,2026-2027,10000,10000,10000,5000,USD,إجمالي رسوم البرنامج,3000
program,275,جامعة إسطنبول آيدن,Florya Campus (Halit Aydın Campus),Beşyol Mah. İnönü Cad. No:38 Sefaköy-Küçükçekmece / Istanbul / Turkey,التغذية وعلم الحمية,تركيا,إسطنبول,ماجستير بدون أطروحة,التركية,متاح,2026-2027,9000,9000,9000,4500,USD,إجمالي رسوم البرنامج,3000
program,274,جامعة إسطنبول آيدن,Florya Campus (Halit Aydın Campus),Beşyol Mah. İnönü Cad. No:38 Sefaköy-Küçükçekmece / Istanbul / Turkey,التغذية وعلم الحمية,تركيا,إسطنبول,ماجستير مع أطروحة,التركية,متاح,2026-2027,10000,10000,10000,5000,USD,إجمالي رسوم البرنامج,3000
program,273,جامعة إسطنبول آيدن,Florya Campus (Halit Aydın Campus),Beşyol Mah. İnönü Cad. No:38 Sefaköy-Küçükçekmece / Istanbul / Turkey,الطب الجزيئي,تركيا,إسطنبول,ماجستير مع أطروحة,التركية,متاح,2026-2027,10000,10000,10000,5000,USD,إجمالي رسوم البرنامج,3000
program,272,جامعة إسطنبول آيدن,Florya Campus (Halit Aydın Campus),Beşyol Mah. İnönü Cad. No:38 Sefaköy-Küçükçekmece / Istanbul / Turkey,تمريض الأمراض الجراحية,تركيا,إسطنبول,ماجستير بدون أطروحة,التركية,متاح,2026-2027,9000,9000,9000,4500,USD,إجمالي رسوم البرنامج,3000
program,271,جامعة إسطنبول آيدن,Florya Campus (Halit Aydın Campus),Beşyol Mah. İnönü Cad. No:38 Sefaköy-Küçükçekmece / Istanbul / Turkey,تمريض الأمراض الجراحية,تركيا,إسطنبول,ماجستير مع أطروحة,التركية,متاح,2026-2027,10000,10000,10000,5000,USD,إجمالي رسوم البرنامج,3000
program,270,جامعة إسطنبول آيدن,Florya Campus (Halit Aydın Campus),Beşyol Mah. İnönü Cad. No:38 Sefaköy-Küçükçekmece / Istanbul / Turkey,علم النفس العيادي,تركيا,إسطنبول,ماجستير بدون أطروحة,التركية,متاح,2026-2027,11000,11000,11000,5500,USD,رسوم دراسية سنوية,3000
program,269,جامعة إسطنبول آيدن,Florya Campus (Halit Aydın Campus),Beşyol Mah. İnönü Cad. No:38 Sefaköy-Küçükçekmece / Istanbul / Turkey,علم النفس العيادي,تركيا,إسطنبول,ماجستير مع أطروحة,التركية,متاح,2026-2027,11000,11000,11000,5500,USD,رسوم دراسية سنوية,3000
program,268,جامعة إسطنبول آيدن,Florya Campus (Halit Aydın Campus),Beşyol Mah. İnönü Cad. No:38 Sefaköy-Küçükçekmece / Istanbul / Turkey,الذكاء الاصطناعي وعلوم البيانات,تركيا,إسطنبول,ماجستير مع أطروحة,الإنجليزية,متاح,2026-2027,12000,12000,12000,6000,USD,إجمالي رسوم البرنامج,6000
program,267,جامعة إسطنبول آيدن,Florya Campus (Halit Aydın Campus),Beşyol Mah. İnönü Cad. No:38 Sefaköy-Küçükçekmece / Istanbul / Turkey,الهندسة الميكانيكية,تركيا,إسطنبول,ماجستير مع أطروحة,التركية,متاح,2026-2027,9000,9000,9000,4500,USD,إجمالي رسوم البرنامج,3000
program,266,جامعة إسطنبول آيدن,Florya Campus (Halit Aydın Campus),Beşyol Mah. İnönü Cad. No:38 Sefaköy-Küçükçekmece / Istanbul / Turkey,الهندسة الميكانيكية,تركيا,إسطنبول,ماجستير مع أطروحة,الإنجليزية,متاح,2026-2027,12000,12000,12000,6000,USD,إجمالي رسوم البرنامج,6000
program,265,جامعة إسطنبول آيدن,Florya Campus (Halit Aydın Campus),Beşyol Mah. İnönü Cad. No:38 Sefaköy-Küçükçekmece / Istanbul / Turkey,التجديد الحضري,تركيا,إسطنبول,ماجستير مع أطروحة,التركية,متاح,2026-2027,9000,9000,9000,4500,USD,إجمالي رسوم البرنامج,3000
program,264,جامعة إسطنبول آيدن,Florya Campus (Halit Aydın Campus),Beşyol Mah. İnönü Cad. No:38 Sefaköy-Küçükçekmece / Istanbul / Turkey,العمارة,تركيا,إسطنبول,ماجستير بدون أطروحة,التركية,متاح,2026-2027,8000,8000,8000,4000,USD,إجمالي رسوم البرنامج,3000
program,263,جامعة إسطنبول آيدن,Florya Campus (Halit Aydın Campus),Beşyol Mah. İnönü Cad. No:38 Sefaköy-Küçükçekmece / Istanbul / Turkey,العمارة,تركيا,إسطنبول,ماجستير مع أطروحة,التركية,متاح,2026-2027,9000,9000,9000,4500,USD,إجمالي رسوم البرنامج,3000
program,262,جامعة إسطنبول آيدن,Florya Campus (Halit Aydın Campus),Beşyol Mah. İnönü Cad. No:38 Sefaköy-Küçükçekmece / Istanbul / Turkey,التصميم المعماري,تركيا,إسطنبول,ماجستير بدون أطروحة,التركية,متاح,2026-2027,8000,8000,8000,4000,USD,إجمالي رسوم البرنامج,3000
program,261,جامعة إسطنبول آيدن,Florya Campus (Halit Aydın Campus),Beşyol Mah. İnönü Cad. No:38 Sefaköy-Küçükçekmece / Istanbul / Turkey,التصميم المعماري,تركيا,إسطنبول,ماجستير مع أطروحة,التركية,متاح,2026-2027,9000,9000,9000,4500,USD,إجمالي رسوم البرنامج,3000
program,260,جامعة إسطنبول آيدن,Florya Campus (Halit Aydın Campus),Beşyol Mah. İnönü Cad. No:38 Sefaköy-Küçükçekmece / Istanbul / Turkey,التصميم الحضري,تركيا,إسطنبول,ماجستير بدون أطروحة,التركية,متاح,2026-2027,8000,8000,8000,4000,USD,إجمالي رسوم البرنامج,3000
program,259,جامعة إسطنبول آيدن,Florya Campus (Halit Aydın Campus),Beşyol Mah. İnönü Cad. No:38 Sefaköy-Küçükçekmece / Istanbul / Turkey,الصحة والسلامة المهنية,تركيا,إسطنبول,ماجستير بدون أطروحة,التركية,متاح,2026-2027,8000,8000,8000,4000,USD,إجمالي رسوم البرنامج,3000
program,258,جامعة إسطنبول آيدن,Florya Campus (Halit Aydın Campus),Beşyol Mah. İnönü Cad. No:38 Sefaköy-Küçükçekmece / Istanbul / Turkey,الصحة والسلامة المهنية,تركيا,إسطنبول,ماجستير مع أطروحة,التركية,متاح,2026-2027,9000,9000,9000,4500,USD,إجمالي رسوم البرنامج,3000
program,257,جامعة إسطنبول آيدن,Florya Campus (Halit Aydın Campus),Beşyol Mah. İnönü Cad. No:38 Sefaköy-Küçükçekmece / Istanbul / Turkey,الهندسة المدنية وإدارة المشاريع,تركيا,إسطنبول,ماجستير بدون أطروحة,التركية,متاح,2026-2027,8000,8000,8000,4000,USD,إجمالي رسوم البرنامج,3000
program,256,جامعة إسطنبول آيدن,Florya Campus (Halit Aydın Campus),Beşyol Mah. İnönü Cad. No:38 Sefaköy-Küçükçekmece / Istanbul / Turkey,الهندسة الصناعية,تركيا,إسطنبول,ماجستير بدون أطروحة,الإنجليزية,متاح,2026-2027,10000,10000,10000,5000,USD,إجمالي رسوم البرنامج,6000
program,255,جامعة إسطنبول آيدن,Florya Campus (Halit Aydın Campus),Beşyol Mah. İnönü Cad. No:38 Sefaköy-Küçükçekmece / Istanbul / Turkey,الهندسة الصناعية,تركيا,إسطنبول,ماجستير مع أطروحة,الإنجليزية,متاح,2026-2027,12000,12000,12000,6000,USD,إجمالي رسوم البرنامج,6000
program,254,جامعة إسطنبول آيدن,Florya Campus (Halit Aydın Campus),Beşyol Mah. İnönü Cad. No:38 Sefaköy-Küçükçekmece / Istanbul / Turkey,هندسة البناء والزلازل,تركيا,إسطنبول,ماجستير بدون أطروحة,التركية,متاح,2026-2027,8000,8000,8000,4000,USD,إجمالي رسوم البرنامج,3000
program,253,جامعة إسطنبول آيدن,Florya Campus (Halit Aydın Campus),Beşyol Mah. İnönü Cad. No:38 Sefaköy-Küçükçekmece / Istanbul / Turkey,هندسة البناء والزلازل,تركيا,إسطنبول,ماجستير مع أطروحة,التركية,متاح,2026-2027,9000,9000,9000,4500,USD,إجمالي رسوم البرنامج,3000
program,252,جامعة إسطنبول آيدن,Florya Campus (Halit Aydın Campus),Beşyol Mah. İnönü Cad. No:38 Sefaköy-Küçükçekmece / Istanbul / Turkey,الهندسة المدنية,تركيا,إسطنبول,ماجستير بدون أطروحة,الإنجليزية,متاح,2026-2027,10000,10000,10000,5000,USD,إجمالي رسوم البرنامج,6000
program,251,جامعة إسطنبول آيدن,Florya Campus (Halit Aydın Campus),Beşyol Mah. İnönü Cad. No:38 Sefaköy-Küçükçekmece / Istanbul / Turkey,الهندسة المدنية,تركيا,إسطنبول,ماجستير مع أطروحة,الإنجليزية,متاح,2026-2027,12000,12000,12000,6000,USD,إجمالي رسوم البرنامج,6000
program,250,جامعة إسطنبول آيدن,Florya Campus (Halit Aydın Campus),Beşyol Mah. İnönü Cad. No:38 Sefaköy-Küçükçekmece / Istanbul / Turkey,الهندسة المدنية,تركيا,إسطنبول,ماجستير مع أطروحة,التركية,متاح,2026-2027,9000,9000,9000,4500,USD,إجمالي رسوم البرنامج,3000
program,249,جامعة إسطنبول آيدن,Florya Campus (Halit Aydın Campus),Beşyol Mah. İnönü Cad. No:38 Sefaköy-Küçükçekmece / Istanbul / Turkey,الهندسة الغذائية,تركيا,إسطنبول,ماجستير مع أطروحة,التركية,متاح,2026-2027,9000,9000,9000,4500,USD,إجمالي رسوم البرنامج,3000
program,248,جامعة إسطنبول آيدن,Florya Campus (Halit Aydın Campus),Beşyol Mah. İnönü Cad. No:38 Sefaköy-Küçükçekmece / Istanbul / Turkey,سلامة الغذاء,تركيا,إسطنبول,ماجستير مع أطروحة,التركية,متاح,2026-2027,9000,9000,9000,4500,USD,إجمالي رسوم البرنامج,3000
program,247,جامعة إسطنبول آيدن,Florya Campus (Halit Aydın Campus),Beşyol Mah. İnönü Cad. No:38 Sefaköy-Küçükçekmece / Istanbul / Turkey,تقنيات الطاقة,تركيا,إسطنبول,ماجستير بدون أطروحة,الإنجليزية,متاح,2026-2027,10000,10000,10000,5000,USD,إجمالي رسوم البرنامج,6000
program,246,جامعة إسطنبول آيدن,Florya Campus (Halit Aydın Campus),Beşyol Mah. İnönü Cad. No:38 Sefaköy-Küçükçekmece / Istanbul / Turkey,تقنيات الطاقة,تركيا,إسطنبول,ماجستير مع أطروحة,الإنجليزية,متاح,2026-2027,12000,12000,12000,6000,USD,إجمالي رسوم البرنامج,6000
program,245,جامعة إسطنبول آيدن,Florya Campus (Halit Aydın Campus),Beşyol Mah. İnönü Cad. No:38 Sefaköy-Küçükçekmece / Istanbul / Turkey,هندسة الطيران والفضاء,تركيا,إسطنبول,ماجستير بدون أطروحة,الإنجليزية,متاح,2026-2027,10000,10000,10000,5000,USD,إجمالي رسوم البرنامج,6000
program,244,جامعة إسطنبول آيدن,Florya Campus (Halit Aydın Campus),Beşyol Mah. İnönü Cad. No:38 Sefaköy-Küçükçekmece / Istanbul / Turkey,هندسة الطيران والفضاء,تركيا,إسطنبول,ماجستير مع أطروحة,الإنجليزية,متاح,2026-2027,12000,12000,12000,6000,USD,إجمالي رسوم البرنامج,6000
program,243,جامعة إسطنبول آيدن,Florya Campus (Halit Aydın Campus),Beşyol Mah. İnönü Cad. No:38 Sefaköy-Küçükçekmece / Istanbul / Turkey,الهندسة الكهربائية والإلكترونية,تركيا,إسطنبول,ماجستير بدون أطروحة,الإنجليزية,متاح,2026-2027,10000,10000,10000,5000,USD,إجمالي رسوم البرنامج,6000
program,242,جامعة إسطنبول آيدن,Florya Campus (Halit Aydın Campus),Beşyol Mah. İnönü Cad. No:38 Sefaköy-Küçükçekmece / Istanbul / Turkey,الهندسة الكهربائية والإلكترونية,تركيا,إسطنبول,ماجستير مع أطروحة,الإنجليزية,متاح,2026-2027,12000,12000,12000,6000,USD,إجمالي رسوم البرنامج,6000
program,241,جامعة إسطنبول آيدن,Florya Campus (Halit Aydın Campus),Beşyol Mah. İnönü Cad. No:38 Sefaköy-Küçükçekmece / Istanbul / Turkey,الهندسة الكهربائية والإلكترونية,تركيا,إسطنبول,ماجستير مع أطروحة,التركية,متاح,2026-2027,9000,9000,9000,4500,USD,إجمالي رسوم البرنامج,3000
program,240,جامعة إسطنبول آيدن,Florya Campus (Halit Aydın Campus),Beşyol Mah. İnönü Cad. No:38 Sefaköy-Küçükçekmece / Istanbul / Turkey,تكنولوجيا المعلومات,تركيا,إسطنبول,ماجستير بدون أطروحة,التركية,متاح,2026-2027,8000,8000,8000,4000,USD,إجمالي رسوم البرنامج,3000
program,239,جامعة إسطنبول آيدن,Florya Campus (Halit Aydın Campus),Beşyol Mah. İnönü Cad. No:38 Sefaköy-Küçükçekmece / Istanbul / Turkey,الأمن السيبراني,تركيا,إسطنبول,ماجستير بدون أطروحة,التركية,متاح,2026-2027,10000,10000,10000,5000,USD,إجمالي رسوم البرنامج,3000
program,238,جامعة إسطنبول آيدن,Florya Campus (Halit Aydın Campus),Beşyol Mah. İnönü Cad. No:38 Sefaköy-Küçükçekmece / Istanbul / Turkey,هندسة الكمبيوتر,تركيا,إسطنبول,ماجستير بدون أطروحة,الإنجليزية,متاح,2026-2027,10000,10000,10000,5000,USD,إجمالي رسوم البرنامج,6000
program,237,جامعة إسطنبول آيدن,Florya Campus (Halit Aydın Campus),Beşyol Mah. İnönü Cad. No:38 Sefaköy-Küçükçekmece / Istanbul / Turkey,هندسة الكمبيوتر,تركيا,إسطنبول,ماجستير مع أطروحة,الإنجليزية,متاح,2026-2027,12000,12000,12000,6000,USD,إجمالي رسوم البرنامج,6000
program,236,جامعة إسطنبول آيدن,Florya Campus (Halit Aydın Campus),Beşyol Mah. İnönü Cad. No:38 Sefaköy-Küçükçekmece / Istanbul / Turkey,هندسة الكمبيوتر,تركيا,إسطنبول,ماجستير مع أطروحة,التركية,متاح,2026-2027,9000,9000,9000,4500,USD,إجمالي رسوم البرنامج,3000
program,235,جامعة إسطنبول آيدن,Florya Campus (Halit Aydın Campus),Beşyol Mah. İnönü Cad. No:38 Sefaköy-Küçükçekmece / Istanbul / Turkey,تعليم اللغة التركية,تركيا,إسطنبول,ماجستير مع أطروحة,التركية,متاح,2026-2027,9000,9000,9000,4500,USD,إجمالي رسوم البرنامج,3000
program,234,جامعة إسطنبول آيدن,Florya Campus (Halit Aydın Campus),Beşyol Mah. İnönü Cad. No:38 Sefaköy-Küçükçekmece / Istanbul / Turkey,اللغة التركية وآدابها,تركيا,إسطنبول,ماجستير مع أطروحة,التركية,متاح,2026-2027,9000,9000,9000,4500,USD,إجمالي رسوم البرنامج,3000
program,233,جامعة إسطنبول آيدن,Florya Campus (Halit Aydın Campus),Beşyol Mah. İnönü Cad. No:38 Sefaköy-Küçükçekmece / Istanbul / Turkey,التلفزيون والسينما,تركيا,إسطنبول,ماجستير بدون أطروحة,التركية,متاح,2026-2027,8000,8000,8000,4000,USD,إجمالي رسوم البرنامج,3000
program,232,جامعة إسطنبول آيدن,Florya Campus (Halit Aydın Campus),Beşyol Mah. İnönü Cad. No:38 Sefaköy-Küçükçekmece / Istanbul / Turkey,التلفزيون والسينما,تركيا,إسطنبول,ماجستير مع أطروحة,التركية,متاح,2026-2027,9000,9000,9000,4500,USD,إجمالي رسوم البرنامج,3000
program,231,جامعة إسطنبول آيدن,Florya Campus (Halit Aydın Campus),Beşyol Mah. İnönü Cad. No:38 Sefaköy-Küçükçekmece / Istanbul / Turkey,التاريخ,تركيا,إسطنبول,ماجستير مع أطروحة,التركية,متاح,2026-2027,9000,9000,9000,4500,USD,إجمالي رسوم البرنامج,3000
program,230,جامعة إسطنبول آيدن,Florya Campus (Halit Aydın Campus),Beşyol Mah. İnönü Cad. No:38 Sefaköy-Küçükçekmece / Istanbul / Turkey,علم الاجتماع,تركيا,إسطنبول,ماجستير مع أطروحة,التركية,متاح,2026-2027,9000,9000,9000,4500,USD,إجمالي رسوم البرنامج,3000
program,229,جامعة إسطنبول آيدن,Florya Campus (Halit Aydın Campus),Beşyol Mah. İnönü Cad. No:38 Sefaköy-Küçükçekmece / Istanbul / Turkey,فلسفة,تركيا,إسطنبول,ماجستير بدون أطروحة,التركية,متاح,2026-2027,8000,8000,8000,4000,USD,إجمالي رسوم البرنامج,3000
program,228,جامعة إسطنبول آيدن,Florya Campus (Halit Aydın Campus),Beşyol Mah. İnönü Cad. No:38 Sefaköy-Küçükçekmece / Istanbul / Turkey,فلسفة,تركيا,إسطنبول,ماجستير مع أطروحة,التركية,متاح,2026-2027,9000,9000,9000,4500,USD,إجمالي رسوم البرنامج,3000
program,227,جامعة إسطنبول آيدن,Florya Campus (Halit Aydın Campus),Beşyol Mah. İnönü Cad. No:38 Sefaköy-Küçükçekmece / Istanbul / Turkey,دراسات في العلاقات الدولية والإرهاب,تركيا,إسطنبول,ماجستير مع أطروحة,التركية,متاح,2026-2027,9000,9000,9000,4500,USD,إجمالي رسوم البرنامج,3000
program,226,جامعة إسطنبول آيدن,Florya Campus (Halit Aydın Campus),Beşyol Mah. İnönü Cad. No:38 Sefaköy-Küçükçekmece / Istanbul / Turkey,العلاقات الدولية والدراسات الاستخباراتية,تركيا,إسطنبول,ماجستير مع أطروحة,التركية,متاح,2026-2027,9000,9000,9000,4500,USD,إجمالي رسوم البرنامج,3000
program,225,جامعة إسطنبول آيدن,Florya Campus (Halit Aydın Campus),Beşyol Mah. İnönü Cad. No:38 Sefaköy-Küçükçekmece / Istanbul / Turkey,العلوم السياسية والعلاقات الدولية,تركيا,إسطنبول,ماجستير بدون أطروحة,التركية,متاح,2026-2027,8000,8000,8000,4000,USD,إجمالي رسوم البرنامج,3000
program,224,جامعة إسطنبول آيدن,Florya Campus (Halit Aydın Campus),Beşyol Mah. İnönü Cad. No:38 Sefaköy-Küçükçekmece / Istanbul / Turkey,العلوم السياسية والعلاقات الدولية,تركيا,إسطنبول,ماجستير مع أطروحة,التركية,متاح,2026-2027,9000,9000,9000,4500,USD,إجمالي رسوم البرنامج,3000
program,223,جامعة إسطنبول آيدن,Florya Campus (Halit Aydın Campus),Beşyol Mah. İnönü Cad. No:38 Sefaköy-Küçükçekmece / Istanbul / Turkey,العلوم السياسية والعلاقات الدولية,تركيا,إسطنبول,ماجستير بدون أطروحة,الإنجليزية,متاح,2026-2027,10000,10000,10000,5000,USD,إجمالي رسوم البرنامج,6000
program,222,جامعة إسطنبول آيدن,Florya Campus (Halit Aydın Campus),Beşyol Mah. İnönü Cad. No:38 Sefaköy-Küçükçekmece / Istanbul / Turkey,العلوم السياسية والعلاقات الدولية,تركيا,إسطنبول,ماجستير مع أطروحة,الإنجليزية,متاح,2026-2027,12000,12000,12000,6000,USD,إجمالي رسوم البرنامج,6000
program,221,جامعة إسطنبول آيدن,Florya Campus (Halit Aydın Campus),Beşyol Mah. İnönü Cad. No:38 Sefaköy-Küçükçekmece / Istanbul / Turkey,الفنون المسرحية,تركيا,إسطنبول,ماجستير مع أطروحة,التركية,متاح,2026-2027,9000,9000,9000,4500,USD,إجمالي رسوم البرنامج,3000
program,220,جامعة إسطنبول آيدن,Florya Campus (Halit Aydın Campus),Beşyol Mah. İnönü Cad. No:38 Sefaköy-Küçükçekmece / Istanbul / Turkey,القانون الخاص,تركيا,إسطنبول,ماجستير بدون أطروحة,التركية,متاح,2026-2027,8000,8000,8000,4000,USD,إجمالي رسوم البرنامج,3000
program,219,جامعة إسطنبول آيدن,Florya Campus (Halit Aydın Campus),Beşyol Mah. İnönü Cad. No:38 Sefaköy-Küçükçekmece / Istanbul / Turkey,القانون الخاص,تركيا,إسطنبول,ماجستير مع أطروحة,التركية,متاح,2026-2027,9000,9000,9000,4500,USD,إجمالي رسوم البرنامج,3000
program,218,جامعة إسطنبول آيدن,Florya Campus (Halit Aydın Campus),Beşyol Mah. İnönü Cad. No:38 Sefaköy-Küçükçekmece / Istanbul / Turkey,تعليم ما قبل المدرسة,تركيا,إسطنبول,ماجستير بدون أطروحة,التركية,متاح,2026-2027,8000,8000,8000,4000,USD,إجمالي رسوم البرنامج,3000
program,217,جامعة إسطنبول آيدن,Florya Campus (Halit Aydın Campus),Beşyol Mah. İnönü Cad. No:38 Sefaköy-Küçükçekmece / Istanbul / Turkey,تعليم ما قبل المدرسة,تركيا,إسطنبول,ماجستير مع أطروحة,التركية,متاح,2026-2027,9000,9000,9000,4500,USD,إجمالي رسوم البرنامج,3000
program,216,جامعة إسطنبول آيدن,Florya Campus (Halit Aydın Campus),Beşyol Mah. İnönü Cad. No:38 Sefaköy-Küçükçekmece / Istanbul / Turkey,الترجمة التحريرية والشفهية (التركية - الروسية),تركيا,إسطنبول,ماجستير مع أطروحة,التركية,متاح,2026-2027,9000,9000,9000,4500,USD,إجمالي رسوم البرنامج,3000
program,215,جامعة إسطنبول آيدن,Florya Campus (Halit Aydın Campus),Beşyol Mah. İnönü Cad. No:38 Sefaköy-Küçükçekmece / Istanbul / Turkey,المحاسبة والتدقيق,تركيا,إسطنبول,ماجستير بدون أطروحة,الإنجليزية,متاح,2026-2027,10000,10000,10000,5000,USD,إجمالي رسوم البرنامج,6000
program,214,جامعة إسطنبول آيدن,Florya Campus (Halit Aydın Campus),Beşyol Mah. İnönü Cad. No:38 Sefaköy-Küçükçekmece / Istanbul / Turkey,المحاسبة والتدقيق,تركيا,إسطنبول,ماجستير مع أطروحة,الإنجليزية,متاح,2026-2027,12000,12000,12000,6000,USD,إجمالي رسوم البرنامج,6000
program,213,جامعة إسطنبول آيدن,Florya Campus (Halit Aydın Campus),Beşyol Mah. İnönü Cad. No:38 Sefaköy-Küçükçekmece / Istanbul / Turkey,المحاسبة والتدقيق,تركيا,إسطنبول,ماجستير بدون أطروحة,التركية,متاح,2026-2027,8000,8000,8000,4000,USD,إجمالي رسوم البرنامج,3000
program,212,جامعة إسطنبول آيدن,Florya Campus (Halit Aydın Campus),Beşyol Mah. İnönü Cad. No:38 Sefaköy-Küçükçekmece / Istanbul / Turkey,المحاسبة والتدقيق,تركيا,إسطنبول,ماجستير مع أطروحة,التركية,متاح,2026-2027,9000,9000,9000,4500,USD,إجمالي رسوم البرنامج,3000
program,211,جامعة إسطنبول آيدن,Florya Campus (Halit Aydın Campus),Beşyol Mah. İnönü Cad. No:38 Sefaköy-Küçükçekmece / Istanbul / Turkey,الإدارات المحلية واللامركزية (تعليم عن بعد),تركيا,إسطنبول,ماجستير بدون أطروحة,التركية,متاح,2026-2027,8000,8000,8000,4000,USD,إجمالي رسوم البرنامج,3000
program,210,جامعة إسطنبول آيدن,Florya Campus (Halit Aydın Campus),Beşyol Mah. İnönü Cad. No:38 Sefaköy-Küçükçekmece / Istanbul / Turkey,الإدارات المحلية واللامركزية,تركيا,إسطنبول,ماجستير بدون أطروحة,التركية,متاح,2026-2027,8000,8000,8000,4000,USD,إجمالي رسوم البرنامج,3000
program,209,جامعة إسطنبول آيدن,Florya Campus (Halit Aydın Campus),Beşyol Mah. İnönü Cad. No:38 Sefaköy-Küçükçekmece / Istanbul / Turkey,الإدارات المحلية واللامركزية,تركيا,إسطنبول,ماجستير مع أطروحة,التركية,متاح,2026-2027,9000,9000,9000,4500,USD,إجمالي رسوم البرنامج,3000
program,208,جامعة إسطنبول آيدن,Florya Campus (Halit Aydın Campus),Beşyol Mah. İnönü Cad. No:38 Sefaköy-Küçükçekmece / Istanbul / Turkey,الإرشاد والتوجيه النفسي,تركيا,إسطنبول,ماجستير بدون أطروحة,التركية,متاح,2026-2027,8000,8000,8000,4000,USD,إجمالي رسوم البرنامج,3000
program,207,جامعة إسطنبول آيدن,Florya Campus (Halit Aydın Campus),Beşyol Mah. İnönü Cad. No:38 Sefaköy-Küçükçekmece / Istanbul / Turkey,الإرشاد والتوجيه النفسي,تركيا,إسطنبول,ماجستير مع أطروحة,التركية,متاح,2026-2027,9000,9000,9000,4500,USD,إجمالي رسوم البرنامج,3000
program,206,جامعة إسطنبول آيدن,Florya Campus (Halit Aydın Campus),Beşyol Mah. İnönü Cad. No:38 Sefaköy-Küçükçekmece / Istanbul / Turkey,إدارة المشاريع,تركيا,إسطنبول,ماجستير بدون أطروحة,الإنجليزية,متاح,2026-2027,10000,10000,10000,5000,USD,إجمالي رسوم البرنامج,6000
program,205,جامعة إسطنبول آيدن,Florya Campus (Halit Aydın Campus),Beşyol Mah. İnönü Cad. No:38 Sefaköy-Küçükçekmece / Istanbul / Turkey,إدارة المشاريع,تركيا,إسطنبول,ماجستير مع أطروحة,الإنجليزية,متاح,2026-2027,12000,12000,12000,6000,USD,إجمالي رسوم البرنامج,6000
program,204,جامعة إسطنبول آيدن,Florya Campus (Halit Aydın Campus),Beşyol Mah. İnönü Cad. No:38 Sefaköy-Küçükçekmece / Istanbul / Turkey,علم النفس,تركيا,إسطنبول,ماجستير بدون أطروحة,الإنجليزية,متاح,2026-2027,10000,10000,10000,5000,USD,إجمالي رسوم البرنامج,6000
program,203,جامعة إسطنبول آيدن,Florya Campus (Halit Aydın Campus),Beşyol Mah. İnönü Cad. No:38 Sefaköy-Küçükçekmece / Istanbul / Turkey,علم النفس,تركيا,إسطنبول,ماجستير مع أطروحة,الإنجليزية,متاح,2026-2027,12000,12000,12000,6000,USD,إجمالي رسوم البرنامج,6000
program,202,جامعة إسطنبول آيدن,Florya Campus (Halit Aydın Campus),Beşyol Mah. İnönü Cad. No:38 Sefaköy-Küçükçekmece / Istanbul / Turkey,علم النفس,تركيا,إسطنبول,ماجستير بدون أطروحة,التركية,متاح,2026-2027,8000,8000,8000,4000,USD,إجمالي رسوم البرنامج,3000
program,201,جامعة إسطنبول آيدن,Florya Campus (Halit Aydın Campus),Beşyol Mah. İnönü Cad. No:38 Sefaköy-Küçükçekmece / Istanbul / Turkey,علم النفس,تركيا,إسطنبول,ماجستير مع أطروحة,التركية,متاح,2026-2027,9000,9000,9000,4500,USD,إجمالي رسوم البرنامج,3000
program,200,جامعة إسطنبول آيدن,Florya Campus (Halit Aydın Campus),Beşyol Mah. İnönü Cad. No:38 Sefaköy-Küçükçekmece / Istanbul / Turkey,البيولوجيا الجزيئية وعلم الوراثة,تركيا,إسطنبول,ماجستير بدون أطروحة,التركية,متاح,2026-2027,8000,8000,8000,4000,USD,إجمالي رسوم البرنامج,3000
program,199,جامعة إسطنبول آيدن,Florya Campus (Halit Aydın Campus),Beşyol Mah. İnönü Cad. No:38 Sefaköy-Küçükçekmece / Istanbul / Turkey,البيولوجيا الجزيئية وعلم الوراثة,تركيا,إسطنبول,ماجستير مع أطروحة,التركية,متاح,2026-2027,9000,9000,9000,4500,USD,إجمالي رسوم البرنامج,3000
program,198,جامعة إسطنبول آيدن,Florya Campus (Halit Aydın Campus),Beşyol Mah. İnönü Cad. No:38 Sefaköy-Küçükçekmece / Istanbul / Turkey,القانون العام,تركيا,إسطنبول,ماجستير بدون أطروحة,التركية,متاح,2026-2027,8000,8000,8000,4000,USD,إجمالي رسوم البرنامج,3000
program,197,جامعة إسطنبول آيدن,Florya Campus (Halit Aydın Campus),Beşyol Mah. İnönü Cad. No:38 Sefaköy-Küçükçekmece / Istanbul / Turkey,القانون العام,تركيا,إسطنبول,ماجستير مع أطروحة,التركية,متاح,2026-2027,9000,9000,9000,4500,USD,إجمالي رسوم البرنامج,3000
program,196,جامعة إسطنبول آيدن,Florya Campus (Halit Aydın Campus),Beşyol Mah. İnönü Cad. No:38 Sefaköy-Küçükçekmece / Istanbul / Turkey,إدارة الأعمال لمدير الأعمال,تركيا,إسطنبول,ماجستير بدون أطروحة,الإنجليزية,متاح,2026-2027,10000,10000,10000,5000,USD,إجمالي رسوم البرنامج,6000
program,195,جامعة إسطنبول آيدن,Florya Campus (Halit Aydın Campus),Beşyol Mah. İnönü Cad. No:38 Sefaköy-Küçükçekmece / Istanbul / Turkey,إدارة الأعمال,تركيا,إسطنبول,ماجستير مع أطروحة,الإنجليزية,متاح,2026-2027,12000,12000,12000,6000,USD,إجمالي رسوم البرنامج,6000
program,194,جامعة إسطنبول آيدن,Florya Campus (Halit Aydın Campus),Beşyol Mah. İnönü Cad. No:38 Sefaköy-Küçükçekmece / Istanbul / Turkey,إدارة الأعمال (تعليم عن بعد),تركيا,إسطنبول,ماجستير بدون أطروحة,الإنجليزية,متاح,2026-2027,10000,10000,10000,5000,USD,إجمالي رسوم البرنامج,6000
program,193,جامعة إسطنبول آيدن,Florya Campus (Halit Aydın Campus),Beşyol Mah. İnönü Cad. No:38 Sefaköy-Küçükçekmece / Istanbul / Turkey,اللغة الإنجليزية وآدابها,تركيا,إسطنبول,ماجستير بدون أطروحة,التركية,متاح,2026-2027,10000,10000,10000,5000,USD,إجمالي رسوم البرنامج,3000
program,192,جامعة إسطنبول آيدن,Florya Campus (Halit Aydın Campus),Beşyol Mah. İnönü Cad. No:38 Sefaköy-Küçükçekmece / Istanbul / Turkey,اللغة الإنجليزية وآدابها,تركيا,إسطنبول,ماجستير مع أطروحة,التركية,متاح,2026-2027,12000,12000,12000,6000,USD,إجمالي رسوم البرنامج,3000
program,191,جامعة إسطنبول آيدن,Florya Campus (Halit Aydın Campus),Beşyol Mah. İnönü Cad. No:38 Sefaköy-Küçükçekmece / Istanbul / Turkey,تدريس اللغة الإنجليزية,تركيا,إسطنبول,ماجستير بدون أطروحة,التركية,متاح,2026-2027,10000,10000,10000,5000,USD,إجمالي رسوم البرنامج,3000
program,190,جامعة إسطنبول آيدن,Florya Campus (Halit Aydın Campus),Beşyol Mah. İnönü Cad. No:38 Sefaköy-Küçükçekmece / Istanbul / Turkey,تدريس اللغة الإنجليزية,تركيا,إسطنبول,ماجستير مع أطروحة,التركية,متاح,2026-2027,12000,12000,12000,6000,USD,إجمالي رسوم البرنامج,3000
program,189,جامعة إسطنبول آيدن,Florya Campus (Halit Aydın Campus),Beşyol Mah. İnönü Cad. No:38 Sefaköy-Küçükçekmece / Istanbul / Turkey,تعليم المرحلة الابتدائية,تركيا,إسطنبول,ماجستير بدون أطروحة,التركية,متاح,2026-2027,8000,8000,8000,4000,USD,إجمالي رسوم البرنامج,3000
program,188,جامعة إسطنبول آيدن,Florya Campus (Halit Aydın Campus),Beşyol Mah. İnönü Cad. No:38 Sefaköy-Küçükçekmece / Istanbul / Turkey,تعليم المرحلة الابتدائية,تركيا,إسطنبول,ماجستير مع أطروحة,التركية,متاح,2026-2027,9000,9000,9000,4500,USD,إجمالي رسوم البرنامج,3000
program,187,جامعة إسطنبول آيدن,Florya Campus (Halit Aydın Campus),Beşyol Mah. İnönü Cad. No:38 Sefaköy-Küçükçekmece / Istanbul / Turkey,العلاقات العامة والدعاية,تركيا,إسطنبول,ماجستير بدون أطروحة,التركية,متاح,2026-2027,8000,8000,8000,4000,USD,إجمالي رسوم البرنامج,3000
program,186,جامعة إسطنبول آيدن,Florya Campus (Halit Aydın Campus),Beşyol Mah. İnönü Cad. No:38 Sefaköy-Küçükçekmece / Istanbul / Turkey,العلاقات العامة والدعاية,تركيا,إسطنبول,ماجستير مع أطروحة,التركية,متاح,2026-2027,9000,9000,9000,4500,USD,إجمالي رسوم البرنامج,3000
program,185,جامعة إسطنبول آيدن,Florya Campus (Halit Aydın Campus),Beşyol Mah. İnönü Cad. No:38 Sefaköy-Küçükçekmece / Istanbul / Turkey,إدارة ريادة الأعمال والابتكار,تركيا,إسطنبول,ماجستير مع أطروحة,الإنجليزية,متاح,2026-2027,12000,12000,12000,6000,USD,إجمالي رسوم البرنامج,6000
program,184,جامعة إسطنبول آيدن,Florya Campus (Halit Aydın Campus),Beşyol Mah. İnönü Cad. No:38 Sefaköy-Küçükçekmece / Istanbul / Turkey,الصحافة,تركيا,إسطنبول,ماجستير بدون أطروحة,التركية,متاح,2026-2027,8000,8000,8000,4000,USD,إجمالي رسوم البرنامج,3000
program,183,جامعة إسطنبول آيدن,Florya Campus (Halit Aydın Campus),Beşyol Mah. İnönü Cad. No:38 Sefaköy-Küçükçekmece / Istanbul / Turkey,الصحافة,تركيا,إسطنبول,ماجستير مع أطروحة,التركية,متاح,2026-2027,9000,9000,9000,4500,USD,إجمالي رسوم البرنامج,3000
program,182,جامعة إسطنبول آيدن,Florya Campus (Halit Aydın Campus),Beşyol Mah. İnönü Cad. No:38 Sefaköy-Küçükçekmece / Istanbul / Turkey,فنون الطهي وفنون المطبخ,تركيا,إسطنبول,ماجستير بدون أطروحة,التركية,متاح,2026-2027,8000,8000,8000,4000,USD,إجمالي رسوم البرنامج,3000
program,181,جامعة إسطنبول آيدن,Florya Campus (Halit Aydın Campus),Beşyol Mah. İnönü Cad. No:38 Sefaköy-Küçükçekmece / Istanbul / Turkey,فنون الطهي وفنون المطبخ,تركيا,إسطنبول,ماجستير مع أطروحة,التركية,متاح,2026-2027,9000,9000,9000,4500,USD,إجمالي رسوم البرنامج,3000
program,180,جامعة إسطنبول آيدن,Florya Campus (Halit Aydın Campus),Beşyol Mah. İnönü Cad. No:38 Sefaköy-Küçükçekmece / Istanbul / Turkey,التصميم الجرافيكي,تركيا,إسطنبول,ماجستير بدون أطروحة,التركية,متاح,2026-2027,8000,8000,8000,4000,USD,إجمالي رسوم البرنامج,3000
program,179,جامعة إسطنبول آيدن,Florya Campus (Halit Aydın Campus),Beşyol Mah. İnönü Cad. No:38 Sefaköy-Küçükçekmece / Istanbul / Turkey,التصميم الجرافيكي,تركيا,إسطنبول,ماجستير مع أطروحة,التركية,متاح,2026-2027,9000,9000,9000,4500,USD,إجمالي رسوم البرنامج,3000
program,178,جامعة إسطنبول آيدن,Florya Campus (Halit Aydın Campus),Beşyol Mah. İnönü Cad. No:38 Sefaköy-Küçükçekmece / Istanbul / Turkey,الفنون البصرية,تركيا,إسطنبول,ماجستير مع أطروحة,التركية,متاح,2026-2027,9000,9000,9000,4500,USD,إجمالي رسوم البرنامج,3000
program,177,جامعة إسطنبول آيدن,Florya Campus (Halit Aydın Campus),Beşyol Mah. İnönü Cad. No:38 Sefaköy-Küçükçekmece / Istanbul / Turkey,تكنولوجيا التعليم والتصميم التعليمي,تركيا,إسطنبول,ماجستير بدون أطروحة,التركية,متاح,2026-2027,8000,8000,8000,4000,USD,إجمالي رسوم البرنامج,3000
program,176,جامعة إسطنبول آيدن,Florya Campus (Halit Aydın Campus),Beşyol Mah. İnönü Cad. No:38 Sefaköy-Küçükçekmece / Istanbul / Turkey,التقييم والقياس في التعليم,تركيا,إسطنبول,ماجستير بدون أطروحة,التركية,متاح,2026-2027,8000,8000,8000,4000,USD,إجمالي رسوم البرنامج,3000
program,175,جامعة إسطنبول آيدن,Florya Campus (Halit Aydın Campus),Beşyol Mah. İnönü Cad. No:38 Sefaköy-Küçükçekmece / Istanbul / Turkey,التقييم والقياس في التعليم,تركيا,إسطنبول,ماجستير مع أطروحة,التركية,متاح,2026-2027,9000,9000,9000,4500,USD,إجمالي رسوم البرنامج,3000
program,174,جامعة إسطنبول آيدن,Florya Campus (Halit Aydın Campus),Beşyol Mah. İnönü Cad. No:38 Sefaköy-Küçükçekmece / Istanbul / Turkey,إدارة التعليم,تركيا,إسطنبول,ماجستير بدون أطروحة,التركية,متاح,2026-2027,8000,8000,8000,4000,USD,إجمالي رسوم البرنامج,3000
program,173,جامعة إسطنبول آيدن,Florya Campus (Halit Aydın Campus),Beşyol Mah. İnönü Cad. No:38 Sefaköy-Küçükçekmece / Istanbul / Turkey,إدارة التعليم,تركيا,إسطنبول,ماجستير مع أطروحة,التركية,متاح,2026-2027,9000,9000,9000,4500,USD,إجمالي رسوم البرنامج,3000
program,172,جامعة إسطنبول آيدن,Florya Campus (Halit Aydın Campus),Beşyol Mah. İnönü Cad. No:38 Sefaköy-Küçükçekmece / Istanbul / Turkey,نظم إدارة الجودة وضمان الجودة,تركيا,إسطنبول,ماجستير بدون أطروحة,التركية,متاح,2026-2027,8000,8000,8000,4000,USD,إجمالي رسوم البرنامج,3000
program,171,جامعة إسطنبول آيدن,Florya Campus (Halit Aydın Campus),Beşyol Mah. İnönü Cad. No:38 Sefaköy-Küçükçekmece / Istanbul / Turkey,نظم إدارة الجودة وضمان الجودة,تركيا,إسطنبول,ماجستير مع أطروحة,التركية,متاح,2026-2027,9000,9000,9000,4500,USD,إجمالي رسوم البرنامج,3000
program,170,جامعة إسطنبول آيدن,Florya Campus (Halit Aydın Campus),Beşyol Mah. İnönü Cad. No:38 Sefaköy-Küçükçekmece / Istanbul / Turkey,إدارة الأعمال لمدير الأعمال,تركيا,إسطنبول,ماجستير بدون أطروحة,التركية,متاح,2026-2027,8000,8000,8000,4000,USD,إجمالي رسوم البرنامج,3000
program,169,جامعة إسطنبول آيدن,Florya Campus (Halit Aydın Campus),Beşyol Mah. İnönü Cad. No:38 Sefaköy-Küçükçekmece / Istanbul / Turkey,التسويق الرقمي التعليم عن بعد,تركيا,إسطنبول,ماجستير بدون أطروحة,التركية,متاح,2026-2027,8000,8000,8000,4000,USD,إجمالي رسوم البرنامج,3000
program,168,جامعة إسطنبول آيدن,Florya Campus (Halit Aydın Campus),Beşyol Mah. İnönü Cad. No:38 Sefaköy-Küçükçekmece / Istanbul / Turkey,التسويق الاستراتيجي وإدارة العلامات التجارية,تركيا,إسطنبول,ماجستير بدون أطروحة,التركية,متاح,2026-2027,8000,8000,8000,4000,USD,إجمالي رسوم البرنامج,3000
program,167,جامعة إسطنبول آيدن,Florya Campus (Halit Aydın Campus),Beşyol Mah. İnönü Cad. No:38 Sefaköy-Küçükçekmece / Istanbul / Turkey,إدارة الأعمال,تركيا,إسطنبول,ماجستير مع أطروحة,التركية,متاح,2026-2027,9000,9000,9000,4500,USD,إجمالي رسوم البرنامج,3000
program,166,جامعة إسطنبول آيدن,Florya Campus (Halit Aydın Campus),Beşyol Mah. İnönü Cad. No:38 Sefaköy-Küçükçekmece / Istanbul / Turkey,إدارة الموارد البشرية,تركيا,إسطنبول,ماجستير بدون أطروحة,التركية,متاح,2026-2027,8000,8000,8000,4000,USD,إجمالي رسوم البرنامج,3000
program,165,جامعة إسطنبول آيدن,Florya Campus (Halit Aydın Campus),Beşyol Mah. İnönü Cad. No:38 Sefaköy-Küçükçekmece / Istanbul / Turkey,إدارة الموارد البشرية,تركيا,إسطنبول,ماجستير مع أطروحة,التركية,متاح,2026-2027,9000,9000,9000,4500,USD,إجمالي رسوم البرنامج,3000
program,164,جامعة إسطنبول آيدن,Florya Campus (Halit Aydın Campus),Beşyol Mah. İnönü Cad. No:38 Sefaköy-Küçükçekmece / Istanbul / Turkey,إدارة التجارة الإلكترونية (تعليم عن بعد),تركيا,إسطنبول,ماجستير بدون أطروحة,التركية,متاح,2026-2027,8000,8000,8000,4000,USD,إجمالي رسوم البرنامج,3000
program,163,جامعة إسطنبول آيدن,Florya Campus (Halit Aydın Campus),Beşyol Mah. İnönü Cad. No:38 Sefaköy-Küçükçekmece / Istanbul / Turkey,قانون تكنولوجيا المعلومات,تركيا,إسطنبول,ماجستير مع أطروحة,التركية,متاح,2026-2027,9000,9000,9000,4500,USD,إجمالي رسوم البرنامج,3000
program,162,جامعة إسطنبول آيدن,Florya Campus (Halit Aydın Campus),Beşyol Mah. İnönü Cad. No:38 Sefaköy-Küçükçekmece / Istanbul / Turkey,وسائل الإعلام الجديدة,تركيا,إسطنبول,ماجستير بدون أطروحة,التركية,متاح,2026-2027,8000,8000,8000,4000,USD,إجمالي رسوم البرنامج,3000
program,161,جامعة إسطنبول آيدن,Florya Campus (Halit Aydın Campus),Beşyol Mah. İnönü Cad. No:38 Sefaköy-Küçükçekmece / Istanbul / Turkey,وسائل الإعلام الجديدة,تركيا,إسطنبول,ماجستير مع أطروحة,التركية,متاح,2026-2027,9000,9000,9000,4500,USD,إجمالي رسوم البرنامج,3000
program,160,جامعة إسطنبول آيدن,Florya Campus (Halit Aydın Campus),Beşyol Mah. İnönü Cad. No:38 Sefaköy-Küçükçekmece / Istanbul / Turkey,الاقتصاد الدولي,تركيا,إسطنبول,ماجستير بدون أطروحة,الإنجليزية,متاح,2026-2027,10000,10000,10000,5000,USD,إجمالي رسوم البرنامج,6000
program,159,جامعة إسطنبول آيدن,Florya Campus (Halit Aydın Campus),Beşyol Mah. İnönü Cad. No:38 Sefaköy-Küçükçekmece / Istanbul / Turkey,الاقتصاد الدولي,تركيا,إسطنبول,ماجستير مع أطروحة,الإنجليزية,متاح,2026-2027,12000,12000,12000,6000,USD,إجمالي رسوم البرنامج,6000
program,158,جامعة إسطنبول آيدن,Florya Campus (Halit Aydın Campus),Beşyol Mah. İnönü Cad. No:38 Sefaköy-Küçükçekmece / Istanbul / Turkey,الاقتصاد الدولي,تركيا,إسطنبول,ماجستير بدون أطروحة,التركية,متاح,2026-2027,8000,8000,8000,4000,USD,إجمالي رسوم البرنامج,3000
program,157,جامعة إسطنبول آيدن,Florya Campus (Halit Aydın Campus),Beşyol Mah. İnönü Cad. No:38 Sefaköy-Küçükçekmece / Istanbul / Turkey,الاقتصاد الدولي,تركيا,إسطنبول,ماجستير مع أطروحة,التركية,متاح,2026-2027,9000,9000,9000,4500,USD,إجمالي رسوم البرنامج,3000
program,156,جامعة إسطنبول آيدن,Florya Campus (Halit Aydın Campus),Beşyol Mah. İnönü Cad. No:38 Sefaköy-Küçükçekmece / Istanbul / Turkey,تنمية الطفل,تركيا,إسطنبول,ماجستير بدون أطروحة,التركية,متاح,2026-2027,8000,8000,8000,4000,USD,إجمالي رسوم البرنامج,3000
program,155,جامعة إسطنبول آيدن,Florya Campus (Halit Aydın Campus),Beşyol Mah. İnönü Cad. No:38 Sefaköy-Küçükçekmece / Istanbul / Turkey,تنمية الطفل,تركيا,إسطنبول,ماجستير مع أطروحة,التركية,متاح,2026-2027,9000,9000,9000,4500,USD,إجمالي رسوم البرنامج,3000
program,154,جامعة إسطنبول آيدن,Florya Campus (Halit Aydın Campus),Beşyol Mah. İnönü Cad. No:38 Sefaköy-Küçükçekmece / Istanbul / Turkey,البنوك والتمويل (تعليم عن بعد),تركيا,إسطنبول,ماجستير مع أطروحة,التركية,متاح,2026-2027,8000,8000,8000,4000,USD,إجمالي رسوم البرنامج,3000
program,153,جامعة إسطنبول آيدن,Florya Campus (Halit Aydın Campus),Beşyol Mah. İnönü Cad. No:38 Sefaköy-Küçükçekmece / Istanbul / Turkey,البنوك والتأمين,تركيا,إسطنبول,ماجستير بدون أطروحة,التركية,متاح,2026-2027,8000,8000,8000,4000,USD,إجمالي رسوم البرنامج,3000
program,152,جامعة إسطنبول آيدن,Florya Campus (Halit Aydın Campus),Beşyol Mah. İnönü Cad. No:38 Sefaköy-Küçükçekmece / Istanbul / Turkey,البنوك والتأمين,تركيا,إسطنبول,ماجستير مع أطروحة,التركية,متاح,2026-2027,9000,9000,9000,4500,USD,إجمالي رسوم البرنامج,3000
program,151,جامعة إسطنبول آيدن,Florya Campus (Halit Aydın Campus),Beşyol Mah. İnönü Cad. No:38 Sefaköy-Küçükçekmece / Istanbul / Turkey,التمثيل,تركيا,إسطنبول,ماجستير مع أطروحة,التركية,متاح,2026-2027,9000,9000,9000,4500,USD,إجمالي رسوم البرنامج,3000
program,150,جامعة إسطنبول آيدن,Florya Campus (Halit Aydın Campus),Beşyol Mah. İnönü Cad. No:38 Sefaköy-Küçükçekmece / Istanbul / Turkey,التكنولوجيا الحيوية,تركيا,إسطنبول,ماجستير بدون أطروحة,التركية,متاح,2026-2027,8000,8000,8000,4000,USD,إجمالي رسوم البرنامج,3000
program,149,جامعة إسطنبول آيدن,Florya Campus (Halit Aydın Campus),Beşyol Mah. İnönü Cad. No:38 Sefaköy-Küçükçekmece / Istanbul / Turkey,التكنولوجيا الحيوية,تركيا,إسطنبول,ماجستير مع أطروحة,التركية,متاح,2026-2027,9000,9000,9000,4500,USD,إجمالي رسوم البرنامج,3000
program,148,جامعة إسطنبول آيدن,Florya Campus (Halit Aydın Campus),Beşyol Mah. İnönü Cad. No:38 Sefaköy-Küçükçekmece / Istanbul / Turkey,التدريب على اللغة العربية,تركيا,إسطنبول,ماجستير بدون أطروحة,التركية,متاح,2026-2027,8000,8000,8000,4000,USD,إجمالي رسوم البرنامج,3000
program,147,جامعة إسطنبول آيدن,Florya Campus (Halit Aydın Campus),Beşyol Mah. İnönü Cad. No:38 Sefaköy-Küçükçekmece / Istanbul / Turkey,التدريب على اللغة العربية,تركيا,إسطنبول,ماجستير مع أطروحة,التركية,متاح,2026-2027,9000,9000,9000,4500,USD,إجمالي رسوم البرنامج,3000
program,146,جامعة إسطنبول آيدن,Florya Campus (Halit Aydın Campus),Beşyol Mah. İnönü Cad. No:38 Sefaköy-Küçükçekmece / Istanbul / Turkey,تقنيات المختبرات الطبية,تركيا,إسطنبول,دبلوم,التركية,متاح,2026-2027,3000,3000,3000,1500,USD,-,3000
program,145,جامعة إسطنبول آيدن,Florya Campus (Halit Aydın Campus),Beşyol Mah. İnönü Cad. No:38 Sefaköy-Küçükçekmece / Istanbul / Turkey,تقنيات التصوير الطبي,تركيا,إسطنبول,دبلوم,التركية,متاح,2026-2027,3000,3000,3000,1500,USD,-,3000
program,144,جامعة إسطنبول آيدن,Florya Campus (Halit Aydın Campus),Beşyol Mah. İnönü Cad. No:38 Sefaköy-Küçükçekmece / Istanbul / Turkey,التوثيق الطبي والسكرتارية,تركيا,إسطنبول,دبلوم,التركية,متاح,2026-2027,3000,3000,3000,1500,USD,-,3000
program,143,جامعة إسطنبول آيدن,Florya Campus (Halit Aydın Campus),Beşyol Mah. İnönü Cad. No:38 Sefaköy-Küçükçekmece / Istanbul / Turkey,الخدمات الاجتماعية,تركيا,إسطنبول,دبلوم,التركية,متاح,2026-2027,3000,3000,3000,1500,USD,-,3000
program,142,جامعة إسطنبول آيدن,Florya Campus (Halit Aydın Campus),Beşyol Mah. İnönü Cad. No:38 Sefaköy-Küçükçekmece / Istanbul / Turkey,العلاج الإشعاعي,تركيا,إسطنبول,دبلوم,التركية,متاح,2026-2027,3000,3000,3000,1500,USD,-,3000
program,141,جامعة إسطنبول آيدن,Florya Campus (Halit Aydın Campus),Beşyol Mah. İnönü Cad. No:38 Sefaköy-Küçükçekmece / Istanbul / Turkey,تقنيات التروية,تركيا,إسطنبول,دبلوم,التركية,متاح,2026-2027,3000,3000,3000,1500,USD,-,3000
program,140,جامعة إسطنبول آيدن,Florya Campus (Halit Aydın Campus),Beşyol Mah. İnönü Cad. No:38 Sefaköy-Küçükçekmece / Istanbul / Turkey,تقنيات مختبر علم الأمراض,تركيا,إسطنبول,دبلوم,التركية,متاح,2026-2027,3000,3000,3000,1500,USD,-,3000
program,139,جامعة إسطنبول آيدن,Florya Campus (Halit Aydın Campus),Beşyol Mah. İnönü Cad. No:38 Sefaköy-Küçükçekmece / Istanbul / Turkey,الأطراف الاصطناعية وتقويم العظام,تركيا,إسطنبول,دبلوم,التركية,متاح,2026-2027,3000,3000,3000,1500,USD,-,3000
program,138,جامعة إسطنبول آيدن,Florya Campus (Halit Aydın Campus),Beşyol Mah. İnönü Cad. No:38 Sefaköy-Küçükçekmece / Istanbul / Turkey,البصريات,تركيا,إسطنبول,دبلوم,التركية,متاح,2026-2027,3000,3000,3000,1500,USD,-,3000
program,137,جامعة إسطنبول آيدن,Florya Campus (Halit Aydın Campus),Beşyol Mah. İnönü Cad. No:38 Sefaköy-Küçükçekmece / Istanbul / Turkey,قياس السمع,تركيا,إسطنبول,دبلوم,التركية,متاح,2026-2027,3000,3000,3000,1500,USD,-,3000
program,136,جامعة إسطنبول آيدن,Florya Campus (Halit Aydın Campus),Beşyol Mah. İnönü Cad. No:38 Sefaköy-Küçükçekmece / Istanbul / Turkey,الإسعافات الأولية والطوارئ,تركيا,إسطنبول,دبلوم,التركية,متاح,2026-2027,3000,3000,3000,1500,USD,-,3000
program,135,جامعة إسطنبول آيدن,Florya Campus (Halit Aydın Campus),Beşyol Mah. İnönü Cad. No:38 Sefaköy-Küçükçekmece / Istanbul / Turkey,العلاج الطبيعي,تركيا,إسطنبول,دبلوم,التركية,متاح,2026-2027,3000,3000,3000,1500,USD,-,3000
program,134,جامعة إسطنبول آيدن,Florya Campus (Halit Aydın Campus),Beşyol Mah. İnönü Cad. No:38 Sefaköy-Küçükçekmece / Istanbul / Turkey,الفيزيولوجيا العصبية الكهربائية,تركيا,إسطنبول,دبلوم,التركية,متاح,2026-2027,3000,3000,3000,1500,USD,-,3000
program,133,جامعة إسطنبول آيدن,Florya Campus (Halit Aydın Campus),Beşyol Mah. İnönü Cad. No:38 Sefaköy-Küçükçekmece / Istanbul / Turkey,خدمات الصيدلية,تركيا,إسطنبول,دبلوم,التركية,متاح,2026-2027,3000,3000,3000,1500,USD,-,3000
program,132,جامعة إسطنبول آيدن,Florya Campus (Halit Aydın Campus),Beşyol Mah. İnönü Cad. No:38 Sefaköy-Küçükçekmece / Istanbul / Turkey,غسيل الكلى,تركيا,إسطنبول,دبلوم,التركية,متاح,2026-2027,3000,3000,3000,1500,USD,-,3000
program,131,جامعة إسطنبول آيدن,Florya Campus (Halit Aydın Campus),Beşyol Mah. İnönü Cad. No:38 Sefaköy-Küçükçekmece / Istanbul / Turkey,تقنية التعويضات السنية,تركيا,إسطنبول,دبلوم,التركية,متاح,2026-2027,3000,3000,3000,1500,USD,-,3000
program,130,جامعة إسطنبول آيدن,Florya Campus (Halit Aydın Campus),Beşyol Mah. İnönü Cad. No:38 Sefaköy-Küçükçekmece / Istanbul / Turkey,التخدير,تركيا,إسطنبول,دبلوم,التركية,متاح,2026-2027,3000,3000,3000,1500,USD,-,3000
program,129,جامعة إسطنبول آيدن,Florya Campus (Halit Aydın Campus),Beşyol Mah. İnönü Cad. No:38 Sefaköy-Küçükçekmece / Istanbul / Turkey,خدمات غرفة العمليات,تركيا,إسطنبول,دبلوم,التركية,متاح,2026-2027,3000,3000,3000,1500,USD,-,3000
program,128,جامعة إسطنبول آيدن,Florya Campus (Halit Aydın Campus),Beşyol Mah. İnönü Cad. No:38 Sefaköy-Küçükçekmece / Istanbul / Turkey,صحة الفم والأسنان,تركيا,إسطنبول,دبلوم,التركية,متاح,2026-2027,3000,3000,3000,1500,USD,-,3000
program,127,جامعة إسطنبول آيدن,Florya Campus (Halit Aydın Campus),Beşyol Mah. İnönü Cad. No:38 Sefaköy-Küçükçekmece / Istanbul / Turkey,الإدارات المحلية,تركيا,إسطنبول,دبلوم,التركية,متاح,2026-2027,3000,3000,3000,1500,USD,-,3000
program,126,جامعة إسطنبول آيدن,Florya Campus (Halit Aydın Campus),Beşyol Mah. İnönü Cad. No:38 Sefaköy-Küçükçekmece / Istanbul / Turkey,تفتيش البناء,تركيا,إسطنبول,دبلوم,التركية,متاح,2026-2027,3000,3000,3000,1500,USD,-,3000
program,125,جامعة إسطنبول آيدن,Florya Campus (Halit Aydın Campus),Beşyol Mah. İnönü Cad. No:38 Sefaköy-Küçükçekmece / Istanbul / Turkey,اللوجستية الجوية,تركيا,إسطنبول,دبلوم,التركية,متاح,2026-2027,3000,3000,3000,1500,USD,-,3000
program,124,جامعة إسطنبول آيدن,Florya Campus (Halit Aydın Campus),Beşyol Mah. İnönü Cad. No:38 Sefaköy-Küçükçekmece / Istanbul / Turkey,إدارة عمليات الطيران,تركيا,إسطنبول,دبلوم,التركية,متاح,2026-2027,3000,3000,3000,1500,USD,-,3000
program,123,جامعة إسطنبول آيدن,Florya Campus (Halit Aydın Campus),Beşyol Mah. İnönü Cad. No:38 Sefaköy-Küçükçekmece / Istanbul / Turkey,التصميم بمساعدة الكمبيوتر والرسوم المتحركة,تركيا,إسطنبول,دبلوم,التركية,متاح,2026-2027,3000,3000,3000,1500,USD,-,3000
program,122,جامعة إسطنبول آيدن,Florya Campus (Halit Aydın Campus),Beşyol Mah. İnönü Cad. No:38 Sefaköy-Küçükçekmece / Istanbul / Turkey,تقنيات وتشغيل الطائرات بدون طيار,تركيا,إسطنبول,دبلوم,التركية,متاح,2026-2027,3000,3000,3000,1500,USD,-,3000
program,121,جامعة إسطنبول آيدن,Florya Campus (Halit Aydın Campus),Beşyol Mah. İnönü Cad. No:38 Sefaköy-Küçükçekmece / Istanbul / Turkey,تكنولوجيا الطائرات,تركيا,إسطنبول,دبلوم,التركية,متاح,2026-2027,3000,3000,3000,1500,USD,-,3000
program,120,جامعة إسطنبول آيدن,Florya Campus (Halit Aydın Campus),Beşyol Mah. İnönü Cad. No:38 Sefaköy-Küçükçekmece / Istanbul / Turkey,إدارة السياحة والفنادق,تركيا,إسطنبول,دبلوم,التركية,متاح,2026-2027,3000,3000,3000,1500,USD,-,3000
program,119,جامعة إسطنبول آيدن,Florya Campus (Halit Aydın Campus),Beşyol Mah. İnönü Cad. No:38 Sefaköy-Küçükçekmece / Istanbul / Turkey,الإرشاد السياحي,تركيا,إسطنبول,دبلوم,التركية,متاح,2026-2027,3000,3000,3000,1500,USD,-,3000
program,118,جامعة إسطنبول آيدن,Florya Campus (Halit Aydın Campus),Beşyol Mah. İnönü Cad. No:38 Sefaköy-Küçükçekmece / Istanbul / Turkey,الطيران المدني وخدمات المقصورة,تركيا,إسطنبول,دبلوم,التركية,متاح,2026-2027,3000,3000,3000,1500,USD,-,3000
program,117,جامعة إسطنبول آيدن,Florya Campus (Halit Aydın Campus),Beşyol Mah. İnönü Cad. No:38 Sefaköy-Küçükçekmece / Istanbul / Turkey,إدارة النقل بالطيران المدني,تركيا,إسطنبول,دبلوم,الإنجليزية,متاح,2026-2027,3000,3000,3000,1500,USD,-,3000
program,116,جامعة إسطنبول آيدن,Florya Campus (Halit Aydın Campus),Beşyol Mah. İnönü Cad. No:38 Sefaköy-Küçükçekmece / Istanbul / Turkey,إدارة النقل بالطيران المدني,تركيا,إسطنبول,دبلوم,التركية,متاح,2026-2027,3000,3000,3000,1500,USD,-,3000
program,115,جامعة إسطنبول آيدن,Florya Campus (Halit Aydın Campus),Beşyol Mah. İnönü Cad. No:38 Sefaköy-Küçükçekmece / Istanbul / Turkey,الأمن السيبراني,تركيا,إسطنبول,دبلوم,التركية,متاح,2026-2027,3000,3000,3000,1500,USD,-,3000
program,114,جامعة إسطنبول آيدن,Florya Campus (Halit Aydın Campus),Beşyol Mah. İnönü Cad. No:38 Sefaköy-Küçükçekmece / Istanbul / Turkey,خدمات العناية بالشعر والجمال,تركيا,إسطنبول,دبلوم,التركية,متاح,2026-2027,3000,3000,3000,1500,USD,-,3000
program,113,جامعة إسطنبول آيدن,Florya Campus (Halit Aydın Campus),Beşyol Mah. İnönü Cad. No:38 Sefaköy-Küçükçekmece / Istanbul / Turkey,التسويق,تركيا,إسطنبول,دبلوم,التركية,متاح,2026-2027,3000,3000,3000,1500,USD,-,3000
program,112,جامعة إسطنبول آيدن,Florya Campus (Halit Aydın Campus),Beşyol Mah. İnönü Cad. No:38 Sefaköy-Küçükçekmece / Istanbul / Turkey,تكنولوجيا السيارات,تركيا,إسطنبول,دبلوم,التركية,متاح,2026-2027,3000,3000,3000,1500,USD,-,3000
program,111,جامعة إسطنبول آيدن,Florya Campus (Halit Aydın Campus),Beşyol Mah. İnönü Cad. No:38 Sefaköy-Küçükçekmece / Istanbul / Turkey,المحاسبة والضرائب,تركيا,إسطنبول,دبلوم,التركية,متاح,2026-2027,3000,3000,3000,1500,USD,-,3000
program,110,جامعة إسطنبول آيدن,Florya Campus (Halit Aydın Campus),Beşyol Mah. İnönü Cad. No:38 Sefaköy-Küçükçekmece / Istanbul / Turkey,تصميم الأزياء,تركيا,إسطنبول,دبلوم,التركية,متاح,2026-2027,3000,3000,3000,1500,USD,-,3000
program,109,جامعة إسطنبول آيدن,Florya Campus (Halit Aydın Campus),Beşyol Mah. İnönü Cad. No:38 Sefaköy-Küçükçekmece / Istanbul / Turkey,الترميم المعماري,تركيا,إسطنبول,دبلوم,التركية,متاح,2026-2027,3000,3000,3000,1500,USD,-,3000
program,108,جامعة إسطنبول آيدن,Florya Campus (Halit Aydın Campus),Beşyol Mah. İnönü Cad. No:38 Sefaköy-Küçükçekmece / Istanbul / Turkey,الآلات,تركيا,إسطنبول,دبلوم,التركية,متاح,2026-2027,3000,3000,3000,1500,USD,-,3000
program,107,جامعة إسطنبول آيدن,Florya Campus (Halit Aydın Campus),Beşyol Mah. İnönü Cad. No:38 Sefaköy-Küçükçekmece / Istanbul / Turkey,اللوجستية,تركيا,إسطنبول,دبلوم,التركية,متاح,2026-2027,3000,3000,3000,1500,USD,-,3000
program,106,جامعة إسطنبول آيدن,Florya Campus (Halit Aydın Campus),Beşyol Mah. İnönü Cad. No:38 Sefaköy-Küçükçekmece / Istanbul / Turkey,تصميم المجوهرات,تركيا,إسطنبول,دبلوم,التركية,متاح,2026-2027,3000,3000,3000,1500,USD,-,3000
program,105,جامعة إسطنبول آيدن,Florya Campus (Halit Aydın Campus),Beşyol Mah. İnönü Cad. No:38 Sefaköy-Küçükçekmece / Istanbul / Turkey,إدارة الأعمال,تركيا,إسطنبول,دبلوم,الإنجليزية,متاح,2026-2027,3000,3000,3000,1500,USD,-,3000
program,104,جامعة إسطنبول آيدن,Florya Campus (Halit Aydın Campus),Beşyol Mah. İnönü Cad. No:38 Sefaköy-Küçükçekmece / Istanbul / Turkey,إدارة الأعمال,تركيا,إسطنبول,دبلوم,التركية,متاح,2026-2027,3000,3000,3000,1500,USD,-,3000
program,103,جامعة إسطنبول آيدن,Florya Campus (Halit Aydın Campus),Beşyol Mah. İnönü Cad. No:38 Sefaköy-Küçükçekmece / Istanbul / Turkey,الصحة والسلامة المهنية,تركيا,إسطنبول,دبلوم,التركية,متاح,2026-2027,3000,3000,3000,1500,USD,-,3000
program,102,جامعة إسطنبول آيدن,Florya Campus (Halit Aydın Campus),Beşyol Mah. İnönü Cad. No:38 Sefaköy-Küçükçekmece / Istanbul / Turkey,تقنية الإنترنت والشبكات,تركيا,إسطنبول,دبلوم,الإنجليزية,متاح,2026-2027,3000,3000,3000,1500,USD,-,3000
program,101,جامعة إسطنبول آيدن,Florya Campus (Halit Aydın Campus),Beşyol Mah. İnönü Cad. No:38 Sefaköy-Küçükçekmece / Istanbul / Turkey,تقنيات البناء,تركيا,إسطنبول,دبلوم,التركية,متاح,2026-2027,3000,3000,3000,1500,USD,-,3000
program,100,جامعة إسطنبول آيدن,Florya Campus (Halit Aydın Campus),Beşyol Mah. İnönü Cad. No:38 Sefaköy-Küçükçekmece / Istanbul / Turkey,إدارة الموارد البشرية,تركيا,إسطنبول,دبلوم,التركية,متاح,2026-2027,3000,3000,3000,1500,USD,-,3000
program,99,جامعة إسطنبول آيدن,Florya Campus (Halit Aydın Campus),Beşyol Mah. İnönü Cad. No:38 Sefaköy-Küçükçekmece / Istanbul / Turkey,العلاقات العامة والترويج,تركيا,إسطنبول,دبلوم,التركية,متاح,2026-2027,3000,3000,3000,1500,USD,-,3000
program,98,جامعة إسطنبول آيدن,Florya Campus (Halit Aydın Campus),Beşyol Mah. İnönü Cad. No:38 Sefaköy-Küçükçekmece / Istanbul / Turkey,التصميم الجرافيكي,تركيا,إسطنبول,دبلوم,التركية,متاح,2026-2027,3000,3000,3000,1500,USD,-,3000
program,97,جامعة إسطنبول آيدن,Florya Campus (Halit Aydın Campus),Beşyol Mah. İnönü Cad. No:38 Sefaköy-Küçükçekmece / Istanbul / Turkey,تقنيات الأغذية,تركيا,إسطنبول,دبلوم,التركية,متاح,2026-2027,3000,3000,3000,1500,USD,-,3000
program,96,جامعة إسطنبول آيدن,Florya Campus (Halit Aydın Campus),Beşyol Mah. İnönü Cad. No:38 Sefaköy-Küçükçekmece / Istanbul / Turkey,التقنيات الإلكترونية,تركيا,إسطنبول,دبلوم,التركية,متاح,2026-2027,3000,3000,3000,1500,USD,-,3000
program,95,جامعة إسطنبول آيدن,Florya Campus (Halit Aydın Campus),Beşyol Mah. İnönü Cad. No:38 Sefaköy-Küçükçekmece / Istanbul / Turkey,الكهرباء,تركيا,إسطنبول,دبلوم,التركية,متاح,2026-2027,3000,3000,3000,1500,USD,-,3000
program,94,جامعة إسطنبول آيدن,Florya Campus (Halit Aydın Campus),Beşyol Mah. İnönü Cad. No:38 Sefaköy-Küçükçekmece / Istanbul / Turkey,التجارة الخارجية,تركيا,إسطنبول,دبلوم,الإنجليزية,متاح,2026-2027,3000,3000,3000,1500,USD,-,3000
program,93,جامعة إسطنبول آيدن,Florya Campus (Halit Aydın Campus),Beşyol Mah. İnönü Cad. No:38 Sefaköy-Küçükçekmece / Istanbul / Turkey,التجارة الخارجية,تركيا,إسطنبول,دبلوم,التركية,متاح,2026-2027,3000,3000,3000,1500,USD,-,3000
program,92,جامعة إسطنبول آيدن,Florya Campus (Halit Aydın Campus),Beşyol Mah. İnönü Cad. No:38 Sefaköy-Küçükçekmece / Istanbul / Turkey,تنمية الطفل,تركيا,إسطنبول,دبلوم,التركية,متاح,2026-2027,3000,3000,3000,1500,USD,-,3000
program,91,جامعة إسطنبول آيدن,Florya Campus (Halit Aydın Campus),Beşyol Mah. İnönü Cad. No:38 Sefaköy-Küçükçekmece / Istanbul / Turkey,إدارة المكاتب والمساعدة التنفيذية,تركيا,إسطنبول,دبلوم,التركية,متاح,2026-2027,3000,3000,3000,1500,USD,-,3000
program,90,جامعة إسطنبول آيدن,Florya Campus (Halit Aydın Campus),Beşyol Mah. İnönü Cad. No:38 Sefaköy-Küçükçekmece / Istanbul / Turkey,تكنولوجيا المعدات الطبية الحيوية,تركيا,إسطنبول,دبلوم,التركية,متاح,2026-2027,3000,3000,3000,1500,USD,-,3000
program,89,جامعة إسطنبول آيدن,Florya Campus (Halit Aydın Campus),Beşyol Mah. İnönü Cad. No:38 Sefaköy-Küçükçekmece / Istanbul / Turkey,برمجة الكمبيوتر,تركيا,إسطنبول,دبلوم,الإنجليزية,متاح,2026-2027,3000,3000,3000,1500,USD,-,3000
program,88,جامعة إسطنبول آيدن,Florya Campus (Halit Aydın Campus),Beşyol Mah. İnönü Cad. No:38 Sefaköy-Küçükçekmece / Istanbul / Turkey,برمجة الكمبيوتر,تركيا,إسطنبول,دبلوم,التركية,متاح,2026-2027,3000,3000,3000,1500,USD,-,3000
program,87,جامعة إسطنبول آيدن,Florya Campus (Halit Aydın Campus),Beşyol Mah. İnönü Cad. No:38 Sefaköy-Küçükçekmece / Istanbul / Turkey,تقنيات الطباعة والنشر,تركيا,إسطنبول,دبلوم,التركية,متاح,2026-2027,3000,3000,3000,1500,USD,-,3000
program,86,جامعة إسطنبول آيدن,Florya Campus (Halit Aydın Campus),Beşyol Mah. İnönü Cad. No:38 Sefaköy-Küçükçekmece / Istanbul / Turkey,البنوك والتأمين,تركيا,إسطنبول,دبلوم,التركية,متاح,2026-2027,3000,3000,3000,1500,USD,-,3000
program,85,جامعة إسطنبول آيدن,Florya Campus (Halit Aydın Campus),Beşyol Mah. İnönü Cad. No:38 Sefaköy-Küçükçekmece / Istanbul / Turkey,طبخ,تركيا,إسطنبول,دبلوم,التركية,متاح,2026-2027,3000,3000,3000,1500,USD,-,3000
program,84,جامعة إسطنبول آيدن,Florya Campus (Halit Aydın Campus),Beşyol Mah. İnönü Cad. No:38 Sefaköy-Küçükçekmece / Istanbul / Turkey,الطيران المدني,تركيا,إسطنبول,بكالوريوس,الإنجليزية,متاح,2026-2027,8000,8000,8000,8000,USD,رسوم دراسية سنوية. رسوم تدريب الطيران السنوية 18750 EUR.,8000
program,83,جامعة إسطنبول آيدن,Florya Campus (Halit Aydın Campus),Beşyol Mah. İnönü Cad. No:38 Sefaköy-Küçükçekmece / Istanbul / Turkey,إلكترونيات الطيران,تركيا,إسطنبول,بكالوريوس,الإنجليزية,متاح,2026-2027,6500,6500,6500,3250,USD,-,6500
program,82,جامعة إسطنبول آيدن,Florya Campus (Halit Aydın Campus),Beşyol Mah. İnönü Cad. No:38 Sefaköy-Küçükçekmece / Istanbul / Turkey,تطوير البرمجيات,تركيا,إسطنبول,بكالوريوس,الإنجليزية,متاح,2026-2027,6500,6500,6500,3250,USD,-,6500
program,81,جامعة إسطنبول آيدن,Florya Campus (Halit Aydın Campus),Beşyol Mah. İnönü Cad. No:38 Sefaköy-Küçükçekmece / Istanbul / Turkey,نظم المعلومات الإدارية,تركيا,إسطنبول,بكالوريوس,الإنجليزية,متاح,2026-2027,6500,6500,6500,3250,USD,-,6500
program,80,جامعة إسطنبول آيدن,Florya Campus (Halit Aydın Campus),Beşyol Mah. İnönü Cad. No:38 Sefaköy-Küçükçekmece / Istanbul / Turkey,نظم المعلومات الإدارية,تركيا,إسطنبول,بكالوريوس,التركية,متاح,2026-2027,5000,5000,5000,2500,USD,-,3000
program,79,جامعة إسطنبول آيدن,Florya Campus (Halit Aydın Campus),Beşyol Mah. İnönü Cad. No:38 Sefaköy-Küçükçekmece / Istanbul / Turkey,الطب البشري,تركيا,إسطنبول,بكالوريوس,الإنجليزية,متاح,2026-2027,25000,25000,25000,12500,USD,-,7000
program,78,جامعة إسطنبول آيدن,Florya Campus (Halit Aydın Campus),Beşyol Mah. İnönü Cad. No:38 Sefaköy-Küçükçekmece / Istanbul / Turkey,الطب البشري,تركيا,إسطنبول,بكالوريوس,التركية,متاح,2026-2027,25000,25000,25000,12500,USD,-,3000
program,77,جامعة إسطنبول آيدن,Florya Campus (Halit Aydın Campus),Beşyol Mah. İnönü Cad. No:38 Sefaköy-Küçükçekmece / Istanbul / Turkey,الإدارة الرياضية,تركيا,إسطنبول,بكالوريوس,التركية,متاح,2026-2027,5000,5000,5000,2500,USD,-,3000
program,76,جامعة إسطنبول آيدن,Florya Campus (Halit Aydın Campus),Beşyol Mah. İnönü Cad. No:38 Sefaköy-Küçükçekmece / Istanbul / Turkey,التدريب على التدريب,تركيا,إسطنبول,بكالوريوس,التركية,متاح,2026-2027,5000,5000,5000,2500,USD,-,3000
program,75,جامعة إسطنبول آيدن,Florya Campus (Halit Aydın Campus),Beşyol Mah. İnönü Cad. No:38 Sefaköy-Küçükçekmece / Istanbul / Turkey,الترفيه,تركيا,إسطنبول,بكالوريوس,التركية,متاح,2026-2027,5000,5000,5000,2500,USD,-,3000
program,74,جامعة إسطنبول آيدن,Florya Campus (Halit Aydın Campus),Beşyol Mah. İnönü Cad. No:38 Sefaköy-Küçükçekmece / Istanbul / Turkey,التربية البدنية وتدريس الرياضة,تركيا,إسطنبول,بكالوريوس,التركية,متاح,2026-2027,5000,5000,5000,2500,USD,-,3000
program,73,جامعة إسطنبول آيدن,Florya Campus (Halit Aydın Campus),Beşyol Mah. İnönü Cad. No:38 Sefaköy-Küçükçekmece / Istanbul / Turkey,الخدمات الاجتماعية,تركيا,إسطنبول,بكالوريوس,التركية,متاح,2026-2027,6500,6500,6500,3250,USD,-,3000
program,72,جامعة إسطنبول آيدن,Florya Campus (Halit Aydın Campus),Beşyol Mah. İnönü Cad. No:38 Sefaköy-Küçükçekmece / Istanbul / Turkey,إدارة الصحة,تركيا,إسطنبول,بكالوريوس,التركية,متاح,2026-2027,6500,6500,6500,3250,USD,-,3000
program,71,جامعة إسطنبول آيدن,Florya Campus (Halit Aydın Campus),Beşyol Mah. İnönü Cad. No:38 Sefaköy-Küçükçekmece / Istanbul / Turkey,علم السمع,تركيا,إسطنبول,بكالوريوس,التركية,متاح,2026-2027,6500,6500,6500,3250,USD,-,3000
program,70,جامعة إسطنبول آيدن,Florya Campus (Halit Aydın Campus),Beşyol Mah. İnönü Cad. No:38 Sefaköy-Küçükçekmece / Istanbul / Turkey,تمريض,تركيا,إسطنبول,بكالوريوس,التركية,متاح,2026-2027,6500,6500,6500,3250,USD,-,3000
program,69,جامعة إسطنبول آيدن,Florya Campus (Halit Aydın Campus),Beşyol Mah. İnönü Cad. No:38 Sefaköy-Küçükçekmece / Istanbul / Turkey,القبالة,تركيا,إسطنبول,بكالوريوس,التركية,متاح,2026-2027,6500,6500,6500,3250,USD,-,3000
program,68,جامعة إسطنبول آيدن,Florya Campus (Halit Aydın Campus),Beşyol Mah. İnönü Cad. No:38 Sefaköy-Küçükçekmece / Istanbul / Turkey,العلاج الطبيعي والتأهيل,تركيا,إسطنبول,بكالوريوس,التركية,متاح,2026-2027,6500,6500,6500,3250,USD,-,3000
program,67,جامعة إسطنبول آيدن,Florya Campus (Halit Aydın Campus),Beşyol Mah. İnönü Cad. No:38 Sefaköy-Küçükçekmece / Istanbul / Turkey,العلاج الطبيعي والتأهيل,تركيا,إسطنبول,بكالوريوس,الإنجليزية,متاح,2026-2027,8000,8000,8000,4000,USD,-,8000
program,66,جامعة إسطنبول آيدن,Florya Campus (Halit Aydın Campus),Beşyol Mah. İnönü Cad. No:38 Sefaköy-Küçükçekmece / Istanbul / Turkey,تنمية الطفل,تركيا,إسطنبول,بكالوريوس,التركية,متاح,2026-2027,6500,6500,6500,3250,USD,-,3000
program,65,جامعة إسطنبول آيدن,Florya Campus (Halit Aydın Campus),Beşyol Mah. İnönü Cad. No:38 Sefaköy-Küçükçekmece / Istanbul / Turkey,التغذية وعلم الحمية,تركيا,إسطنبول,بكالوريوس,الإنجليزية,متاح,2026-2027,8000,8000,8000,4000,USD,-,8000
program,64,جامعة إسطنبول آيدن,Florya Campus (Halit Aydın Campus),Beşyol Mah. İnönü Cad. No:38 Sefaköy-Küçükçekmece / Istanbul / Turkey,التغذية وعلم الحمية,تركيا,إسطنبول,بكالوريوس,التركية,متاح,2026-2027,6500,6500,6500,3250,USD,-,3000
program,63,جامعة إسطنبول آيدن,Florya Campus (Halit Aydın Campus),Beşyol Mah. İnönü Cad. No:38 Sefaköy-Küçükçekmece / Istanbul / Turkey,هندسة الذكاء الاصطناعي,تركيا,إسطنبول,بكالوريوس,الإنجليزية,متاح,2026-2027,6500,6500,6500,3250,USD,-,6500
program,62,جامعة إسطنبول آيدن,Florya Campus (Halit Aydın Campus),Beşyol Mah. İnönü Cad. No:38 Sefaköy-Küçükçekmece / Istanbul / Turkey,هندسة البرمجيات,تركيا,إسطنبول,بكالوريوس,الإنجليزية,متاح,2026-2027,6500,6500,6500,3250,USD,-,6500
program,61,جامعة إسطنبول آيدن,Florya Campus (Halit Aydın Campus),Beşyol Mah. İnönü Cad. No:38 Sefaköy-Küçükçekmece / Istanbul / Turkey,هندسة الطيران والفضاء,تركيا,إسطنبول,بكالوريوس,الإنجليزية,متاح,2026-2027,6500,6500,6500,3250,USD,-,6500
program,60,جامعة إسطنبول آيدن,Florya Campus (Halit Aydın Campus),Beşyol Mah. İnönü Cad. No:38 Sefaköy-Küçükçekmece / Istanbul / Turkey,الهندسة الميكانيكية,تركيا,إسطنبول,بكالوريوس,الإنجليزية,متاح,2026-2027,6500,6500,6500,3250,USD,-,6500
program,59,جامعة إسطنبول آيدن,Florya Campus (Halit Aydın Campus),Beşyol Mah. İnönü Cad. No:38 Sefaköy-Küçükçekmece / Istanbul / Turkey,الهندسة الميكانيكية,تركيا,إسطنبول,بكالوريوس,التركية,متاح,2026-2027,5000,5000,5000,2500,USD,-,3000
program,58,جامعة إسطنبول آيدن,Florya Campus (Halit Aydın Campus),Beşyol Mah. İnönü Cad. No:38 Sefaköy-Küçükçekmece / Istanbul / Turkey,الهندسة المدنية,تركيا,إسطنبول,بكالوريوس,الإنجليزية,متاح,2026-2027,6500,6500,6500,3250,USD,-,6500
program,57,جامعة إسطنبول آيدن,Florya Campus (Halit Aydın Campus),Beşyol Mah. İnönü Cad. No:38 Sefaköy-Küçükçekmece / Istanbul / Turkey,الهندسة المدنية,تركيا,إسطنبول,بكالوريوس,التركية,متاح,2026-2027,5000,5000,5000,2500,USD,-,3000
program,56,جامعة إسطنبول آيدن,Florya Campus (Halit Aydın Campus),Beşyol Mah. İnönü Cad. No:38 Sefaköy-Küçükçekmece / Istanbul / Turkey,الهندسة الصناعية,تركيا,إسطنبول,بكالوريوس,الإنجليزية,متاح,2026-2027,6500,6500,6500,3250,USD,-,6500
program,55,جامعة إسطنبول آيدن,Florya Campus (Halit Aydın Campus),Beşyol Mah. İnönü Cad. No:38 Sefaköy-Küçükçekmece / Istanbul / Turkey,الهندسة الكهربائية والإلكترونية,تركيا,إسطنبول,بكالوريوس,الإنجليزية,متاح,2026-2027,6500,6500,6500,3250,USD,-,6500
program,54,جامعة إسطنبول آيدن,Florya Campus (Halit Aydın Campus),Beşyol Mah. İnönü Cad. No:38 Sefaköy-Küçükçekmece / Istanbul / Turkey,هندسة الكمبيوتر,تركيا,إسطنبول,بكالوريوس,الإنجليزية,متاح,2026-2027,6500,6500,6500,3250,USD,-,6500
program,53,جامعة إسطنبول آيدن,Florya Campus (Halit Aydın Campus),Beşyol Mah. İnönü Cad. No:38 Sefaköy-Küçükçekmece / Istanbul / Turkey,العمارة,تركيا,إسطنبول,بكالوريوس,الإنجليزية,متاح,2026-2027,6500,6500,6500,3250,USD,-,6500
program,52,جامعة إسطنبول آيدن,Florya Campus (Halit Aydın Campus),Beşyol Mah. İnönü Cad. No:38 Sefaköy-Küçükçekmece / Istanbul / Turkey,العمارة,تركيا,إسطنبول,بكالوريوس,التركية,متاح,2026-2027,5000,5000,5000,2500,USD,-,3000
program,51,جامعة إسطنبول آيدن,Florya Campus (Halit Aydın Campus),Beşyol Mah. İnönü Cad. No:38 Sefaköy-Küçükçekmece / Istanbul / Turkey,العمارة الداخلية,تركيا,إسطنبول,بكالوريوس,التركية,متاح,2026-2027,5000,5000,5000,2500,USD,-,3000
program,50,جامعة إسطنبول آيدن,Florya Campus (Halit Aydın Campus),Beşyol Mah. İnönü Cad. No:38 Sefaköy-Küçükçekmece / Istanbul / Turkey,تصميم المنتجات الصناعية,تركيا,إسطنبول,بكالوريوس,التركية,متاح,2026-2027,5000,5000,5000,2500,USD,-,3000
program,49,جامعة إسطنبول آيدن,Florya Campus (Halit Aydın Campus),Beşyol Mah. İnönü Cad. No:38 Sefaköy-Küçükçekmece / Istanbul / Turkey,وسائل الإعلام الجديدة والاتصالات,تركيا,إسطنبول,بكالوريوس,التركية,متاح,2026-2027,5000,5000,5000,2500,USD,-,3000
program,48,جامعة إسطنبول آيدن,Florya Campus (Halit Aydın Campus),Beşyol Mah. İnönü Cad. No:38 Sefaköy-Küçükçekmece / Istanbul / Turkey,إعداد التقارير والبرامج التلفزيونية,تركيا,إسطنبول,بكالوريوس,التركية,متاح,2026-2027,5000,5000,5000,2500,USD,-,3000
program,47,جامعة إسطنبول آيدن,Florya Campus (Halit Aydın Campus),Beşyol Mah. İnönü Cad. No:38 Sefaköy-Küçükçekmece / Istanbul / Turkey,الإعلان,تركيا,إسطنبول,بكالوريوس,التركية,متاح,2026-2027,5000,5000,5000,2500,USD,-,3000
program,46,جامعة إسطنبول آيدن,Florya Campus (Halit Aydın Campus),Beşyol Mah. İnönü Cad. No:38 Sefaköy-Küçükçekmece / Istanbul / Turkey,الإذاعة والتلفزيون والسينما,تركيا,إسطنبول,بكالوريوس,الإنجليزية,متاح,2026-2027,6000,6000,6000,3000,USD,-,6000
program,45,جامعة إسطنبول آيدن,Florya Campus (Halit Aydın Campus),Beşyol Mah. İnönü Cad. No:38 Sefaköy-Küçükçekmece / Istanbul / Turkey,الإذاعة والتلفزيون والسينما,تركيا,إسطنبول,بكالوريوس,التركية,متاح,2026-2027,5000,5000,5000,2500,USD,-,3000
program,44,جامعة إسطنبول آيدن,Florya Campus (Halit Aydın Campus),Beşyol Mah. İnönü Cad. No:38 Sefaköy-Küçükçekmece / Istanbul / Turkey,العلاقات العامة والدعاية,تركيا,إسطنبول,بكالوريوس,التركية,متاح,2026-2027,5000,5000,5000,2500,USD,-,3000
program,43,جامعة إسطنبول آيدن,Florya Campus (Halit Aydın Campus),Beşyol Mah. İnönü Cad. No:38 Sefaköy-Küçükçekmece / Istanbul / Turkey,تصميم الاتصالات المرئية,تركيا,إسطنبول,بكالوريوس,التركية,متاح,2026-2027,5000,5000,5000,2500,USD,-,3000
program,42,جامعة إسطنبول آيدن,Florya Campus (Halit Aydın Campus),Beşyol Mah. İnönü Cad. No:38 Sefaköy-Küçükçekmece / Istanbul / Turkey,الصحافة,تركيا,إسطنبول,بكالوريوس,التركية,متاح,2026-2027,5000,5000,5000,2500,USD,-,3000
program,41,جامعة إسطنبول آيدن,Florya Campus (Halit Aydın Campus),Beşyol Mah. İnönü Cad. No:38 Sefaköy-Küçükçekmece / Istanbul / Turkey,التجارة الدولية,تركيا,إسطنبول,بكالوريوس,الإنجليزية,متاح,2026-2027,6000,6000,6000,3000,USD,-,6000
program,40,جامعة إسطنبول آيدن,Florya Campus (Halit Aydın Campus),Beşyol Mah. İnönü Cad. No:38 Sefaköy-Küçükçekmece / Istanbul / Turkey,العلوم السياسية والعلاقات الدولية,تركيا,إسطنبول,بكالوريوس,التركية,متاح,2026-2027,5000,5000,5000,2500,USD,-,3000
program,39,جامعة إسطنبول آيدن,Florya Campus (Halit Aydın Campus),Beşyol Mah. İnönü Cad. No:38 Sefaköy-Küçükçekmece / Istanbul / Turkey,العلوم السياسية والعلاقات الدولية,تركيا,إسطنبول,بكالوريوس,الإنجليزية,متاح,2026-2027,6000,6000,6000,3000,USD,-,6000
program,38,جامعة إسطنبول آيدن,Florya Campus (Halit Aydın Campus),Beşyol Mah. İnönü Cad. No:38 Sefaköy-Küçükçekmece / Istanbul / Turkey,المحاسبة والإدارة المالية,تركيا,إسطنبول,بكالوريوس,الإنجليزية,متاح,2026-2027,6000,6000,6000,3000,USD,-,6000
program,37,جامعة إسطنبول آيدن,Florya Campus (Halit Aydın Campus),Beşyol Mah. İnönü Cad. No:38 Sefaköy-Küçükçekmece / Istanbul / Turkey,المحاسبة والإدارة المالية,تركيا,إسطنبول,بكالوريوس,التركية,متاح,2026-2027,5000,5000,5000,2500,USD,-,3000
program,36,جامعة إسطنبول آيدن,Florya Campus (Halit Aydın Campus),Beşyol Mah. İnönü Cad. No:38 Sefaköy-Küçükçekmece / Istanbul / Turkey,الإدارة العامة,تركيا,إسطنبول,بكالوريوس,التركية,متاح,2026-2027,5000,5000,5000,2500,USD,-,3000
program,35,جامعة إسطنبول آيدن,Florya Campus (Halit Aydın Campus),Beşyol Mah. İnönü Cad. No:38 Sefaköy-Küçükçekmece / Istanbul / Turkey,إدارة الأعمال,تركيا,إسطنبول,بكالوريوس,التركية,متاح,2026-2027,5000,5000,5000,2500,USD,-,3000
program,34,جامعة إسطنبول آيدن,Florya Campus (Halit Aydın Campus),Beşyol Mah. İnönü Cad. No:38 Sefaköy-Küçükçekmece / Istanbul / Turkey,إدارة الأعمال,تركيا,إسطنبول,بكالوريوس,الإنجليزية,متاح,2026-2027,6000,6000,6000,3000,USD,-,6000
program,33,جامعة إسطنبول آيدن,Florya Campus (Halit Aydın Campus),Beşyol Mah. İnönü Cad. No:38 Sefaköy-Küçükçekmece / Istanbul / Turkey,إدارة الطيران,تركيا,إسطنبول,بكالوريوس,الإنجليزية,متاح,2026-2027,6000,6000,6000,3000,USD,-,6000
program,32,جامعة إسطنبول آيدن,Florya Campus (Halit Aydın Campus),Beşyol Mah. İnönü Cad. No:38 Sefaköy-Küçükçekmece / Istanbul / Turkey,الاقتصاد والمالية,تركيا,إسطنبول,بكالوريوس,الإنجليزية,متاح,2026-2027,6000,6000,6000,3000,USD,-,6000
program,31,جامعة إسطنبول آيدن,Florya Campus (Halit Aydın Campus),Beşyol Mah. İnönü Cad. No:38 Sefaköy-Küçükçekmece / Istanbul / Turkey,الاقتصاد والمالية,تركيا,إسطنبول,بكالوريوس,التركية,متاح,2026-2027,5000,5000,5000,2500,USD,-,3000
program,30,جامعة إسطنبول آيدن,Florya Campus (Halit Aydın Campus),Beşyol Mah. İnönü Cad. No:38 Sefaköy-Küçükçekmece / Istanbul / Turkey,قانون,تركيا,إسطنبول,بكالوريوس,التركية,متاح,2026-2027,6500,6500,6500,3250,USD,-,3000
program,29,جامعة إسطنبول آيدن,Florya Campus (Halit Aydın Campus),Beşyol Mah. İnönü Cad. No:38 Sefaköy-Küçükçekmece / Istanbul / Turkey,تصميم الأزياء والمنسوجات,تركيا,إسطنبول,بكالوريوس,التركية,متاح,2026-2027,5000,5000,5000,2500,USD,-,3000
program,28,جامعة إسطنبول آيدن,Florya Campus (Halit Aydın Campus),Beşyol Mah. İnönü Cad. No:38 Sefaköy-Küçükçekmece / Istanbul / Turkey,التصميم الجرافيكي,تركيا,إسطنبول,بكالوريوس,التركية,متاح,2026-2027,5000,5000,5000,2500,USD,-,3000
program,27,جامعة إسطنبول آيدن,Florya Campus (Halit Aydın Campus),Beşyol Mah. İnönü Cad. No:38 Sefaköy-Küçükçekmece / Istanbul / Turkey,الدراما والتمثيل,تركيا,إسطنبول,بكالوريوس,التركية,متاح,2026-2027,5000,5000,5000,2500,USD,-,3000
program,26,جامعة إسطنبول آيدن,Florya Campus (Halit Aydın Campus),Beşyol Mah. İnönü Cad. No:38 Sefaköy-Küçükçekmece / Istanbul / Turkey,الرسوم المتحركة والرسوم المتحركة,تركيا,إسطنبول,بكالوريوس,التركية,متاح,2026-2027,5000,5000,5000,2500,USD,-,3000
program,25,جامعة إسطنبول آيدن,Florya Campus (Halit Aydın Campus),Beşyol Mah. İnönü Cad. No:38 Sefaköy-Küçükçekmece / Istanbul / Turkey,تصميم الألعاب الرقمية,تركيا,إسطنبول,بكالوريوس,الإنجليزية,متاح,2026-2027,6000,6000,6000,3000,USD,-,6000
program,24,جامعة إسطنبول آيدن,Florya Campus (Halit Aydın Campus),Beşyol Mah. İnönü Cad. No:38 Sefaköy-Küçükçekmece / Istanbul / Turkey,تصميم الألعاب الرقمية,تركيا,إسطنبول,بكالوريوس,التركية,متاح,2026-2027,5000,5000,5000,2500,USD,-,3000
program,23,جامعة إسطنبول آيدن,Florya Campus (Halit Aydın Campus),Beşyol Mah. İnönü Cad. No:38 Sefaköy-Küçükçekmece / Istanbul / Turkey,فنون الطهي وفنون المطبخ,تركيا,إسطنبول,بكالوريوس,التركية,متاح,2026-2027,5000,5000,5000,2500,USD,-,3000
program,21,جامعة إسطنبول آيدن,Florya Campus (Halit Aydın Campus),Beşyol Mah. İnönü Cad. No:38 Sefaköy-Küçükçekmece / Istanbul / Turkey,الترجمة والترجمة الفورية,تركيا,إسطنبول,بكالوريوس,الإنجليزية,متاح,2026-2027,5000,5000,5000,2500,USD,-,5000
program,19,جامعة إسطنبول آيدن,Florya Campus (Halit Aydın Campus),Beşyol Mah. İnönü Cad. No:38 Sefaköy-Küçükçekmece / Istanbul / Turkey,اللغة التركية وآدابها,تركيا,إسطنبول,بكالوريوس,التركية,متاح,2026-2027,5000,5000,5000,2500,USD,-,3000
program,18,جامعة إسطنبول آيدن,Florya Campus (Halit Aydın Campus),Beşyol Mah. İnönü Cad. No:38 Sefaköy-Küçükçekmece / Istanbul / Turkey,التاريخ,تركيا,إسطنبول,بكالوريوس,التركية,متاح,2026-2027,5000,5000,5000,2500,USD,-,3000
program,17,جامعة إسطنبول آيدن,Florya Campus (Halit Aydın Campus),Beşyol Mah. İnönü Cad. No:38 Sefaköy-Küçükçekmece / Istanbul / Turkey,علم الاجتماع,تركيا,إسطنبول,بكالوريوس,التركية,متاح,2026-2027,5000,5000,5000,2500,USD,-,3000
program,16,جامعة إسطنبول آيدن,Florya Campus (Halit Aydın Campus),Beşyol Mah. İnönü Cad. No:38 Sefaköy-Küçükçekmece / Istanbul / Turkey,اللغة الإنجليزية وآدابها,تركيا,إسطنبول,بكالوريوس,الإنجليزية,متاح,2026-2027,5000,5000,5000,2500,USD,-,5000
program,15,جامعة إسطنبول آيدن,Florya Campus (Halit Aydın Campus),Beşyol Mah. İnönü Cad. No:38 Sefaköy-Küçükçekmece / Istanbul / Turkey,علم النفس,تركيا,إسطنبول,بكالوريوس,التركية,متاح,2026-2027,5000,5000,5000,2500,USD,-,3000
program,14,جامعة إسطنبول آيدن,Florya Campus (Halit Aydın Campus),Beşyol Mah. İnönü Cad. No:38 Sefaköy-Küçükçekmece / Istanbul / Turkey,علم النفس,تركيا,إسطنبول,بكالوريوس,الإنجليزية,متاح,2026-2027,6000,6000,6000,3000,USD,-,6000
program,13,جامعة إسطنبول آيدن,Florya Campus (Halit Aydın Campus),Beşyol Mah. İnönü Cad. No:38 Sefaköy-Küçükçekmece / Istanbul / Turkey,البيولوجيا الجزيئية وعلم الوراثة,تركيا,إسطنبول,بكالوريوس,الإنجليزية,متاح,2026-2027,6000,6000,6000,3000,USD,-,6000
program,12,جامعة إسطنبول آيدن,Florya Campus (Halit Aydın Campus),Beşyol Mah. İnönü Cad. No:38 Sefaköy-Küçükçekmece / Istanbul / Turkey,تدريب معلمي اللغة التركية,تركيا,إسطنبول,بكالوريوس,التركية,متاح,2026-2027,5000,5000,5000,2500,USD,-,3000
program,11,جامعة إسطنبول آيدن,Florya Campus (Halit Aydın Campus),Beşyol Mah. İnönü Cad. No:38 Sefaköy-Küçükçekmece / Istanbul / Turkey,تعليم المرحلة الابتدائية,تركيا,إسطنبول,بكالوريوس,التركية,متاح,2026-2027,5000,5000,5000,2500,USD,-,3000
program,10,جامعة إسطنبول آيدن,Florya Campus (Halit Aydın Campus),Beşyol Mah. İnönü Cad. No:38 Sefaköy-Küçükçekmece / Istanbul / Turkey,الإرشاد والتوجيه النفسي,تركيا,إسطنبول,بكالوريوس,التركية,متاح,2026-2027,5000,5000,5000,2500,USD,-,3000
program,9,جامعة إسطنبول آيدن,Florya Campus (Halit Aydın Campus),Beşyol Mah. İnönü Cad. No:38 Sefaköy-Küçükçekmece / Istanbul / Turkey,التعليم الخاص,تركيا,إسطنبول,بكالوريوس,التركية,متاح,2026-2027,5000,5000,5000,2500,USD,-,3000
program,8,جامعة إسطنبول آيدن,Florya Campus (Halit Aydın Campus),Beşyol Mah. İnönü Cad. No:38 Sefaköy-Küçükçekmece / Istanbul / Turkey,تعليم ما قبل المدرسة,تركيا,إسطنبول,بكالوريوس,التركية,متاح,2026-2027,5000,5000,5000,2500,USD,-,3000
program,7,جامعة إسطنبول آيدن,Florya Campus (Halit Aydın Campus),Beşyol Mah. İnönü Cad. No:38 Sefaköy-Küçükçekmece / Istanbul / Turkey,تدريس اللغة الإنجليزية,تركيا,إسطنبول,بكالوريوس,الإنجليزية,متاح,2026-2027,5000,5000,5000,2500,USD,-,5000
program,6,جامعة إسطنبول آيدن,Florya Campus (Halit Aydın Campus),Beşyol Mah. İnönü Cad. No:38 Sefaköy-Küçükçekmece / Istanbul / Turkey,تعليم رياضيات المرحلة الابتدائية,تركيا,إسطنبول,بكالوريوس,التركية,متاح,2026-2027,5000,5000,5000,2500,USD,-,3000
program,5,جامعة إسطنبول آيدن,Florya Campus (Halit Aydın Campus),Beşyol Mah. İnönü Cad. No:38 Sefaköy-Küçükçekmece / Istanbul / Turkey,تعليم اللغة العربية,تركيا,إسطنبول,بكالوريوس,التركية,متاح,2026-2027,5000,5000,5000,2500,USD,-,3000
program,4,جامعة إسطنبول آيدن,Florya Campus (Halit Aydın Campus),Beşyol Mah. İnönü Cad. No:38 Sefaköy-Küçükçekmece / Istanbul / Turkey,الصيدلة,تركيا,إسطنبول,بكالوريوس,الإنجليزية,متاح,2026-2027,15000,15000,15000,7500,USD,-,15000
program,3,جامعة إسطنبول آيدن,Florya Campus (Halit Aydın Campus),Beşyol Mah. İnönü Cad. No:38 Sefaköy-Küçükçekmece / Istanbul / Turkey,الصيدلة,تركيا,إسطنبول,بكالوريوس,التركية,متاح,2026-2027,11000,11000,11000,5500,USD,-,3000
program,2,جامعة إسطنبول آيدن,Florya Campus (Halit Aydın Campus),Beşyol Mah. İnönü Cad. No:38 Sefaköy-Küçükçekmece / Istanbul / Turkey,طب الأسنان,تركيا,إسطنبول,بكالوريوس,الإنجليزية,متاح,2026-2027,23000,23000,23000,11500,USD,-,7000
program,1,جامعة إسطنبول آيدن,Florya Campus (Halit Aydın Campus),Beşyol Mah. İnönü Cad. No:38 Sefaköy-Küçükçekmece / Istanbul / Turkey,طب الأسنان,تركيا,إسطنبول,بكالوريوس,التركية,متاح,2026-2027,23000,23000,23000,11500,USD,-,3000
scholarship,1,Istanbul Kent University,Ka ğ ıthane Campus,"Merkez, Cendere Cd. NO:24, 34406 Kâ ğ ıthane/ İ stanbul",All programs except Physiotherapy and Computer Engineering,Istanbul / Turkey,,Bachelor,Turkish,,2026-2027,3000USD,3000USD,,,USD,,30
scholarship,2,Istanbul Kent University,Ka ğ ıthane Campus,"Merkez, Cendere Cd. NO:24, 34406 Kâ ğ ıthane/ İ stanbul",Computer Engineering - Physiotherapy and Rehabilitation,Istanbul / Turkey,,Bachelor,Turkish,,2026-2027,3300USD,3300USD,,,USD,,30
scholarship,3,Istanbul Kent University,Ka ğ ıthane Campus,"Merkez, Cendere Cd. NO:24, 34406 Kâ ğ ıthane/ İ stanbul",All programs,Istanbul / Turkey,,Bachelor,English,,2026-2027,4000USD,4000USD,,,USD,,25
scholarship,4,Istanbul Atlas University,Atlas Valley Campus,Anadolu Cd. No: 40 Ka ğ ıthane Istanbul,All programs except Software Engineering,Istanbul / Turkey,,Bachelor,English - Turkish,,2026-2027,5500USD,5500USD,,,USD,,15
scholarship,5,Istanbul Arel University,,,All programs except Computer Engineering,,,,,,2026-2027,3700USD,3700USD,,,USD,,20
scholarship,6,Istanbul Arel University,Tepekent Kemal Gözükara Campus,"Türkoba Mahallesi, Erguvan Sokak, No:26, K 34537, Tepekent - Büyükçekmece, Istanbul - Turkey",All programs except Computer Engineering,Istanbul / Turkey,,Bachelor,English,,2026-2027,4000USD,4000USD,,,USD,,20
scholarship,7,Istanbul Arel University,Sefaköy Campus,"Kemalpa ş a Mahallesi, Halkalı Caddesi, No:101, 34295, Sefaköy - Küçükçekmece, Istanbul - Turkey",All programs,Istanbul / Turkey,,Associate,Turkish,,2026-2027,1800USD,1800USD,,,USD,,180
scholarship,8,I ş ık University,Ş ile Campus,"Me ş rutiyet Mahallesi, Üniversite Sokak, No:2, 34980 Ş ile/ İ stanbul",All programs,Istanbul / Turkey,,Bachelor,English - Turkish,,2026-2027,4250USD,4250USD,,,USD,,15
scholarship,9,Istanbul Atlas University,Atlas Valley Campus,Anadolu Cd. No: 40 Ka ğ ıthane Istanbul,Medicine,Istanbul / Turkey,,Bachelor,English - Turkish,,2026-2027,38000USD,38000USD,,,USD,,5
scholarship,10,Fenerbahçe University,Ata ş ehir Campus,"Atatürk Mah. Ata ş ehir Bulvarı, Metropol İ stanbul, 34758, Ata ş ehir / İstanbul",All programs,Istanbul / Turkey,,Bachelor,English - Turkish,,2026-2027,4000USD,4000USD,,,USD,,10
scholarship,11,Istanbul Topkapı University,,,All programs,,,,Turkish,,2026-2027,2900USD,2900USD,,,USD,,10
scholarship,12,Istanbul Aydin University,Florya Campus (Halit Aydın Campus),Be ş yol Mah. İ nönü Cad. No:38 Sefaköy-Küçükçekmece / Istanbul / Turkey,All programs,Istanbul / Turkey,,Bachelor,English,,2026-2027,10000USD,10000USD,,,USD,,10
scholarship,13,Istinye University,Istinye University Vadi Campus,"Ayaza ğ a Mahallesi, Azerbaycan Caddesi (Vadistanbul 4A Blok), 34396 Sarıyer/Istanbul",All programs,Istanbul / Turkey,,Bachelor,English - Turkish,,2026-2027,13000USD,13000USD,,,USD,,5
scholarship,14,Istanbul Okan University,Tuzla Campus,Tepeören Mah. Ballıca Yolu Cad. İ stanbul Okan Üniversitesi Rektörlük Blok No: 11/11 Tuzla / İ stanbul,All programs,Istanbul / Turkey,,Bachelor,English - Turkish,,2026-2027,5500USD,5500USD,,,USD,,30
scholarship,15,Beykent University,Taksim Campus,"Cihangir Mahallesi, Sıraselviler Cd. No:65, Beyo ğ lu / İ stanbul",All programs,Istanbul / Turkey,,Bachelor,English - Turkish,,2026-2027,4500USD,4500USD,,,USD,,20
scholarship,16,Fenerbahçe University,Ata ş ehir Campus,"Atatürk Mah. Ata ş ehir Bulvarı, Metropol İ stanbul, 34758, Ata ş ehir / İstanbul",All programs,Istanbul / Turkey,,Associate,Turkish,,2026-2027,1600USD,1600USD,,,USD,,100
scholarship,17,Istanbul Geli ş im University,Avcılar Campus,,All programs,Istanbul / Turkey,,Bachelor,Turkish,,2026-2027,5000USD,5000USD,,,USD,,15
scholarship,18,Istanbul Geli ş im University,Avcılar Campus,Cihangir Mah. Ş ehit Jandarma Komando Er Hakan Öner Sk. No:1 Avcılar/ İ stanbul,Dentistry,Istanbul / Turkey,,Bachelor,English,,2026-2027,31000USD,31000USD,,,USD,,5
scholarship,19,Istanbul Geli ş im University,Avcılar Campus,Cihangir Mah. Ş ehit Jandarma Komando Er Hakan Öner Sk. No:1 Avcılar/ İ stanbul,Dentistry,Istanbul / Turkey,,Bachelor,Turkish,,2026-2027,25000USD,25000USD,,,USD,,5
scholarship,20,Istanbul Geli ş im University,Avcılar Campus,Cihangir Mah. Ş ehit Jandarma Komando Er Hakan Öner Sk. No:1 Avcılar/ İ stanbul,"All programs except Computer, Software & Aeronautical Engineering",Istanbul / Turkey,,Bachelor,English,,2026-2027,5500USD,5500USD,,,USD,,15
scholarship,21,Istanbul Geli ş im University,Avcılar Campus,Cihangir Mah. Ş ehit Jandarma Komando Er Hakan Öner Sk. No:1 Avcılar/ İ stanbul,Aeronautical Engineering - Computer Engineering - Software Engineering,Istanbul / Turkey,,Bachelor,English,,2026-2027,8000USD,8000USD,,,USD,,15
